#1 [internal] load local bake definitions
#1 reading from stdin 2.63kB done
#1 DONE 0.0s

#2 [internal] load build definition from native-agent.Dockerfile
#2 transferring dockerfile: 2.64kB done
#2 DONE 0.0s

#3 [internal] load metadata for docker.io/library/ubuntu:22.04
#3 DONE 0.1s

#4 [internal] load .dockerignore
#4 transferring context: 653B done
#4 DONE 0.0s

#5 [builder 1/8] FROM docker.io/library/ubuntu:22.04@sha256:b1066385161d28ddf6bc7e7b28a9170eec11484c821d1a5150d176cbde41d7f7
#5 CACHED

#6 [internal] load build context
#6 transferring context: 616.18kB 0.0s done
#6 DONE 0.0s

#7 [stage-1 2/9] RUN sed -i     -e "s|http://archive.ubuntu.com/ubuntu|http://archive.ubuntu.com/ubuntu|g"     -e "s|http://security.ubuntu.com/ubuntu|http://archive.ubuntu.com/ubuntu|g"     /etc/apt/sources.list     && apt-get update && apt-get install -y --no-install-recommends     ca-certificates     bpftrace     curl     python3     python3-pip     libgrpc++1     libprotobuf23     linux-libc-dev     linux-tools-generic     gzip     tar     util-linux     && rm -rf /var/lib/apt/lists/*     && cp "$(find /usr/lib -path '*/linux-tools-*/perf'        -type f | head -n 1)"        /usr/local/bin/perf
#7 0.521 Get:1 http://archive.ubuntu.com/ubuntu jammy InRelease [270 kB]
#7 1.166 Get:2 http://archive.ubuntu.com/ubuntu jammy-updates InRelease [128 kB]
#7 1.321 Get:3 http://archive.ubuntu.com/ubuntu jammy-backports InRelease [127 kB]
#7 1.475 Get:4 http://archive.ubuntu.com/ubuntu jammy-security InRelease [129 kB]
#7 1.633 Get:5 http://archive.ubuntu.com/ubuntu jammy/restricted amd64 Packages [164 kB]
#7 1.694 Get:6 http://archive.ubuntu.com/ubuntu jammy/multiverse amd64 Packages [266 kB]
#7 1.773 Get:7 http://archive.ubuntu.com/ubuntu jammy/main amd64 Packages [1792 kB]
#7 2.024 Get:8 http://archive.ubuntu.com/ubuntu jammy/universe amd64 Packages [17.5 MB]
#7 2.564 Get:9 http://archive.ubuntu.com/ubuntu jammy-updates/main amd64 Packages [4747 kB]
#7 2.695 Get:10 http://archive.ubuntu.com/ubuntu jammy-updates/universe amd64 Packages [1623 kB]
#7 2.743 Get:11 http://archive.ubuntu.com/ubuntu jammy-updates/multiverse amd64 Packages [93.2 kB]
#7 2.746 Get:12 http://archive.ubuntu.com/ubuntu jammy-updates/restricted amd64 Packages [8198 kB]
#7 2.978 Get:13 http://archive.ubuntu.com/ubuntu jammy-backports/main amd64 Packages [82.9 kB]
#7 2.978 Get:14 http://archive.ubuntu.com/ubuntu jammy-backports/universe amd64 Packages [35.6 kB]
#7 2.978 Get:15 http://archive.ubuntu.com/ubuntu jammy-security/multiverse amd64 Packages [84.6 kB]
#7 2.980 Get:16 http://archive.ubuntu.com/ubuntu jammy-security/universe amd64 Packages [1321 kB]
#7 3.019 Get:17 http://archive.ubuntu.com/ubuntu jammy-security/restricted amd64 Packages [7843 kB]
#7 3.239 Get:18 http://archive.ubuntu.com/ubuntu jammy-security/main amd64 Packages [4376 kB]
#7 4.347 Fetched 48.8 MB in 4s (11.8 MB/s)
#7 4.347 Reading package lists...
#7 5.451 Reading package lists...
#7 6.526 Building dependency tree...
#7 6.745 Reading state information...
#7 6.940 gzip is already the newest version (1.10-4ubuntu4.2).
#7 6.940 tar is already the newest version (1.34+dfsg-1ubuntu0.1.22.04.6).
#7 6.940 util-linux is already the newest version (2.37.2-4ubuntu3.6).
#7 6.940 The following additional packages will be installed:
#7 6.940   distro-info-data hwdata libabsl20210324 libbpf0 libbpfcc libbrotli1 libbsd0
#7 6.940   libc-ares2 libclang-cpp11 libclang1-11 libcurl4 libdw1 libedit2 libelf1
#7 6.941   libexpat1 libgrpc10 libicu70 libldap-2.5-0 libllvm11 libmd0 libmpdec3
#7 6.941   libnghttp2-14 libnuma1 libpci3 libpsl5 libpython3-stdlib
#7 6.941   libpython3.10-minimal libpython3.10-stdlib libreadline8 librtmp1 libsasl2-2
#7 6.941   libsasl2-modules-db libslang2 libsqlite3-0 libssh-4 libunwind8 libxml2
#7 6.941   linux-tools-5.15.0-198 linux-tools-5.15.0-198-generic linux-tools-common
#7 6.941   lsb-release media-types openssl pci.ids python3-distutils python3-lib2to3
#7 6.941   python3-minimal python3-pkg-resources python3-setuptools python3-wheel
#7 6.942   python3.10 python3.10-minimal readline-common usb.ids
#7 6.943 Suggested packages:
#7 6.943   python3-doc python3-tk python3-venv python-setuptools-doc python3.10-venv
#7 6.943   python3.10-doc binutils binfmt-support readline-doc
#7 6.943 Recommended packages:
#7 6.943   libldap-common publicsuffix libsasl2-modules build-essential python3-dev
#7 7.164 The following NEW packages will be installed:
#7 7.165   bpftrace ca-certificates curl distro-info-data hwdata libabsl20210324
#7 7.165   libbpf0 libbpfcc libbrotli1 libbsd0 libc-ares2 libclang-cpp11 libclang1-11
#7 7.165   libcurl4 libdw1 libedit2 libelf1 libexpat1 libgrpc++1 libgrpc10 libicu70
#7 7.165   libldap-2.5-0 libllvm11 libmd0 libmpdec3 libnghttp2-14 libnuma1 libpci3
#7 7.165   libprotobuf23 libpsl5 libpython3-stdlib libpython3.10-minimal
#7 7.165   libpython3.10-stdlib libreadline8 librtmp1 libsasl2-2 libsasl2-modules-db
#7 7.165   libslang2 libsqlite3-0 libssh-4 libunwind8 libxml2 linux-libc-dev
#7 7.165   linux-tools-5.15.0-198 linux-tools-5.15.0-198-generic linux-tools-common
#7 7.166   linux-tools-generic lsb-release media-types openssl pci.ids python3
#7 7.166   python3-distutils python3-lib2to3 python3-minimal python3-pip
#7 7.166   python3-pkg-resources python3-setuptools python3-wheel python3.10
#7 7.166   python3.10-minimal readline-common usb.ids
#7 7.376 0 upgraded, 63 newly installed, 0 to remove and 1 not upgraded.
#7 7.376 Need to get 74.8 MB of archives.
#7 7.376 After this operation, 296 MB of additional disk space will be used.
#7 7.376 Get:1 http://archive.ubuntu.com/ubuntu jammy-updates/main amd64 libpython3.10-minimal amd64 3.10.12-1~22.04.18 [817 kB]
#7 8.049 Get:2 http://archive.ubuntu.com/ubuntu jammy-updates/main amd64 libexpat1 amd64 2.4.7-1ubuntu0.9 [96.9 kB]
#7 8.056 Get:3 http://archive.ubuntu.com/ubuntu jammy-updates/main amd64 python3.10-minimal amd64 3.10.12-1~22.04.18 [2277 kB]
#7 8.247 Get:4 http://archive.ubuntu.com/ubuntu jammy-updates/main amd64 python3-minimal amd64 3.10.6-1~22.04.1 [24.3 kB]
#7 8.247 Get:5 http://archive.ubuntu.com/ubuntu jammy/main amd64 media-types all 7.0.0 [25.5 kB]
#7 8.249 Get:6 http://archive.ubuntu.com/ubuntu jammy/main amd64 libmpdec3 amd64 2.5.1-2build2 [86.8 kB]
#7 8.252 Get:7 http://archive.ubuntu.com/ubuntu jammy/main amd64 readline-common all 8.1.2-1 [53.5 kB]
#7 8.254 Get:8 http://archive.ubuntu.com/ubuntu jammy/main amd64 libreadline8 amd64 8.1.2-1 [153 kB]
#7 8.260 Get:9 http://archive.ubuntu.com/ubuntu jammy-updates/main amd64 libsqlite3-0 amd64 3.37.2-2ubuntu0.8 [642 kB]
#7 8.285 Get:10 http://archive.ubuntu.com/ubuntu jammy-updates/main amd64 libpython3.10-stdlib amd64 3.10.12-1~22.04.18 [1850 kB]
#7 8.346 Get:11 http://archive.ubuntu.com/ubuntu jammy-updates/main amd64 python3.10 amd64 3.10.12-1~22.04.18 [508 kB]
#7 8.356 Get:12 http://archive.ubuntu.com/ubuntu jammy-updates/main amd64 libpython3-stdlib amd64 3.10.6-1~22.04.1 [6812 B]
#7 8.356 Get:13 http://archive.ubuntu.com/ubuntu jammy-updates/main amd64 python3 amd64 3.10.6-1~22.04.1 [22.8 kB]
#7 8.434 Get:14 http://archive.ubuntu.com/ubuntu jammy-updates/main amd64 openssl amd64 3.0.2-0ubuntu1.30 [1186 kB]
#7 8.448 Get:15 http://archive.ubuntu.com/ubuntu jammy-updates/main amd64 ca-certificates all 20260601~22.04.1 [141 kB]
#7 8.449 Get:16 http://archive.ubuntu.com/ubuntu jammy-updates/main amd64 distro-info-data all 0.72-0ubuntu0.22.04.1 [5948 B]
#7 8.451 Get:17 http://archive.ubuntu.com/ubuntu jammy-updates/main amd64 libelf1 amd64 0.186-1ubuntu0.1 [51.1 kB]
#7 8.451 Get:18 http://archive.ubuntu.com/ubuntu jammy-updates/main amd64 libbpf0 amd64 1:0.5.0-1ubuntu22.04.1 [140 kB]
#7 8.452 Get:19 http://archive.ubuntu.com/ubuntu jammy/main amd64 libmd0 amd64 1.0.4-1build1 [23.0 kB]
#7 8.527 Get:20 http://archive.ubuntu.com/ubuntu jammy/main amd64 libbsd0 amd64 0.11.5-1 [44.8 kB]
#7 8.527 Get:21 http://archive.ubuntu.com/ubuntu jammy/main amd64 libicu70 amd64 70.1-2 [10.6 MB]
#7 8.735 Get:22 http://archive.ubuntu.com/ubuntu jammy/main amd64 libslang2 amd64 2.3.2-5build4 [468 kB]
#7 8.739 Get:23 http://archive.ubuntu.com/ubuntu jammy-updates/main amd64 libxml2 amd64 2.9.13+dfsg-1ubuntu0.13 [764 kB]
#7 8.747 Get:24 http://archive.ubuntu.com/ubuntu jammy/main amd64 lsb-release all 11.1.0ubuntu4 [10.8 kB]
#7 8.749 Get:25 http://archive.ubuntu.com/ubuntu jammy-updates/main amd64 python3-pkg-resources all 59.6.0-1.2ubuntu0.22.04.3 [133 kB]
#7 8.749 Get:26 http://archive.ubuntu.com/ubuntu jammy/main amd64 libedit2 amd64 3.1-20210910-1build1 [96.8 kB]
#7 8.750 Get:27 http://archive.ubuntu.com/ubuntu jammy-updates/main amd64 libnghttp2-14 amd64 1.43.0-1ubuntu0.4 [76.9 kB]
#7 8.751 Get:28 http://archive.ubuntu.com/ubuntu jammy/main amd64 libnuma1 amd64 2.0.14-3ubuntu2 [22.5 kB]
#7 8.752 Get:29 http://archive.ubuntu.com/ubuntu jammy-updates/main amd64 pci.ids all 0.0~2022.01.22-1ubuntu0.1 [251 kB]
#7 8.754 Get:30 http://archive.ubuntu.com/ubuntu jammy/main amd64 libpci3 amd64 1:3.7.0-6 [28.9 kB]
#7 8.830 Get:31 http://archive.ubuntu.com/ubuntu jammy/main amd64 libpsl5 amd64 0.21.0-1.2build2 [58.4 kB]
#7 8.922 Get:32 http://archive.ubuntu.com/ubuntu jammy/main amd64 usb.ids all 2022.04.02-1 [219 kB]
#7 8.924 Get:33 http://archive.ubuntu.com/ubuntu jammy/universe amd64 libllvm11 amd64 1:11.1.0-6 [19.6 MB]
#7 9.347 Get:34 http://archive.ubuntu.com/ubuntu jammy/universe amd64 libclang-cpp11 amd64 1:11.1.0-6 [10.5 MB]
#7 9.572 Get:35 http://archive.ubuntu.com/ubuntu jammy/universe amd64 libbpfcc amd64 0.18.0+ds-2 [661 kB]
#7 ...

#8 [builder 2/8] RUN sed -i     -e "s|http://archive.ubuntu.com/ubuntu|http://archive.ubuntu.com/ubuntu|g"     -e "s|http://security.ubuntu.com/ubuntu|http://archive.ubuntu.com/ubuntu|g"     /etc/apt/sources.list     && apt-get update && apt-get install -y --no-install-recommends     build-essential     cmake     libgrpc++-dev     libprotobuf-dev     pkg-config     protobuf-compiler     protobuf-compiler-grpc     && rm -rf /var/lib/apt/lists/*
#8 0.518 Get:1 http://archive.ubuntu.com/ubuntu jammy InRelease [270 kB]
#8 1.148 Get:2 http://archive.ubuntu.com/ubuntu jammy-updates InRelease [128 kB]
#8 1.299 Get:3 http://archive.ubuntu.com/ubuntu jammy-backports InRelease [127 kB]
#8 1.450 Get:4 http://archive.ubuntu.com/ubuntu jammy-security InRelease [129 kB]
#8 1.603 Get:5 http://archive.ubuntu.com/ubuntu jammy/main amd64 Packages [1792 kB]
#8 1.959 Get:6 http://archive.ubuntu.com/ubuntu jammy/restricted amd64 Packages [164 kB]
#8 1.964 Get:7 http://archive.ubuntu.com/ubuntu jammy/universe amd64 Packages [17.5 MB]
#8 2.486 Get:8 http://archive.ubuntu.com/ubuntu jammy/multiverse amd64 Packages [266 kB]
#8 2.488 Get:9 http://archive.ubuntu.com/ubuntu jammy-updates/main amd64 Packages [4747 kB]
#8 2.609 Get:10 http://archive.ubuntu.com/ubuntu jammy-updates/multiverse amd64 Packages [93.2 kB]
#8 2.611 Get:11 http://archive.ubuntu.com/ubuntu jammy-updates/restricted amd64 Packages [8198 kB]
#8 2.832 Get:12 http://archive.ubuntu.com/ubuntu jammy-updates/universe amd64 Packages [1623 kB]
#8 2.869 Get:13 http://archive.ubuntu.com/ubuntu jammy-backports/universe amd64 Packages [35.6 kB]
#8 2.869 Get:14 http://archive.ubuntu.com/ubuntu jammy-backports/main amd64 Packages [82.9 kB]
#8 2.871 Get:15 http://archive.ubuntu.com/ubuntu jammy-security/universe amd64 Packages [1321 kB]
#8 2.905 Get:16 http://archive.ubuntu.com/ubuntu jammy-security/main amd64 Packages [4376 kB]
#8 3.022 Get:17 http://archive.ubuntu.com/ubuntu jammy-security/restricted amd64 Packages [7843 kB]
#8 3.226 Get:18 http://archive.ubuntu.com/ubuntu jammy-security/multiverse amd64 Packages [84.6 kB]
#8 4.309 Fetched 48.8 MB in 4s (11.9 MB/s)
#8 4.309 Reading package lists...
#8 5.442 Reading package lists...
#8 6.528 Building dependency tree...
#8 6.770 Reading state information...
#8 6.974 The following additional packages will be installed:
#8 6.974   binutils binutils-common binutils-x86-64-linux-gnu bzip2 cmake-data cpp
#8 6.974   cpp-11 dh-elpa-helper dpkg-dev emacsen-common g++ g++-11 gcc gcc-11
#8 6.974   gcc-11-base libabsl20210324 libarchive13 libasan6 libatomic1 libbinutils
#8 6.974   libbrotli1 libc-ares2 libc-dev-bin libc6-dev libcc1-0 libcrypt-dev
#8 6.974   libctf-nobfd0 libctf0 libcurl4 libdpkg-perl libexpat1 libgcc-11-dev
#8 6.974   libgdbm-compat4 libgdbm6 libglib2.0-0 libgomp1 libgrpc++1 libgrpc-dev
#8 6.974   libgrpc10 libicu70 libisl23 libitm1 libjsoncpp25 libldap-2.5-0 liblsan0
#8 6.974   libmpc3 libmpfr6 libnghttp2-14 libnsl-dev libperl5.34 libprotobuf-lite23
#8 6.974   libprotobuf23 libprotoc23 libpsl5 libquadmath0 librhash0 librtmp1 libsasl2-2
#8 6.974   libsasl2-modules-db libssh-4 libstdc++-11-dev libtirpc-dev libtsan0
#8 6.975   libubsan1 libuv1 libxml2 linux-libc-dev lto-disabled-list make patch perl
#8 6.975   perl-modules-5.34 rpcsvc-proto xz-utils zlib1g-dev
#8 6.975 Suggested packages:
#8 6.975   binutils-doc bzip2-doc cmake-doc ninja-build cmake-format cpp-doc
#8 6.975   gcc-11-locales debian-keyring g++-multilib g++-11-multilib gcc-11-doc
#8 6.975   gcc-multilib manpages-dev autoconf automake libtool flex bison gdb gcc-doc
#8 6.975   gcc-11-multilib lrzip glibc-doc gnupg git bzr gdbm-l10n libstdc++-11-doc
#8 6.975   make-doc ed diffutils-doc perl-doc libterm-readline-gnu-perl
#8 6.975   | libterm-readline-perl-perl libtap-harness-archive-perl protobuf-mode-el
#8 6.975 Recommended packages:
#8 6.975   fakeroot gnupg libalgorithm-merge-perl manpages manpages-dev libc-devtools
#8 6.975   ca-certificates libfile-fcntllock-perl liblocale-gettext-perl
#8 6.975   libglib2.0-data shared-mime-info xdg-user-dirs libldap-common publicsuffix
#8 6.975   libsasl2-modules netbase
#8 7.179 The following NEW packages will be installed:
#8 7.179   binutils binutils-common binutils-x86-64-linux-gnu build-essential bzip2
#8 7.179   cmake cmake-data cpp cpp-11 dh-elpa-helper dpkg-dev emacsen-common g++
#8 7.179   g++-11 gcc gcc-11 gcc-11-base libabsl20210324 libarchive13 libasan6
#8 7.179   libatomic1 libbinutils libbrotli1 libc-ares2 libc-dev-bin libc6-dev libcc1-0
#8 7.179   libcrypt-dev libctf-nobfd0 libctf0 libcurl4 libdpkg-perl libexpat1
#8 7.179   libgcc-11-dev libgdbm-compat4 libgdbm6 libglib2.0-0 libgomp1 libgrpc++-dev
#8 7.179   libgrpc++1 libgrpc-dev libgrpc10 libicu70 libisl23 libitm1 libjsoncpp25
#8 7.179   libldap-2.5-0 liblsan0 libmpc3 libmpfr6 libnghttp2-14 libnsl-dev libperl5.34
#8 7.180   libprotobuf-dev libprotobuf-lite23 libprotobuf23 libprotoc23 libpsl5
#8 7.180   libquadmath0 librhash0 librtmp1 libsasl2-2 libsasl2-modules-db libssh-4
#8 7.180   libstdc++-11-dev libtirpc-dev libtsan0 libubsan1 libuv1 libxml2
#8 7.180   linux-libc-dev lto-disabled-list make patch perl perl-modules-5.34
#8 7.180   pkg-config protobuf-compiler protobuf-compiler-grpc rpcsvc-proto xz-utils
#8 7.180   zlib1g-dev
#8 7.476 0 upgraded, 82 newly installed, 0 to remove and 1 not upgraded.
#8 7.476 Need to get 102 MB of archives.
#8 7.476 After this operation, 390 MB of additional disk space will be used.
#8 7.476 Get:1 http://archive.ubuntu.com/ubuntu jammy-updates/main amd64 perl-modules-5.34 all 5.34.0-3ubuntu1.9 [2977 kB]
#8 8.273 Get:2 http://archive.ubuntu.com/ubuntu jammy/main amd64 libgdbm6 amd64 1.23-1 [33.9 kB]
#8 8.274 Get:3 http://archive.ubuntu.com/ubuntu jammy/main amd64 libgdbm-compat4 amd64 1.23-1 [6606 B]
#8 8.274 Get:4 http://archive.ubuntu.com/ubuntu jammy-updates/main amd64 libperl5.34 amd64 5.34.0-3ubuntu1.9 [4796 kB]
#8 8.399 Get:5 http://archive.ubuntu.com/ubuntu jammy-updates/main amd64 perl amd64 5.34.0-3ubuntu1.9 [232 kB]
#8 8.402 Get:6 http://archive.ubuntu.com/ubuntu jammy-updates/main amd64 libexpat1 amd64 2.4.7-1ubuntu0.9 [96.9 kB]
#8 8.405 Get:7 http://archive.ubuntu.com/ubuntu jammy-updates/main amd64 libglib2.0-0 amd64 2.72.4-0ubuntu2.10 [1469 kB]
#8 8.432 Get:8 http://archive.ubuntu.com/ubuntu jammy/main amd64 libicu70 amd64 70.1-2 [10.6 MB]
#8 8.648 Get:9 http://archive.ubuntu.com/ubuntu jammy-updates/main amd64 libxml2 amd64 2.9.13+dfsg-1ubuntu0.13 [764 kB]
#8 8.662 Get:10 http://archive.ubuntu.com/ubuntu jammy-updates/main amd64 libnghttp2-14 amd64 1.43.0-1ubuntu0.4 [76.9 kB]
#8 8.664 Get:11 http://archive.ubuntu.com/ubuntu jammy/main amd64 libpsl5 amd64 0.21.0-1.2build2 [58.4 kB]
#8 8.665 Get:12 http://archive.ubuntu.com/ubuntu jammy-updates/main amd64 libuv1 amd64 1.43.0-1ubuntu0.1 [92.7 kB]
#8 8.667 Get:13 http://archive.ubuntu.com/ubuntu jammy-updates/main amd64 xz-utils amd64 5.2.5-2ubuntu1.1 [84.8 kB]
#8 8.668 Get:14 http://archive.ubuntu.com/ubuntu jammy-updates/main amd64 binutils-common amd64 2.38-4ubuntu2.12 [223 kB]
#8 8.672 Get:15 http://archive.ubuntu.com/ubuntu jammy-updates/main amd64 libbinutils amd64 2.38-4ubuntu2.12 [663 kB]
#8 8.685 Get:16 http://archive.ubuntu.com/ubuntu jammy-updates/main amd64 libctf-nobfd0 amd64 2.38-4ubuntu2.12 [108 kB]
#8 8.687 Get:17 http://archive.ubuntu.com/ubuntu jammy-updates/main amd64 libctf0 amd64 2.38-4ubuntu2.12 [103 kB]
#8 8.737 Get:18 http://archive.ubuntu.com/ubuntu jammy-updates/main amd64 binutils-x86-64-linux-gnu amd64 2.38-4ubuntu2.12 [2324 kB]
#8 8.823 Get:19 http://archive.ubuntu.com/ubuntu jammy-updates/main amd64 binutils amd64 2.38-4ubuntu2.12 [3184 B]
#8 8.824 Get:20 http://archive.ubuntu.com/ubuntu jammy-updates/main amd64 libc-dev-bin amd64 2.35-0ubuntu3.15 [20.3 kB]
#8 8.824 Get:21 http://archive.ubuntu.com/ubuntu jammy-updates/main amd64 linux-libc-dev amd64 5.15.0-198.208 [1391 kB]
#8 8.834 Get:22 http://archive.ubuntu.com/ubuntu jammy/main amd64 libcrypt-dev amd64 1:4.4.27-1 [112 kB]
#8 8.835 Get:23 http://archive.ubuntu.com/ubuntu jammy/main amd64 rpcsvc-proto amd64 1.4.2-0ubuntu6 [68.5 kB]
#8 8.835 Get:24 http://archive.ubuntu.com/ubuntu jammy-updates/main amd64 libtirpc-dev amd64 1.3.2-2ubuntu0.1 [192 kB]
#8 8.837 Get:25 http://archive.ubuntu.com/ubuntu jammy/main amd64 libnsl-dev amd64 1.3.0-2build2 [71.3 kB]
#8 8.838 Get:26 http://archive.ubuntu.com/ubuntu jammy-updates/main amd64 libc6-dev amd64 2.35-0ubuntu3.15 [2100 kB]
#8 8.852 Get:27 http://archive.ubuntu.com/ubuntu jammy-updates/main amd64 gcc-11-base amd64 11.4.0-1ubuntu1~22.04.3 [216 kB]
#8 8.910 Get:28 http://archive.ubuntu.com/ubuntu jammy/main amd64 libisl23 amd64 0.24-2build1 [727 kB]
#8 8.998 Get:29 http://archive.ubuntu.com/ubuntu jammy/main amd64 libmpfr6 amd64 4.1.0-3build3 [1425 kB]
#8 9.008 Get:30 http://archive.ubuntu.com/ubuntu jammy/main amd64 libmpc3 amd64 1.2.1-2build1 [46.9 kB]
#8 9.008 Get:31 http://archive.ubuntu.com/ubuntu jammy-updates/main amd64 cpp-11 amd64 11.4.0-1ubuntu1~22.04.3 [10.0 MB]
#8 9.230 Get:32 http://archive.ubuntu.com/ubuntu jammy/main amd64 cpp amd64 4:11.2.0-1ubuntu1 [27.7 kB]
#8 9.230 Get:33 http://archive.ubuntu.com/ubuntu jammy-updates/main amd64 libcc1-0 amd64 12.3.0-1ubuntu1~22.04.3 [48.3 kB]
#8 9.232 Get:34 http://archive.ubuntu.com/ubuntu jammy-updates/main amd64 libgomp1 amd64 12.3.0-1ubuntu1~22.04.3 [127 kB]
#8 9.232 Get:35 http://archive.ubuntu.com/ubuntu jammy-updates/main amd64 libitm1 amd64 12.3.0-1ubuntu1~22.04.3 [30.2 kB]
#8 9.233 Get:36 http://archive.ubuntu.com/ubuntu jammy-updates/main amd64 libatomic1 amd64 12.3.0-1ubuntu1~22.04.3 [10.5 kB]
#8 9.234 Get:37 http://archive.ubuntu.com/ubuntu jammy-updates/main amd64 libasan6 amd64 11.4.0-1ubuntu1~22.04.3 [2283 kB]
#8 9.280 Get:38 http://archive.ubuntu.com/ubuntu jammy-updates/main amd64 liblsan0 amd64 12.3.0-1ubuntu1~22.04.3 [1069 kB]
#8 9.302 Get:39 http://archive.ubuntu.com/ubuntu jammy-updates/main amd64 libtsan0 amd64 11.4.0-1ubuntu1~22.04.3 [2260 kB]
#8 9.349 Get:40 http://archive.ubuntu.com/ubuntu jammy-updates/main amd64 libubsan1 amd64 12.3.0-1ubuntu1~22.04.3 [976 kB]
#8 9.367 Get:41 http://archive.ubuntu.com/ubuntu jammy-updates/main amd64 libquadmath0 amd64 12.3.0-1ubuntu1~22.04.3 [154 kB]
#8 9.408 Get:42 http://archive.ubuntu.com/ubuntu jammy-updates/main amd64 libgcc-11-dev amd64 11.4.0-1ubuntu1~22.04.3 [2517 kB]
#8 9.459 Get:43 http://archive.ubuntu.com/ubuntu jammy-updates/main amd64 gcc-11 amd64 11.4.0-1ubuntu1~22.04.3 [20.1 MB]
#8 ...

#7 [stage-1 2/9] RUN sed -i     -e "s|http://archive.ubuntu.com/ubuntu|http://archive.ubuntu.com/ubuntu|g"     -e "s|http://security.ubuntu.com/ubuntu|http://archive.ubuntu.com/ubuntu|g"     /etc/apt/sources.list     && apt-get update && apt-get install -y --no-install-recommends     ca-certificates     bpftrace     curl     python3     python3-pip     libgrpc++1     libprotobuf23     linux-libc-dev     linux-tools-generic     gzip     tar     util-linux     && rm -rf /var/lib/apt/lists/*     && cp "$(find /usr/lib -path '*/linux-tools-*/perf'        -type f | head -n 1)"        /usr/local/bin/perf
#7 9.584 Get:36 http://archive.ubuntu.com/ubuntu jammy/universe amd64 libclang1-11 amd64 1:11.1.0-6 [6053 kB]
#7 9.714 Get:37 http://archive.ubuntu.com/ubuntu jammy/universe amd64 bpftrace amd64 0.14.0-1 [628 kB]
#7 9.725 Get:38 http://archive.ubuntu.com/ubuntu jammy/main amd64 libbrotli1 amd64 1.0.9-2build6 [315 kB]
#7 9.733 Get:39 http://archive.ubuntu.com/ubuntu jammy-updates/main amd64 libsasl2-modules-db amd64 2.1.27+dfsg2-3ubuntu1.2 [20.5 kB]
#7 9.733 Get:40 http://archive.ubuntu.com/ubuntu jammy-updates/main amd64 libsasl2-2 amd64 2.1.27+dfsg2-3ubuntu1.2 [53.8 kB]
#7 9.735 Get:41 http://archive.ubuntu.com/ubuntu jammy-updates/main amd64 libldap-2.5-0 amd64 2.5.20+dfsg-0ubuntu0.22.04.1 [184 kB]
#7 9.739 Get:42 http://archive.ubuntu.com/ubuntu jammy/main amd64 librtmp1 amd64 2.4+20151223.gitfa8646d.1-2build4 [58.2 kB]
#7 9.740 Get:43 http://archive.ubuntu.com/ubuntu jammy-updates/main amd64 libssh-4 amd64 0.9.6-2ubuntu0.22.04.8 [189 kB]
#7 9.743 Get:44 http://archive.ubuntu.com/ubuntu jammy-updates/main amd64 libcurl4 amd64 7.81.0-1ubuntu1.29 [292 kB]
#7 9.760 Get:45 http://archive.ubuntu.com/ubuntu jammy-updates/main amd64 curl amd64 7.81.0-1ubuntu1.29 [194 kB]
#7 9.853 Get:46 http://archive.ubuntu.com/ubuntu jammy/main amd64 hwdata all 0.357-1 [26.6 kB]
#7 9.854 Get:47 http://archive.ubuntu.com/ubuntu jammy-updates/main amd64 libabsl20210324 amd64 0~20210324.2-2ubuntu0.3 [386 kB]
#7 9.860 Get:48 http://archive.ubuntu.com/ubuntu jammy-updates/main amd64 libdw1 amd64 0.186-1ubuntu0.1 [251 kB]
#7 9.864 Get:49 http://archive.ubuntu.com/ubuntu jammy-updates/main amd64 libc-ares2 amd64 1.18.1-1ubuntu0.22.04.3 [45.1 kB]
#7 9.865 Get:50 http://archive.ubuntu.com/ubuntu jammy/universe amd64 libgrpc10 amd64 1.30.2-3build6 [1470 kB]
#7 9.890 Get:51 http://archive.ubuntu.com/ubuntu jammy-updates/main amd64 libprotobuf23 amd64 3.12.4-1ubuntu7.22.04.6 [877 kB]
#7 9.905 Get:52 http://archive.ubuntu.com/ubuntu jammy/universe amd64 libgrpc++1 amd64 1.30.2-3build6 [402 kB]
#7 9.911 Get:53 http://archive.ubuntu.com/ubuntu jammy-updates/main amd64 libunwind8 amd64 1.3.2-2build2.1 [54.5 kB]
#7 9.912 Get:54 http://archive.ubuntu.com/ubuntu jammy-updates/main amd64 linux-libc-dev amd64 5.15.0-198.208 [1391 kB]
#7 9.955 Get:55 http://archive.ubuntu.com/ubuntu jammy-updates/main amd64 linux-tools-common all 5.15.0-198.208 [361 kB]
#7 10.04 Get:56 http://archive.ubuntu.com/ubuntu jammy-updates/main amd64 linux-tools-5.15.0-198 amd64 5.15.0-198.208 [8013 kB]
#7 10.19 Get:57 http://archive.ubuntu.com/ubuntu jammy-updates/main amd64 linux-tools-5.15.0-198-generic amd64 5.15.0-198.208 [1790 B]
#7 10.20 Get:58 http://archive.ubuntu.com/ubuntu jammy-updates/main amd64 linux-tools-generic amd64 5.15.0.198.171 [2314 B]
#7 10.20 Get:59 http://archive.ubuntu.com/ubuntu jammy-updates/main amd64 python3-lib2to3 all 3.10.8-1~22.04 [77.6 kB]
#7 10.20 Get:60 http://archive.ubuntu.com/ubuntu jammy-updates/main amd64 python3-distutils all 3.10.8-1~22.04 [139 kB]
#7 10.20 Get:61 http://archive.ubuntu.com/ubuntu jammy-updates/main amd64 python3-setuptools all 59.6.0-1.2ubuntu0.22.04.3 [340 kB]
#7 10.20 Get:62 http://archive.ubuntu.com/ubuntu jammy-updates/universe amd64 python3-wheel all 0.37.1-2ubuntu0.22.04.1 [32.0 kB]
#7 10.20 Get:63 http://archive.ubuntu.com/ubuntu jammy-updates/universe amd64 python3-pip all 22.0.2+dfsg-1ubuntu0.7 [1306 kB]
#7 10.35 debconf: delaying package configuration, since apt-utils is not installed
#7 10.38 Fetched 74.8 MB in 3s (24.4 MB/s)
#7 10.39 Selecting previously unselected package libpython3.10-minimal:amd64.
#7 10.39 (Reading database ... 
(Reading database ... 5%
(Reading database ... 10%
(Reading database ... 15%
(Reading database ... 20%
(Reading database ... 25%
(Reading database ... 30%
(Reading database ... 35%
(Reading database ... 40%
(Reading database ... 45%
(Reading database ... 50%
(Reading database ... 55%
(Reading database ... 60%
(Reading database ... 65%
(Reading database ... 70%
(Reading database ... 75%
(Reading database ... 80%
(Reading database ... 85%
(Reading database ... 90%
(Reading database ... 95%
(Reading database ... 100%
(Reading database ... 4393 files and directories currently installed.)
#7 10.40 Preparing to unpack .../libpython3.10-minimal_3.10.12-1~22.04.18_amd64.deb ...
#7 10.40 Unpacking libpython3.10-minimal:amd64 (3.10.12-1~22.04.18) ...
#7 10.47 Selecting previously unselected package libexpat1:amd64.
#7 10.48 Preparing to unpack .../libexpat1_2.4.7-1ubuntu0.9_amd64.deb ...
#7 10.48 Unpacking libexpat1:amd64 (2.4.7-1ubuntu0.9) ...
#7 10.49 Selecting previously unselected package python3.10-minimal.
#7 10.49 Preparing to unpack .../python3.10-minimal_3.10.12-1~22.04.18_amd64.deb ...
#7 10.49 Unpacking python3.10-minimal (3.10.12-1~22.04.18) ...
#7 10.54 Setting up libpython3.10-minimal:amd64 (3.10.12-1~22.04.18) ...
#7 10.55 Setting up libexpat1:amd64 (2.4.7-1ubuntu0.9) ...
#7 10.55 Setting up python3.10-minimal (3.10.12-1~22.04.18) ...
#7 11.16 Selecting previously unselected package python3-minimal.
#7 11.16 (Reading database ... 
(Reading database ... 5%
(Reading database ... 10%
(Reading database ... 15%
(Reading database ... 20%
(Reading database ... 25%
(Reading database ... 30%
(Reading database ... 35%
(Reading database ... 40%
(Reading database ... 45%
(Reading database ... 50%
(Reading database ... 55%
(Reading database ... 60%
(Reading database ... 65%
(Reading database ... 70%
(Reading database ... 75%
(Reading database ... 80%
(Reading database ... 85%
(Reading database ... 90%
(Reading database ... 95%
(Reading database ... 100%
(Reading database ... 4697 files and directories currently installed.)
#7 11.17 Preparing to unpack .../0-python3-minimal_3.10.6-1~22.04.1_amd64.deb ...
#7 11.17 Unpacking python3-minimal (3.10.6-1~22.04.1) ...
#7 11.19 Selecting previously unselected package media-types.
#7 11.19 Preparing to unpack .../1-media-types_7.0.0_all.deb ...
#7 11.19 Unpacking media-types (7.0.0) ...
#7 11.20 Selecting previously unselected package libmpdec3:amd64.
#7 11.20 Preparing to unpack .../2-libmpdec3_2.5.1-2build2_amd64.deb ...
#7 11.20 Unpacking libmpdec3:amd64 (2.5.1-2build2) ...
#7 11.22 Selecting previously unselected package readline-common.
#7 11.22 Preparing to unpack .../3-readline-common_8.1.2-1_all.deb ...
#7 11.22 Unpacking readline-common (8.1.2-1) ...
#7 11.24 Selecting previously unselected package libreadline8:amd64.
#7 11.24 Preparing to unpack .../4-libreadline8_8.1.2-1_amd64.deb ...
#7 11.24 Unpacking libreadline8:amd64 (8.1.2-1) ...
#7 11.25 Selecting previously unselected package libsqlite3-0:amd64.
#7 11.25 Preparing to unpack .../5-libsqlite3-0_3.37.2-2ubuntu0.8_amd64.deb ...
#7 11.26 Unpacking libsqlite3-0:amd64 (3.37.2-2ubuntu0.8) ...
#7 11.27 Selecting previously unselected package libpython3.10-stdlib:amd64.
#7 11.28 Preparing to unpack .../6-libpython3.10-stdlib_3.10.12-1~22.04.18_amd64.deb ...
#7 11.28 Unpacking libpython3.10-stdlib:amd64 (3.10.12-1~22.04.18) ...
#7 11.38 Selecting previously unselected package python3.10.
#7 11.38 Preparing to unpack .../7-python3.10_3.10.12-1~22.04.18_amd64.deb ...
#7 11.38 Unpacking python3.10 (3.10.12-1~22.04.18) ...
#7 11.40 Selecting previously unselected package libpython3-stdlib:amd64.
#7 11.40 Preparing to unpack .../8-libpython3-stdlib_3.10.6-1~22.04.1_amd64.deb ...
#7 11.40 Unpacking libpython3-stdlib:amd64 (3.10.6-1~22.04.1) ...
#7 11.42 Setting up python3-minimal (3.10.6-1~22.04.1) ...
#7 11.57 Selecting previously unselected package python3.
#7 11.57 (Reading database ... 
(Reading database ... 5%
(Reading database ... 10%
(Reading database ... 15%
(Reading database ... 20%
(Reading database ... 25%
(Reading database ... 30%
(Reading database ... 35%
(Reading database ... 40%
(Reading database ... 45%
(Reading database ... 50%
(Reading database ... 55%
(Reading database ... 60%
(Reading database ... 65%
(Reading database ... 70%
(Reading database ... 75%
(Reading database ... 80%
(Reading database ... 85%
(Reading database ... 90%
(Reading database ... 95%
(Reading database ... 100%
(Reading database ... 5127 files and directories currently installed.)
#7 11.57 Preparing to unpack .../00-python3_3.10.6-1~22.04.1_amd64.deb ...
#7 11.58 Unpacking python3 (3.10.6-1~22.04.1) ...
#7 11.59 Selecting previously unselected package openssl.
#7 11.60 Preparing to unpack .../01-openssl_3.0.2-0ubuntu1.30_amd64.deb ...
#7 11.60 Unpacking openssl (3.0.2-0ubuntu1.30) ...
#7 11.63 Selecting previously unselected package ca-certificates.
#7 11.63 Preparing to unpack .../02-ca-certificates_20260601~22.04.1_all.deb ...
#7 11.64 Unpacking ca-certificates (20260601~22.04.1) ...
#7 11.67 Selecting previously unselected package distro-info-data.
#7 11.68 Preparing to unpack .../03-distro-info-data_0.72-0ubuntu0.22.04.1_all.deb ...
#7 11.68 Unpacking distro-info-data (0.72-0ubuntu0.22.04.1) ...
#7 11.69 Selecting previously unselected package libelf1:amd64.
#7 11.69 Preparing to unpack .../04-libelf1_0.186-1ubuntu0.1_amd64.deb ...
#7 11.69 Unpacking libelf1:amd64 (0.186-1ubuntu0.1) ...
#7 11.71 Selecting previously unselected package libbpf0:amd64.
#7 11.71 Preparing to unpack .../05-libbpf0_1%3a0.5.0-1ubuntu22.04.1_amd64.deb ...
#7 11.71 Unpacking libbpf0:amd64 (1:0.5.0-1ubuntu22.04.1) ...
#7 11.73 Selecting previously unselected package libmd0:amd64.
#7 11.73 Preparing to unpack .../06-libmd0_1.0.4-1build1_amd64.deb ...
#7 11.73 Unpacking libmd0:amd64 (1.0.4-1build1) ...
#7 11.74 Selecting previously unselected package libbsd0:amd64.
#7 11.74 Preparing to unpack .../07-libbsd0_0.11.5-1_amd64.deb ...
#7 11.75 Unpacking libbsd0:amd64 (0.11.5-1) ...
#7 11.76 Selecting previously unselected package libicu70:amd64.
#7 11.76 Preparing to unpack .../08-libicu70_70.1-2_amd64.deb ...
#7 11.76 Unpacking libicu70:amd64 (70.1-2) ...
#7 11.92 Selecting previously unselected package libslang2:amd64.
#7 11.92 Preparing to unpack .../09-libslang2_2.3.2-5build4_amd64.deb ...
#7 11.92 Unpacking libslang2:amd64 (2.3.2-5build4) ...
#7 11.94 Selecting previously unselected package libxml2:amd64.
#7 11.95 Preparing to unpack .../10-libxml2_2.9.13+dfsg-1ubuntu0.13_amd64.deb ...
#7 11.95 Unpacking libxml2:amd64 (2.9.13+dfsg-1ubuntu0.13) ...
#7 11.97 Selecting previously unselected package lsb-release.
#7 11.97 Preparing to unpack .../11-lsb-release_11.1.0ubuntu4_all.deb ...
#7 11.97 Unpacking lsb-release (11.1.0ubuntu4) ...
#7 11.99 Selecting previously unselected package python3-pkg-resources.
#7 11.99 Preparing to unpack .../12-python3-pkg-resources_59.6.0-1.2ubuntu0.22.04.3_all.deb ...
#7 11.99 Unpacking python3-pkg-resources (59.6.0-1.2ubuntu0.22.04.3) ...
#7 12.01 Selecting previously unselected package libedit2:amd64.
#7 12.01 Preparing to unpack .../13-libedit2_3.1-20210910-1build1_amd64.deb ...
#7 12.01 Unpacking libedit2:amd64 (3.1-20210910-1build1) ...
#7 12.03 Selecting previously unselected package libnghttp2-14:amd64.
#7 12.03 Preparing to unpack .../14-libnghttp2-14_1.43.0-1ubuntu0.4_amd64.deb ...
#7 12.03 Unpacking libnghttp2-14:amd64 (1.43.0-1ubuntu0.4) ...
#7 12.04 Selecting previously unselected package libnuma1:amd64.
#7 12.04 Preparing to unpack .../15-libnuma1_2.0.14-3ubuntu2_amd64.deb ...
#7 12.05 Unpacking libnuma1:amd64 (2.0.14-3ubuntu2) ...
#7 12.06 Selecting previously unselected package pci.ids.
#7 12.06 Preparing to unpack .../16-pci.ids_0.0~2022.01.22-1ubuntu0.1_all.deb ...
#7 12.06 Unpacking pci.ids (0.0~2022.01.22-1ubuntu0.1) ...
#7 12.08 Selecting previously unselected package libpci3:amd64.
#7 12.08 Preparing to unpack .../17-libpci3_1%3a3.7.0-6_amd64.deb ...
#7 12.08 Unpacking libpci3:amd64 (1:3.7.0-6) ...
#7 12.10 Selecting previously unselected package libpsl5:amd64.
#7 12.10 Preparing to unpack .../18-libpsl5_0.21.0-1.2build2_amd64.deb ...
#7 12.10 Unpacking libpsl5:amd64 (0.21.0-1.2build2) ...
#7 12.11 Selecting previously unselected package usb.ids.
#7 12.11 Preparing to unpack .../19-usb.ids_2022.04.02-1_all.deb ...
#7 12.11 Unpacking usb.ids (2022.04.02-1) ...
#7 12.13 Selecting previously unselected package libllvm11:amd64.
#7 12.13 Preparing to unpack .../20-libllvm11_1%3a11.1.0-6_amd64.deb ...
#7 12.13 Unpacking libllvm11:amd64 (1:11.1.0-6) ...
#7 12.46 Selecting previously unselected package libclang-cpp11.
#7 12.46 Preparing to unpack .../21-libclang-cpp11_1%3a11.1.0-6_amd64.deb ...
#7 12.46 Unpacking libclang-cpp11 (1:11.1.0-6) ...
#7 12.66 Selecting previously unselected package libbpfcc.
#7 12.66 Preparing to unpack .../22-libbpfcc_0.18.0+ds-2_amd64.deb ...
#7 12.66 Unpacking libbpfcc (0.18.0+ds-2) ...
#7 12.73 Selecting previously unselected package libclang1-11.
#7 12.73 Preparing to unpack .../23-libclang1-11_1%3a11.1.0-6_amd64.deb ...
#7 12.73 Unpacking libclang1-11 (1:11.1.0-6) ...
#7 12.85 Selecting previously unselected package bpftrace.
#7 12.85 Preparing to unpack .../24-bpftrace_0.14.0-1_amd64.deb ...
#7 12.85 Unpacking bpftrace (0.14.0-1) ...
#7 12.88 Selecting previously unselected package libbrotli1:amd64.
#7 12.89 Preparing to unpack .../25-libbrotli1_1.0.9-2build6_amd64.deb ...
#7 12.89 Unpacking libbrotli1:amd64 (1.0.9-2build6) ...
#7 12.91 Selecting previously unselected package libsasl2-modules-db:amd64.
#7 12.91 Preparing to unpack .../26-libsasl2-modules-db_2.1.27+dfsg2-3ubuntu1.2_amd64.deb ...
#7 12.91 Unpacking libsasl2-modules-db:amd64 (2.1.27+dfsg2-3ubuntu1.2) ...
#7 12.92 Selecting previously unselected package libsasl2-2:amd64.
#7 12.92 Preparing to unpack .../27-libsasl2-2_2.1.27+dfsg2-3ubuntu1.2_amd64.deb ...
#7 12.92 Unpacking libsasl2-2:amd64 (2.1.27+dfsg2-3ubuntu1.2) ...
#7 12.94 Selecting previously unselected package libldap-2.5-0:amd64.
#7 12.94 Preparing to unpack .../28-libldap-2.5-0_2.5.20+dfsg-0ubuntu0.22.04.1_amd64.deb ...
#7 12.94 Unpacking libldap-2.5-0:amd64 (2.5.20+dfsg-0ubuntu0.22.04.1) ...
#7 12.96 Selecting previously unselected package librtmp1:amd64.
#7 12.96 Preparing to unpack .../29-librtmp1_2.4+20151223.gitfa8646d.1-2build4_amd64.deb ...
#7 12.96 Unpacking librtmp1:amd64 (2.4+20151223.gitfa8646d.1-2build4) ...
#7 12.97 Selecting previously unselected package libssh-4:amd64.
#7 12.97 Preparing to unpack .../30-libssh-4_0.9.6-2ubuntu0.22.04.8_amd64.deb ...
#7 12.98 Unpacking libssh-4:amd64 (0.9.6-2ubuntu0.22.04.8) ...
#7 12.99 Selecting previously unselected package libcurl4:amd64.
#7 13.00 Preparing to unpack .../31-libcurl4_7.81.0-1ubuntu1.29_amd64.deb ...
#7 13.00 Unpacking libcurl4:amd64 (7.81.0-1ubuntu1.29) ...
#7 13.01 Selecting previously unselected package curl.
#7 13.02 Preparing to unpack .../32-curl_7.81.0-1ubuntu1.29_amd64.deb ...
#7 13.02 Unpacking curl (7.81.0-1ubuntu1.29) ...
#7 13.03 Selecting previously unselected package hwdata.
#7 13.03 Preparing to unpack .../33-hwdata_0.357-1_all.deb ...
#7 13.03 Unpacking hwdata (0.357-1) ...
#7 13.05 Selecting previously unselected package libabsl20210324:amd64.
#7 13.05 Preparing to unpack .../34-libabsl20210324_0~20210324.2-2ubuntu0.3_amd64.deb ...
#7 13.05 Unpacking libabsl20210324:amd64 (0~20210324.2-2ubuntu0.3) ...
#7 13.09 Selecting previously unselected package libdw1:amd64.
#7 13.09 Preparing to unpack .../35-libdw1_0.186-1ubuntu0.1_amd64.deb ...
#7 13.09 Unpacking libdw1:amd64 (0.186-1ubuntu0.1) ...
#7 13.11 Selecting previously unselected package libc-ares2:amd64.
#7 13.11 Preparing to unpack .../36-libc-ares2_1.18.1-1ubuntu0.22.04.3_amd64.deb ...
#7 13.11 Unpacking libc-ares2:amd64 (1.18.1-1ubuntu0.22.04.3) ...
#7 13.13 Selecting previously unselected package libgrpc10:amd64.
#7 13.13 Preparing to unpack .../37-libgrpc10_1.30.2-3build6_amd64.deb ...
#7 13.13 Unpacking libgrpc10:amd64 (1.30.2-3build6) ...
#7 13.18 Selecting previously unselected package libprotobuf23:amd64.
#7 13.18 Preparing to unpack .../38-libprotobuf23_3.12.4-1ubuntu7.22.04.6_amd64.deb ...
#7 13.18 Unpacking libprotobuf23:amd64 (3.12.4-1ubuntu7.22.04.6) ...
#7 13.21 Selecting previously unselected package libgrpc++1:amd64.
#7 13.21 Preparing to unpack .../39-libgrpc++1_1.30.2-3build6_amd64.deb ...
#7 13.21 Unpacking libgrpc++1:amd64 (1.30.2-3build6) ...
#7 13.24 Selecting previously unselected package libunwind8:amd64.
#7 13.24 Preparing to unpack .../40-libunwind8_1.3.2-2build2.1_amd64.deb ...
#7 13.24 Unpacking libunwind8:amd64 (1.3.2-2build2.1) ...
#7 13.26 Selecting previously unselected package linux-libc-dev:amd64.
#7 13.26 Preparing to unpack .../41-linux-libc-dev_5.15.0-198.208_amd64.deb ...
#7 13.26 Unpacking linux-libc-dev:amd64 (5.15.0-198.208) ...
#7 13.48 Selecting previously unselected package linux-tools-common.
#7 13.48 Preparing to unpack .../42-linux-tools-common_5.15.0-198.208_all.deb ...
#7 13.48 Unpacking linux-tools-common (5.15.0-198.208) ...
#7 13.50 Selecting previously unselected package linux-tools-5.15.0-198.
#7 13.51 Preparing to unpack .../43-linux-tools-5.15.0-198_5.15.0-198.208_amd64.deb ...
#7 13.51 Unpacking linux-tools-5.15.0-198 (5.15.0-198.208) ...
#7 13.63 Selecting previously unselected package linux-tools-5.15.0-198-generic.
#7 13.63 Preparing to unpack .../44-linux-tools-5.15.0-198-generic_5.15.0-198.208_amd64.deb ...
#7 13.63 Unpacking linux-tools-5.15.0-198-generic (5.15.0-198.208) ...
#7 13.65 Selecting previously unselected package linux-tools-generic.
#7 13.65 Preparing to unpack .../45-linux-tools-generic_5.15.0.198.171_amd64.deb ...
#7 13.65 Unpacking linux-tools-generic (5.15.0.198.171) ...
#7 13.67 Selecting previously unselected package python3-lib2to3.
#7 13.67 Preparing to unpack .../46-python3-lib2to3_3.10.8-1~22.04_all.deb ...
#7 13.67 Unpacking python3-lib2to3 (3.10.8-1~22.04) ...
#7 13.71 Selecting previously unselected package python3-distutils.
#7 13.71 Preparing to unpack .../47-python3-distutils_3.10.8-1~22.04_all.deb ...
#7 13.71 Unpacking python3-distutils (3.10.8-1~22.04) ...
#7 13.74 Selecting previously unselected package python3-setuptools.
#7 13.75 Preparing to unpack .../48-python3-setuptools_59.6.0-1.2ubuntu0.22.04.3_all.deb ...
#7 13.75 Unpacking python3-setuptools (59.6.0-1.2ubuntu0.22.04.3) ...
#7 13.79 Selecting previously unselected package python3-wheel.
#7 13.79 Preparing to unpack .../49-python3-wheel_0.37.1-2ubuntu0.22.04.1_all.deb ...
#7 13.79 Unpacking python3-wheel (0.37.1-2ubuntu0.22.04.1) ...
#7 13.81 Selecting previously unselected package python3-pip.
#7 13.82 Preparing to unpack .../50-python3-pip_22.0.2+dfsg-1ubuntu0.7_all.deb ...
#7 13.82 Unpacking python3-pip (22.0.2+dfsg-1ubuntu0.7) ...
#7 13.99 Setting up media-types (7.0.0) ...
#7 14.00 Setting up pci.ids (0.0~2022.01.22-1ubuntu0.1) ...
#7 14.00 Setting up libpsl5:amd64 (0.21.0-1.2build2) ...
#7 14.00 Setting up distro-info-data (0.72-0ubuntu0.22.04.1) ...
#7 14.00 Setting up libbrotli1:amd64 (1.0.9-2build6) ...
#7 14.01 Setting up libsqlite3-0:amd64 (3.37.2-2ubuntu0.8) ...
#7 14.01 Setting up libnghttp2-14:amd64 (1.43.0-1ubuntu0.4) ...
#7 14.01 Setting up linux-libc-dev:amd64 (5.15.0-198.208) ...
#7 14.01 Setting up libprotobuf23:amd64 (3.12.4-1ubuntu7.22.04.6) ...
#7 14.01 Setting up libc-ares2:amd64 (1.18.1-1ubuntu0.22.04.3) ...
#7 14.02 Setting up libunwind8:amd64 (1.3.2-2build2.1) ...
#7 14.02 Setting up libsasl2-modules-db:amd64 (2.1.27+dfsg2-3ubuntu1.2) ...
#7 14.02 Setting up libslang2:amd64 (2.3.2-5build4) ...
#7 14.02 Setting up librtmp1:amd64 (2.4+20151223.gitfa8646d.1-2build4) ...
#7 14.02 Setting up usb.ids (2022.04.02-1) ...
#7 14.03 Setting up libabsl20210324:amd64 (0~20210324.2-2ubuntu0.3) ...
#7 14.03 Setting up libsasl2-2:amd64 (2.1.27+dfsg2-3ubuntu1.2) ...
#7 14.03 Setting up libssh-4:amd64 (0.9.6-2ubuntu0.22.04.8) ...
#7 14.03 Setting up libpci3:amd64 (1:3.7.0-6) ...
#7 14.03 Setting up libnuma1:amd64 (2.0.14-3ubuntu2) ...
#7 14.04 Setting up libmd0:amd64 (1.0.4-1build1) ...
#7 14.04 Setting up libmpdec3:amd64 (2.5.1-2build2) ...
#7 14.04 Setting up openssl (3.0.2-0ubuntu1.30) ...
#7 14.04 Setting up libbsd0:amd64 (0.11.5-1) ...
#7 14.05 Setting up libelf1:amd64 (0.186-1ubuntu0.1) ...
#7 14.05 Setting up readline-common (8.1.2-1) ...
#7 14.05 Setting up libicu70:amd64 (70.1-2) ...
#7 14.06 Setting up libdw1:amd64 (0.186-1ubuntu0.1) ...
#7 14.06 Setting up libedit2:amd64 (3.1-20210910-1build1) ...
#7 14.06 Setting up libreadline8:amd64 (8.1.2-1) ...
#7 14.06 Setting up libldap-2.5-0:amd64 (2.5.20+dfsg-0ubuntu0.22.04.1) ...
#7 14.06 Setting up hwdata (0.357-1) ...
#7 14.06 Setting up libpython3.10-stdlib:amd64 (3.10.12-1~22.04.18) ...
#7 14.07 Setting up ca-certificates (20260601~22.04.1) ...
#7 14.14 debconf: unable to initialize frontend: Dialog
#7 14.14 debconf: (TERM is not set, so the dialog frontend is not usable.)
#7 14.14 debconf: falling back to frontend: Readline
#7 14.14 debconf: unable to initialize frontend: Readline
#7 14.14 debconf: (Can't locate Term/ReadLine.pm in @INC (you may need to install the Term::ReadLine module) (@INC contains: /etc/perl /usr/local/lib/x86_64-linux-gnu/perl/5.34.0 /usr/local/share/perl/5.34.0 /usr/lib/x86_64-linux-gnu/perl5/5.34 /usr/share/perl5 /usr/lib/x86_64-linux-gnu/perl-base /usr/lib/x86_64-linux-gnu/perl/5.34 /usr/share/perl/5.34 /usr/local/lib/site_perl) at /usr/share/perl5/Debconf/FrontEnd/Readline.pm line 7.)
#7 14.14 debconf: falling back to frontend: Teletype
#7 14.57 Updating certificates in /etc/ssl/certs...
#7 15.18 121 added, 0 removed; done.
#7 15.20 Setting up libgrpc10:amd64 (1.30.2-3build6) ...
#7 15.20 Setting up libcurl4:amd64 (7.81.0-1ubuntu1.29) ...
#7 15.20 Setting up curl (7.81.0-1ubuntu1.29) ...
#7 15.20 Setting up libbpf0:amd64 (1:0.5.0-1ubuntu22.04.1) ...
#7 15.20 Setting up libgrpc++1:amd64 (1.30.2-3build6) ...
#7 15.21 Setting up libxml2:amd64 (2.9.13+dfsg-1ubuntu0.13) ...
#7 15.21 Setting up libpython3-stdlib:amd64 (3.10.6-1~22.04.1) ...
#7 15.21 Setting up python3.10 (3.10.12-1~22.04.18) ...
#7 15.84 Setting up python3 (3.10.6-1~22.04.1) ...
#7 15.84 running python rtupdate hooks for python3.10...
#7 15.85 running python post-rtupdate hooks for python3.10...
#7 15.95 Setting up libllvm11:amd64 (1:11.1.0-6) ...
#7 15.96 Setting up libclang1-11 (1:11.1.0-6) ...
#7 15.96 Setting up lsb-release (11.1.0ubuntu4) ...
#7 15.97 Setting up python3-lib2to3 (3.10.8-1~22.04) ...
#7 16.23 Setting up linux-tools-common (5.15.0-198.208) ...
#7 16.28 Setting up python3-pkg-resources (59.6.0-1.2ubuntu0.22.04.3) ...
#7 16.49 Setting up python3-distutils (3.10.8-1~22.04) ...
#7 16.69 Setting up python3-setuptools (59.6.0-1.2ubuntu0.22.04.3) ...
#7 17.14 Setting up python3-wheel (0.37.1-2ubuntu0.22.04.1) ...
#7 17.28 Setting up libclang-cpp11 (1:11.1.0-6) ...
#7 17.28 Setting up python3-pip (22.0.2+dfsg-1ubuntu0.7) ...
#7 ...

#8 [builder 2/8] RUN sed -i     -e "s|http://archive.ubuntu.com/ubuntu|http://archive.ubuntu.com/ubuntu|g"     -e "s|http://security.ubuntu.com/ubuntu|http://archive.ubuntu.com/ubuntu|g"     /etc/apt/sources.list     && apt-get update && apt-get install -y --no-install-recommends     build-essential     cmake     libgrpc++-dev     libprotobuf-dev     pkg-config     protobuf-compiler     protobuf-compiler-grpc     && rm -rf /var/lib/apt/lists/*
#8 9.870 Get:44 http://archive.ubuntu.com/ubuntu jammy/main amd64 gcc amd64 4:11.2.0-1ubuntu1 [5112 B]
#8 9.871 Get:45 http://archive.ubuntu.com/ubuntu jammy-updates/main amd64 libstdc++-11-dev amd64 11.4.0-1ubuntu1~22.04.3 [2101 kB]
#8 9.908 Get:46 http://archive.ubuntu.com/ubuntu jammy-updates/main amd64 g++-11 amd64 11.4.0-1ubuntu1~22.04.3 [11.4 MB]
#8 10.14 Get:47 http://archive.ubuntu.com/ubuntu jammy/main amd64 g++ amd64 4:11.2.0-1ubuntu1 [1412 B]
#8 10.14 Get:48 http://archive.ubuntu.com/ubuntu jammy/main amd64 make amd64 4.3-4.1build1 [180 kB]
#8 10.14 Get:49 http://archive.ubuntu.com/ubuntu jammy-updates/main amd64 libdpkg-perl all 1.21.1ubuntu2.6 [237 kB]
#8 10.15 Get:50 http://archive.ubuntu.com/ubuntu jammy-updates/main amd64 bzip2 amd64 1.0.8-5ubuntu0.1 [34.8 kB]
#8 10.15 Get:51 http://archive.ubuntu.com/ubuntu jammy/main amd64 patch amd64 2.7.6-7build2 [109 kB]
#8 10.15 Get:52 http://archive.ubuntu.com/ubuntu jammy/main amd64 lto-disabled-list all 24 [12.5 kB]
#8 10.15 Get:53 http://archive.ubuntu.com/ubuntu jammy-updates/main amd64 dpkg-dev all 1.21.1ubuntu2.6 [922 kB]
#8 10.17 Get:54 http://archive.ubuntu.com/ubuntu jammy/main amd64 build-essential amd64 12.9ubuntu3 [4744 B]
#8 10.17 Get:55 http://archive.ubuntu.com/ubuntu jammy-updates/main amd64 libarchive13 amd64 3.6.0-1ubuntu1.8 [368 kB]
#8 10.23 Get:56 http://archive.ubuntu.com/ubuntu jammy/main amd64 libbrotli1 amd64 1.0.9-2build6 [315 kB]
#8 10.24 Get:57 http://archive.ubuntu.com/ubuntu jammy-updates/main amd64 libsasl2-modules-db amd64 2.1.27+dfsg2-3ubuntu1.2 [20.5 kB]
#8 10.32 Get:58 http://archive.ubuntu.com/ubuntu jammy-updates/main amd64 libsasl2-2 amd64 2.1.27+dfsg2-3ubuntu1.2 [53.8 kB]
#8 10.32 Get:59 http://archive.ubuntu.com/ubuntu jammy-updates/main amd64 libldap-2.5-0 amd64 2.5.20+dfsg-0ubuntu0.22.04.1 [184 kB]
#8 10.32 Get:60 http://archive.ubuntu.com/ubuntu jammy/main amd64 librtmp1 amd64 2.4+20151223.gitfa8646d.1-2build4 [58.2 kB]
#8 10.32 Get:61 http://archive.ubuntu.com/ubuntu jammy-updates/main amd64 libssh-4 amd64 0.9.6-2ubuntu0.22.04.8 [189 kB]
#8 10.33 Get:62 http://archive.ubuntu.com/ubuntu jammy-updates/main amd64 libcurl4 amd64 7.81.0-1ubuntu1.29 [292 kB]
#8 10.33 Get:63 http://archive.ubuntu.com/ubuntu jammy/main amd64 libjsoncpp25 amd64 1.9.5-3 [80.0 kB]
#8 10.33 Get:64 http://archive.ubuntu.com/ubuntu jammy/main amd64 librhash0 amd64 1.4.2-1ubuntu1 [125 kB]
#8 10.34 Get:65 http://archive.ubuntu.com/ubuntu jammy/main amd64 dh-elpa-helper all 2.0.9ubuntu1 [7610 B]
#8 10.41 Get:66 http://archive.ubuntu.com/ubuntu jammy/main amd64 emacsen-common all 3.0.4 [14.9 kB]
#8 10.41 Get:67 http://archive.ubuntu.com/ubuntu jammy-updates/main amd64 cmake-data all 3.22.1-1ubuntu1.22.04.2 [1913 kB]
#8 10.49 Get:68 http://archive.ubuntu.com/ubuntu jammy-updates/main amd64 cmake amd64 3.22.1-1ubuntu1.22.04.2 [5010 kB]
#8 10.59 Get:69 http://archive.ubuntu.com/ubuntu jammy-updates/main amd64 libabsl20210324 amd64 0~20210324.2-2ubuntu0.3 [386 kB]
#8 10.60 Get:70 http://archive.ubuntu.com/ubuntu jammy-updates/main amd64 libc-ares2 amd64 1.18.1-1ubuntu0.22.04.3 [45.1 kB]
#8 10.60 Get:71 http://archive.ubuntu.com/ubuntu jammy/universe amd64 libgrpc10 amd64 1.30.2-3build6 [1470 kB]
#8 10.62 Get:72 http://archive.ubuntu.com/ubuntu jammy-updates/main amd64 libprotobuf23 amd64 3.12.4-1ubuntu7.22.04.6 [877 kB]
#8 10.64 Get:73 http://archive.ubuntu.com/ubuntu jammy/universe amd64 libgrpc++1 amd64 1.30.2-3build6 [402 kB]
#8 10.64 Get:74 http://archive.ubuntu.com/ubuntu jammy/universe amd64 libgrpc-dev amd64 1.30.2-3build6 [1066 kB]
#8 10.68 Get:75 http://archive.ubuntu.com/ubuntu jammy/universe amd64 libgrpc++-dev amd64 1.30.2-3build6 [564 kB]
#8 10.69 Get:76 http://archive.ubuntu.com/ubuntu jammy-updates/main amd64 libprotobuf-lite23 amd64 3.12.4-1ubuntu7.22.04.6 [209 kB]
#8 10.69 Get:77 http://archive.ubuntu.com/ubuntu jammy-updates/main amd64 libprotoc23 amd64 3.12.4-1ubuntu7.22.04.6 [662 kB]
#8 10.70 Get:78 http://archive.ubuntu.com/ubuntu jammy/main amd64 pkg-config amd64 0.29.2-1ubuntu3 [48.2 kB]
#8 10.77 Get:79 http://archive.ubuntu.com/ubuntu jammy-updates/universe amd64 protobuf-compiler amd64 3.12.4-1ubuntu7.22.04.6 [29.2 kB]
#8 10.77 Get:80 http://archive.ubuntu.com/ubuntu jammy/universe amd64 protobuf-compiler-grpc amd64 1.30.2-3build6 [185 kB]
#8 10.77 Get:81 http://archive.ubuntu.com/ubuntu jammy-updates/main amd64 zlib1g-dev amd64 1:1.2.11.dfsg-2ubuntu9.2 [164 kB]
#8 10.78 Get:82 http://archive.ubuntu.com/ubuntu jammy-updates/main amd64 libprotobuf-dev amd64 3.12.4-1ubuntu7.22.04.6 [1347 kB]
#8 10.92 debconf: delaying package configuration, since apt-utils is not installed
#8 10.95 Fetched 102 MB in 4s (28.2 MB/s)
#8 10.97 Selecting previously unselected package perl-modules-5.34.
#8 10.97 (Reading database ... 
(Reading database ... 5%
(Reading database ... 10%
(Reading database ... 15%
(Reading database ... 20%
(Reading database ... 25%
(Reading database ... 30%
(Reading database ... 35%
(Reading database ... 40%
(Reading database ... 45%
(Reading database ... 50%
(Reading database ... 55%
(Reading database ... 60%
(Reading database ... 65%
(Reading database ... 70%
(Reading database ... 75%
(Reading database ... 80%
(Reading database ... 85%
(Reading database ... 90%
(Reading database ... 95%
(Reading database ... 100%
(Reading database ... 4393 files and directories currently installed.)
#8 10.98 Preparing to unpack .../00-perl-modules-5.34_5.34.0-3ubuntu1.9_all.deb ...
#8 10.98 Unpacking perl-modules-5.34 (5.34.0-3ubuntu1.9) ...
#8 11.29 Selecting previously unselected package libgdbm6:amd64.
#8 11.29 Preparing to unpack .../01-libgdbm6_1.23-1_amd64.deb ...
#8 11.29 Unpacking libgdbm6:amd64 (1.23-1) ...
#8 11.30 Selecting previously unselected package libgdbm-compat4:amd64.
#8 11.30 Preparing to unpack .../02-libgdbm-compat4_1.23-1_amd64.deb ...
#8 11.31 Unpacking libgdbm-compat4:amd64 (1.23-1) ...
#8 11.32 Selecting previously unselected package libperl5.34:amd64.
#8 11.32 Preparing to unpack .../03-libperl5.34_5.34.0-3ubuntu1.9_amd64.deb ...
#8 11.32 Unpacking libperl5.34:amd64 (5.34.0-3ubuntu1.9) ...
#8 11.53 Selecting previously unselected package perl.
#8 11.53 Preparing to unpack .../04-perl_5.34.0-3ubuntu1.9_amd64.deb ...
#8 11.53 Unpacking perl (5.34.0-3ubuntu1.9) ...
#8 11.56 Selecting previously unselected package libexpat1:amd64.
#8 11.56 Preparing to unpack .../05-libexpat1_2.4.7-1ubuntu0.9_amd64.deb ...
#8 11.56 Unpacking libexpat1:amd64 (2.4.7-1ubuntu0.9) ...
#8 11.58 Selecting previously unselected package libglib2.0-0:amd64.
#8 11.58 Preparing to unpack .../06-libglib2.0-0_2.72.4-0ubuntu2.10_amd64.deb ...
#8 11.58 Unpacking libglib2.0-0:amd64 (2.72.4-0ubuntu2.10) ...
#8 11.62 Selecting previously unselected package libicu70:amd64.
#8 11.62 Preparing to unpack .../07-libicu70_70.1-2_amd64.deb ...
#8 11.62 Unpacking libicu70:amd64 (70.1-2) ...
#8 11.78 Selecting previously unselected package libxml2:amd64.
#8 11.78 Preparing to unpack .../08-libxml2_2.9.13+dfsg-1ubuntu0.13_amd64.deb ...
#8 11.78 Unpacking libxml2:amd64 (2.9.13+dfsg-1ubuntu0.13) ...
#8 11.80 Selecting previously unselected package libnghttp2-14:amd64.
#8 11.80 Preparing to unpack .../09-libnghttp2-14_1.43.0-1ubuntu0.4_amd64.deb ...
#8 11.80 Unpacking libnghttp2-14:amd64 (1.43.0-1ubuntu0.4) ...
#8 11.82 Selecting previously unselected package libpsl5:amd64.
#8 11.82 Preparing to unpack .../10-libpsl5_0.21.0-1.2build2_amd64.deb ...
#8 11.82 Unpacking libpsl5:amd64 (0.21.0-1.2build2) ...
#8 11.84 Selecting previously unselected package libuv1:amd64.
#8 11.84 Preparing to unpack .../11-libuv1_1.43.0-1ubuntu0.1_amd64.deb ...
#8 11.84 Unpacking libuv1:amd64 (1.43.0-1ubuntu0.1) ...
#8 11.85 Selecting previously unselected package xz-utils.
#8 11.86 Preparing to unpack .../12-xz-utils_5.2.5-2ubuntu1.1_amd64.deb ...
#8 11.86 Unpacking xz-utils (5.2.5-2ubuntu1.1) ...
#8 11.87 Selecting previously unselected package binutils-common:amd64.
#8 11.87 Preparing to unpack .../13-binutils-common_2.38-4ubuntu2.12_amd64.deb ...
#8 11.88 Unpacking binutils-common:amd64 (2.38-4ubuntu2.12) ...
#8 11.89 Selecting previously unselected package libbinutils:amd64.
#8 11.89 Preparing to unpack .../14-libbinutils_2.38-4ubuntu2.12_amd64.deb ...
#8 11.89 Unpacking libbinutils:amd64 (2.38-4ubuntu2.12) ...
#8 11.92 Selecting previously unselected package libctf-nobfd0:amd64.
#8 11.92 Preparing to unpack .../15-libctf-nobfd0_2.38-4ubuntu2.12_amd64.deb ...
#8 11.92 Unpacking libctf-nobfd0:amd64 (2.38-4ubuntu2.12) ...
#8 11.94 Selecting previously unselected package libctf0:amd64.
#8 11.94 Preparing to unpack .../16-libctf0_2.38-4ubuntu2.12_amd64.deb ...
#8 11.94 Unpacking libctf0:amd64 (2.38-4ubuntu2.12) ...
#8 11.95 Selecting previously unselected package binutils-x86-64-linux-gnu.
#8 11.95 Preparing to unpack .../17-binutils-x86-64-linux-gnu_2.38-4ubuntu2.12_amd64.deb ...
#8 11.95 Unpacking binutils-x86-64-linux-gnu (2.38-4ubuntu2.12) ...
#8 12.05 Selecting previously unselected package binutils.
#8 12.05 Preparing to unpack .../18-binutils_2.38-4ubuntu2.12_amd64.deb ...
#8 12.05 Unpacking binutils (2.38-4ubuntu2.12) ...
#8 12.07 Selecting previously unselected package libc-dev-bin.
#8 12.07 Preparing to unpack .../19-libc-dev-bin_2.35-0ubuntu3.15_amd64.deb ...
#8 12.07 Unpacking libc-dev-bin (2.35-0ubuntu3.15) ...
#8 12.08 Selecting previously unselected package linux-libc-dev:amd64.
#8 12.08 Preparing to unpack .../20-linux-libc-dev_5.15.0-198.208_amd64.deb ...
#8 12.08 Unpacking linux-libc-dev:amd64 (5.15.0-198.208) ...
#8 12.30 Selecting previously unselected package libcrypt-dev:amd64.
#8 12.30 Preparing to unpack .../21-libcrypt-dev_1%3a4.4.27-1_amd64.deb ...
#8 12.30 Unpacking libcrypt-dev:amd64 (1:4.4.27-1) ...
#8 12.32 Selecting previously unselected package rpcsvc-proto.
#8 12.32 Preparing to unpack .../22-rpcsvc-proto_1.4.2-0ubuntu6_amd64.deb ...
#8 12.32 Unpacking rpcsvc-proto (1.4.2-0ubuntu6) ...
#8 12.34 Selecting previously unselected package libtirpc-dev:amd64.
#8 12.34 Preparing to unpack .../23-libtirpc-dev_1.3.2-2ubuntu0.1_amd64.deb ...
#8 12.34 Unpacking libtirpc-dev:amd64 (1.3.2-2ubuntu0.1) ...
#8 12.37 Selecting previously unselected package libnsl-dev:amd64.
#8 12.37 Preparing to unpack .../24-libnsl-dev_1.3.0-2build2_amd64.deb ...
#8 12.37 Unpacking libnsl-dev:amd64 (1.3.0-2build2) ...
#8 12.39 Selecting previously unselected package libc6-dev:amd64.
#8 12.39 Preparing to unpack .../25-libc6-dev_2.35-0ubuntu3.15_amd64.deb ...
#8 12.39 Unpacking libc6-dev:amd64 (2.35-0ubuntu3.15) ...
#8 12.54 Selecting previously unselected package gcc-11-base:amd64.
#8 12.54 Preparing to unpack .../26-gcc-11-base_11.4.0-1ubuntu1~22.04.3_amd64.deb ...
#8 12.54 Unpacking gcc-11-base:amd64 (11.4.0-1ubuntu1~22.04.3) ...
#8 12.56 Selecting previously unselected package libisl23:amd64.
#8 12.56 Preparing to unpack .../27-libisl23_0.24-2build1_amd64.deb ...
#8 12.56 Unpacking libisl23:amd64 (0.24-2build1) ...
#8 12.58 Selecting previously unselected package libmpfr6:amd64.
#8 12.58 Preparing to unpack .../28-libmpfr6_4.1.0-3build3_amd64.deb ...
#8 12.58 Unpacking libmpfr6:amd64 (4.1.0-3build3) ...
#8 12.61 Selecting previously unselected package libmpc3:amd64.
#8 12.61 Preparing to unpack .../29-libmpc3_1.2.1-2build1_amd64.deb ...
#8 12.61 Unpacking libmpc3:amd64 (1.2.1-2build1) ...
#8 12.63 Selecting previously unselected package cpp-11.
#8 12.63 Preparing to unpack .../30-cpp-11_11.4.0-1ubuntu1~22.04.3_amd64.deb ...
#8 12.63 Unpacking cpp-11 (11.4.0-1ubuntu1~22.04.3) ...
#8 12.76 Selecting previously unselected package cpp.
#8 12.76 Preparing to unpack .../31-cpp_4%3a11.2.0-1ubuntu1_amd64.deb ...
#8 12.76 Unpacking cpp (4:11.2.0-1ubuntu1) ...
#8 12.78 Selecting previously unselected package libcc1-0:amd64.
#8 12.78 Preparing to unpack .../32-libcc1-0_12.3.0-1ubuntu1~22.04.3_amd64.deb ...
#8 12.78 Unpacking libcc1-0:amd64 (12.3.0-1ubuntu1~22.04.3) ...
#8 12.80 Selecting previously unselected package libgomp1:amd64.
#8 12.80 Preparing to unpack .../33-libgomp1_12.3.0-1ubuntu1~22.04.3_amd64.deb ...
#8 12.80 Unpacking libgomp1:amd64 (12.3.0-1ubuntu1~22.04.3) ...
#8 12.81 Selecting previously unselected package libitm1:amd64.
#8 12.81 Preparing to unpack .../34-libitm1_12.3.0-1ubuntu1~22.04.3_amd64.deb ...
#8 12.82 Unpacking libitm1:amd64 (12.3.0-1ubuntu1~22.04.3) ...
#8 12.83 Selecting previously unselected package libatomic1:amd64.
#8 12.83 Preparing to unpack .../35-libatomic1_12.3.0-1ubuntu1~22.04.3_amd64.deb ...
#8 12.83 Unpacking libatomic1:amd64 (12.3.0-1ubuntu1~22.04.3) ...
#8 12.85 Selecting previously unselected package libasan6:amd64.
#8 12.85 Preparing to unpack .../36-libasan6_11.4.0-1ubuntu1~22.04.3_amd64.deb ...
#8 12.85 Unpacking libasan6:amd64 (11.4.0-1ubuntu1~22.04.3) ...
#8 12.90 Selecting previously unselected package liblsan0:amd64.
#8 12.90 Preparing to unpack .../37-liblsan0_12.3.0-1ubuntu1~22.04.3_amd64.deb ...
#8 12.90 Unpacking liblsan0:amd64 (12.3.0-1ubuntu1~22.04.3) ...
#8 12.94 Selecting previously unselected package libtsan0:amd64.
#8 12.94 Preparing to unpack .../38-libtsan0_11.4.0-1ubuntu1~22.04.3_amd64.deb ...
#8 12.94 Unpacking libtsan0:amd64 (11.4.0-1ubuntu1~22.04.3) ...
#8 12.99 Selecting previously unselected package libubsan1:amd64.
#8 12.99 Preparing to unpack .../39-libubsan1_12.3.0-1ubuntu1~22.04.3_amd64.deb ...
#8 12.99 Unpacking libubsan1:amd64 (12.3.0-1ubuntu1~22.04.3) ...
#8 13.02 Selecting previously unselected package libquadmath0:amd64.
#8 13.02 Preparing to unpack .../40-libquadmath0_12.3.0-1ubuntu1~22.04.3_amd64.deb ...
#8 13.02 Unpacking libquadmath0:amd64 (12.3.0-1ubuntu1~22.04.3) ...
#8 13.04 Selecting previously unselected package libgcc-11-dev:amd64.
#8 13.04 Preparing to unpack .../41-libgcc-11-dev_11.4.0-1ubuntu1~22.04.3_amd64.deb ...
#8 13.04 Unpacking libgcc-11-dev:amd64 (11.4.0-1ubuntu1~22.04.3) ...
#8 13.14 Selecting previously unselected package gcc-11.
#8 13.14 Preparing to unpack .../42-gcc-11_11.4.0-1ubuntu1~22.04.3_amd64.deb ...
#8 13.14 Unpacking gcc-11 (11.4.0-1ubuntu1~22.04.3) ...
#8 13.39 Selecting previously unselected package gcc.
#8 13.40 Preparing to unpack .../43-gcc_4%3a11.2.0-1ubuntu1_amd64.deb ...
#8 13.40 Unpacking gcc (4:11.2.0-1ubuntu1) ...
#8 13.41 Selecting previously unselected package libstdc++-11-dev:amd64.
#8 13.42 Preparing to unpack .../44-libstdc++-11-dev_11.4.0-1ubuntu1~22.04.3_amd64.deb ...
#8 13.42 Unpacking libstdc++-11-dev:amd64 (11.4.0-1ubuntu1~22.04.3) ...
#8 13.65 Selecting previously unselected package g++-11.
#8 13.66 Preparing to unpack .../45-g++-11_11.4.0-1ubuntu1~22.04.3_amd64.deb ...
#8 13.66 Unpacking g++-11 (11.4.0-1ubuntu1~22.04.3) ...
#8 13.81 Selecting previously unselected package g++.
#8 13.81 Preparing to unpack .../46-g++_4%3a11.2.0-1ubuntu1_amd64.deb ...
#8 13.81 Unpacking g++ (4:11.2.0-1ubuntu1) ...
#8 13.82 Selecting previously unselected package make.
#8 13.82 Preparing to unpack .../47-make_4.3-4.1build1_amd64.deb ...
#8 13.82 Unpacking make (4.3-4.1build1) ...
#8 13.84 Selecting previously unselected package libdpkg-perl.
#8 13.84 Preparing to unpack .../48-libdpkg-perl_1.21.1ubuntu2.6_all.deb ...
#8 13.84 Unpacking libdpkg-perl (1.21.1ubuntu2.6) ...
#8 13.88 Selecting previously unselected package bzip2.
#8 13.88 Preparing to unpack .../49-bzip2_1.0.8-5ubuntu0.1_amd64.deb ...
#8 13.88 Unpacking bzip2 (1.0.8-5ubuntu0.1) ...
#8 13.89 Selecting previously unselected package patch.
#8 13.90 Preparing to unpack .../50-patch_2.7.6-7build2_amd64.deb ...
#8 13.90 Unpacking patch (2.7.6-7build2) ...
#8 13.91 Selecting previously unselected package lto-disabled-list.
#8 13.91 Preparing to unpack .../51-lto-disabled-list_24_all.deb ...
#8 13.91 Unpacking lto-disabled-list (24) ...
#8 13.93 Selecting previously unselected package dpkg-dev.
#8 13.93 Preparing to unpack .../52-dpkg-dev_1.21.1ubuntu2.6_all.deb ...
#8 13.93 Unpacking dpkg-dev (1.21.1ubuntu2.6) ...
#8 13.97 Selecting previously unselected package build-essential.
#8 13.97 Preparing to unpack .../53-build-essential_12.9ubuntu3_amd64.deb ...
#8 13.97 Unpacking build-essential (12.9ubuntu3) ...
#8 13.99 Selecting previously unselected package libarchive13:amd64.
#8 13.99 Preparing to unpack .../54-libarchive13_3.6.0-1ubuntu1.8_amd64.deb ...
#8 13.99 Unpacking libarchive13:amd64 (3.6.0-1ubuntu1.8) ...
#8 14.01 Selecting previously unselected package libbrotli1:amd64.
#8 14.01 Preparing to unpack .../55-libbrotli1_1.0.9-2build6_amd64.deb ...
#8 14.01 Unpacking libbrotli1:amd64 (1.0.9-2build6) ...
#8 14.03 Selecting previously unselected package libsasl2-modules-db:amd64.
#8 14.03 Preparing to unpack .../56-libsasl2-modules-db_2.1.27+dfsg2-3ubuntu1.2_amd64.deb ...
#8 14.03 Unpacking libsasl2-modules-db:amd64 (2.1.27+dfsg2-3ubuntu1.2) ...
#8 14.05 Selecting previously unselected package libsasl2-2:amd64.
#8 14.05 Preparing to unpack .../57-libsasl2-2_2.1.27+dfsg2-3ubuntu1.2_amd64.deb ...
#8 14.05 Unpacking libsasl2-2:amd64 (2.1.27+dfsg2-3ubuntu1.2) ...
#8 14.07 Selecting previously unselected package libldap-2.5-0:amd64.
#8 14.07 Preparing to unpack .../58-libldap-2.5-0_2.5.20+dfsg-0ubuntu0.22.04.1_amd64.deb ...
#8 14.07 Unpacking libldap-2.5-0:amd64 (2.5.20+dfsg-0ubuntu0.22.04.1) ...
#8 14.09 Selecting previously unselected package librtmp1:amd64.
#8 14.09 Preparing to unpack .../59-librtmp1_2.4+20151223.gitfa8646d.1-2build4_amd64.deb ...
#8 14.09 Unpacking librtmp1:amd64 (2.4+20151223.gitfa8646d.1-2build4) ...
#8 14.11 Selecting previously unselected package libssh-4:amd64.
#8 14.11 Preparing to unpack .../60-libssh-4_0.9.6-2ubuntu0.22.04.8_amd64.deb ...
#8 14.11 Unpacking libssh-4:amd64 (0.9.6-2ubuntu0.22.04.8) ...
#8 14.13 Selecting previously unselected package libcurl4:amd64.
#8 14.13 Preparing to unpack .../61-libcurl4_7.81.0-1ubuntu1.29_amd64.deb ...
#8 14.13 Unpacking libcurl4:amd64 (7.81.0-1ubuntu1.29) ...
#8 14.15 Selecting previously unselected package libjsoncpp25:amd64.
#8 14.15 Preparing to unpack .../62-libjsoncpp25_1.9.5-3_amd64.deb ...
#8 14.15 Unpacking libjsoncpp25:amd64 (1.9.5-3) ...
#8 14.17 Selecting previously unselected package librhash0:amd64.
#8 14.17 Preparing to unpack .../63-librhash0_1.4.2-1ubuntu1_amd64.deb ...
#8 14.17 Unpacking librhash0:amd64 (1.4.2-1ubuntu1) ...
#8 14.18 Selecting previously unselected package dh-elpa-helper.
#8 14.18 Preparing to unpack .../64-dh-elpa-helper_2.0.9ubuntu1_all.deb ...
#8 14.18 Unpacking dh-elpa-helper (2.0.9ubuntu1) ...
#8 14.20 Selecting previously unselected package emacsen-common.
#8 14.20 Preparing to unpack .../65-emacsen-common_3.0.4_all.deb ...
#8 14.21 Unpacking emacsen-common (3.0.4) ...
#8 14.23 Selecting previously unselected package cmake-data.
#8 14.23 Preparing to unpack .../66-cmake-data_3.22.1-1ubuntu1.22.04.2_all.deb ...
#8 14.24 Unpacking cmake-data (3.22.1-1ubuntu1.22.04.2) ...
#8 14.84 Selecting previously unselected package cmake.
#8 14.84 Preparing to unpack .../67-cmake_3.22.1-1ubuntu1.22.04.2_amd64.deb ...
#8 14.84 Unpacking cmake (3.22.1-1ubuntu1.22.04.2) ...
#8 14.94 Selecting previously unselected package libabsl20210324:amd64.
#8 14.95 Preparing to unpack .../68-libabsl20210324_0~20210324.2-2ubuntu0.3_amd64.deb ...
#8 14.95 Unpacking libabsl20210324:amd64 (0~20210324.2-2ubuntu0.3) ...
#8 14.99 Selecting previously unselected package libc-ares2:amd64.
#8 15.00 Preparing to unpack .../69-libc-ares2_1.18.1-1ubuntu0.22.04.3_amd64.deb ...
#8 15.00 Unpacking libc-ares2:amd64 (1.18.1-1ubuntu0.22.04.3) ...
#8 15.01 Selecting previously unselected package libgrpc10:amd64.
#8 15.01 Preparing to unpack .../70-libgrpc10_1.30.2-3build6_amd64.deb ...
#8 15.01 Unpacking libgrpc10:amd64 (1.30.2-3build6) ...
#8 15.06 Selecting previously unselected package libprotobuf23:amd64.
#8 15.06 Preparing to unpack .../71-libprotobuf23_3.12.4-1ubuntu7.22.04.6_amd64.deb ...
#8 15.06 Unpacking libprotobuf23:amd64 (3.12.4-1ubuntu7.22.04.6) ...
#8 15.08 Selecting previously unselected package libgrpc++1:amd64.
#8 15.09 Preparing to unpack .../72-libgrpc++1_1.30.2-3build6_amd64.deb ...
#8 15.09 Unpacking libgrpc++1:amd64 (1.30.2-3build6) ...
#8 15.11 Selecting previously unselected package libgrpc-dev:amd64.
#8 15.11 Preparing to unpack .../73-libgrpc-dev_1.30.2-3build6_amd64.deb ...
#8 15.11 Unpacking libgrpc-dev:amd64 (1.30.2-3build6) ...
#8 15.17 Selecting previously unselected package libgrpc++-dev:amd64.
#8 15.18 Preparing to unpack .../74-libgrpc++-dev_1.30.2-3build6_amd64.deb ...
#8 15.18 Unpacking libgrpc++-dev:amd64 (1.30.2-3build6) ...
#8 15.26 Selecting previously unselected package libprotobuf-lite23:amd64.
#8 15.26 Preparing to unpack .../75-libprotobuf-lite23_3.12.4-1ubuntu7.22.04.6_amd64.deb ...
#8 15.26 Unpacking libprotobuf-lite23:amd64 (3.12.4-1ubuntu7.22.04.6) ...
#8 15.28 Selecting previously unselected package libprotoc23:amd64.
#8 15.28 Preparing to unpack .../76-libprotoc23_3.12.4-1ubuntu7.22.04.6_amd64.deb ...
#8 15.28 Unpacking libprotoc23:amd64 (3.12.4-1ubuntu7.22.04.6) ...
#8 15.31 Selecting previously unselected package pkg-config.
#8 15.31 Preparing to unpack .../77-pkg-config_0.29.2-1ubuntu3_amd64.deb ...
#8 15.31 Unpacking pkg-config (0.29.2-1ubuntu3) ...
#8 15.33 Selecting previously unselected package protobuf-compiler.
#8 15.33 Preparing to unpack .../78-protobuf-compiler_3.12.4-1ubuntu7.22.04.6_amd64.deb ...
#8 15.33 Unpacking protobuf-compiler (3.12.4-1ubuntu7.22.04.6) ...
#8 15.34 Selecting previously unselected package protobuf-compiler-grpc.
#8 15.34 Preparing to unpack .../79-protobuf-compiler-grpc_1.30.2-3build6_amd64.deb ...
#8 15.35 Unpacking protobuf-compiler-grpc (1.30.2-3build6) ...
#8 15.36 Selecting previously unselected package zlib1g-dev:amd64.
#8 15.36 Preparing to unpack .../80-zlib1g-dev_1%3a1.2.11.dfsg-2ubuntu9.2_amd64.deb ...
#8 15.36 Unpacking zlib1g-dev:amd64 (1:1.2.11.dfsg-2ubuntu9.2) ...
#8 15.38 Selecting previously unselected package libprotobuf-dev:amd64.
#8 15.38 Preparing to unpack .../81-libprotobuf-dev_3.12.4-1ubuntu7.22.04.6_amd64.deb ...
#8 15.38 Unpacking libprotobuf-dev:amd64 (3.12.4-1ubuntu7.22.04.6) ...
#8 15.48 Setting up libexpat1:amd64 (2.4.7-1ubuntu0.9) ...
#8 15.48 Setting up gcc-11-base:amd64 (11.4.0-1ubuntu1~22.04.3) ...
#8 15.48 Setting up lto-disabled-list (24) ...
#8 15.49 Setting up libpsl5:amd64 (0.21.0-1.2build2) ...
#8 15.49 Setting up libglib2.0-0:amd64 (2.72.4-0ubuntu2.10) ...
#8 15.49 No schema files found: doing nothing.
#8 15.50 Setting up libbrotli1:amd64 (1.0.9-2build6) ...
#8 15.50 Setting up binutils-common:amd64 (2.38-4ubuntu2.12) ...
#8 15.50 Setting up libnghttp2-14:amd64 (1.43.0-1ubuntu0.4) ...
#8 15.50 Setting up linux-libc-dev:amd64 (5.15.0-198.208) ...
#8 15.50 Setting up libctf-nobfd0:amd64 (2.38-4ubuntu2.12) ...
#8 15.51 Setting up libprotobuf23:amd64 (3.12.4-1ubuntu7.22.04.6) ...
#8 15.51 Setting up libc-ares2:amd64 (1.18.1-1ubuntu0.22.04.3) ...
#8 15.51 Setting up libgomp1:amd64 (12.3.0-1ubuntu1~22.04.3) ...
#8 15.51 Setting up perl-modules-5.34 (5.34.0-3ubuntu1.9) ...
#8 15.51 Setting up bzip2 (1.0.8-5ubuntu0.1) ...
#8 15.52 Setting up libasan6:amd64 (11.4.0-1ubuntu1~22.04.3) ...
#8 15.52 Setting up libsasl2-modules-db:amd64 (2.1.27+dfsg2-3ubuntu1.2) ...
#8 15.52 Setting up libprotobuf-lite23:amd64 (3.12.4-1ubuntu7.22.04.6) ...
#8 15.52 Setting up libtirpc-dev:amd64 (1.3.2-2ubuntu0.1) ...
#8 15.52 Setting up libuv1:amd64 (1.43.0-1ubuntu0.1) ...
#8 15.52 Setting up rpcsvc-proto (1.4.2-0ubuntu6) ...
#8 15.53 Setting up emacsen-common (3.0.4) ...
#8 15.55 Setting up make (4.3-4.1build1) ...
#8 15.56 Setting up libmpfr6:amd64 (4.1.0-3build3) ...
#8 15.56 Setting up librtmp1:amd64 (2.4+20151223.gitfa8646d.1-2build4) ...
#8 15.56 Setting up dh-elpa-helper (2.0.9ubuntu1) ...
#8 15.56 Setting up libprotoc23:amd64 (3.12.4-1ubuntu7.22.04.6) ...
#8 15.56 Setting up xz-utils (5.2.5-2ubuntu1.1) ...
#8 15.57 update-alternatives: using /usr/bin/xz to provide /usr/bin/lzma (lzma) in auto mode
#8 15.57 update-alternatives: warning: skip creation of /usr/share/man/man1/lzma.1.gz because associated file /usr/share/man/man1/xz.1.gz (of link group lzma) doesn't exist
#8 15.57 update-alternatives: warning: skip creation of /usr/share/man/man1/unlzma.1.gz because associated file /usr/share/man/man1/unxz.1.gz (of link group lzma) doesn't exist
#8 15.57 update-alternatives: warning: skip creation of /usr/share/man/man1/lzcat.1.gz because associated file /usr/share/man/man1/xzcat.1.gz (of link group lzma) doesn't exist
#8 15.57 update-alternatives: warning: skip creation of /usr/share/man/man1/lzmore.1.gz because associated file /usr/share/man/man1/xzmore.1.gz (of link group lzma) doesn't exist
#8 15.57 update-alternatives: warning: skip creation of /usr/share/man/man1/lzless.1.gz because associated file /usr/share/man/man1/xzless.1.gz (of link group lzma) doesn't exist
#8 15.57 update-alternatives: warning: skip creation of /usr/share/man/man1/lzdiff.1.gz because associated file /usr/share/man/man1/xzdiff.1.gz (of link group lzma) doesn't exist
#8 15.57 update-alternatives: warning: skip creation of /usr/share/man/man1/lzcmp.1.gz because associated file /usr/share/man/man1/xzcmp.1.gz (of link group lzma) doesn't exist
#8 15.57 update-alternatives: warning: skip creation of /usr/share/man/man1/lzgrep.1.gz because associated file /usr/share/man/man1/xzgrep.1.gz (of link group lzma) doesn't exist
#8 15.57 update-alternatives: warning: skip creation of /usr/share/man/man1/lzegrep.1.gz because associated file /usr/share/man/man1/xzegrep.1.gz (of link group lzma) doesn't exist
#8 15.57 update-alternatives: warning: skip creation of /usr/share/man/man1/lzfgrep.1.gz because associated file /usr/share/man/man1/xzfgrep.1.gz (of link group lzma) doesn't exist
#8 15.57 Setting up libquadmath0:amd64 (12.3.0-1ubuntu1~22.04.3) ...
#8 15.57 Setting up libmpc3:amd64 (1.2.1-2build1) ...
#8 15.57 Setting up libatomic1:amd64 (12.3.0-1ubuntu1~22.04.3) ...
#8 15.58 Setting up patch (2.7.6-7build2) ...
#8 15.58 Setting up libjsoncpp25:amd64 (1.9.5-3) ...
#8 15.58 Setting up libabsl20210324:amd64 (0~20210324.2-2ubuntu0.3) ...
#8 15.58 Setting up libsasl2-2:amd64 (2.1.27+dfsg2-3ubuntu1.2) ...
#8 15.58 Setting up libssh-4:amd64 (0.9.6-2ubuntu0.22.04.8) ...
#8 15.59 Setting up libubsan1:amd64 (12.3.0-1ubuntu1~22.04.3) ...
#8 15.59 Setting up libnsl-dev:amd64 (1.3.0-2build2) ...
#8 15.59 Setting up librhash0:amd64 (1.4.2-1ubuntu1) ...
#8 15.59 Setting up libcrypt-dev:amd64 (1:4.4.27-1) ...
#8 15.59 Setting up cmake-data (3.22.1-1ubuntu1.22.04.2) ...
#8 15.62 Setting up libbinutils:amd64 (2.38-4ubuntu2.12) ...
#8 15.63 Setting up libisl23:amd64 (0.24-2build1) ...
#8 15.63 Setting up libc-dev-bin (2.35-0ubuntu3.15) ...
#8 15.63 Setting up libcc1-0:amd64 (12.3.0-1ubuntu1~22.04.3) ...
#8 15.63 Setting up liblsan0:amd64 (12.3.0-1ubuntu1~22.04.3) ...
#8 15.63 Setting up libitm1:amd64 (12.3.0-1ubuntu1~22.04.3) ...
#8 15.64 Setting up libgdbm6:amd64 (1.23-1) ...
#8 15.64 Setting up libicu70:amd64 (70.1-2) ...
#8 15.64 Setting up libtsan0:amd64 (11.4.0-1ubuntu1~22.04.3) ...
#8 15.64 Setting up libctf0:amd64 (2.38-4ubuntu2.12) ...
#8 15.64 Setting up cpp-11 (11.4.0-1ubuntu1~22.04.3) ...
#8 15.64 Setting up protobuf-compiler (3.12.4-1ubuntu7.22.04.6) ...
#8 15.65 Setting up libldap-2.5-0:amd64 (2.5.20+dfsg-0ubuntu0.22.04.1) ...
#8 15.65 Setting up protobuf-compiler-grpc (1.30.2-3build6) ...
#8 15.65 Setting up libgrpc10:amd64 (1.30.2-3build6) ...
#8 15.65 Setting up libgdbm-compat4:amd64 (1.23-1) ...
#8 15.65 Setting up libgcc-11-dev:amd64 (11.4.0-1ubuntu1~22.04.3) ...
#8 15.66 Setting up cpp (4:11.2.0-1ubuntu1) ...
#8 15.66 Setting up libcurl4:amd64 (7.81.0-1ubuntu1.29) ...
#8 15.66 Setting up libc6-dev:amd64 (2.35-0ubuntu3.15) ...
#8 15.66 Setting up libgrpc++1:amd64 (1.30.2-3build6) ...
#8 15.67 Setting up libxml2:amd64 (2.9.13+dfsg-1ubuntu0.13) ...
#8 15.67 Setting up binutils-x86-64-linux-gnu (2.38-4ubuntu2.12) ...
#8 15.67 Setting up libperl5.34:amd64 (5.34.0-3ubuntu1.9) ...
#8 15.67 Setting up libarchive13:amd64 (3.6.0-1ubuntu1.8) ...
#8 15.67 Setting up binutils (2.38-4ubuntu2.12) ...
#8 15.68 Setting up libgrpc-dev:amd64 (1.30.2-3build6) ...
#8 15.68 Setting up perl (5.34.0-3ubuntu1.9) ...
#8 15.69 Setting up libdpkg-perl (1.21.1ubuntu2.6) ...
#8 15.69 Setting up libstdc++-11-dev:amd64 (11.4.0-1ubuntu1~22.04.3) ...
#8 15.69 Setting up zlib1g-dev:amd64 (1:1.2.11.dfsg-2ubuntu9.2) ...
#8 15.69 Setting up gcc-11 (11.4.0-1ubuntu1~22.04.3) ...
#8 15.69 Setting up libgrpc++-dev:amd64 (1.30.2-3build6) ...
#8 15.70 Setting up cmake (3.22.1-1ubuntu1.22.04.2) ...
#8 15.70 Setting up g++-11 (11.4.0-1ubuntu1~22.04.3) ...
#8 15.70 Setting up gcc (4:11.2.0-1ubuntu1) ...
#8 15.71 Setting up dpkg-dev (1.21.1ubuntu2.6) ...
#8 15.71 Setting up libprotobuf-dev:amd64 (3.12.4-1ubuntu7.22.04.6) ...
#8 15.71 Setting up pkg-config (0.29.2-1ubuntu3) ...
#8 15.73 Setting up g++ (4:11.2.0-1ubuntu1) ...
#8 15.75 update-alternatives: using /usr/bin/g++ to provide /usr/bin/c++ (c++) in auto mode
#8 15.75 update-alternatives: warning: skip creation of /usr/share/man/man1/c++.1.gz because associated file /usr/share/man/man1/g++.1.gz (of link group c++) doesn't exist
#8 15.75 Setting up build-essential (12.9ubuntu3) ...
#8 15.76 Processing triggers for libc-bin (2.35-0ubuntu3.15) ...
#8 DONE 17.5s

#9 [builder 3/8] WORKDIR /src
#9 DONE 0.0s

#10 [builder 4/8] COPY proto/ ./proto/
#10 DONE 0.0s

#11 [builder 5/8] COPY native/agent/ ./native/agent/
#11 DONE 0.0s

#12 [builder 6/8] COPY native/gperftools_bridge/ ./native/gperftools_bridge/
#12 DONE 0.0s

#13 [builder 7/8] COPY native/generated/ ./native/generated/
#13 DONE 0.0s

#14 [builder 8/8] RUN cmake -S native/agent -B /build -DCMAKE_BUILD_TYPE=Release     && cmake --build /build --parallel "1"     && ctest --test-dir /build --output-on-failure     && cmake -S native/gperftools_bridge -B /bridge-build -DCMAKE_BUILD_TYPE=Release     && cmake --build /bridge-build --parallel "1"
#14 0.206 -- The CXX compiler identification is GNU 11.4.0
#14 0.215 -- Detecting CXX compiler ABI info
#14 0.301 -- Detecting CXX compiler ABI info - done
#14 0.308 -- Check for working CXX compiler: /usr/bin/c++ - skipped
#14 0.309 -- Detecting CXX compile features
#14 0.309 -- Detecting CXX compile features - done
#14 0.314 -- Found PkgConfig: /usr/bin/pkg-config (found version "0.29.2") 
#14 0.315 -- Checking for module 'grpc++'
#14 0.327 --   Found grpc++, version 1.30.2
#14 0.362 -- Checking for module 'protobuf'
#14 0.374 --   Found protobuf, version 3.12.4
#14 0.406 -- Configuring done
#14 0.419 -- Generating done
#14 0.420 -- Build files have been written to: /build
#14 0.463 [  2%] Generating generated/common.pb.cc, generated/common.grpc.pb.cc, generated/errorcode.pb.cc, generated/errorcode.grpc.pb.cc, generated/taskkind.pb.cc, generated/taskkind.grpc.pb.cc, generated/hotmethod.pb.cc, generated/hotmethod.grpc.pb.cc, generated/healthcheck.pb.cc, generated/healthcheck.grpc.pb.cc, generated/init.pb.cc, generated/init.grpc.pb.cc
#14 0.522 [  5%] Building CXX object CMakeFiles/mini-drop-native-agent.dir/src/main.cpp.o
#14 ...

#7 [stage-1 2/9] RUN sed -i     -e "s|http://archive.ubuntu.com/ubuntu|http://archive.ubuntu.com/ubuntu|g"     -e "s|http://security.ubuntu.com/ubuntu|http://archive.ubuntu.com/ubuntu|g"     /etc/apt/sources.list     && apt-get update && apt-get install -y --no-install-recommends     ca-certificates     bpftrace     curl     python3     python3-pip     libgrpc++1     libprotobuf23     linux-libc-dev     linux-tools-generic     gzip     tar     util-linux     && rm -rf /var/lib/apt/lists/*     && cp "$(find /usr/lib -path '*/linux-tools-*/perf'        -type f | head -n 1)"        /usr/local/bin/perf
#7 18.35 Setting up linux-tools-5.15.0-198 (5.15.0-198.208) ...
#7 18.36 Setting up libbpfcc (0.18.0+ds-2) ...
#7 18.36 Setting up linux-tools-5.15.0-198-generic (5.15.0-198.208) ...
#7 18.36 Setting up bpftrace (0.14.0-1) ...
#7 18.36 Setting up linux-tools-generic (5.15.0.198.171) ...
#7 18.36 Processing triggers for libc-bin (2.35-0ubuntu3.15) ...
#7 18.38 Processing triggers for ca-certificates (20260601~22.04.1) ...
#7 18.39 Updating certificates in /etc/ssl/certs...
#7 18.86 0 added, 0 removed; done.
#7 18.86 Running hooks in /etc/ca-certificates/update.d...
#7 18.86 done.
#7 DONE 19.0s

#15 [stage-1 3/9] COPY deploy/vendor/async-profiler-4.4-linux-x64.tar.gz /tmp/async-profiler.tar.gz
#15 DONE 0.0s

#16 [stage-1 4/9] RUN echo "1233f26fc95753e75ce32733bbcaf8f0bedc2c098b0e798af87935b08a63b24e  /tmp/async-profiler.tar.gz" | sha256sum -c -     && mkdir -p /opt/async-profiler     && tar -xzf /tmp/async-profiler.tar.gz -C /opt/async-profiler --strip-components=1     && test -x /opt/async-profiler/bin/asprof     && rm -f /tmp/async-profiler.tar.gz
#16 0.150 /tmp/async-profiler.tar.gz: OK
#16 DONE 0.2s

#14 [builder 8/8] RUN cmake -S native/agent -B /build -DCMAKE_BUILD_TYPE=Release     && cmake --build /build --parallel "1"     && ctest --test-dir /build --output-on-failure     && cmake -S native/gperftools_bridge -B /bridge-build -DCMAKE_BUILD_TYPE=Release     && cmake --build /bridge-build --parallel "1"
#14 1.603 In file included from /build/generated/healthcheck.pb.h:37,
#14 1.603                  from /build/generated/healthcheck.grpc.pb.h:15,
#14 1.603                  from /src/native/agent/src/main.cpp:10:
#14 1.603 /build/generated/hotmethod.pb.h: In member function 'mini_drop::RecordArgv* mini_drop::TaskDesc::release_sample_argv()':
#14 1.603 /build/generated/hotmethod.pb.h:3159:47: warning: 'mini_drop::RecordArgv* mini_drop::TaskDesc::unsafe_arena_release_sample_argv()' is deprecated [-Wdeprecated-declarations]
#14 1.603  3159 |   auto temp = unsafe_arena_release_sample_argv();
#14 1.603       |               ~~~~~~~~~~~~~~~~~~~~~~~~~~~~~~~~^~
#14 1.603 /build/generated/hotmethod.pb.h:449:48: note: declared here
#14 1.603   449 |   PROTOBUF_DEPRECATED ::mini_drop::RecordArgv* unsafe_arena_release_sample_argv();
#14 1.603       |                                                ^~~~~~~~~~~~~~~~~~~~~~~~~~~~~~~~
#14 1.606 /build/generated/hotmethod.pb.h: In member function 'mini_drop::CosConfig* mini_drop::TaskDesc::release_cos_config()':
#14 1.606 /build/generated/hotmethod.pb.h:3355:46: warning: 'mini_drop::CosConfig* mini_drop::TaskDesc::unsafe_arena_release_cos_config()' is deprecated [-Wdeprecated-declarations]
#14 1.606  3355 |   auto temp = unsafe_arena_release_cos_config();
#14 1.606       |               ~~~~~~~~~~~~~~~~~~~~~~~~~~~~~~~^~
#14 1.606 /build/generated/hotmethod.pb.h:467:47: note: declared here
#14 1.606   467 |   PROTOBUF_DEPRECATED ::mini_drop::CosConfig* unsafe_arena_release_cos_config();
#14 1.606       |                                               ^~~~~~~~~~~~~~~~~~~~~~~~~~~~~~~
#14 2.199 /src/native/agent/src/main.cpp: In function 'mini_drop_native::Task {anonymous}::task_from_proto(const mini_drop::TaskDesc&)':
#14 2.199 /src/native/agent/src/main.cpp:570:27: warning: 'bool mini_drop::TaskDesc::has_sample_argv() const' is deprecated [-Wdeprecated-declarations]
#14 2.199   570 |   if (desc.has_sample_argv()) {
#14 2.199       |       ~~~~~~~~~~~~~~~~~~~~^~
#14 2.199 In file included from /build/generated/healthcheck.pb.h:37,
#14 2.199                  from /build/generated/healthcheck.grpc.pb.h:15,
#14 2.199                  from /src/native/agent/src/main.cpp:10:
#14 2.199 /build/generated/hotmethod.pb.h:3127:13: note: declared here
#14 2.199  3127 | inline bool TaskDesc::has_sample_argv() const {
#14 2.199       |             ^~~~~~~~
#14 2.202 /src/native/agent/src/main.cpp:571:32: warning: 'const mini_drop::RecordArgv& mini_drop::TaskDesc::sample_argv() const' is deprecated [-Wdeprecated-declarations]
#14 2.202   571 |     task.pid = desc.sample_argv().pid();
#14 2.202       |                ~~~~~~~~~~~~~~~~^~
#14 2.202 In file included from /build/generated/healthcheck.pb.h:37,
#14 2.202                  from /build/generated/healthcheck.grpc.pb.h:15,
#14 2.202                  from /src/native/agent/src/main.cpp:10:
#14 2.202 /build/generated/hotmethod.pb.h:3141:39: note: declared here
#14 2.202  3141 | inline const ::mini_drop::RecordArgv& TaskDesc::sample_argv() const {
#14 2.202       |                                       ^~~~~~~~
#14 2.202 /src/native/agent/src/main.cpp:572:48: warning: 'const mini_drop::RecordArgv& mini_drop::TaskDesc::sample_argv() const' is deprecated [-Wdeprecated-declarations]
#14 2.202   572 |     task.hz = static_cast<int>(desc.sample_argv().hz());
#14 2.202       |                                ~~~~~~~~~~~~~~~~^~
#14 2.202 In file included from /build/generated/healthcheck.pb.h:37,
#14 2.202                  from /build/generated/healthcheck.grpc.pb.h:15,
#14 2.202                  from /src/native/agent/src/main.cpp:10:
#14 2.202 /build/generated/hotmethod.pb.h:3141:39: note: declared here
#14 2.202  3141 | inline const ::mini_drop::RecordArgv& TaskDesc::sample_argv() const {
#14 2.202       |                                       ^~~~~~~~
#14 2.202 /src/native/agent/src/main.cpp:573:54: warning: 'const mini_drop::RecordArgv& mini_drop::TaskDesc::sample_argv() const' is deprecated [-Wdeprecated-declarations]
#14 2.202   573 |     task.duration = static_cast<int>(desc.sample_argv().duration());
#14 2.202       |                                      ~~~~~~~~~~~~~~~~^~
#14 2.202 In file included from /build/generated/healthcheck.pb.h:37,
#14 2.202                  from /build/generated/healthcheck.grpc.pb.h:15,
#14 2.202                  from /src/native/agent/src/main.cpp:10:
#14 2.202 /build/generated/hotmethod.pb.h:3141:39: note: declared here
#14 2.202  3141 | inline const ::mini_drop::RecordArgv& TaskDesc::sample_argv() const {
#14 2.202       |                                       ^~~~~~~~
#14 2.202 /src/native/agent/src/main.cpp:574:38: warning: 'const mini_drop::RecordArgv& mini_drop::TaskDesc::sample_argv() const' is deprecated [-Wdeprecated-declarations]
#14 2.202   574 |     task.callgraph = desc.sample_argv().callgraph();
#14 2.202       |                      ~~~~~~~~~~~~~~~~^~
#14 2.202 In file included from /build/generated/healthcheck.pb.h:37,
#14 2.202                  from /build/generated/healthcheck.grpc.pb.h:15,
#14 2.202                  from /src/native/agent/src/main.cpp:10:
#14 2.202 /build/generated/hotmethod.pb.h:3141:39: note: declared here
#14 2.202  3141 | inline const ::mini_drop::RecordArgv& TaskDesc::sample_argv() const {
#14 2.202       |                                       ^~~~~~~~
#14 2.202 /src/native/agent/src/main.cpp:575:34: warning: 'const mini_drop::RecordArgv& mini_drop::TaskDesc::sample_argv() const' is deprecated [-Wdeprecated-declarations]
#14 2.202   575 |     task.event = desc.sample_argv().event();
#14 2.202       |                  ~~~~~~~~~~~~~~~~^~
#14 2.202 In file included from /build/generated/healthcheck.pb.h:37,
#14 2.202                  from /build/generated/healthcheck.grpc.pb.h:15,
#14 2.202                  from /src/native/agent/src/main.cpp:10:
#14 2.202 /build/generated/hotmethod.pb.h:3141:39: note: declared here
#14 2.202  3141 | inline const ::mini_drop::RecordArgv& TaskDesc::sample_argv() const {
#14 2.202       |                                       ^~~~~~~~
#14 ...

#17 [stage-1 5/9] RUN pip3 install --no-cache-dir py-spy==0.4.2
#17 0.615 Collecting py-spy==0.4.2
#17 0.653   Downloading py_spy-0.4.2-py2.py3-none-manylinux_2_5_x86_64.manylinux1_x86_64.whl (2.9 MB)
#17 0.690      ━━━━━━━━━━━━━━━━━━━━━━━━━━━━━━━━━━━━━━━━ 2.9/2.9 MB 86.4 MB/s eta 0:00:00
#17 0.700 Installing collected packages: py-spy
#17 0.751 Successfully installed py-spy-0.4.2
#17 0.751 WARNING: Running pip as the 'root' user can result in broken permissions and conflicting behaviour with the system package manager. It is recommended to use a virtual environment instead: https://pip.pypa.io/warnings/venv
#17 DONE 0.8s

#14 [builder 8/8] RUN cmake -S native/agent -B /build -DCMAKE_BUILD_TYPE=Release     && cmake --build /build --parallel "1"     && ctest --test-dir /build --output-on-failure     && cmake -S native/gperftools_bridge -B /bridge-build -DCMAKE_BUILD_TYPE=Release     && cmake --build /bridge-build --parallel "1"
#14 4.332 [  8%] Building CXX object CMakeFiles/mini-drop-native-agent.dir/src/config.cpp.o
#14 4.710 [ 10%] Building CXX object CMakeFiles/mini-drop-native-agent.dir/src/process_runner.cpp.o
#14 5.238 [ 13%] Building CXX object CMakeFiles/mini-drop-native-agent.dir/src/process_snapshot.cpp.o
#14 7.069 [ 16%] Building CXX object CMakeFiles/mini-drop-native-agent.dir/src/artifact_uploader.cpp.o
#14 7.796 [ 18%] Building CXX object CMakeFiles/mini-drop-native-agent.dir/src/collector_registry.cpp.o
#14 8.280 [ 21%] Building CXX object CMakeFiles/mini-drop-native-agent.dir/src/perf_collector.cpp.o
#14 9.407 [ 24%] Building CXX object CMakeFiles/mini-drop-native-agent.dir/src/ebpf_io_collector.cpp.o
#14 13.14 [ 27%] Building CXX object CMakeFiles/mini-drop-native-agent.dir/src/language_collectors.cpp.o
#14 13.63 /src/native/agent/src/language_collectors.cpp: In member function 'virtual mini_drop_native::TaskResult mini_drop_native::{anonymous}::PySpyCollector::collect(const mini_drop_native::Config&, const mini_drop_native::Task&, const std::atomic<bool>&, std::atomic<bool>&) const':
#14 13.63 /src/native/agent/src/language_collectors.cpp:176:82: warning: missing initializer for member 'mini_drop_native::TaskResult::task_attempt_authority' [-Wmissing-field-initializers]
#14 13.63   176 |       return {task.id, false, "py-spy is not installed in native Agent image", ""};
#14 13.63       |                                                                                  ^
#14 13.63 /src/native/agent/src/language_collectors.cpp:176:82: warning: missing initializer for member 'mini_drop_native::TaskResult::task_attempt_id' [-Wmissing-field-initializers]
#14 13.63 /src/native/agent/src/language_collectors.cpp:176:82: warning: missing initializer for member 'mini_drop_native::TaskResult::error_code' [-Wmissing-field-initializers]
#14 13.63 /src/native/agent/src/language_collectors.cpp: In member function 'virtual mini_drop_native::TaskResult mini_drop_native::{anonymous}::AsyncProfilerCollector::collect(const mini_drop_native::Config&, const mini_drop_native::Task&, const std::atomic<bool>&, std::atomic<bool>&) const':
#14 13.63 /src/native/agent/src/language_collectors.cpp:202:17: warning: missing initializer for member 'mini_drop_native::TaskResult::task_attempt_authority' [-Wmissing-field-initializers]
#14 13.63   202 |               ""};
#14 13.63       |                 ^
#14 13.63 /src/native/agent/src/language_collectors.cpp:202:17: warning: missing initializer for member 'mini_drop_native::TaskResult::task_attempt_id' [-Wmissing-field-initializers]
#14 13.63 /src/native/agent/src/language_collectors.cpp:202:17: warning: missing initializer for member 'mini_drop_native::TaskResult::error_code' [-Wmissing-field-initializers]
#14 13.63 /src/native/agent/src/language_collectors.cpp:209:17: warning: missing initializer for member 'mini_drop_native::TaskResult::task_attempt_authority' [-Wmissing-field-initializers]
#14 13.63   209 |               ""};
#14 13.63       |                 ^
#14 13.63 /src/native/agent/src/language_collectors.cpp:209:17: warning: missing initializer for member 'mini_drop_native::TaskResult::task_attempt_id' [-Wmissing-field-initializers]
#14 13.63 /src/native/agent/src/language_collectors.cpp:209:17: warning: missing initializer for member 'mini_drop_native::TaskResult::error_code' [-Wmissing-field-initializers]
#14 14.89 [ 29%] Building CXX object CMakeFiles/mini-drop-native-agent.dir/src/proc_collectors.cpp.o
#14 17.18 [ 32%] Building CXX object CMakeFiles/mini-drop-native-agent.dir/src/result_outbox.cpp.o
#14 18.73 [ 35%] Building CXX object CMakeFiles/mini-drop-native-agent.dir/generated/common.pb.cc.o
#14 19.37 /build/generated/common.pb.cc: In member function 'virtual google::protobuf::uint8* mini_drop::CosConfig::_InternalSerialize(google::protobuf::uint8*, google::protobuf::io::EpsCopyOutputStream*) const':
#14 19.37 /build/generated/common.pb.cc:664:23: warning: 'const string& mini_drop::CosConfig::access_key() const' is deprecated [-Wdeprecated-declarations]
#14 19.37   664 |   if (this->access_key().size() > 0) {
#14 19.37       |       ~~~~~~~~~~~~~~~~^~
#14 19.37 In file included from /build/generated/common.pb.cc:4:
#14 19.37 /build/generated/common.pb.h:1130:27: note: declared here
#14 19.37  1130 | inline const std::string& CosConfig::access_key() const {
#14 19.37       |                           ^~~~~~~~~
#14 19.37 /build/generated/common.pb.cc:674:23: warning: 'const string& mini_drop::CosConfig::secret_key() const' is deprecated [-Wdeprecated-declarations]
#14 19.37   674 |   if (this->secret_key().size() > 0) {
#14 19.37       |       ~~~~~~~~~~~~~~~~^~
#14 19.37 In file included from /build/generated/common.pb.cc:4:
#14 19.37 /build/generated/common.pb.h:1211:27: note: declared here
#14 19.37  1211 | inline const std::string& CosConfig::secret_key() const {
#14 19.37       |                           ^~~~~~~~~
#14 19.37 /build/generated/common.pb.cc: In member function 'virtual size_t mini_drop::CosConfig::ByteSizeLong() const':
#14 19.37 /build/generated/common.pb.cc:727:23: warning: 'const string& mini_drop::CosConfig::access_key() const' is deprecated [-Wdeprecated-declarations]
#14 19.37   727 |   if (this->access_key().size() > 0) {
#14 19.37       |       ~~~~~~~~~~~~~~~~^~
#14 19.37 In file included from /build/generated/common.pb.cc:4:
#14 19.37 /build/generated/common.pb.h:1130:27: note: declared here
#14 19.37  1130 | inline const std::string& CosConfig::access_key() const {
#14 19.37       |                           ^~~~~~~~~
#14 19.37 /build/generated/common.pb.cc:734:23: warning: 'const string& mini_drop::CosConfig::secret_key() const' is deprecated [-Wdeprecated-declarations]
#14 19.37   734 |   if (this->secret_key().size() > 0) {
#14 19.37       |       ~~~~~~~~~~~~~~~~^~
#14 19.37 In file included from /build/generated/common.pb.cc:4:
#14 19.37 /build/generated/common.pb.h:1211:27: note: declared here
#14 19.37  1211 | inline const std::string& CosConfig::secret_key() const {
#14 19.37       |                           ^~~~~~~~~
#14 19.37 /build/generated/common.pb.cc: In member function 'void mini_drop::CosConfig::MergeFrom(const mini_drop::CosConfig&)':
#14 19.37 /build/generated/common.pb.cc:788:22: warning: 'const string& mini_drop::CosConfig::access_key() const' is deprecated [-Wdeprecated-declarations]
#14 19.37   788 |   if (from.access_key().size() > 0) {
#14 19.37       |       ~~~~~~~~~~~~~~~^~
#14 19.37 In file included from /build/generated/common.pb.cc:4:
#14 19.37 /build/generated/common.pb.h:1130:27: note: declared here
#14 19.37  1130 | inline const std::string& CosConfig::access_key() const {
#14 19.37       |                           ^~~~~~~~~
#14 19.37 /build/generated/common.pb.cc:791:22: warning: 'const string& mini_drop::CosConfig::secret_key() const' is deprecated [-Wdeprecated-declarations]
#14 19.37   791 |   if (from.secret_key().size() > 0) {
#14 19.37       |       ~~~~~~~~~~~~~~~^~
#14 19.37 In file included from /build/generated/common.pb.cc:4:
#14 19.37 /build/generated/common.pb.h:1211:27: note: declared here
#14 19.37  1211 | inline const std::string& CosConfig::secret_key() const {
#14 19.37       |                           ^~~~~~~~~
#14 19.98 [ 37%] Building CXX object CMakeFiles/mini-drop-native-agent.dir/generated/common.grpc.pb.cc.o
#14 21.20 [ 40%] Building CXX object CMakeFiles/mini-drop-native-agent.dir/generated/errorcode.pb.cc.o
#14 21.90 [ 43%] Building CXX object CMakeFiles/mini-drop-native-agent.dir/generated/errorcode.grpc.pb.cc.o
#14 23.10 [ 45%] Building CXX object CMakeFiles/mini-drop-native-agent.dir/generated/taskkind.pb.cc.o
#14 23.79 [ 48%] Building CXX object CMakeFiles/mini-drop-native-agent.dir/generated/taskkind.grpc.pb.cc.o
#14 24.99 [ 51%] Building CXX object CMakeFiles/mini-drop-native-agent.dir/generated/hotmethod.pb.cc.o
#14 25.65 In file included from /build/generated/hotmethod.pb.cc:4:
#14 25.65 /build/generated/hotmethod.pb.h: In member function 'mini_drop::RecordArgv* mini_drop::TaskDesc::release_sample_argv()':
#14 25.65 /build/generated/hotmethod.pb.h:3159:47: warning: 'mini_drop::RecordArgv* mini_drop::TaskDesc::unsafe_arena_release_sample_argv()' is deprecated [-Wdeprecated-declarations]
#14 25.65  3159 |   auto temp = unsafe_arena_release_sample_argv();
#14 25.65       |               ~~~~~~~~~~~~~~~~~~~~~~~~~~~~~~~~^~
#14 25.65 /build/generated/hotmethod.pb.h:449:48: note: declared here
#14 25.65   449 |   PROTOBUF_DEPRECATED ::mini_drop::RecordArgv* unsafe_arena_release_sample_argv();
#14 25.65       |                                                ^~~~~~~~~~~~~~~~~~~~~~~~~~~~~~~~
#14 25.65 /build/generated/hotmethod.pb.h: In member function 'mini_drop::CosConfig* mini_drop::TaskDesc::release_cos_config()':
#14 25.65 /build/generated/hotmethod.pb.h:3355:46: warning: 'mini_drop::CosConfig* mini_drop::TaskDesc::unsafe_arena_release_cos_config()' is deprecated [-Wdeprecated-declarations]
#14 25.65  3355 |   auto temp = unsafe_arena_release_cos_config();
#14 25.65       |               ~~~~~~~~~~~~~~~~~~~~~~~~~~~~~~~^~
#14 25.65 /build/generated/hotmethod.pb.h:467:47: note: declared here
#14 25.65   467 |   PROTOBUF_DEPRECATED ::mini_drop::CosConfig* unsafe_arena_release_cos_config();
#14 25.65       |                                               ^~~~~~~~~~~~~~~~~~~~~~~~~~~~~~~
#14 25.69 /build/generated/hotmethod.pb.cc: In member function 'virtual google::protobuf::uint8* mini_drop::TaskDesc::_InternalSerialize(google::protobuf::uint8*, google::protobuf::io::EpsCopyOutputStream*) const':
#14 25.69 /build/generated/hotmethod.pb.cc:1228:28: warning: 'bool mini_drop::TaskDesc::has_sample_argv() const' is deprecated [-Wdeprecated-declarations]
#14 25.69  1228 |   if (this->has_sample_argv()) {
#14 25.69       |       ~~~~~~~~~~~~~~~~~~~~~^~
#14 25.69 In file included from /build/generated/hotmethod.pb.cc:4:
#14 25.69 /build/generated/hotmethod.pb.h:3127:13: note: declared here
#14 25.69  3127 | inline bool TaskDesc::has_sample_argv() const {
#14 25.69       |             ^~~~~~~~
#14 25.69 /build/generated/hotmethod.pb.cc:1258:27: warning: 'bool mini_drop::TaskDesc::has_cos_config() const' is deprecated [-Wdeprecated-declarations]
#14 25.69  1258 |   if (this->has_cos_config()) {
#14 25.69       |       ~~~~~~~~~~~~~~~~~~~~^~
#14 25.69 In file included from /build/generated/hotmethod.pb.cc:4:
#14 25.69 /build/generated/hotmethod.pb.h:3329:13: note: declared here
#14 25.69  3329 | inline bool TaskDesc::has_cos_config() const {
#14 25.69       |             ^~~~~~~~
#14 25.69 /build/generated/hotmethod.pb.cc: In member function 'virtual size_t mini_drop::TaskDesc::ByteSizeLong() const':
#14 25.69 /build/generated/hotmethod.pb.cc:1451:28: warning: 'bool mini_drop::TaskDesc::has_sample_argv() const' is deprecated [-Wdeprecated-declarations]
#14 25.69  1451 |   if (this->has_sample_argv()) {
#14 25.69       |       ~~~~~~~~~~~~~~~~~~~~~^~
#14 25.69 In file included from /build/generated/hotmethod.pb.cc:4:
#14 25.69 /build/generated/hotmethod.pb.h:3127:13: note: declared here
#14 25.69  3127 | inline bool TaskDesc::has_sample_argv() const {
#14 25.69       |             ^~~~~~~~
#14 25.69 /build/generated/hotmethod.pb.cc:1458:27: warning: 'bool mini_drop::TaskDesc::has_cos_config() const' is deprecated [-Wdeprecated-declarations]
#14 25.69  1458 |   if (this->has_cos_config()) {
#14 25.69       |       ~~~~~~~~~~~~~~~~~~~~^~
#14 25.69 In file included from /build/generated/hotmethod.pb.cc:4:
#14 25.69 /build/generated/hotmethod.pb.h:3329:13: note: declared here
#14 25.69  3329 | inline bool TaskDesc::has_cos_config() const {
#14 25.69       |             ^~~~~~~~
#14 25.69 /build/generated/hotmethod.pb.cc: In member function 'void mini_drop::TaskDesc::MergeFrom(const mini_drop::TaskDesc&)':
#14 25.69 /build/generated/hotmethod.pb.cc:1609:27: warning: 'bool mini_drop::TaskDesc::has_sample_argv() const' is deprecated [-Wdeprecated-declarations]
#14 25.69  1609 |   if (from.has_sample_argv()) {
#14 25.69       |       ~~~~~~~~~~~~~~~~~~~~^~
#14 25.69 In file included from /build/generated/hotmethod.pb.cc:4:
#14 25.69 /build/generated/hotmethod.pb.h:3127:13: note: declared here
#14 25.69  3127 | inline bool TaskDesc::has_sample_argv() const {
#14 25.69       |             ^~~~~~~~
#14 25.69 /build/generated/hotmethod.pb.cc:1612:26: warning: 'bool mini_drop::TaskDesc::has_cos_config() const' is deprecated [-Wdeprecated-declarations]
#14 25.69  1612 |   if (from.has_cos_config()) {
#14 25.69       |       ~~~~~~~~~~~~~~~~~~~^~
#14 25.69 In file included from /build/generated/hotmethod.pb.cc:4:
#14 25.69 /build/generated/hotmethod.pb.h:3329:13: note: declared here
#14 25.69  3329 | inline bool TaskDesc::has_cos_config() const {
#14 25.69       |             ^~~~~~~~
#14 27.57 [ 54%] Building CXX object CMakeFiles/mini-drop-native-agent.dir/generated/hotmethod.grpc.pb.cc.o
#14 28.26 In file included from /build/generated/hotmethod.grpc.pb.cc:5:
#14 28.26 /build/generated/hotmethod.pb.h: In member function 'mini_drop::RecordArgv* mini_drop::TaskDesc::release_sample_argv()':
#14 28.26 /build/generated/hotmethod.pb.h:3159:47: warning: 'mini_drop::RecordArgv* mini_drop::TaskDesc::unsafe_arena_release_sample_argv()' is deprecated [-Wdeprecated-declarations]
#14 28.26  3159 |   auto temp = unsafe_arena_release_sample_argv();
#14 28.26       |               ~~~~~~~~~~~~~~~~~~~~~~~~~~~~~~~~^~
#14 28.26 /build/generated/hotmethod.pb.h:449:48: note: declared here
#14 28.26   449 |   PROTOBUF_DEPRECATED ::mini_drop::RecordArgv* unsafe_arena_release_sample_argv();
#14 28.26       |                                                ^~~~~~~~~~~~~~~~~~~~~~~~~~~~~~~~
#14 28.26 /build/generated/hotmethod.pb.h: In member function 'mini_drop::CosConfig* mini_drop::TaskDesc::release_cos_config()':
#14 28.26 /build/generated/hotmethod.pb.h:3355:46: warning: 'mini_drop::CosConfig* mini_drop::TaskDesc::unsafe_arena_release_cos_config()' is deprecated [-Wdeprecated-declarations]
#14 28.26  3355 |   auto temp = unsafe_arena_release_cos_config();
#14 28.26       |               ~~~~~~~~~~~~~~~~~~~~~~~~~~~~~~~^~
#14 28.26 /build/generated/hotmethod.pb.h:467:47: note: declared here
#14 28.26   467 |   PROTOBUF_DEPRECATED ::mini_drop::CosConfig* unsafe_arena_release_cos_config();
#14 28.26       |                                               ^~~~~~~~~~~~~~~~~~~~~~~~~~~~~~~
#14 30.35 [ 56%] Building CXX object CMakeFiles/mini-drop-native-agent.dir/generated/healthcheck.pb.cc.o
#14 31.01 In file included from /build/generated/healthcheck.pb.h:37,
#14 31.01                  from /build/generated/healthcheck.pb.cc:4:
#14 31.01 /build/generated/hotmethod.pb.h: In member function 'mini_drop::RecordArgv* mini_drop::TaskDesc::release_sample_argv()':
#14 31.01 /build/generated/hotmethod.pb.h:3159:47: warning: 'mini_drop::RecordArgv* mini_drop::TaskDesc::unsafe_arena_release_sample_argv()' is deprecated [-Wdeprecated-declarations]
#14 31.01  3159 |   auto temp = unsafe_arena_release_sample_argv();
#14 31.01       |               ~~~~~~~~~~~~~~~~~~~~~~~~~~~~~~~~^~
#14 31.01 /build/generated/hotmethod.pb.h:449:48: note: declared here
#14 31.01   449 |   PROTOBUF_DEPRECATED ::mini_drop::RecordArgv* unsafe_arena_release_sample_argv();
#14 31.01       |                                                ^~~~~~~~~~~~~~~~~~~~~~~~~~~~~~~~
#14 31.01 /build/generated/hotmethod.pb.h: In member function 'mini_drop::CosConfig* mini_drop::TaskDesc::release_cos_config()':
#14 31.01 /build/generated/hotmethod.pb.h:3355:46: warning: 'mini_drop::CosConfig* mini_drop::TaskDesc::unsafe_arena_release_cos_config()' is deprecated [-Wdeprecated-declarations]
#14 31.01  3355 |   auto temp = unsafe_arena_release_cos_config();
#14 31.01       |               ~~~~~~~~~~~~~~~~~~~~~~~~~~~~~~~^~
#14 31.01 /build/generated/hotmethod.pb.h:467:47: note: declared here
#14 31.01   467 |   PROTOBUF_DEPRECATED ::mini_drop::CosConfig* unsafe_arena_release_cos_config();
#14 31.01       |                                               ^~~~~~~~~~~~~~~~~~~~~~~~~~~~~~~
#14 31.99 [ 59%] Building CXX object CMakeFiles/mini-drop-native-agent.dir/generated/healthcheck.grpc.pb.cc.o
#14 32.68 In file included from /build/generated/healthcheck.pb.h:37,
#14 32.68                  from /build/generated/healthcheck.grpc.pb.cc:5:
#14 32.68 /build/generated/hotmethod.pb.h: In member function 'mini_drop::RecordArgv* mini_drop::TaskDesc::release_sample_argv()':
#14 32.68 /build/generated/hotmethod.pb.h:3159:47: warning: 'mini_drop::RecordArgv* mini_drop::TaskDesc::unsafe_arena_release_sample_argv()' is deprecated [-Wdeprecated-declarations]
#14 32.68  3159 |   auto temp = unsafe_arena_release_sample_argv();
#14 32.68       |               ~~~~~~~~~~~~~~~~~~~~~~~~~~~~~~~~^~
#14 32.68 /build/generated/hotmethod.pb.h:449:48: note: declared here
#14 32.68   449 |   PROTOBUF_DEPRECATED ::mini_drop::RecordArgv* unsafe_arena_release_sample_argv();
#14 32.68       |                                                ^~~~~~~~~~~~~~~~~~~~~~~~~~~~~~~~
#14 32.68 /build/generated/hotmethod.pb.h: In member function 'mini_drop::CosConfig* mini_drop::TaskDesc::release_cos_config()':
#14 32.68 /build/generated/hotmethod.pb.h:3355:46: warning: 'mini_drop::CosConfig* mini_drop::TaskDesc::unsafe_arena_release_cos_config()' is deprecated [-Wdeprecated-declarations]
#14 32.68  3355 |   auto temp = unsafe_arena_release_cos_config();
#14 32.68       |               ~~~~~~~~~~~~~~~~~~~~~~~~~~~~~~~^~
#14 32.68 /build/generated/hotmethod.pb.h:467:47: note: declared here
#14 32.68   467 |   PROTOBUF_DEPRECATED ::mini_drop::CosConfig* unsafe_arena_release_cos_config();
#14 32.68       |                                               ^~~~~~~~~~~~~~~~~~~~~~~~~~~~~~~
#14 34.80 [ 62%] Building CXX object CMakeFiles/mini-drop-native-agent.dir/generated/init.pb.cc.o
#14 36.03 [ 64%] Building CXX object CMakeFiles/mini-drop-native-agent.dir/generated/init.grpc.pb.cc.o
#14 39.24 [ 67%] Linking CXX executable mini-drop-native-agent
#14 39.40 [ 67%] Built target mini-drop-native-agent
#14 39.42 [ 70%] Building CXX object CMakeFiles/self-metrics-test.dir/tests/self_metrics_test.cpp.o
#14 39.91 [ 72%] Linking CXX executable self-metrics-test
#14 39.98 [ 72%] Built target self-metrics-test
#14 40.00 [ 75%] Building CXX object CMakeFiles/result-outbox-test.dir/tests/result_outbox_test.cpp.o
#14 41.09 [ 78%] Building CXX object CMakeFiles/result-outbox-test.dir/src/result_outbox.cpp.o
#14 42.64 [ 81%] Linking CXX executable result-outbox-test
#14 42.72 [ 81%] Built target result-outbox-test
#14 42.74 [ 83%] Building CXX object CMakeFiles/process-snapshot-test.dir/tests/process_snapshot_test.cpp.o
#14 43.65 [ 86%] Building CXX object CMakeFiles/process-snapshot-test.dir/src/process_snapshot.cpp.o
#14 45.47 [ 89%] Linking CXX executable process-snapshot-test
#14 45.55 [ 89%] Built target process-snapshot-test
#14 45.57 [ 91%] Building CXX object CMakeFiles/perf-samples-test.dir/tests/perf_samples_test.cpp.o
#14 46.12 [ 94%] Linking CXX executable perf-samples-test
#14 46.20 [ 94%] Built target perf-samples-test
#14 46.22 [ 97%] Building CXX object CMakeFiles/runtime-guard-test.dir/tests/runtime_guard_test.cpp.o
#14 46.86 [100%] Linking CXX executable runtime-guard-test
#14 46.93 [100%] Built target runtime-guard-test
#14 46.96 Internal ctest changing into directory: /build
#14 46.96 Test project /build
#14 46.96     Start 1: self-metrics-test
#14 46.96 1/5 Test #1: self-metrics-test ................   Passed    0.00 sec
#14 46.96     Start 2: result-outbox-test
#14 46.97 2/5 Test #2: result-outbox-test ...............   Passed    0.01 sec
#14 46.97     Start 3: process-snapshot-test
#14 46.99 3/5 Test #3: process-snapshot-test ............   Passed    0.01 sec
#14 46.99     Start 4: perf-samples-test
#14 46.99 4/5 Test #4: perf-samples-test ................   Passed    0.00 sec
#14 46.99     Start 5: runtime-guard-test
#14 47.00 5/5 Test #5: runtime-guard-test ...............   Passed    0.00 sec
#14 47.00 
#14 47.00 100% tests passed, 0 tests failed out of 5
#14 47.00 
#14 47.00 Total Test time (real) =   0.04 sec
#14 47.07 -- The CXX compiler identification is GNU 11.4.0
#14 47.07 -- Detecting CXX compiler ABI info
#14 47.16 -- Detecting CXX compiler ABI info - done
#14 47.17 -- Check for working CXX compiler: /usr/bin/c++ - skipped
#14 47.17 -- Detecting CXX compile features
#14 47.17 -- Detecting CXX compile features - done
#14 47.17 -- Configuring done
#14 47.17 -- Generating done
#14 47.17 -- Build files have been written to: /bridge-build
#14 47.22 [ 50%] Building CXX object CMakeFiles/mini-drop-gperftools-bridge.dir/src/main.cpp.o
#14 47.89 [100%] Linking CXX executable mini-drop-gperftools-bridge
#14 47.97 [100%] Built target mini-drop-gperftools-bridge
#14 DONE 48.0s

#18 [stage-1 6/9] COPY --from=builder /build/mini-drop-native-agent /usr/local/bin/
#18 DONE 0.0s

#19 [stage-1 7/9] COPY --from=builder /bridge-build/mini-drop-gperftools-bridge /usr/local/bin/
#19 DONE 0.0s

#20 [stage-1 8/9] COPY native/agent/io_latency.bt /opt/mini-drop/io_latency.bt
#20 DONE 0.0s

#21 [stage-1 9/9] COPY native/agent/bpftrace_compat.h /opt/mini-drop/bpftrace_compat.h
#21 DONE 0.0s

#22 exporting to image
#22 exporting layers
#22 exporting layers 1.8s done
#22 writing image sha256:7c1ff4c5f77b4f046438961fa0dd09cb14470df565969792cd37120930641050 done
#22 naming to docker.io/mini-drop-clean-827898774ab88a89/native-agent:exact-git done
#22 DONE 1.8s

#23 resolving provenance for metadata file
#23 DONE 0.0s

 native-agent  Built
