2026-10-01T18:29:46.5066090Z Current runner version: '2.337.0'
2026-10-01T18:29:46.5092807Z ##[group]Runner Image Provisioner
2026-10-01T18:29:46.5093803Z Hosted Compute Agent
2026-10-01T18:29:46.5094415Z Version: 20260901.588
2026-10-01T18:29:46.5095193Z Commit: f88ec8081b781fac6c440065ac7ff9e710ce3d0b
2026-10-01T18:29:46.5096234Z Build Date: 2026-09-01T19:56:44Z
2026-10-01T18:29:46.5097009Z Worker ID: {d78c08ef-b4ff-4342-bf1a-1ceb79fbee1d}
2026-10-01T18:29:46.5097804Z Azure Region: westcentralus
2026-10-01T18:29:46.5098431Z ##[endgroup]
2026-10-01T18:29:46.5100033Z ##[group]Operating System
2026-10-01T18:29:46.5100724Z Ubuntu
2026-10-01T18:29:46.5101260Z 22.04.5
2026-10-01T18:29:46.5101976Z LTS
2026-10-01T18:29:46.5102948Z ##[endgroup]
2026-10-01T18:29:46.5103658Z ##[group]Runner Image
2026-10-01T18:29:46.5104386Z Image: ubuntu-22.04
2026-10-01T18:29:46.5104971Z Version: 20260927.309.1
2026-10-01T18:29:46.5106811Z Included Software: https://github.com/actions/runner-images/blob/ubuntu22/20260927.309/images/ubuntu/Ubuntu2204-Readme.md
2026-10-01T18:29:46.5108542Z Image Release: https://github.com/actions/runner-images/releases/tag/ubuntu22%2F20260927.309
2026-10-01T18:29:46.5109547Z ##[endgroup]
2026-10-01T18:29:46.5110874Z ##[group]GITHUB_TOKEN Permissions
2026-10-01T18:29:46.5112915Z Contents: read
2026-10-01T18:29:46.5113568Z Metadata: read
2026-10-01T18:29:46.5114295Z Packages: read
2026-10-01T18:29:46.5114907Z ##[endgroup]
2026-10-01T18:29:46.5117638Z Secret source: Actions
2026-10-01T18:29:46.5119300Z Cache mode: write
2026-10-01T18:29:46.5120536Z Prepare workflow directory
2026-10-01T18:29:46.5581506Z Prepare all required actions
2026-10-01T18:29:46.5629370Z Getting action download info
2026-10-01T18:29:46.9222930Z Download action repository 'actions/checkout@v4' (SHA:11d5960a326750d5838078e36cf38b85af677262)
2026-10-01T18:29:47.0308474Z Download action repository 'actions/setup-node@v4' (SHA:49933ea5288caeca8642d1e84afbd3f7d6820020)
2026-10-01T18:29:47.2292309Z Complete job name: Web (React)
2026-10-01T18:29:47.3138554Z ##[group]Run actions/checkout@v4
2026-10-01T18:29:47.3139479Z with:
2026-10-01T18:29:47.3139972Z   repository: llongwang751-arch/mini-drop
2026-10-01T18:29:47.3143980Z   token: ***
2026-10-01T18:29:47.3144427Z   ssh-strict: true
2026-10-01T18:29:47.3144876Z   ssh-user: git
2026-10-01T18:29:47.3145328Z   persist-credentials: true
2026-10-01T18:29:47.3146052Z   clean: true
2026-10-01T18:29:47.3146502Z   sparse-checkout-cone-mode: true
2026-10-01T18:29:47.3147025Z   fetch-depth: 1
2026-10-01T18:29:47.3147467Z   fetch-tags: false
2026-10-01T18:29:47.3147915Z   show-progress: true
2026-10-01T18:29:47.3148369Z   lfs: false
2026-10-01T18:29:47.3148796Z   submodules: false
2026-10-01T18:29:47.3149257Z   set-safe-directory: true
2026-10-01T18:29:47.3149775Z   allow-unsafe-pr-checkout: false
2026-10-01T18:29:47.3150560Z ##[endgroup]
2026-10-01T18:29:47.4282258Z Syncing repository: llongwang751-arch/mini-drop
2026-10-01T18:29:47.4285168Z ##[group]Getting Git version info
2026-10-01T18:29:47.4286839Z Working directory is '/home/runner/work/mini-drop/mini-drop'
2026-10-01T18:29:47.4288666Z [command]/usr/bin/git version
2026-10-01T18:29:47.4352283Z git version 2.55.0
2026-10-01T18:29:47.4376072Z ##[endgroup]
2026-10-01T18:29:47.4392014Z Temporarily overriding HOME='/home/runner/work/_temp/9e1017bc-44ac-4688-bd5c-27199a0c6589' before making global git config changes
2026-10-01T18:29:47.4394418Z Adding repository directory to the temporary git global config as a safe directory
2026-10-01T18:29:47.4398138Z [command]/usr/bin/git config --global --add safe.directory /home/runner/work/mini-drop/mini-drop
2026-10-01T18:29:47.4483413Z Deleting the contents of '/home/runner/work/mini-drop/mini-drop'
2026-10-01T18:29:47.4497519Z ##[group]Initializing the repository
2026-10-01T18:29:47.4510514Z [command]/usr/bin/git init /home/runner/work/mini-drop/mini-drop
2026-10-01T18:29:47.4644185Z hint: Using 'master' as the name for the initial branch. This default branch name
2026-10-01T18:29:47.4646836Z hint: will change to "main" in Git 3.0. To configure the initial branch name
2026-10-01T18:29:47.4649488Z hint: to use in all of your new repositories, which will suppress this warning,
2026-10-01T18:29:47.4651562Z hint: call:
2026-10-01T18:29:47.4652979Z hint:
2026-10-01T18:29:47.4654079Z hint: 	git config --global init.defaultBranch <name>
2026-10-01T18:29:47.4655306Z hint:
2026-10-01T18:29:47.4656798Z hint: Names commonly chosen instead of 'master' are 'main', 'trunk' and
2026-10-01T18:29:47.4658676Z hint: 'development'. The just-created branch can be renamed via this command:
2026-10-01T18:29:47.4660167Z hint:
2026-10-01T18:29:47.4661049Z hint: 	git branch -m <name>
2026-10-01T18:29:47.4662009Z hint:
2026-10-01T18:29:47.4663258Z hint: Disable this message with "git config set advice.defaultBranchName false"
2026-10-01T18:29:47.4665397Z Initialized empty Git repository in /home/runner/work/mini-drop/mini-drop/.git/
2026-10-01T18:29:47.4668761Z [command]/usr/bin/git remote add origin https://github.com/llongwang751-arch/mini-drop
2026-10-01T18:29:47.4712405Z ##[endgroup]
2026-10-01T18:29:47.4713758Z ##[group]Disabling automatic garbage collection
2026-10-01T18:29:47.4746993Z [command]/usr/bin/git config --local gc.auto 0
2026-10-01T18:29:47.4779368Z ##[endgroup]
2026-10-01T18:29:47.4784166Z ##[group]Setting up auth
2026-10-01T18:29:47.4785956Z [command]/usr/bin/git config --local --name-only --get-regexp core\.sshCommand
2026-10-01T18:29:47.4812901Z [command]/usr/bin/git submodule foreach --recursive sh -c "git config --local --name-only --get-regexp 'core\.sshCommand' && git config --local --unset-all 'core.sshCommand' || :"
2026-10-01T18:29:47.5233757Z [command]/usr/bin/git config --local --name-only --get-regexp http\.https\:\/\/github\.com\/\.extraheader
2026-10-01T18:29:47.5284475Z [command]/usr/bin/git submodule foreach --recursive sh -c "git config --local --name-only --get-regexp 'http\.https\:\/\/github\.com\/\.extraheader' && git config --local --unset-all 'http.https://github.com/.extraheader' || :"
2026-10-01T18:29:47.5585334Z [command]/usr/bin/git config --local --name-only --get-regexp ^includeIf\.gitdir:
2026-10-01T18:29:47.5633767Z [command]/usr/bin/git submodule foreach --recursive git config --local --show-origin --name-only --get-regexp remote.origin.url
2026-10-01T18:29:47.5941648Z [command]/usr/bin/git config --local http.https://github.com/.extraheader AUTHORIZATION: basic ***
2026-10-01T18:29:47.5997584Z ##[endgroup]
2026-10-01T18:29:47.5999293Z ##[group]Fetching the repository
2026-10-01T18:29:47.6009640Z [command]/usr/bin/git -c protocol.version=2 fetch --no-tags --prune --no-recurse-submodules --depth=1 origin +06226c703a14dba5999bcc3115633a8be95b2c25:refs/remotes/pull/1/merge
2026-10-01T18:29:55.0853056Z From https://github.com/llongwang751-arch/mini-drop
2026-10-01T18:29:55.0864996Z  * [new ref]         06226c703a14dba5999bcc3115633a8be95b2c25 -> pull/1/merge
2026-10-01T18:29:55.0868135Z ##[endgroup]
2026-10-01T18:29:55.0868960Z ##[group]Determining the checkout info
2026-10-01T18:29:55.0869915Z ##[endgroup]
2026-10-01T18:29:55.0870457Z [command]/usr/bin/git sparse-checkout disable
2026-10-01T18:29:55.0928195Z [command]/usr/bin/git config --local --unset-all extensions.worktreeConfig
2026-10-01T18:29:55.1009500Z ##[group]Checking out the ref
2026-10-01T18:29:55.1014012Z [command]/usr/bin/git checkout --progress --force refs/remotes/pull/1/merge
2026-10-01T18:29:56.1101059Z Updating files:  83% (2595/3098)
2026-10-01T18:29:56.1122910Z Updating files:  84% (2603/3098)
2026-10-01T18:29:56.1148919Z Updating files:  85% (2634/3098)
2026-10-01T18:29:56.1169032Z Updating files:  86% (2665/3098)
2026-10-01T18:29:56.1197458Z Updating files:  87% (2696/3098)
2026-10-01T18:29:56.1237331Z Updating files:  88% (2727/3098)
2026-10-01T18:29:56.1256835Z Updating files:  89% (2758/3098)
2026-10-01T18:29:56.1276023Z Updating files:  90% (2789/3098)
2026-10-01T18:29:56.1297706Z Updating files:  91% (2820/3098)
2026-10-01T18:29:56.1318621Z Updating files:  92% (2851/3098)
2026-10-01T18:29:56.1337392Z Updating files:  93% (2882/3098)
2026-10-01T18:29:56.1402005Z Updating files:  94% (2913/3098)
2026-10-01T18:29:56.1491675Z Updating files:  95% (2944/3098)
2026-10-01T18:29:56.1508825Z Updating files:  96% (2975/3098)
2026-10-01T18:29:56.1531636Z Updating files:  97% (3006/3098)
2026-10-01T18:29:56.1553829Z Updating files:  98% (3037/3098)
2026-10-01T18:29:56.1568635Z Updating files:  99% (3068/3098)
2026-10-01T18:29:56.1569339Z Updating files: 100% (3098/3098)
2026-10-01T18:29:56.1569913Z Updating files: 100% (3098/3098), done.
2026-10-01T18:29:56.1611042Z Note: switching to 'refs/remotes/pull/1/merge'.
2026-10-01T18:29:56.1611744Z 
2026-10-01T18:29:56.1612215Z You are in 'detached HEAD' state. You can look around, make experimental
2026-10-01T18:29:56.1612900Z changes and commit them, and you can discard any commits you make in this
2026-10-01T18:29:56.1613517Z state without impacting any branches by switching back to a branch.
2026-10-01T18:29:56.1613915Z 
2026-10-01T18:29:56.1614225Z If you want to create a new branch to retain commits you create, you may
2026-10-01T18:29:56.1614838Z do so (now or later) by using -c with the switch command. Example:
2026-10-01T18:29:56.1615176Z 
2026-10-01T18:29:56.1615336Z   git switch -c <new-branch-name>
2026-10-01T18:29:56.1615950Z 
2026-10-01T18:29:56.1616122Z Or undo this operation with:
2026-10-01T18:29:56.1616352Z 
2026-10-01T18:29:56.1616493Z   git switch -
2026-10-01T18:29:56.1616668Z 
2026-10-01T18:29:56.1616960Z Turn off this advice by setting config variable advice.detachedHead to false
2026-10-01T18:29:56.1617354Z 
2026-10-01T18:29:56.1617796Z HEAD is now at 06226c7 Merge 35f21b82997349b2f8e8010ae834e27a25fafc8f into 609ea8a73f845b496b59b5cae181f515c5919850
2026-10-01T18:29:56.1715779Z ##[endgroup]
2026-10-01T18:29:56.1777244Z [command]/usr/bin/git log -1 --format=%H
2026-10-01T18:29:56.1810563Z 06226c703a14dba5999bcc3115633a8be95b2c25
2026-10-01T18:29:56.2200355Z ##[group]Run actions/setup-node@v4
2026-10-01T18:29:56.2200857Z with:
2026-10-01T18:29:56.2201158Z   node-version: 22
2026-10-01T18:29:56.2201459Z   cache: npm
2026-10-01T18:29:56.2201841Z   cache-dependency-path: web/package-lock.json
2026-10-01T18:29:56.2202250Z   always-auth: false
2026-10-01T18:29:56.2202586Z   check-latest: false
2026-10-01T18:29:56.2206169Z   token: ***
2026-10-01T18:29:56.2206482Z ##[endgroup]
2026-10-01T18:29:56.3842254Z Found in cache @ /opt/hostedtoolcache/node/22.23.3/x64
2026-10-01T18:29:56.3846154Z (node:2127) [DEP0040] DeprecationWarning: The `punycode` module is deprecated. Please use a userland alternative instead.
2026-10-01T18:29:56.3847065Z (Use `node --trace-deprecation ...` to show where the warning was created)
2026-10-01T18:29:56.3849942Z ##[group]Environment details
2026-10-01T18:29:56.7720441Z node: v22.23.3
2026-10-01T18:29:56.7721095Z npm: 10.9.9
2026-10-01T18:29:56.7748680Z yarn: 1.22.22
2026-10-01T18:29:56.7750080Z ##[endgroup]
2026-10-01T18:29:56.7750896Z [command]/opt/hostedtoolcache/node/22.23.3/x64/bin/npm config get cache
2026-10-01T18:29:56.8934854Z /home/runner/.npm
2026-10-01T18:29:57.1085818Z Cache hit for: node-cache-Linux-x64-npm-a79428a48f53c819bdf3224c6f533bf526ae1b21f28f4ee918b0bcba5121d960
2026-10-01T18:29:57.1185490Z (node:2127) [DEP0169] DeprecationWarning: `url.parse()` behavior is not standardized and prone to errors that have security implications. Use the WHATWG URL API instead. CVEs are not issued for `url.parse()` vulnerabilities.
2026-10-01T18:29:58.3274551Z Received 47818462 of 52012766 (91.9%), 45.6 MBs/sec
2026-10-01T18:29:58.3719540Z Received 52012766 of 52012766 (100.0%), 47.5 MBs/sec
2026-10-01T18:29:58.3720706Z Cache Size: ~50 MB (52012766 B)
2026-10-01T18:29:58.3800786Z [command]/usr/bin/tar -xf /home/runner/work/_temp/da0eb222-0a05-4e22-8661-360cbec13f14/cache.tzst -P -C /home/runner/work/mini-drop/mini-drop --use-compress-program unzstd
2026-10-01T18:29:58.5667657Z Cache restored successfully
2026-10-01T18:29:58.5801527Z Cache restored from key: node-cache-Linux-x64-npm-a79428a48f53c819bdf3224c6f533bf526ae1b21f28f4ee918b0bcba5121d960
2026-10-01T18:29:58.6034308Z ##[group]Run npm ci
2026-10-01T18:29:58.6034937Z [36;1mnpm ci[0m
2026-10-01T18:29:58.6379418Z shell: /usr/bin/bash -e {0}
2026-10-01T18:29:58.6379774Z ##[endgroup]
2026-10-01T18:30:05.7452421Z 
2026-10-01T18:30:05.7462423Z added 346 packages, and audited 347 packages in 7s
2026-10-01T18:30:05.7463225Z 
2026-10-01T18:30:05.7463939Z 118 packages are looking for funding
2026-10-01T18:30:05.7464715Z   run `npm fund` for details
2026-10-01T18:30:05.7673958Z 
2026-10-01T18:30:05.7674908Z 2 vulnerabilities (1 low, 1 high)
2026-10-01T18:30:05.7675801Z 
2026-10-01T18:30:05.7676226Z To address all issues, run:
2026-10-01T18:30:05.7676760Z   npm audit fix
2026-10-01T18:30:05.7677022Z 
2026-10-01T18:30:05.7677296Z Run `npm audit` for details.
2026-10-01T18:30:05.8421491Z ##[group]Run npx vitest run
2026-10-01T18:30:05.8421816Z [36;1mnpx vitest run[0m
2026-10-01T18:30:05.8504627Z shell: /usr/bin/bash -e {0}
2026-10-01T18:30:05.8504919Z ##[endgroup]
2026-10-01T18:30:06.5336470Z 
2026-10-01T18:30:06.5367989Z [1m[30m[46m RUN [49m[39m[22m [36mv4.1.11 [39m[90m/home/runner/work/mini-drop/mini-drop/web[39m
2026-10-01T18:30:06.5386521Z 
2026-10-01T18:30:14.1197950Z Not implemented: Window's getComputedStyle() method: with pseudo-elements
2026-10-01T18:30:15.1711992Z Not implemented: Window's getComputedStyle() method: with pseudo-elements
2026-10-01T18:30:15.6178289Z Not implemented: Window's getComputedStyle() method: with pseudo-elements
2026-10-01T18:30:15.6692779Z [90mstderr[2m | src/components/ActualExplorationTree.test.jsx[2m > [22m[2mActualExplorationTree[2m > [22m[2mshows Skill retrieval, full-body loading and cross-round reuse inside the dynamic tree
2026-10-01T18:30:15.6706724Z [22m[39mWarning: [antd: Descriptions] Sum of column `span` in a line not match `column` of Descriptions.
2026-10-01T18:30:15.6736838Z Warning: [antd: Descriptions] Sum of column `span` in a line not match `column` of Descriptions.
2026-10-01T18:30:15.6737550Z 
2026-10-01T18:30:15.9110664Z  [32m✓[39m src/components/FaultPlazaPanel.test.jsx [2m([22m[2m11 tests[22m[2m)[22m[33m 3848[2mms[22m[39m
2026-10-01T18:30:15.9113054Z      [33m[2m✓[22m[39m prefers current engineering localization over a frozen strict failure [33m 961[2mms[22m[39m
2026-10-01T18:30:15.9119557Z      [33m[2m✓[22m[39m shows fresh acceptance gates and opens evidence without injecting a fault [33m 431[2mms[22m[39m
2026-10-01T18:30:15.9144063Z      [33m[2m✓[22m[39m starts an allowlisted real fault and forwards its diagnosis request [33m 376[2mms[22m[39m
2026-10-01T18:30:15.9177247Z      [33m[2m✓[22m[39m shows one recommended scenario per runtime with counts and non-Python runtimes first [33m 380[2mms[22m[39m
2026-10-01T18:30:15.9242481Z      [33m[2m✓[22m[39m filters by runtime while keeping an active scenario visible for safe stopping [33m 375[2mms[22m[39m
2026-10-01T18:30:16.0916149Z  [32m✓[39m src/components/ActualExplorationTree.test.jsx [2m([22m[2m13 tests[22m[2m)[22m[33m 4400[2mms[22m[39m
2026-10-01T18:30:16.0927691Z      [33m[2m✓[22m[39m uses stable tool IDs and distinguishes failed probes from counter-evidence [33m 1109[2mms[22m[39m
2026-10-01T18:30:16.0929983Z      [33m[2m✓[22m[39m shows the route actually explored, including pruning and direction changes [33m 330[2mms[22m[39m
2026-10-01T18:30:16.0932179Z      [33m[2m✓[22m[39m renders server-provided LATS phase, best path and node scores without flattening the tree [33m 573[2mms[22m[39m
2026-10-01T18:30:16.0934327Z      [33m[2m✓[22m[39m merges legacy paraphrase nodes but preserves descendants and score history [33m 334[2mms[22m[39m
2026-10-01T18:30:16.0936884Z      [33m[2m✓[22m[39m shows Skill retrieval, full-body loading and cross-round reuse inside the dynamic tree [33m 465[2mms[22m[39m
2026-10-01T18:30:18.9042124Z Not implemented: Window's getComputedStyle() method: with pseudo-elements
2026-10-01T18:30:21.5946567Z  [32m✓[39m src/components/ObservabilityOverview.test.jsx [2m([22m[2m16 tests[22m[2m)[22m[33m 1115[2mms[22m[39m
2026-10-01T18:30:21.5949919Z      [33m[2m✓[22m[39m keeps the default view concise and exposes provenance on demand [33m 591[2mms[22m[39m
2026-10-01T18:30:22.2708124Z Not implemented: Window's getComputedStyle() method: with pseudo-elements
2026-10-01T18:30:22.2767424Z Not implemented: Window's getComputedStyle() method: with pseudo-elements
2026-10-01T18:30:22.5831360Z Not implemented: Window's getComputedStyle() method: with pseudo-elements
2026-10-01T18:30:22.8310246Z Not implemented: Window's getComputedStyle() method: with pseudo-elements
2026-10-01T18:30:22.9466324Z [90mstderr[2m | src/pages/AIDiagnosis.test.jsx[2m > [22m[2mAIDiagnosis V2 workspace[2m > [22m[2mdoes not submit while confirming a Chinese IME composition
2026-10-01T18:30:22.9469079Z [22m[39mWarning: An update to AIDiagnosis inside a test was not wrapped in act(...).
2026-10-01T18:30:22.9474279Z 
2026-10-01T18:30:22.9475286Z When testing, code that causes React state updates should be wrapped into act(...):
2026-10-01T18:30:22.9476565Z 
2026-10-01T18:30:22.9485158Z act(() => {
2026-10-01T18:30:22.9486222Z   /* fire events that update state */
2026-10-01T18:30:22.9493093Z });
2026-10-01T18:30:22.9493720Z /* assert on the output */
2026-10-01T18:30:22.9494190Z 
2026-10-01T18:30:22.9495461Z This ensures that you're testing the behavior the user would see in the browser. Learn more at https://reactjs.org/link/wrap-tests-with-act
2026-10-01T18:30:22.9506567Z     at AIDiagnosis (/home/runner/work/mini-drop/mini-drop/web/src/pages/AIDiagnosis.jsx:196:68)
2026-10-01T18:30:22.9539617Z Warning: An update to AIDiagnosis inside a test was not wrapped in act(...).
2026-10-01T18:30:22.9540536Z 
2026-10-01T18:30:22.9541413Z When testing, code that causes React state updates should be wrapped into act(...):
2026-10-01T18:30:22.9542311Z 
2026-10-01T18:30:22.9542678Z act(() => {
2026-10-01T18:30:22.9543407Z   /* fire events that update state */
2026-10-01T18:30:22.9544139Z });
2026-10-01T18:30:22.9544845Z /* assert on the output */
2026-10-01T18:30:22.9545398Z 
2026-10-01T18:30:22.9546991Z This ensures that you're testing the behavior the user would see in the browser. Learn more at https://reactjs.org/link/wrap-tests-with-act
2026-10-01T18:30:22.9548902Z     at AIDiagnosis (/home/runner/work/mini-drop/mini-drop/web/src/pages/AIDiagnosis.jsx:196:68)
2026-10-01T18:30:22.9550450Z Warning: An update to AIDiagnosis inside a test was not wrapped in act(...).
2026-10-01T18:30:22.9551281Z 
2026-10-01T18:30:22.9552163Z When testing, code that causes React state updates should be wrapped into act(...):
2026-10-01T18:30:22.9553043Z 
2026-10-01T18:30:22.9553416Z act(() => {
2026-10-01T18:30:22.9554150Z   /* fire events that update state */
2026-10-01T18:30:22.9554924Z });
2026-10-01T18:30:22.9555876Z /* assert on the output */
2026-10-01T18:30:22.9556438Z 
2026-10-01T18:30:22.9557819Z This ensures that you're testing the behavior the user would see in the browser. Learn more at https://reactjs.org/link/wrap-tests-with-act
2026-10-01T18:30:22.9566827Z     at AIDiagnosis (/home/runner/work/mini-drop/mini-drop/web/src/pages/AIDiagnosis.jsx:196:68)
2026-10-01T18:30:22.9580889Z Warning: An update to AIDiagnosis inside a test was not wrapped in act(...).
2026-10-01T18:30:22.9595323Z 
2026-10-01T18:30:22.9606811Z When testing, code that causes React state updates should be wrapped into act(...):
2026-10-01T18:30:22.9607796Z 
2026-10-01T18:30:22.9608288Z act(() => {
2026-10-01T18:30:22.9609028Z   /* fire events that update state */
2026-10-01T18:30:22.9609834Z });
2026-10-01T18:30:22.9610533Z /* assert on the output */
2026-10-01T18:30:22.9611111Z 
2026-10-01T18:30:22.9612938Z This ensures that you're testing the behavior the user would see in the browser. Learn more at https://reactjs.org/link/wrap-tests-with-act
2026-10-01T18:30:22.9637132Z     at AIDiagnosis (/home/runner/work/mini-drop/mini-drop/web/src/pages/AIDiagnosis.jsx:196:68)
2026-10-01T18:30:22.9638435Z Warning: An update to ForwardRef inside a test was not wrapped in act(...).
2026-10-01T18:30:22.9638996Z 
2026-10-01T18:30:22.9640204Z When testing, code that causes React state updates should be wrapped into act(...):
2026-10-01T18:30:22.9640580Z 
2026-10-01T18:30:22.9640680Z act(() => {
2026-10-01T18:30:22.9640941Z   /* fire events that update state */
2026-10-01T18:30:22.9641215Z });
2026-10-01T18:30:22.9641438Z /* assert on the output */
2026-10-01T18:30:22.9641597Z 
2026-10-01T18:30:22.9642219Z This ensures that you're testing the behavior the user would see in the browser. Learn more at https://reactjs.org/link/wrap-tests-with-act
2026-10-01T18:30:22.9643100Z     at /home/runner/work/mini-drop/mini-drop/web/node_modules/antd/lib/message/useMessage.js:52:5
2026-10-01T18:30:22.9643572Z     at div
2026-10-01T18:30:22.9644219Z     at AIDiagnosis (/home/runner/work/mini-drop/mini-drop/web/src/pages/AIDiagnosis.jsx:196:68)
2026-10-01T18:30:22.9644663Z 
2026-10-01T18:30:23.0718854Z Not implemented: Window's getComputedStyle() method: with pseudo-elements
2026-10-01T18:30:23.3707457Z Not implemented: Window's getComputedStyle() method: with pseudo-elements
2026-10-01T18:30:23.3708918Z Not implemented: Window's getComputedStyle() method: with pseudo-elements
2026-10-01T18:30:23.3815271Z Not implemented: Window's getComputedStyle() method: with pseudo-elements
2026-10-01T18:30:23.4078074Z [90mstderr[2m | src/components/AgentCockpit.test.jsx[2m > [22m[2mAgentCockpit[2m > [22m[2mopens 查看规划假设 in an inspectable modal
2026-10-01T18:30:23.4107551Z [22m[39mWarning: [antd: Table] `index` parameter of `rowKey` function is deprecated. There is no guarantee that it will work as expected.
2026-10-01T18:30:23.4137123Z Warning: [antd: Table] `index` parameter of `rowKey` function is deprecated. There is no guarantee that it will work as expected.
2026-10-01T18:30:23.4166060Z 
2026-10-01T18:30:23.5768548Z Not implemented: Window's getComputedStyle() method: with pseudo-elements
2026-10-01T18:30:23.5847392Z Not implemented: Window's getComputedStyle() method: with pseudo-elements
2026-10-01T18:30:23.6112803Z [90mstderr[2m | src/components/AgentCockpit.test.jsx[2m > [22m[2mAgentCockpit[2m > [22m[2mopens 查看工具调用 in an inspectable modal
2026-10-01T18:30:23.6115932Z [22m[39mWarning: [antd: Table] `index` parameter of `rowKey` function is deprecated. There is no guarantee that it will work as expected.
2026-10-01T18:30:23.6118174Z Warning: [antd: Table] `index` parameter of `rowKey` function is deprecated. There is no guarantee that it will work as expected.
2026-10-01T18:30:23.6141440Z 
2026-10-01T18:30:23.8265886Z Not implemented: Window's getComputedStyle() method: with pseudo-elements
2026-10-01T18:30:23.8318304Z Not implemented: Window's getComputedStyle() method: with pseudo-elements
2026-10-01T18:30:23.8628283Z [90mstderr[2m | src/components/AgentCockpit.test.jsx[2m > [22m[2mAgentCockpit[2m > [22m[2mopens 查看证据 in an inspectable modal
2026-10-01T18:30:23.8630581Z [22m[39mWarning: [antd: Table] `index` parameter of `rowKey` function is deprecated. There is no guarantee that it will work as expected.
2026-10-01T18:30:23.8631930Z Warning: [antd: Table] `index` parameter of `rowKey` function is deprecated. There is no guarantee that it will work as expected.
2026-10-01T18:30:23.8632438Z 
2026-10-01T18:30:24.0237458Z Not implemented: Window's getComputedStyle() method: with pseudo-elements
2026-10-01T18:30:24.3227851Z Not implemented: Window's getComputedStyle() method: with pseudo-elements
2026-10-01T18:30:24.3297493Z Not implemented: Window's getComputedStyle() method: with pseudo-elements
2026-10-01T18:30:24.3628217Z [90mstderr[2m | src/components/AgentCockpit.test.jsx[2m > [22m[2mAgentCockpit[2m > [22m[2mrenders evidence roles and gate states as Chinese labels
2026-10-01T18:30:24.3631346Z [22m[39mWarning: [antd: Table] `index` parameter of `rowKey` function is deprecated. There is no guarantee that it will work as expected.
2026-10-01T18:30:24.3667186Z Warning: [antd: Table] `index` parameter of `rowKey` function is deprecated. There is no guarantee that it will work as expected.
2026-10-01T18:30:24.3696172Z 
2026-10-01T18:30:24.7917214Z Not implemented: Window's getComputedStyle() method: with pseudo-elements
2026-10-01T18:30:24.9984391Z Not implemented: Window's getComputedStyle() method: with pseudo-elements
2026-10-01T18:30:25.1899725Z Not implemented: Window's getComputedStyle() method: with pseudo-elements
2026-10-01T18:30:25.2273580Z  [32m✓[39m src/components/AgentCockpit.test.jsx [2m([22m[2m13 tests[22m[2m)[22m[33m 4090[2mms[22m[39m
2026-10-01T18:30:25.2276795Z      [33m[2m✓[22m[39m shows eight real metric buttons, including LATS, and the persisted runtime identity [33m 826[2mms[22m[39m
2026-10-01T18:30:25.2290529Z      [33m[2m✓[22m[39m shows live LATS phase, selection, best path, budget and termination without claiming rollback [33m 442[2mms[22m[39m
2026-10-01T18:30:25.2292884Z      [33m[2m✓[22m[39m separates session context and Skill route memory from factual Evidence [33m 320[2mms[22m[39m
2026-10-01T18:30:25.2295054Z      [33m[2m✓[22m[39m shows derived evaluation rates and keeps Skill publication human-controlled [33m 516[2mms[22m[39m
2026-10-01T18:30:25.4439734Z Not implemented: Window's getComputedStyle() method: with pseudo-elements
2026-10-01T18:30:26.4358373Z Not implemented: Window's getComputedStyle() method: with pseudo-elements
2026-10-01T18:30:28.8793554Z [90mstderr[2m | src/components/ScopeCard.test.jsx[2m > [22m[2mScopeCard secure target discovery[2m > [22m[2mrequires an explicit closed selection when multiple candidates are eligible
2026-10-01T18:30:28.8797458Z [22m[39mWarning: An update to InternalFormItem inside a test was not wrapped in act(...).
2026-10-01T18:30:28.8798578Z 
2026-10-01T18:30:28.8799611Z When testing, code that causes React state updates should be wrapped into act(...):
2026-10-01T18:30:28.8800485Z 
2026-10-01T18:30:28.8800846Z act(() => {
2026-10-01T18:30:28.8801489Z   /* fire events that update state */
2026-10-01T18:30:28.8802250Z });
2026-10-01T18:30:28.8802893Z /* assert on the output */
2026-10-01T18:30:28.8803394Z 
2026-10-01T18:30:28.8804691Z This ensures that you're testing the behavior the user would see in the browser. Learn more at https://reactjs.org/link/wrap-tests-with-act
2026-10-01T18:30:28.8807003Z     at InternalFormItem (/home/runner/work/mini-drop/mini-drop/web/node_modules/antd/lib/form/FormItem/index.js:58:5)
2026-10-01T18:30:28.8808257Z     at div
2026-10-01T18:30:28.8809207Z     at /home/runner/work/mini-drop/mini-drop/web/node_modules/antd/lib/grid/col.js:40:13
2026-10-01T18:30:28.8810239Z     at div
2026-10-01T18:30:28.8811214Z     at /home/runner/work/mini-drop/mini-drop/web/node_modules/antd/lib/grid/row.js:57:18
2026-10-01T18:30:28.8812172Z     at form
2026-10-01T18:30:28.8813233Z     at Form (/home/runner/work/mini-drop/mini-drop/web/node_modules/rc-field-form/lib/Form.js:21:19)
2026-10-01T18:30:28.8814891Z     at NoFormStyle (/home/runner/work/mini-drop/mini-drop/web/node_modules/antd/lib/form/context.js:32:3)
2026-10-01T18:30:28.8816872Z     at FormProvider (/home/runner/work/mini-drop/mini-drop/web/node_modules/rc-field-form/lib/FormContext.js:19:31)
2026-10-01T18:30:28.8818166Z     at FormProvider
2026-10-01T18:30:28.8819554Z     at DisabledContextProvider (/home/runner/work/mini-drop/mini-drop/web/node_modules/antd/lib/config-provider/DisabledContext.js:12:3)
2026-10-01T18:30:28.8821469Z     at InternalForm (/home/runner/work/mini-drop/mini-drop/web/node_modules/antd/lib/form/Form.js:50:33)
2026-10-01T18:30:28.8822567Z     at div
2026-10-01T18:30:28.8823592Z     at Item (/home/runner/work/mini-drop/mini-drop/web/node_modules/antd/lib/space/Item.js:12:3)
2026-10-01T18:30:28.8824675Z     at div
2026-10-01T18:30:28.8825988Z     at /home/runner/work/mini-drop/mini-drop/web/node_modules/antd/lib/space/index.js:44:39
2026-10-01T18:30:28.8827075Z     at div
2026-10-01T18:30:28.8827674Z     at div
2026-10-01T18:30:28.8828625Z     at /home/runner/work/mini-drop/mini-drop/web/node_modules/antd/lib/card/Card.js:53:18
2026-10-01T18:30:28.8830061Z     at ScopeCard (/home/runner/work/mini-drop/mini-drop/web/src/components/ScopeCard.jsx:56:22)
2026-10-01T18:30:28.8832089Z Warning: An update to Field inside a test was not wrapped in act(...).
2026-10-01T18:30:28.8832835Z 
2026-10-01T18:30:28.8833630Z When testing, code that causes React state updates should be wrapped into act(...):
2026-10-01T18:30:28.8834498Z 
2026-10-01T18:30:28.8834874Z act(() => {
2026-10-01T18:30:28.8835751Z   /* fire events that update state */
2026-10-01T18:30:28.8847672Z });
2026-10-01T18:30:28.8848309Z /* assert on the output */
2026-10-01T18:30:28.8848835Z 
2026-10-01T18:30:28.8849991Z This ensures that you're testing the behavior the user would see in the browser. Learn more at https://reactjs.org/link/wrap-tests-with-act
2026-10-01T18:30:28.8852054Z     at Field (/home/runner/work/mini-drop/mini-drop/web/node_modules/rc-field-form/lib/Field.js:49:34)
2026-10-01T18:30:28.8853674Z     at WrapperField (/home/runner/work/mini-drop/mini-drop/web/node_modules/rc-field-form/lib/Field.js:598:20)
2026-10-01T18:30:28.8855411Z     at InternalFormItem (/home/runner/work/mini-drop/mini-drop/web/node_modules/antd/lib/form/FormItem/index.js:58:5)
2026-10-01T18:30:28.8856876Z     at div
2026-10-01T18:30:28.8857774Z     at /home/runner/work/mini-drop/mini-drop/web/node_modules/antd/lib/grid/col.js:40:13
2026-10-01T18:30:28.8858737Z     at div
2026-10-01T18:30:28.8859818Z     at /home/runner/work/mini-drop/mini-drop/web/node_modules/antd/lib/grid/row.js:57:18
2026-10-01T18:30:28.8860956Z     at form
2026-10-01T18:30:28.8861941Z     at Form (/home/runner/work/mini-drop/mini-drop/web/node_modules/rc-field-form/lib/Form.js:21:19)
2026-10-01T18:30:28.8863507Z     at NoFormStyle (/home/runner/work/mini-drop/mini-drop/web/node_modules/antd/lib/form/context.js:32:3)
2026-10-01T18:30:28.8865226Z     at FormProvider (/home/runner/work/mini-drop/mini-drop/web/node_modules/rc-field-form/lib/FormContext.js:19:31)
2026-10-01T18:30:28.8866746Z     at FormProvider
2026-10-01T18:30:28.8868179Z     at DisabledContextProvider (/home/runner/work/mini-drop/mini-drop/web/node_modules/antd/lib/config-provider/DisabledContext.js:12:3)
2026-10-01T18:30:28.8870109Z     at InternalForm (/home/runner/work/mini-drop/mini-drop/web/node_modules/antd/lib/form/Form.js:50:33)
2026-10-01T18:30:28.8871270Z     at div
2026-10-01T18:30:28.8872335Z     at Item (/home/runner/work/mini-drop/mini-drop/web/node_modules/antd/lib/space/Item.js:12:3)
2026-10-01T18:30:28.8873356Z     at div
2026-10-01T18:30:28.8874304Z     at /home/runner/work/mini-drop/mini-drop/web/node_modules/antd/lib/space/index.js:44:39
2026-10-01T18:30:28.8875344Z     at div
2026-10-01T18:30:28.8876331Z     at div
2026-10-01T18:30:28.8877289Z     at /home/runner/work/mini-drop/mini-drop/web/node_modules/antd/lib/card/Card.js:53:18
2026-10-01T18:30:28.8878723Z     at ScopeCard (/home/runner/work/mini-drop/mini-drop/web/src/components/ScopeCard.jsx:56:22)
2026-10-01T18:30:28.8879661Z 
2026-10-01T18:30:28.9104638Z Not implemented: Window's getComputedStyle() method: with pseudo-elements
2026-10-01T18:30:30.8599240Z  [32m✓[39m src/pages/AIDiagnosis.test.jsx [2m([22m[2m20 tests[22m[2m)[22m[33m 15682[2mms[22m[39m
2026-10-01T18:30:30.8607902Z      [33m[2m✓[22m[39m finishes a measured healthy check without a root report and offers fresh sampling [33m 2219[2mms[22m[39m
2026-10-01T18:30:30.8610041Z      [33m[2m✓[22m[39m keeps a deep link available for retry after a transient list failure [33m 444[2mms[22m[39m
2026-10-01T18:30:30.8612025Z      [33m[2m✓[22m[39m retains the requested case while React replays asynchronous state updates [33m 476[2mms[22m[39m
2026-10-01T18:30:30.8614293Z      [33m[2m✓[22m[39m confirms cancellation with session version and refreshes the terminal record [33m 1082[2mms[22m[39m
2026-10-01T18:30:30.8616569Z      [33m[2m✓[22m[39m hides cancellation on completed records [33m 452[2mms[22m[39m
2026-10-01T18:30:30.8618063Z      [33m[2m✓[22m[39m does not automatically generate a skill from a bounded observation [33m 319[2mms[22m[39m
2026-10-01T18:30:30.8619847Z      [33m[2m✓[22m[39m does not use an earlier verified branch to generate a skill from a later insufficient report [33m 367[2mms[22m[39m
2026-10-01T18:30:30.8622269Z      [33m[2m✓[22m[39m still generates a candidate from a completed diagnosis with an eligible latest report [33m 395[2mms[22m[39m
2026-10-01T18:30:30.8624247Z      [33m[2m✓[22m[39m preserves a same-session report on partial and core refresh failures, but clears it when switching sessions [33m 1795[2mms[22m[39m
2026-10-01T18:30:30.8626023Z      [33m[2m✓[22m[39m renders only Drop Insight V2 diagnoses [33m 1424[2mms[22m[39m
2026-10-01T18:30:30.8627723Z      [33m[2m✓[22m[39m uses a full-width primary view and only splits when the user asks [33m 1129[2mms[22m[39m
2026-10-01T18:30:30.8651178Z      [33m[2m✓[22m[39m shows a measured normal window before the tree and keeps report limits available [33m 397[2mms[22m[39m
2026-10-01T18:30:30.8652915Z      [33m[2m✓[22m[39m lets the user review and edit a tree intervention before starting a new round [33m 1286[2mms[22m[39m
2026-10-01T18:30:30.8654448Z      [33m[2m✓[22m[39m creates a diagnosis with LATS through the retained V2 API [33m 339[2mms[22m[39m
2026-10-01T18:30:30.8656221Z      [33m[2m✓[22m[39m creates a diagnosis with REACT through the retained V2 API [33m 311[2mms[22m[39m
2026-10-01T18:30:30.8657826Z      [33m[2m✓[22m[39m merges the active diagnosis replay, exploration tree and Skill decision in a modal [33m 1133[2mms[22m[39m
2026-10-01T18:30:30.8659397Z      [33m[2m✓[22m[39m continues a completed diagnosis as a real intervention round [33m 639[2mms[22m[39m
2026-10-01T18:30:30.8660905Z      [33m[2m✓[22m[39m lets the user challenge the current plan from the persistent composer [33m 756[2mms[22m[39m
2026-10-01T18:30:30.8662512Z      [33m[2m✓[22m[39m locks real collection, the ordinary planner and interventions for a frozen replay session [33m 486[2mms[22m[39m
2026-10-01T18:30:32.5864866Z  [32m✓[39m src/components/ScopeCard.test.jsx [2m([22m[2m13 tests[22m[2m)[22m[33m 6184[2mms[22m[39m
2026-10-01T18:30:32.5869032Z      [33m[2m✓[22m[39m hides raw authority clarification prompts resolved by secure discovery [33m 1291[2mms[22m[39m
2026-10-01T18:30:32.5889774Z      [33m[2m✓[22m[39m auto-selects exactly one eligible server candidate [33m 311[2mms[22m[39m
2026-10-01T18:30:32.5891708Z      [33m[2m✓[22m[39m requires an explicit closed selection when multiple candidates are eligible [33m 875[2mms[22m[39m
2026-10-01T18:30:32.5893511Z      [33m[2m✓[22m[39m shows a distinct EMPTY state and disables submission [33m 322[2mms[22m[39m
2026-10-01T18:30:32.5895232Z      [33m[2m✓[22m[39m shows a distinct TRUNCATED state and disables submission [33m 314[2mms[22m[39m
2026-10-01T18:30:32.5897218Z      [33m[2m✓[22m[39m fails closed when the selected binding disappears on refresh [33m 505[2mms[22m[39m
2026-10-01T18:30:32.5899160Z      [33m[2m✓[22m[39m submits expected version and binding authority without raw agent or PID [33m 597[2mms[22m[39m
2026-10-01T18:30:32.5901024Z      [33m[2m✓[22m[39m does not resubmit an immutable server time range [33m 623[2mms[22m[39m
2026-10-01T18:30:34.7505438Z [90mstderr[2m | src/components/ManagedServicesPanel.test.jsx[2m > [22m[2msubmits only the selected request ID and rejects an expired selection
2026-10-01T18:30:34.7507816Z [22m[39mWarning: An update to ForwardRef inside a test was not wrapped in act(...).
2026-10-01T18:30:34.7508635Z 
2026-10-01T18:30:34.7509418Z When testing, code that causes React state updates should be wrapped into act(...):
2026-10-01T18:30:34.7510226Z 
2026-10-01T18:30:34.7510556Z act(() => {
2026-10-01T18:30:34.7511194Z   /* fire events that update state */
2026-10-01T18:30:34.7511838Z });
2026-10-01T18:30:34.7512419Z /* assert on the output */
2026-10-01T18:30:34.7512929Z 
2026-10-01T18:30:34.7514190Z This ensures that you're testing the behavior the user would see in the browser. Learn more at https://reactjs.org/link/wrap-tests-with-act
2026-10-01T18:30:34.7516627Z     at /home/runner/work/mini-drop/mini-drop/web/node_modules/antd/lib/message/index.js:68:60
2026-10-01T18:30:34.7518032Z Warning: An update to ForwardRef inside a test was not wrapped in act(...).
2026-10-01T18:30:34.7518842Z 
2026-10-01T18:30:34.7519642Z When testing, code that causes React state updates should be wrapped into act(...):
2026-10-01T18:30:34.7520501Z 
2026-10-01T18:30:34.7520842Z act(() => {
2026-10-01T18:30:34.7521503Z   /* fire events that update state */
2026-10-01T18:30:34.7522199Z });
2026-10-01T18:30:34.7522766Z /* assert on the output */
2026-10-01T18:30:34.7523219Z 
2026-10-01T18:30:34.7524742Z This ensures that you're testing the behavior the user would see in the browser. Learn more at https://reactjs.org/link/wrap-tests-with-act
2026-10-01T18:30:34.7526799Z     at /home/runner/work/mini-drop/mini-drop/web/node_modules/antd/lib/message/useMessage.js:52:5
2026-10-01T18:30:34.7528321Z     at /home/runner/work/mini-drop/mini-drop/web/node_modules/antd/lib/message/index.js:41:5
2026-10-01T18:30:34.7529968Z     at MotionWrapper (/home/runner/work/mini-drop/mini-drop/web/node_modules/antd/lib/config-provider/MotionWrapper.js:17:30)
2026-10-01T18:30:34.7531842Z     at ProviderChildren (/home/runner/work/mini-drop/mini-drop/web/node_modules/antd/lib/config-provider/index.js:142:5)
2026-10-01T18:30:34.7533679Z     at ConfigProvider (/home/runner/work/mini-drop/mini-drop/web/node_modules/antd/lib/config-provider/index.js:444:25)
2026-10-01T18:30:34.7535269Z     at /home/runner/work/mini-drop/mini-drop/web/node_modules/antd/lib/message/index.js:68:60
2026-10-01T18:30:34.7536981Z Warning: An update to ForwardRef inside a test was not wrapped in act(...).
2026-10-01T18:30:34.7537736Z 
2026-10-01T18:30:34.7538529Z When testing, code that causes React state updates should be wrapped into act(...):
2026-10-01T18:30:34.7539318Z 
2026-10-01T18:30:34.7539632Z act(() => {
2026-10-01T18:30:34.7540251Z   /* fire events that update state */
2026-10-01T18:30:34.7540906Z });
2026-10-01T18:30:34.7541461Z /* assert on the output */
2026-10-01T18:30:34.7541896Z 
2026-10-01T18:30:34.7543109Z This ensures that you're testing the behavior the user would see in the browser. Learn more at https://reactjs.org/link/wrap-tests-with-act
2026-10-01T18:30:34.7544831Z     at /home/runner/work/mini-drop/mini-drop/web/node_modules/antd/lib/message/useMessage.js:52:5
2026-10-01T18:30:34.7546511Z     at /home/runner/work/mini-drop/mini-drop/web/node_modules/antd/lib/message/index.js:41:5
2026-10-01T18:30:34.7548155Z     at MotionWrapper (/home/runner/work/mini-drop/mini-drop/web/node_modules/antd/lib/config-provider/MotionWrapper.js:17:30)
2026-10-01T18:30:34.7550034Z     at ProviderChildren (/home/runner/work/mini-drop/mini-drop/web/node_modules/antd/lib/config-provider/index.js:142:5)
2026-10-01T18:30:34.7551827Z     at ConfigProvider (/home/runner/work/mini-drop/mini-drop/web/node_modules/antd/lib/config-provider/index.js:444:25)
2026-10-01T18:30:34.7553440Z     at /home/runner/work/mini-drop/mini-drop/web/node_modules/antd/lib/message/index.js:68:60
2026-10-01T18:30:34.7554861Z Warning: An update to Notifications inside a test was not wrapped in act(...).
2026-10-01T18:30:34.7555865Z 
2026-10-01T18:30:34.7556623Z When testing, code that causes React state updates should be wrapped into act(...):
2026-10-01T18:30:34.7557454Z 
2026-10-01T18:30:34.7557807Z act(() => {
2026-10-01T18:30:34.7558472Z   /* fire events that update state */
2026-10-01T18:30:34.7559199Z });
2026-10-01T18:30:34.7559802Z /* assert on the output */
2026-10-01T18:30:34.7560258Z 
2026-10-01T18:30:34.7561522Z This ensures that you're testing the behavior the user would see in the browser. Learn more at https://reactjs.org/link/wrap-tests-with-act
2026-10-01T18:30:34.7563412Z     at /home/runner/work/mini-drop/mini-drop/web/node_modules/rc-notification/lib/Notifications.js:19:32
2026-10-01T18:30:34.7564986Z     at /home/runner/work/mini-drop/mini-drop/web/node_modules/antd/lib/message/useMessage.js:52:5
2026-10-01T18:30:34.7567202Z     at /home/runner/work/mini-drop/mini-drop/web/node_modules/antd/lib/message/index.js:41:5
2026-10-01T18:30:34.7568957Z     at MotionWrapper (/home/runner/work/mini-drop/mini-drop/web/node_modules/antd/lib/config-provider/MotionWrapper.js:17:30)
2026-10-01T18:30:34.7570815Z     at ProviderChildren (/home/runner/work/mini-drop/mini-drop/web/node_modules/antd/lib/config-provider/index.js:142:5)
2026-10-01T18:30:34.7572633Z     at ConfigProvider (/home/runner/work/mini-drop/mini-drop/web/node_modules/antd/lib/config-provider/index.js:444:25)
2026-10-01T18:30:34.7574224Z     at /home/runner/work/mini-drop/mini-drop/web/node_modules/antd/lib/message/index.js:68:60
2026-10-01T18:30:34.7576087Z Warning: An update to ForwardRef inside a test was not wrapped in act(...).
2026-10-01T18:30:34.7576942Z 
2026-10-01T18:30:34.7577721Z When testing, code that causes React state updates should be wrapped into act(...):
2026-10-01T18:30:34.7578496Z 
2026-10-01T18:30:34.7578801Z act(() => {
2026-10-01T18:30:34.7579403Z   /* fire events that update state */
2026-10-01T18:30:34.7580058Z });
2026-10-01T18:30:34.7580596Z /* assert on the output */
2026-10-01T18:30:34.7581034Z 
2026-10-01T18:30:34.7582322Z This ensures that you're testing the behavior the user would see in the browser. Learn more at https://reactjs.org/link/wrap-tests-with-act
2026-10-01T18:30:34.7584075Z     at /home/runner/work/mini-drop/mini-drop/web/node_modules/antd/lib/message/useMessage.js:52:5
2026-10-01T18:30:34.7585805Z     at /home/runner/work/mini-drop/mini-drop/web/node_modules/antd/lib/message/index.js:41:5
2026-10-01T18:30:34.7587608Z     at MotionWrapper (/home/runner/work/mini-drop/mini-drop/web/node_modules/antd/lib/config-provider/MotionWrapper.js:17:30)
2026-10-01T18:30:34.7589605Z     at ProviderChildren (/home/runner/work/mini-drop/mini-drop/web/node_modules/antd/lib/config-provider/index.js:142:5)
2026-10-01T18:30:34.7591596Z     at ConfigProvider (/home/runner/work/mini-drop/mini-drop/web/node_modules/antd/lib/config-provider/index.js:444:25)
2026-10-01T18:30:34.7593314Z     at /home/runner/work/mini-drop/mini-drop/web/node_modules/antd/lib/message/index.js:68:60
2026-10-01T18:30:34.7594216Z 
2026-10-01T18:30:35.8235974Z  [32m✓[39m src/components/ManagedServicesPanel.test.jsx [2m([22m[2m12 tests[22m[2m)[22m[33m 5587[2mms[22m[39m
2026-10-01T18:30:35.8237836Z    [33m[2m✓[22m[39m switches the service inspector and sends the selected service identity [33m 1649[2mms[22m[39m
2026-10-01T18:30:35.8239470Z    [33m[2m✓[22m[39m starts diagnosis by service identity and symptoms without sending a PID [33m 340[2mms[22m[39m
2026-10-01T18:30:35.8240996Z    [33m[2m✓[22m[39m shows real RAG stages and leaves unavailable stages empty [33m 457[2mms[22m[39m
2026-10-01T18:30:35.8242480Z    [33m[2m✓[22m[39m keeps a current check separate from a selected historical request [33m 443[2mms[22m[39m
2026-10-01T18:30:35.8243955Z    [33m[2m✓[22m[39m shows a real upload's chunking, indexing and process usage [33m 301[2mms[22m[39m
2026-10-01T18:30:35.8245398Z    [33m[2m✓[22m[39m does not retain actionable status after a failed refresh [33m 304[2mms[22m[39m
2026-10-01T18:30:35.8247262Z    [33m[2m✓[22m[39m submits only the selected request ID and rejects an expired selection [33m 548[2mms[22m[39m
2026-10-01T18:30:35.8248958Z    [33m[2m✓[22m[39m checks both original 2000ms comparisons after preparation (3507) [33m 423[2mms[22m[39m
2026-10-01T18:30:35.8250621Z    [33m[2m✓[22m[39m checks both original 2000ms comparisons after preparation (3407) [33m 307[2mms[22m[39m
2026-10-01T18:30:35.8252393Z    [33m[2m✓[22m[39m checks both original 2000ms comparisons after preparation (3448) [33m 340[2mms[22m[39m
2026-10-01T18:30:37.2495935Z [90mstderr[2m | src/components/SkillABPanel.test.jsx[2m > [22m[2mSkillABPanel[2m > [22m[2mcreates real AUTO and DISABLED diagnoses and reports only observed metrics
2026-10-01T18:30:37.2498451Z [22m[39mWarning: [antd: Card] `bordered` is deprecated. Please use `variant` instead.
2026-10-01T18:30:37.2527010Z Warning: [antd: Card] `bordered` is deprecated. Please use `variant` instead.
2026-10-01T18:30:37.2546514Z Warning: [antd: Card] `bordered` is deprecated. Please use `variant` instead.
2026-10-01T18:30:37.2582530Z 
2026-10-01T18:30:37.2607853Z [90mstderr[2m | src/components/SkillABPanel.test.jsx[2m > [22m[2mSkillABPanel[2m > [22m[2mcreates real AUTO and DISABLED diagnoses and reports only observed metrics
2026-10-01T18:30:37.2639639Z [22m[39mWarning: [antd: Card] `bordered` is deprecated. Please use `variant` instead.
2026-10-01T18:30:37.2665947Z 
2026-10-01T18:30:37.4349125Z [90mstderr[2m | src/components/SkillABPanel.test.jsx[2m > [22m[2mSkillABPanel[2m > [22m[2mcreates real AUTO and DISABLED diagnoses and reports only observed metrics
2026-10-01T18:30:37.4353739Z [22m[39mWarning: [antd: Card] `bordered` is deprecated. Please use `variant` instead.
2026-10-01T18:30:37.4396134Z 
2026-10-01T18:30:37.4426977Z  [32m✓[39m src/hooks/useSSE.test.jsx [2m([22m[2m13 tests[22m[2m)[22m[32m 72[2mms[22m[39m
2026-10-01T18:30:37.4731540Z [90mstderr[2m | src/components/SkillABPanel.test.jsx[2m > [22m[2mSkillABPanel[2m > [22m[2mcreates real AUTO and DISABLED diagnoses and reports only observed metrics
2026-10-01T18:30:37.4734895Z [22m[39mWarning: [antd: Card] `bordered` is deprecated. Please use `variant` instead.
2026-10-01T18:30:37.4736362Z 
2026-10-01T18:30:37.5391446Z [90mstderr[2m | src/components/SkillABPanel.test.jsx[2m > [22m[2mSkillABPanel[2m > [22m[2mcreates real AUTO and DISABLED diagnoses and reports only observed metrics
2026-10-01T18:30:37.5400536Z [22m[39mWarning: [antd: Card] `bordered` is deprecated. Please use `variant` instead.
2026-10-01T18:30:37.5401595Z 
2026-10-01T18:30:37.6311683Z [90mstderr[2m | src/components/SkillABPanel.test.jsx[2m > [22m[2mSkillABPanel[2m > [22m[2mcreates real AUTO and DISABLED diagnoses and reports only observed metrics
2026-10-01T18:30:37.6336885Z [22m[39mWarning: [antd: Card] `bordered` is deprecated. Please use `variant` instead.
2026-10-01T18:30:37.6366018Z 
2026-10-01T18:30:37.6838273Z [90mstderr[2m | src/components/SkillABPanel.test.jsx[2m > [22m[2mSkillABPanel[2m > [22m[2mcreates real AUTO and DISABLED diagnoses and reports only observed metrics
2026-10-01T18:30:37.6857005Z [22m[39mWarning: [antd: Card] `bordered` is deprecated. Please use `variant` instead.
2026-10-01T18:30:37.6895972Z 
2026-10-01T18:30:37.7278154Z [90mstderr[2m | src/components/SkillABPanel.test.jsx[2m > [22m[2mSkillABPanel[2m > [22m[2mcreates real AUTO and DISABLED diagnoses and reports only observed metrics
2026-10-01T18:30:37.7306832Z [22m[39mWarning: [antd: Card] `bordered` is deprecated. Please use `variant` instead.
2026-10-01T18:30:37.7307566Z 
2026-10-01T18:30:38.3218078Z [90mstderr[2m | src/components/SkillABPanel.test.jsx[2m > [22m[2mSkillABPanel[2m > [22m[2mkeeps an earlier supported hypothesis visible when a later branch is insufficient
2026-10-01T18:30:38.3237388Z [22m[39mWarning: [antd: Card] `bordered` is deprecated. Please use `variant` instead.
2026-10-01T18:30:38.3243873Z Warning: [antd: Card] `bordered` is deprecated. Please use `variant` instead.
2026-10-01T18:30:38.3277485Z Warning: [antd: Card] `bordered` is deprecated. Please use `variant` instead.
2026-10-01T18:30:38.3279021Z Warning: [antd: Card] `bordered` is deprecated. Please use `variant` instead.
2026-10-01T18:30:38.3280110Z 
2026-10-01T18:30:38.3282051Z [90mstderr[2m | src/components/SkillABPanel.test.jsx[2m > [22m[2mSkillABPanel[2m > [22m[2mkeeps an earlier supported hypothesis visible when a later branch is insufficient
2026-10-01T18:30:38.3284406Z [22m[39mWarning: [antd: Card] `bordered` is deprecated. Please use `variant` instead.
2026-10-01T18:30:38.3285293Z 
2026-10-01T18:30:38.4531504Z [90mstderr[2m | src/components/SkillABPanel.test.jsx[2m > [22m[2mSkillABPanel[2m > [22m[2mkeeps an earlier supported hypothesis visible when a later branch is insufficient
2026-10-01T18:30:38.4556913Z [22m[39mWarning: [antd: Card] `bordered` is deprecated. Please use `variant` instead.
2026-10-01T18:30:38.4615936Z 
2026-10-01T18:30:38.4888757Z [90mstderr[2m | src/components/SkillABPanel.test.jsx[2m > [22m[2mSkillABPanel[2m > [22m[2mkeeps an earlier supported hypothesis visible when a later branch is insufficient
2026-10-01T18:30:38.4907141Z [22m[39mWarning: [antd: Card] `bordered` is deprecated. Please use `variant` instead.
2026-10-01T18:30:38.4935955Z 
2026-10-01T18:30:38.5271177Z [90mstderr[2m | src/components/SkillABPanel.test.jsx[2m > [22m[2mSkillABPanel[2m > [22m[2mkeeps an earlier supported hypothesis visible when a later branch is insufficient
2026-10-01T18:30:38.5297138Z [22m[39mWarning: [antd: Card] `bordered` is deprecated. Please use `variant` instead.
2026-10-01T18:30:38.5333454Z 
2026-10-01T18:30:38.5898271Z [90mstderr[2m | src/components/SkillABPanel.test.jsx[2m > [22m[2mSkillABPanel[2m > [22m[2mkeeps an earlier supported hypothesis visible when a later branch is insufficient
2026-10-01T18:30:38.5927060Z [22m[39mWarning: [antd: Card] `bordered` is deprecated. Please use `variant` instead.
2026-10-01T18:30:38.5955951Z 
2026-10-01T18:30:38.6208212Z [90mstderr[2m | src/components/SkillABPanel.test.jsx[2m > [22m[2mSkillABPanel[2m > [22m[2mkeeps an earlier supported hypothesis visible when a later branch is insufficient
2026-10-01T18:30:38.6236905Z [22m[39mWarning: [antd: Card] `bordered` is deprecated. Please use `variant` instead.
2026-10-01T18:30:38.6246949Z 
2026-10-01T18:30:38.6603486Z [90mstderr[2m | src/components/SkillABPanel.test.jsx[2m > [22m[2mSkillABPanel[2m > [22m[2mkeeps an earlier supported hypothesis visible when a later branch is insufficient
2026-10-01T18:30:38.6605896Z [22m[39mWarning: [antd: Card] `bordered` is deprecated. Please use `variant` instead.
2026-10-01T18:30:38.6606807Z 
2026-10-01T18:30:38.8247708Z  [32m✓[39m src/components/ConclusionCard.test.jsx [2m([22m[2m10 tests[22m[2m)[22m[33m 1192[2mms[22m[39m
2026-10-01T18:30:38.8249407Z      [33m[2m✓[22m[39m explains that inclusive Go function shares overlap [33m 584[2mms[22m[39m
2026-10-01T18:30:38.9701539Z [90mstderr[2m | src/components/SkillABPanel.test.jsx[2m > [22m[2mSkillABPanel[2m > [22m[2mrestores a real A/B pair after leaving and returning to the validation center
2026-10-01T18:30:38.9726911Z [22m[39mWarning: [antd: Card] `bordered` is deprecated. Please use `variant` instead.
2026-10-01T18:30:38.9730354Z Warning: [antd: Card] `bordered` is deprecated. Please use `variant` instead.
2026-10-01T18:30:38.9756634Z Warning: [antd: Card] `bordered` is deprecated. Please use `variant` instead.
2026-10-01T18:30:38.9786687Z Warning: [antd: Card] `bordered` is deprecated. Please use `variant` instead.
2026-10-01T18:30:38.9816009Z 
2026-10-01T18:30:38.9827610Z [90mstderr[2m | src/components/SkillABPanel.test.jsx[2m > [22m[2mSkillABPanel[2m > [22m[2mrestores a real A/B pair after leaving and returning to the validation center
2026-10-01T18:30:38.9846887Z [22m[39mWarning: [antd: Card] `bordered` is deprecated. Please use `variant` instead.
2026-10-01T18:30:38.9895975Z 
2026-10-01T18:30:39.0651245Z [90mstderr[2m | src/components/SkillABPanel.test.jsx[2m > [22m[2mSkillABPanel[2m > [22m[2mrestores a real A/B pair after leaving and returning to the validation center
2026-10-01T18:30:39.0657004Z [22m[39mWarning: [antd: Card] `bordered` is deprecated. Please use `variant` instead.
2026-10-01T18:30:39.0686074Z 
2026-10-01T18:30:39.0858046Z [90mstderr[2m | src/components/SkillABPanel.test.jsx[2m > [22m[2mSkillABPanel[2m > [22m[2mrestores a real A/B pair after leaving and returning to the validation center
2026-10-01T18:30:39.0862143Z [22m[39mWarning: [antd: Card] `bordered` is deprecated. Please use `variant` instead.
2026-10-01T18:30:39.0886106Z 
2026-10-01T18:30:39.1442480Z  [32m✓[39m src/utils/reportPresentation.test.js [2m([22m[2m31 tests[22m[2m)[22m[32m 17[2mms[22m[39m
2026-10-01T18:30:39.1528164Z [90mstderr[2m | src/components/SkillABPanel.test.jsx[2m > [22m[2mSkillABPanel[2m > [22m[2mrestores a real A/B pair after leaving and returning to the validation center
2026-10-01T18:30:39.1577076Z [22m[39mWarning: [antd: Card] `bordered` is deprecated. Please use `variant` instead.
2026-10-01T18:30:39.1636614Z 
2026-10-01T18:30:39.2158168Z [90mstderr[2m | src/components/SkillABPanel.test.jsx[2m > [22m[2mSkillABPanel[2m > [22m[2mrestores a real A/B pair after leaving and returning to the validation center
2026-10-01T18:30:39.2177394Z [22m[39mWarning: [antd: Card] `bordered` is deprecated. Please use `variant` instead.
2026-10-01T18:30:39.2178317Z 
2026-10-01T18:30:39.2528513Z [90mstderr[2m | src/components/SkillABPanel.test.jsx[2m > [22m[2mSkillABPanel[2m > [22m[2mrestores a real A/B pair after leaving and returning to the validation center
2026-10-01T18:30:39.2536087Z [22m[39mWarning: [antd: Card] `bordered` is deprecated. Please use `variant` instead.
2026-10-01T18:30:39.2537038Z 
2026-10-01T18:30:39.2849993Z [90mstderr[2m | src/components/SkillABPanel.test.jsx[2m > [22m[2mSkillABPanel[2m > [22m[2mrestores a real A/B pair after leaving and returning to the validation center
2026-10-01T18:30:39.2852330Z [22m[39mWarning: [antd: Card] `bordered` is deprecated. Please use `variant` instead.
2026-10-01T18:30:39.2853386Z 
2026-10-01T18:30:39.6126905Z [90mstderr[2m | src/components/SkillABPanel.test.jsx[2m > [22m[2mSkillABPanel[2m > [22m[2mrestores a real A/B pair after leaving and returning to the validation center
2026-10-01T18:30:39.6129312Z [22m[39mWarning: [antd: Card] `bordered` is deprecated. Please use `variant` instead.
2026-10-01T18:30:39.6130711Z Warning: [antd: Card] `bordered` is deprecated. Please use `variant` instead.
2026-10-01T18:30:39.6131624Z 
2026-10-01T18:30:39.6175806Z [90mstderr[2m | src/components/SkillABPanel.test.jsx[2m > [22m[2mSkillABPanel[2m > [22m[2mrestores a real A/B pair after leaving and returning to the validation center
2026-10-01T18:30:39.6179353Z [22m[39mWarning: [antd: Card] `bordered` is deprecated. Please use `variant` instead.
2026-10-01T18:30:39.6180442Z 
2026-10-01T18:30:39.6433232Z [90mstderr[2m | src/components/SkillABPanel.test.jsx[2m > [22m[2mSkillABPanel[2m > [22m[2mrestores a real A/B pair after leaving and returning to the validation center
2026-10-01T18:30:39.6457038Z [22m[39mWarning: [antd: Card] `bordered` is deprecated. Please use `variant` instead.
2026-10-01T18:30:39.6485999Z 
2026-10-01T18:30:39.6763534Z [90mstderr[2m | src/components/SkillABPanel.test.jsx[2m > [22m[2mSkillABPanel[2m > [22m[2mrestores a real A/B pair after leaving and returning to the validation center
2026-10-01T18:30:39.6777066Z [22m[39mWarning: [antd: Card] `bordered` is deprecated. Please use `variant` instead.
2026-10-01T18:30:39.6806138Z 
2026-10-01T18:30:39.7288859Z  [32m✓[39m src/components/SkillABPanel.test.jsx [2m([22m[2m5 tests[22m[2m)[22m[33m 3868[2mms[22m[39m
2026-10-01T18:30:39.7291089Z      [33m[2m✓[22m[39m creates real AUTO and DISABLED diagnoses and reports only observed metrics [33m 2094[2mms[22m[39m
2026-10-01T18:30:39.7293229Z      [33m[2m✓[22m[39m keeps an earlier supported hypothesis visible when a later branch is insufficient [33m 710[2mms[22m[39m
2026-10-01T18:30:39.7295826Z      [33m[2m✓[22m[39m restores a real A/B pair after leaving and returning to the validation center [33m 1050[2mms[22m[39m
2026-10-01T18:30:40.6839502Z  [32m✓[39m src/utils/observationAssessment.test.js [2m([22m[2m20 tests[22m[2m)[22m[32m 13[2mms[22m[39m
2026-10-01T18:30:42.0857548Z  [32m✓[39m src/utils/diagnosisDisplay.test.js [2m([22m[2m6 tests[22m[2m)[22m[32m 16[2mms[22m[39m
2026-10-01T18:30:45.8832178Z  [32m✓[39m src/components/LatsReplayPanel.test.jsx [2m([22m[2m2 tests[22m[2m)[22m[33m 1416[2mms[22m[39m
2026-10-01T18:30:45.8834515Z      [33m[2m✓[22m[39m creates a fresh UUID session and opens the returned diagnosis immediately [33m 1242[2mms[22m[39m
2026-10-01T18:30:46.2306385Z  [32m✓[39m src/components/ChatThread.test.jsx [2m([22m[2m9 tests[22m[2m)[22m[33m 1683[2mms[22m[39m
2026-10-01T18:30:46.2348309Z      [33m[2m✓[22m[39m keeps fix verification disabled for an observation in simple mode [33m 627[2mms[22m[39m
2026-10-01T18:30:47.9755872Z  [32m✓[39m src/hooks/SSEContext.test.jsx [2m([22m[2m4 tests[22m[2m)[22m[32m 178[2mms[22m[39m
2026-10-01T18:30:49.9647517Z Not implemented: Window's getComputedStyle() method: with pseudo-elements
2026-10-01T18:30:50.0071378Z [90mstderr[2m | src/pages/TaskResult.test.jsx[2m > [22m[2mTaskResult collection boundary[2m > [22m[2mrejects an explicit zero-sample artifact instead of rendering an empty flamegraph
2026-10-01T18:30:50.0122705Z [22m[39mWarning: [antd: Table] `index` parameter of `rowKey` function is deprecated. There is no guarantee that it will work as expected.
2026-10-01T18:30:50.0123869Z 
2026-10-01T18:30:50.0258085Z [90mstderr[2m | src/pages/TaskResult.test.jsx[2m > [22m[2mTaskResult collection boundary[2m > [22m[2mrejects an explicit zero-sample artifact instead of rendering an empty flamegraph
2026-10-01T18:30:50.0287410Z [22m[39mWarning: [antd: Table] `index` parameter of `rowKey` function is deprecated. There is no guarantee that it will work as expected.
2026-10-01T18:30:50.0312410Z 
2026-10-01T18:30:50.7000048Z  [32m✓[39m src/components/HealthCheckActions.test.jsx [2m([22m[2m5 tests[22m[2m)[22m[33m 1381[2mms[22m[39m
2026-10-01T18:30:50.7002230Z      [33m[2m✓[22m[39m creates a fresh sampling session for NORMAL_OBSERVED [33m 1028[2mms[22m[39m
2026-10-01T18:30:50.7307819Z Not implemented: Window's getComputedStyle() method: with pseudo-elements
2026-10-01T18:30:50.7678158Z Not implemented: Window's getComputedStyle() method: with pseudo-elements
2026-10-01T18:30:50.7907633Z [90mstderr[2m | src/pages/TaskResult.test.jsx[2m > [22m[2mTaskResult collection boundary[2m > [22m[2mrenders continuous window outcomes in Chinese
2026-10-01T18:30:50.7909143Z [22m[39mWarning: [antd: Table] `index` parameter of `rowKey` function is deprecated. There is no guarantee that it will work as expected.
2026-10-01T18:30:50.7909688Z 
2026-10-01T18:30:50.8210766Z [90mstderr[2m | src/pages/TaskResult.test.jsx[2m > [22m[2mTaskResult collection boundary[2m > [22m[2mrenders continuous window outcomes in Chinese
2026-10-01T18:30:50.8237934Z [22m[39mWarning: [antd: Table] `index` parameter of `rowKey` function is deprecated. There is no guarantee that it will work as expected.
2026-10-01T18:30:50.8266153Z 
2026-10-01T18:30:50.8546251Z  [32m✓[39m src/pages/TaskResult.test.jsx [2m([22m[2m4 tests[22m[2m)[22m[33m 2575[2mms[22m[39m
2026-10-01T18:30:50.8567764Z      [33m[2m✓[22m[39m renders collection results and points diagnosis to the V2 workspace [33m 1150[2mms[22m[39m
2026-10-01T18:30:50.8571240Z      [33m[2m✓[22m[39m rejects an explicit zero-sample artifact instead of rendering an empty flamegraph [33m 1035[2mms[22m[39m
2026-10-01T18:30:50.8572172Z      [33m[2m✓[22m[39m renders continuous window outcomes in Chinese [33m 383[2mms[22m[39m
2026-10-01T18:30:55.5416649Z Not implemented: Window's getComputedStyle() method: with pseudo-elements
2026-10-01T18:30:55.8967880Z  [32m✓[39m src/components/EngineeringCasesPanel.test.jsx [2m([22m[2m11 tests[22m[2m)[22m[33m 2002[2mms[22m[39m
2026-10-01T18:30:55.8970432Z    [33m[2m✓[22m[39m shows actual before/after evidence and does not claim automated AI root acceptance [33m 1423[2mms[22m[39m
2026-10-01T18:30:56.0485377Z  [32m✓[39m src/components/ToolCallCard.test.jsx [2m([22m[2m3 tests[22m[2m)[22m[33m 2253[2mms[22m[39m
2026-10-01T18:30:56.0512865Z      [33m[2m✓[22m[39m shows approve/reject for a pending approval tool [33m 912[2mms[22m[39m
2026-10-01T18:30:56.0515004Z      [33m[2m✓[22m[39m keeps the server-bound agent and PID immutable while editing sampling parameters [33m 1241[2mms[22m[39m
2026-10-01T18:30:58.7063081Z  [32m✓[39m src/components/FlamegraphViewer.test.jsx [2m([22m[2m4 tests[22m[2m)[22m[33m 2817[2mms[22m[39m
2026-10-01T18:30:58.7066060Z      [33m[2m✓[22m[39m renders a 10k-node flamegraph without crashing [33m 969[2mms[22m[39m
2026-10-01T18:30:58.7067974Z      [33m[2m✓[22m[39m renders Java HTML as SVG data without inserting an executable iframe [33m 894[2mms[22m[39m
2026-10-01T18:30:58.7069915Z      [33m[2m✓[22m[39m does not show a late response from the previously selected task [33m 927[2mms[22m[39m
2026-10-01T18:30:59.9437139Z Not implemented: Window's getComputedStyle() method: with pseudo-elements
2026-10-01T18:31:01.0498160Z Not implemented: Window's getComputedStyle() method: with pseudo-elements
2026-10-01T18:31:01.1391762Z  [32m✓[39m src/components/EngineeringDiagnosisSummary.test.jsx [2m([22m[2m4 tests[22m[2m)[22m[33m 2271[2mms[22m[39m
2026-10-01T18:31:01.1400592Z    [33m[2m✓[22m[39m shows engineering acceptance separately from localization, refutation and untouched cases [33m 1839[2mms[22m[39m
2026-10-01T18:31:01.1402854Z    [33m[2m✓[22m[39m allows a failed index load to be retried [33m 338[2mms[22m[39m
2026-10-01T18:31:02.0398602Z  [32m✓[39m src/components/AppLayout.test.jsx [2m([22m[2m4 tests[22m[2m)[22m[33m 1624[2mms[22m[39m
2026-10-01T18:31:02.0400985Z      [33m[2m✓[22m[39m shows the fallback indicator until the shared stream opens [33m 1140[2mms[22m[39m
2026-10-01T18:31:04.8732713Z Not implemented: Window's getComputedStyle() method: with pseudo-elements
2026-10-01T18:31:05.3800095Z Not implemented: Window's getComputedStyle() method: with pseudo-elements
2026-10-01T18:31:05.7652893Z Not implemented: Window's getComputedStyle() method: with pseudo-elements
2026-10-01T18:31:05.8842114Z  [32m✓[39m src/components/MentorComplexShowcase.test.jsx [2m([22m[2m2 tests[22m[2m)[22m[33m 2190[2mms[22m[39m
2026-10-01T18:31:05.8844286Z      [33m[2m✓[22m[39m replays only the diagnosis passed by the active workspace [33m 1348[2mms[22m[39m
2026-10-01T18:31:05.8846436Z      [33m[2m✓[22m[39m shows the candidate Skill produced by the same diagnosis [33m 839[2mms[22m[39m
2026-10-01T18:31:06.0619310Z Not implemented: Window's getComputedStyle() method: with pseudo-elements
2026-10-01T18:31:06.1925772Z  [32m✓[39m src/components/BusinessAcceptancePanel.test.jsx [2m([22m[2m4 tests[22m[2m)[22m[33m 1804[2mms[22m[39m
2026-10-01T18:31:06.1932073Z    [33m[2m✓[22m[39m does not turn missing evidence into a passing result [33m 860[2mms[22m[39m
2026-10-01T18:31:06.1937118Z    [33m[2m✓[22m[39m shows fallback separately from full recovery and AI diagnosis [33m 536[2mms[22m[39m
2026-10-01T18:31:06.1939032Z    [33m[2m✓[22m[39m links an executed actual RAG diagnosis without claiming root verification [33m 309[2mms[22m[39m
2026-10-01T18:31:08.6285871Z Not implemented: Window's getComputedStyle() method: with pseudo-elements
2026-10-01T18:31:08.6417752Z [90mstderr[2m | src/pages/AgentDetail.test.jsx[2m > [22m[2mignores late responses from another agent and resets the trend on navigation
2026-10-01T18:31:08.6420225Z [22m[39mWarning: [antd: Descriptions] `labelStyle` is deprecated. Please use `styles={{ label: {} }}` instead.
2026-10-01T18:31:08.6422219Z Warning: [antd: Descriptions] `contentStyle` is deprecated. Please use `styles={{ content: {} }}` instead.
2026-10-01T18:31:08.6441077Z Warning: [antd: Descriptions] Sum of column `span` in a line not match `column` of Descriptions.
2026-10-01T18:31:08.6442710Z 
2026-10-01T18:31:08.6517179Z [90mstderr[2m | src/pages/AgentDetail.test.jsx[2m > [22m[2mignores late responses from another agent and resets the trend on navigation
2026-10-01T18:31:08.6519532Z [22m[39mWarning: [antd: Descriptions] `labelStyle` is deprecated. Please use `styles={{ label: {} }}` instead.
2026-10-01T18:31:08.6521708Z Warning: [antd: Descriptions] `contentStyle` is deprecated. Please use `styles={{ content: {} }}` instead.
2026-10-01T18:31:08.6523624Z Warning: [antd: Descriptions] Sum of column `span` in a line not match `column` of Descriptions.
2026-10-01T18:31:08.6525109Z 
2026-10-01T18:31:08.6701451Z [90mstderr[2m | src/pages/AgentDetail.test.jsx[2m > [22m[2mignores late responses from another agent and resets the trend on navigation
2026-10-01T18:31:08.6757201Z [22m[39mWarning: [antd: Descriptions] `labelStyle` is deprecated. Please use `styles={{ label: {} }}` instead.
2026-10-01T18:31:08.6786755Z Warning: [antd: Descriptions] `contentStyle` is deprecated. Please use `styles={{ content: {} }}` instead.
2026-10-01T18:31:08.6826683Z Warning: [antd: Descriptions] Sum of column `span` in a line not match `column` of Descriptions.
2026-10-01T18:31:08.6885891Z 
2026-10-01T18:31:08.7038224Z [90mstderr[2m | src/pages/AgentDetail.test.jsx[2m > [22m[2mignores late responses from another agent and resets the trend on navigation
2026-10-01T18:31:08.7057845Z [22m[39mWarning: [antd: Descriptions] `labelStyle` is deprecated. Please use `styles={{ label: {} }}` instead.
2026-10-01T18:31:08.7059756Z Warning: [antd: Descriptions] `contentStyle` is deprecated. Please use `styles={{ content: {} }}` instead.
2026-10-01T18:31:08.7061575Z Warning: [antd: Descriptions] Sum of column `span` in a line not match `column` of Descriptions.
2026-10-01T18:31:08.7062590Z 
2026-10-01T18:31:09.0091872Z [90mstderr[2m | src/pages/AgentDetail.test.jsx[2m > [22m[2mignores late responses from another agent and resets the trend on navigation
2026-10-01T18:31:09.0094570Z [22m[39mWarning: [antd: Descriptions] `labelStyle` is deprecated. Please use `styles={{ label: {} }}` instead.
2026-10-01T18:31:09.0097096Z Warning: [antd: Descriptions] `contentStyle` is deprecated. Please use `styles={{ content: {} }}` instead.
2026-10-01T18:31:09.0099099Z Warning: [antd: Descriptions] Sum of column `span` in a line not match `column` of Descriptions.
2026-10-01T18:31:09.0100024Z 
2026-10-01T18:31:09.1559663Z Not implemented: Window's getComputedStyle() method: with pseudo-elements
2026-10-01T18:31:09.1633409Z [90mstderr[2m | src/pages/AgentDetail.test.jsx[2m > [22m[2mignores late responses from another agent and resets the trend on navigation
2026-10-01T18:31:09.1636884Z [22m[39mWarning: [antd: Descriptions] `labelStyle` is deprecated. Please use `styles={{ label: {} }}` instead.
2026-10-01T18:31:09.1638650Z Warning: [antd: Descriptions] `contentStyle` is deprecated. Please use `styles={{ content: {} }}` instead.
2026-10-01T18:31:09.1651138Z Warning: [antd: Descriptions] Sum of column `span` in a line not match `column` of Descriptions.
2026-10-01T18:31:09.1651813Z 
2026-10-01T18:31:09.1728422Z [90mstderr[2m | src/pages/AgentDetail.test.jsx[2m > [22m[2mignores late responses from another agent and resets the trend on navigation
2026-10-01T18:31:09.1730761Z [22m[39mWarning: [antd: Descriptions] `labelStyle` is deprecated. Please use `styles={{ label: {} }}` instead.
2026-10-01T18:31:09.1732720Z Warning: [antd: Descriptions] `contentStyle` is deprecated. Please use `styles={{ content: {} }}` instead.
2026-10-01T18:31:09.1734479Z Warning: [antd: Descriptions] Sum of column `span` in a line not match `column` of Descriptions.
2026-10-01T18:31:09.1735369Z 
2026-10-01T18:31:09.5217062Z Not implemented: Window's getComputedStyle() method: with pseudo-elements
2026-10-01T18:31:09.5357347Z [90mstderr[2m | src/pages/AgentDetail.test.jsx[2m > [22m[2mshows a request error and retry instead of only claiming the agent does not exist
2026-10-01T18:31:09.5361088Z [22m[39mWarning: [antd: Descriptions] `labelStyle` is deprecated. Please use `styles={{ label: {} }}` instead.
2026-10-01T18:31:09.5363152Z Warning: [antd: Descriptions] `contentStyle` is deprecated. Please use `styles={{ content: {} }}` instead.
2026-10-01T18:31:09.5364768Z Warning: [antd: Descriptions] Sum of column `span` in a line not match `column` of Descriptions.
2026-10-01T18:31:09.5366072Z 
2026-10-01T18:31:09.5481398Z [90mstderr[2m | src/pages/AgentDetail.test.jsx[2m > [22m[2mshows a request error and retry instead of only claiming the agent does not exist
2026-10-01T18:31:09.5527135Z [22m[39mWarning: [antd: Descriptions] `labelStyle` is deprecated. Please use `styles={{ label: {} }}` instead.
2026-10-01T18:31:09.5528123Z  [32m✓[39m src/pages/AgentDetail.test.jsx [2m([22m[2m2 tests[22m[2m)[22m[33m 2533[2mms[22m[39m
2026-10-01T18:31:09.5529367Z Warning: [antd: Descriptions] `contentStyle` is deprecated. Please use `styles={{ content: {} }}` instead.
2026-10-01T18:31:09.5530608Z Warning: [antd: Descriptions] Sum of column `span` in a line not match `column` of Descriptions.
2026-10-01T18:31:09.5531508Z 
2026-10-01T18:31:09.5533214Z    [33m[2m✓[22m[39m ignores late responses from another agent and resets the trend on navigation [33m 2174[2mms[22m[39m
2026-10-01T18:31:09.5537065Z    [33m[2m✓[22m[39m shows a request error and retry instead of only claiming the agent does not exist [33m 356[2mms[22m[39m
2026-10-01T18:31:10.4620710Z  [32m✓[39m src/components/DiagnosisPathPanel.test.jsx [2m([22m[2m2 tests[22m[2m)[22m[33m 839[2mms[22m[39m
2026-10-01T18:31:10.4647355Z      [33m[2m✓[22m[39m shows Chinese event and actor labels, with raw protocol codes in secondary details [33m 832[2mms[22m[39m
2026-10-01T18:31:11.2778690Z  [32m✓[39m src/hooks/usePolling.test.jsx [2m([22m[2m3 tests[22m[2m)[22m[32m 77[2mms[22m[39m
2026-10-01T18:31:11.7529143Z  [32m✓[39m src/components/DiagnosisSkillOutcomeCard.test.jsx [2m([22m[2m2 tests[22m[2m)[22m[33m 1640[2mms[22m[39m
2026-10-01T18:31:11.7547717Z      [33m[2m✓[22m[39m shows the Skill produced by a verified diagnosis and exposes its gates [33m 1439[2mms[22m[39m
2026-10-01T18:31:15.5022075Z Not implemented: Window's getComputedStyle() method: with pseudo-elements
2026-10-01T18:31:15.9022565Z [90mstderr[2m | src/components/EvalPanel.test.jsx[2m > [22m[2mEvalPanel replay entry[2m > [22m[2mdefaults to performance experiments and keeps engineering regressions separate
2026-10-01T18:31:15.9027049Z [22m[39mWarning: An update to EngineeringDiagnosisSummary inside a test was not wrapped in act(...).
2026-10-01T18:31:15.9028295Z 
2026-10-01T18:31:15.9029196Z When testing, code that causes React state updates should be wrapped into act(...):
2026-10-01T18:31:15.9030108Z 
2026-10-01T18:31:15.9030533Z act(() => {
2026-10-01T18:31:15.9031270Z   /* fire events that update state */
2026-10-01T18:31:15.9032011Z });
2026-10-01T18:31:15.9032714Z /* assert on the output */
2026-10-01T18:31:15.9033278Z 
2026-10-01T18:31:15.9034606Z This ensures that you're testing the behavior the user would see in the browser. Learn more at https://reactjs.org/link/wrap-tests-with-act
2026-10-01T18:31:15.9037244Z     at EngineeringDiagnosisSummary (/home/runner/work/mini-drop/mini-drop/web/src/components/EngineeringDiagnosisSummary.jsx:14:40)
2026-10-01T18:31:15.9038735Z     at div
2026-10-01T18:31:15.9039797Z     at Item (/home/runner/work/mini-drop/mini-drop/web/node_modules/antd/lib/space/Item.js:12:3)
2026-10-01T18:31:15.9040914Z     at div
2026-10-01T18:31:15.9041990Z     at /home/runner/work/mini-drop/mini-drop/web/node_modules/antd/lib/space/index.js:44:39
2026-10-01T18:31:15.9043092Z     at main
2026-10-01T18:31:15.9043705Z     at div
2026-10-01T18:31:15.9044772Z     at EvalPanel (/home/runner/work/mini-drop/mini-drop/web/src/components/EvalPanel.jsx:445:22)
2026-10-01T18:31:15.9046084Z 
2026-10-01T18:31:16.3716034Z [90mstderr[2m | src/components/EvalPanel.test.jsx[2m > [22m[2mEvalPanel replay entry[2m > [22m[2mdefaults to performance experiments and keeps engineering regressions separate
2026-10-01T18:31:16.3753164Z [22m[39mWarning: An update to CSSMotion inside a test was not wrapped in act(...).
2026-10-01T18:31:16.3753788Z 
2026-10-01T18:31:16.3756640Z When testing, code that causes React state updates should be wrapped into act(...):
2026-10-01T18:31:16.3757429Z 
2026-10-01T18:31:16.3757776Z act(() => {
2026-10-01T18:31:16.3758359Z   /* fire events that update state */
2026-10-01T18:31:16.3758975Z });
2026-10-01T18:31:16.3759486Z /* assert on the output */
2026-10-01T18:31:16.3760416Z 
2026-10-01T18:31:16.3761493Z This ensures that you're testing the behavior the user would see in the browser. Learn more at https://reactjs.org/link/wrap-tests-with-act
2026-10-01T18:31:16.3763216Z     at /home/runner/work/mini-drop/mini-drop/web/node_modules/rc-motion/lib/CSSMotion.js:42:32
2026-10-01T18:31:16.3764906Z     at DefaultLoadingIcon (/home/runner/work/mini-drop/mini-drop/web/node_modules/antd/lib/button/DefaultLoadingIcon.js:44:5)
2026-10-01T18:31:16.3768303Z     at button
2026-10-01T18:31:16.3769467Z     at Wave (/home/runner/work/mini-drop/mini-drop/web/node_modules/antd/lib/_util/wave/index.js:19:5)
2026-10-01T18:31:16.3773636Z     at /home/runner/work/mini-drop/mini-drop/web/node_modules/antd/lib/button/button.js:60:7
2026-10-01T18:31:16.3774598Z     at div
2026-10-01T18:31:16.3775953Z     at div
2026-10-01T18:31:16.3783220Z     at DomWrapper (/home/runner/work/mini-drop/mini-drop/web/node_modules/rc-motion/lib/DomWrapper.js:20:34)
2026-10-01T18:31:16.3784920Z     at /home/runner/work/mini-drop/mini-drop/web/node_modules/rc-motion/lib/CSSMotion.js:42:32
2026-10-01T18:31:16.3786741Z     at /home/runner/work/mini-drop/mini-drop/web/node_modules/antd/lib/alert/Alert.js:74:7
2026-10-01T18:31:16.3787846Z     at section
2026-10-01T18:31:16.3790538Z     at EngineeringDiagnosisSummary (/home/runner/work/mini-drop/mini-drop/web/src/components/EngineeringDiagnosisSummary.jsx:14:40)
2026-10-01T18:31:16.3792022Z     at div
2026-10-01T18:31:16.3796455Z     at Item (/home/runner/work/mini-drop/mini-drop/web/node_modules/antd/lib/space/Item.js:12:3)
2026-10-01T18:31:16.3797609Z     at div
2026-10-01T18:31:16.3798648Z     at /home/runner/work/mini-drop/mini-drop/web/node_modules/antd/lib/space/index.js:44:39
2026-10-01T18:31:16.3843716Z     at main
2026-10-01T18:31:16.3845130Z  [32m✓[39m src/components/PerformanceDiagnosisSummary.test.jsx [2m([22m[2m3 tests[22m[2m)[22m[33m 1589[2mms[22m[39m
2026-10-01T18:31:16.3859936Z     at div
2026-10-01T18:31:16.3877227Z    [33m[2m✓[22m[39m shows every old scenario while keeping recorded lineage separate from causal root success [33m 911[2mms[22m[39m
2026-10-01T18:31:16.3886712Z     at EvalPanel (/home/runner/work/mini-drop/mini-drop/web/src/components/EvalPanel.jsx:445:22)
2026-10-01T18:31:16.3916090Z Warning: An update to CSSMotion inside a test was not wrapped in act(...).
2026-10-01T18:31:16.3916945Z 
2026-10-01T18:31:16.3917722Z When testing, code that causes React state updates should be wrapped into act(...):
2026-10-01T18:31:16.3918526Z 
2026-10-01T18:31:16.3918857Z act(() => {
2026-10-01T18:31:16.3919471Z   /* fire events that update state */
2026-10-01T18:31:16.3920090Z });
2026-10-01T18:31:16.3920627Z /* assert on the output */
2026-10-01T18:31:16.3921055Z 
2026-10-01T18:31:16.3922183Z This ensures that you're testing the behavior the user would see in the browser. Learn more at https://reactjs.org/link/wrap-tests-with-act
2026-10-01T18:31:16.3923743Z     at /home/runner/work/mini-drop/mini-drop/web/node_modules/rc-motion/lib/CSSMotion.js:42:32
2026-10-01T18:31:16.3925332Z     at DefaultLoadingIcon (/home/runner/work/mini-drop/mini-drop/web/node_modules/antd/lib/button/DefaultLoadingIcon.js:44:5)
2026-10-01T18:31:16.3926726Z     at button
2026-10-01T18:31:16.3927677Z     at Wave (/home/runner/work/mini-drop/mini-drop/web/node_modules/antd/lib/_util/wave/index.js:19:5)
2026-10-01T18:31:16.3929190Z     at /home/runner/work/mini-drop/mini-drop/web/node_modules/antd/lib/button/button.js:60:7
2026-10-01T18:31:16.3930700Z    [33m[2m✓[22m[39m fails closed for http and can retry without injecting faults [33m 534[2mms[22m[39m
2026-10-01T18:31:16.3931727Z     at div
2026-10-01T18:31:16.3932221Z     at div
2026-10-01T18:31:16.3933259Z     at DomWrapper (/home/runner/work/mini-drop/mini-drop/web/node_modules/rc-motion/lib/DomWrapper.js:20:34)
2026-10-01T18:31:16.3934700Z     at /home/runner/work/mini-drop/mini-drop/web/node_modules/rc-motion/lib/CSSMotion.js:42:32
2026-10-01T18:31:16.3936252Z     at /home/runner/work/mini-drop/mini-drop/web/node_modules/antd/lib/alert/Alert.js:74:7
2026-10-01T18:31:16.3937497Z     at section
2026-10-01T18:31:16.3938762Z     at EngineeringDiagnosisSummary (/home/runner/work/mini-drop/mini-drop/web/src/components/EngineeringDiagnosisSummary.jsx:14:40)
2026-10-01T18:31:16.3940039Z     at div
2026-10-01T18:31:16.3940945Z     at Item (/home/runner/work/mini-drop/mini-drop/web/node_modules/antd/lib/space/Item.js:12:3)
2026-10-01T18:31:16.3941929Z     at div
2026-10-01T18:31:16.3942805Z     at /home/runner/work/mini-drop/mini-drop/web/node_modules/antd/lib/space/index.js:44:39
2026-10-01T18:31:16.3943712Z     at main
2026-10-01T18:31:16.3944203Z     at div
2026-10-01T18:31:16.3945327Z     at EvalPanel (/home/runner/work/mini-drop/mini-drop/web/src/components/EvalPanel.jsx:445:22)
2026-10-01T18:31:16.3946922Z Warning: An update to CSSMotion inside a test was not wrapped in act(...).
2026-10-01T18:31:16.3947688Z 
2026-10-01T18:31:16.3948454Z When testing, code that causes React state updates should be wrapped into act(...):
2026-10-01T18:31:16.3949223Z 
2026-10-01T18:31:16.3949543Z act(() => {
2026-10-01T18:31:16.3950173Z   /* fire events that update state */
2026-10-01T18:31:16.3950796Z });
2026-10-01T18:31:16.3951636Z /* assert on the output */
2026-10-01T18:31:16.3952202Z 
2026-10-01T18:31:16.3953792Z This ensures that you're testing the behavior the user would see in the browser. Learn more at https://reactjs.org/link/wrap-tests-with-act
2026-10-01T18:31:16.3955692Z     at /home/runner/work/mini-drop/mini-drop/web/node_modules/rc-motion/lib/CSSMotion.js:42:32
2026-10-01T18:31:16.3957285Z     at /home/runner/work/mini-drop/mini-drop/web/node_modules/antd/lib/alert/Alert.js:74:7
2026-10-01T18:31:16.3958598Z     at section
2026-10-01T18:31:16.3960304Z     at EngineeringDiagnosisSummary (/home/runner/work/mini-drop/mini-drop/web/src/components/EngineeringDiagnosisSummary.jsx:14:40)
2026-10-01T18:31:16.3961801Z     at div
2026-10-01T18:31:16.3962975Z     at Item (/home/runner/work/mini-drop/mini-drop/web/node_modules/antd/lib/space/Item.js:12:3)
2026-10-01T18:31:16.3964180Z     at div
2026-10-01T18:31:16.3965311Z     at /home/runner/work/mini-drop/mini-drop/web/node_modules/antd/lib/space/index.js:44:39
2026-10-01T18:31:16.3966657Z     at main
2026-10-01T18:31:16.3967218Z     at div
2026-10-01T18:31:16.3968480Z     at EvalPanel (/home/runner/work/mini-drop/mini-drop/web/src/components/EvalPanel.jsx:445:22)
2026-10-01T18:31:16.3970405Z Warning: An update to CSSMotion inside a test was not wrapped in act(...).
2026-10-01T18:31:16.3971367Z 
2026-10-01T18:31:16.3972183Z When testing, code that causes React state updates should be wrapped into act(...):
2026-10-01T18:31:16.3973351Z 
2026-10-01T18:31:16.3973926Z act(() => {
2026-10-01T18:31:16.3974581Z   /* fire events that update state */
2026-10-01T18:31:16.3975490Z });
2026-10-01T18:31:16.3976377Z /* assert on the output */
2026-10-01T18:31:16.3981666Z 
2026-10-01T18:31:16.3983492Z This ensures that you're testing the behavior the user would see in the browser. Learn more at https://reactjs.org/link/wrap-tests-with-act
2026-10-01T18:31:16.3985929Z     at /home/runner/work/mini-drop/mini-drop/web/node_modules/rc-motion/lib/CSSMotion.js:42:32
2026-10-01T18:31:16.3987604Z     at /home/runner/work/mini-drop/mini-drop/web/node_modules/antd/lib/alert/Alert.js:74:7
2026-10-01T18:31:16.3988765Z     at section
2026-10-01T18:31:16.3990440Z     at EngineeringDiagnosisSummary (/home/runner/work/mini-drop/mini-drop/web/src/components/EngineeringDiagnosisSummary.jsx:14:40)
2026-10-01T18:31:16.3991951Z     at div
2026-10-01T18:31:16.3993092Z     at Item (/home/runner/work/mini-drop/mini-drop/web/node_modules/antd/lib/space/Item.js:12:3)
2026-10-01T18:31:16.3994223Z     at div
2026-10-01T18:31:16.3995268Z     at /home/runner/work/mini-drop/mini-drop/web/node_modules/antd/lib/space/index.js:44:39
2026-10-01T18:31:16.3996457Z     at main
2026-10-01T18:31:16.3996919Z     at div
2026-10-01T18:31:16.3998035Z     at EvalPanel (/home/runner/work/mini-drop/mini-drop/web/src/components/EvalPanel.jsx:445:22)
2026-10-01T18:31:16.3999338Z 
2026-10-01T18:31:16.5199156Z [90mstderr[2m | src/components/EvalPanel.test.jsx[2m > [22m[2mEvalPanel replay entry[2m > [22m[2mplaces the real Fault Plaza before frozen replay and forwards diagnosis navigation
2026-10-01T18:31:16.5237491Z [22m[39mWarning: An update to EngineeringDiagnosisSummary inside a test was not wrapped in act(...).
2026-10-01T18:31:16.5266016Z 
2026-10-01T18:31:16.5276791Z When testing, code that causes React state updates should be wrapped into act(...):
2026-10-01T18:31:16.5296106Z 
2026-10-01T18:31:16.5296367Z act(() => {
2026-10-01T18:31:16.5296843Z   /* fire events that update state */
2026-10-01T18:31:16.5297323Z });
2026-10-01T18:31:16.5298057Z /* assert on the output */
2026-10-01T18:31:16.5298265Z 
2026-10-01T18:31:16.5298876Z This ensures that you're testing the behavior the user would see in the browser. Learn more at https://reactjs.org/link/wrap-tests-with-act
2026-10-01T18:31:16.5299925Z     at EngineeringDiagnosisSummary (/home/runner/work/mini-drop/mini-drop/web/src/components/EngineeringDiagnosisSummary.jsx:14:40)
2026-10-01T18:31:16.5300547Z     at div
2026-10-01T18:31:16.5300984Z     at Item (/home/runner/work/mini-drop/mini-drop/web/node_modules/antd/lib/space/Item.js:12:3)
2026-10-01T18:31:16.5301447Z     at div
2026-10-01T18:31:16.5301860Z     at /home/runner/work/mini-drop/mini-drop/web/node_modules/antd/lib/space/index.js:44:39
2026-10-01T18:31:16.5302288Z     at main
2026-10-01T18:31:16.5302475Z     at div
2026-10-01T18:31:16.5302904Z     at EvalPanel (/home/runner/work/mini-drop/mini-drop/web/src/components/EvalPanel.jsx:445:22)
2026-10-01T18:31:16.5303279Z 
2026-10-01T18:31:16.5457863Z [90mstderr[2m | src/components/EvalPanel.test.jsx[2m > [22m[2mEvalPanel replay entry[2m > [22m[2mplaces the real Fault Plaza before frozen replay and forwards diagnosis navigation
2026-10-01T18:31:16.5489271Z [22m[39mWarning: An update to CSSMotion inside a test was not wrapped in act(...).
2026-10-01T18:31:16.5490803Z  [32m✓[39m src/components/EvalPanel.test.jsx [2m([22m[2m2 tests[22m[2m)[22m[33m 1238[2mms[22m[39m
2026-10-01T18:31:16.5492689Z      [33m[2m✓[22m[39m defaults to performance experiments and keeps engineering regressions separate [33m 1061[2mms[22m[39m
2026-10-01T18:31:16.5493833Z 
2026-10-01T18:31:16.5494462Z When testing, code that causes React state updates should be wrapped into act(...):
2026-10-01T18:31:16.5495066Z 
2026-10-01T18:31:16.5495207Z act(() => {
2026-10-01T18:31:16.5496091Z   /* fire events that update state */
2026-10-01T18:31:16.5496552Z });
2026-10-01T18:31:16.5496907Z /* assert on the output */
2026-10-01T18:31:16.5497186Z 
2026-10-01T18:31:16.5498289Z This ensures that you're testing the behavior the user would see in the browser. Learn more at https://reactjs.org/link/wrap-tests-with-act
2026-10-01T18:31:16.5499828Z     at /home/runner/work/mini-drop/mini-drop/web/node_modules/rc-motion/lib/CSSMotion.js:42:32
2026-10-01T18:31:16.5501330Z     at DefaultLoadingIcon (/home/runner/work/mini-drop/mini-drop/web/node_modules/antd/lib/button/DefaultLoadingIcon.js:44:5)
2026-10-01T18:31:16.5502397Z     at button
2026-10-01T18:31:16.5503236Z     at Wave (/home/runner/work/mini-drop/mini-drop/web/node_modules/antd/lib/_util/wave/index.js:19:5)
2026-10-01T18:31:16.5504501Z     at /home/runner/work/mini-drop/mini-drop/web/node_modules/antd/lib/button/button.js:60:7
2026-10-01T18:31:16.5505333Z     at div
2026-10-01T18:31:16.5505966Z     at div
2026-10-01T18:31:16.5506867Z     at DomWrapper (/home/runner/work/mini-drop/mini-drop/web/node_modules/rc-motion/lib/DomWrapper.js:20:34)
2026-10-01T18:31:16.5508246Z     at /home/runner/work/mini-drop/mini-drop/web/node_modules/rc-motion/lib/CSSMotion.js:42:32
2026-10-01T18:31:16.5509522Z     at /home/runner/work/mini-drop/mini-drop/web/node_modules/antd/lib/alert/Alert.js:74:7
2026-10-01T18:31:16.5510370Z     at section
2026-10-01T18:31:16.5511580Z     at EngineeringDiagnosisSummary (/home/runner/work/mini-drop/mini-drop/web/src/components/EngineeringDiagnosisSummary.jsx:14:40)
2026-10-01T18:31:16.5513091Z     at div
2026-10-01T18:31:16.5513853Z     at Item (/home/runner/work/mini-drop/mini-drop/web/node_modules/antd/lib/space/Item.js:12:3)
2026-10-01T18:31:16.5514631Z     at div
2026-10-01T18:31:16.5515378Z     at /home/runner/work/mini-drop/mini-drop/web/node_modules/antd/lib/space/index.js:44:39
2026-10-01T18:31:16.5516513Z     at main
2026-10-01T18:31:16.5516824Z     at div
2026-10-01T18:31:16.5517548Z     at EvalPanel (/home/runner/work/mini-drop/mini-drop/web/src/components/EvalPanel.jsx:445:22)
2026-10-01T18:31:16.5518642Z Warning: An update to CSSMotion inside a test was not wrapped in act(...).
2026-10-01T18:31:16.5519155Z 
2026-10-01T18:31:16.5519997Z When testing, code that causes React state updates should be wrapped into act(...):
2026-10-01T18:31:16.5520589Z 
2026-10-01T18:31:16.5520733Z act(() => {
2026-10-01T18:31:16.5521131Z   /* fire events that update state */
2026-10-01T18:31:16.5521564Z });
2026-10-01T18:31:16.5521913Z /* assert on the output */
2026-10-01T18:31:16.5522187Z 
2026-10-01T18:31:16.5523216Z This ensures that you're testing the behavior the user would see in the browser. Learn more at https://reactjs.org/link/wrap-tests-with-act
2026-10-01T18:31:16.5524607Z     at /home/runner/work/mini-drop/mini-drop/web/node_modules/rc-motion/lib/CSSMotion.js:42:32
2026-10-01T18:31:16.5526193Z     at DefaultLoadingIcon (/home/runner/work/mini-drop/mini-drop/web/node_modules/antd/lib/button/DefaultLoadingIcon.js:44:5)
2026-10-01T18:31:16.5527151Z     at button
2026-10-01T18:31:16.5527951Z     at Wave (/home/runner/work/mini-drop/mini-drop/web/node_modules/antd/lib/_util/wave/index.js:19:5)
2026-10-01T18:31:16.5529143Z     at /home/runner/work/mini-drop/mini-drop/web/node_modules/antd/lib/button/button.js:60:7
2026-10-01T18:31:16.5529868Z     at div
2026-10-01T18:31:16.5530186Z     at div
2026-10-01T18:31:16.5531063Z     at DomWrapper (/home/runner/work/mini-drop/mini-drop/web/node_modules/rc-motion/lib/DomWrapper.js:20:34)
2026-10-01T18:31:16.5532496Z     at /home/runner/work/mini-drop/mini-drop/web/node_modules/rc-motion/lib/CSSMotion.js:42:32
2026-10-01T18:31:16.5533772Z     at /home/runner/work/mini-drop/mini-drop/web/node_modules/antd/lib/alert/Alert.js:74:7
2026-10-01T18:31:16.5534591Z     at section
2026-10-01T18:31:16.5536045Z     at EngineeringDiagnosisSummary (/home/runner/work/mini-drop/mini-drop/web/src/components/EngineeringDiagnosisSummary.jsx:14:40)
2026-10-01T18:31:16.5537185Z     at div
2026-10-01T18:31:16.5537955Z     at Item (/home/runner/work/mini-drop/mini-drop/web/node_modules/antd/lib/space/Item.js:12:3)
2026-10-01T18:31:16.5538747Z     at div
2026-10-01T18:31:16.5539963Z     at /home/runner/work/mini-drop/mini-drop/web/node_modules/antd/lib/space/index.js:44:39
2026-10-01T18:31:16.5540795Z     at main
2026-10-01T18:31:16.5541142Z     at div
2026-10-01T18:31:16.5541946Z     at EvalPanel (/home/runner/work/mini-drop/mini-drop/web/src/components/EvalPanel.jsx:445:22)
2026-10-01T18:31:16.5543202Z Warning: An update to CSSMotion inside a test was not wrapped in act(...).
2026-10-01T18:31:16.5543762Z 
2026-10-01T18:31:16.5544382Z When testing, code that causes React state updates should be wrapped into act(...):
2026-10-01T18:31:16.5544991Z 
2026-10-01T18:31:16.5545141Z act(() => {
2026-10-01T18:31:16.5545920Z   /* fire events that update state */
2026-10-01T18:31:16.5546390Z });
2026-10-01T18:31:16.5546746Z /* assert on the output */
2026-10-01T18:31:16.5547024Z 
2026-10-01T18:31:16.5548088Z This ensures that you're testing the behavior the user would see in the browser. Learn more at https://reactjs.org/link/wrap-tests-with-act
2026-10-01T18:31:16.5549624Z     at /home/runner/work/mini-drop/mini-drop/web/node_modules/rc-motion/lib/CSSMotion.js:42:32
2026-10-01T18:31:16.5550826Z     at /home/runner/work/mini-drop/mini-drop/web/node_modules/antd/lib/alert/Alert.js:74:7
2026-10-01T18:31:16.5551591Z     at section
2026-10-01T18:31:16.5552733Z     at EngineeringDiagnosisSummary (/home/runner/work/mini-drop/mini-drop/web/src/components/EngineeringDiagnosisSummary.jsx:14:40)
2026-10-01T18:31:16.5554140Z     at div
2026-10-01T18:31:16.5554928Z     at Item (/home/runner/work/mini-drop/mini-drop/web/node_modules/antd/lib/space/Item.js:12:3)
2026-10-01T18:31:16.5556089Z     at div
2026-10-01T18:31:16.5556861Z     at /home/runner/work/mini-drop/mini-drop/web/node_modules/antd/lib/space/index.js:44:39
2026-10-01T18:31:16.5557666Z     at main
2026-10-01T18:31:16.5557993Z     at div
2026-10-01T18:31:16.5558797Z     at EvalPanel (/home/runner/work/mini-drop/mini-drop/web/src/components/EvalPanel.jsx:445:22)
2026-10-01T18:31:16.5560023Z Warning: An update to CSSMotion inside a test was not wrapped in act(...).
2026-10-01T18:31:16.5586182Z 
2026-10-01T18:31:16.5587152Z When testing, code that causes React state updates should be wrapped into act(...):
2026-10-01T18:31:16.5587800Z 
2026-10-01T18:31:16.5587959Z act(() => {
2026-10-01T18:31:16.5588379Z   /* fire events that update state */
2026-10-01T18:31:16.5588852Z });
2026-10-01T18:31:16.5589244Z /* assert on the output */
2026-10-01T18:31:16.5589571Z 
2026-10-01T18:31:16.5590718Z This ensures that you're testing the behavior the user would see in the browser. Learn more at https://reactjs.org/link/wrap-tests-with-act
2026-10-01T18:31:16.5592346Z     at /home/runner/work/mini-drop/mini-drop/web/node_modules/rc-motion/lib/CSSMotion.js:42:32
2026-10-01T18:31:16.5593708Z     at /home/runner/work/mini-drop/mini-drop/web/node_modules/antd/lib/alert/Alert.js:74:7
2026-10-01T18:31:16.5594523Z     at section
2026-10-01T18:31:16.5595938Z     at EngineeringDiagnosisSummary (/home/runner/work/mini-drop/mini-drop/web/src/components/EngineeringDiagnosisSummary.jsx:14:40)
2026-10-01T18:31:16.5597080Z     at div
2026-10-01T18:31:16.5597884Z     at Item (/home/runner/work/mini-drop/mini-drop/web/node_modules/antd/lib/space/Item.js:12:3)
2026-10-01T18:31:16.5598683Z     at div
2026-10-01T18:31:16.5599418Z     at /home/runner/work/mini-drop/mini-drop/web/node_modules/antd/lib/space/index.js:44:39
2026-10-01T18:31:16.5600201Z     at main
2026-10-01T18:31:16.5600526Z     at div
2026-10-01T18:31:16.5601311Z     at EvalPanel (/home/runner/work/mini-drop/mini-drop/web/src/components/EvalPanel.jsx:445:22)
2026-10-01T18:31:16.5602006Z 
2026-10-01T18:31:17.1846579Z [90mstderr[2m | src/components/SkillExperimentPanel.test.jsx[2m > [22m[2mSkillExperimentPanel[2m > [22m[2muses the server-assigned arm and never asks the browser to choose one
2026-10-01T18:31:17.1849024Z [22m[39mWarning: [antd: Card] `bordered` is deprecated. Please use `variant` instead.
2026-10-01T18:31:17.1850500Z Warning: [antd: Card] `bordered` is deprecated. Please use `variant` instead.
2026-10-01T18:31:17.1851329Z 
2026-10-01T18:31:17.7527315Z Not implemented: Window's getComputedStyle() method: with pseudo-elements
2026-10-01T18:31:17.7588219Z [90mstderr[2m | src/components/SkillExperimentPanel.test.jsx[2m > [22m[2mSkillExperimentPanel[2m > [22m[2muses the server-assigned arm and never asks the browser to choose one
2026-10-01T18:31:17.7656916Z [22m[39mWarning: [antd: Card] `bordered` is deprecated. Please use `variant` instead.
2026-10-01T18:31:17.7745937Z 
2026-10-01T18:31:18.1368055Z [90mstderr[2m | src/components/SkillExperimentPanel.test.jsx[2m > [22m[2mSkillExperimentPanel[2m > [22m[2muses the server-assigned arm and never asks the browser to choose one
2026-10-01T18:31:18.1396922Z [22m[39mWarning: [antd: Card] `bordered` is deprecated. Please use `variant` instead.
2026-10-01T18:31:18.1448510Z 
2026-10-01T18:31:18.1537931Z [90mstderr[2m | src/components/SkillExperimentPanel.test.jsx[2m > [22m[2mSkillExperimentPanel[2m > [22m[2muses the server-assigned arm and never asks the browser to choose one
2026-10-01T18:31:18.1566918Z [22m[39mWarning: [antd: Card] `bordered` is deprecated. Please use `variant` instead.
2026-10-01T18:31:18.1567624Z 
2026-10-01T18:31:18.1808149Z [90mstderr[2m | src/components/SkillExperimentPanel.test.jsx[2m > [22m[2mSkillExperimentPanel[2m > [22m[2muses the server-assigned arm and never asks the browser to choose one
2026-10-01T18:31:18.1836927Z [22m[39mWarning: [antd: Card] `bordered` is deprecated. Please use `variant` instead.
2026-10-01T18:31:18.1837576Z 
2026-10-01T18:31:18.2117808Z  [32m✓[39m src/components/SkillExperimentPanel.test.jsx [2m([22m[2m1 test[22m[2m)[22m[33m 2111[2mms[22m[39m
2026-10-01T18:31:18.2157405Z      [33m[2m✓[22m[39m uses the server-assigned arm and never asks the browser to choose one [33m 2104[2mms[22m[39m
2026-10-01T18:31:20.6739304Z  [32m✓[39m src/components/PlannerBlock.test.jsx [2m([22m[2m1 test[22m[2m)[22m[33m 582[2mms[22m[39m
2026-10-01T18:31:20.6742105Z      [33m[2m✓[22m[39m merges cross-round paraphrases while keeping the latest state and unique causes [33m 578[2mms[22m[39m
2026-10-01T18:31:21.7243430Z Not implemented: Window's getComputedStyle() method: with pseudo-elements
2026-10-01T18:31:21.8737160Z Not implemented: Window's getComputedStyle() method: with pseudo-elements
2026-10-01T18:31:22.6247255Z Not implemented: Window's getComputedStyle() method: with pseudo-elements
2026-10-01T18:31:22.7513794Z  [32m✓[39m src/components/FixVerificationPanel.test.jsx [2m([22m[2m3 tests[22m[2m)[22m[33m 1689[2mms[22m[39m
2026-10-01T18:31:22.7516153Z      [33m[2m✓[22m[39m shows an explicit unverified outcome when no repair records exist [33m 712[2mms[22m[39m
2026-10-01T18:31:22.7517866Z      [33m[2m✓[22m[39m does not mistake a load failure for an absent repair [33m 473[2mms[22m[39m
2026-10-01T18:31:22.7519319Z      [33m[2m✓[22m[39m renders past verification records [33m 500[2mms[22m[39m
2026-10-01T18:31:23.4636401Z  [32m✓[39m src/components/EvidenceCard.test.jsx [2m([22m[2m2 tests[22m[2m)[22m[33m 627[2mms[22m[39m
2026-10-01T18:31:23.4639002Z      [33m[2m✓[22m[39m uses Chinese evidence role, gate decision, tool and observation labels [33m 542[2mms[22m[39m
2026-10-01T18:31:24.2108671Z  [32m✓[39m src/utils/asyncProfiler.test.js [2m([22m[2m8 tests[22m[2m)[22m[32m 14[2mms[22m[39m
2026-10-01T18:31:26.1008241Z  [32m✓[39m src/components/SafeMarkdown.test.jsx [2m([22m[2m4 tests[22m[2m)[22m[32m 106[2mms[22m[39m
2026-10-01T18:31:26.9454301Z Not implemented: Window's getComputedStyle() method: with pseudo-elements
2026-10-01T18:31:27.2410598Z Not implemented: Window's getComputedStyle() method: with pseudo-elements
2026-10-01T18:31:27.4980570Z Not implemented: Window's getComputedStyle() method: with pseudo-elements
2026-10-01T18:31:27.7649150Z  [32m✓[39m src/utils/sysMetrics.test.js [2m([22m[2m3 tests[22m[2m)[22m[32m 10[2mms[22m[39m
2026-10-01T18:31:27.8090201Z  [32m✓[39m src/components/DiagnosisFinding.test.jsx [2m([22m[2m2 tests[22m[2m)[22m[33m 551[2mms[22m[39m
2026-10-01T18:31:27.8131216Z      [33m[2m✓[22m[39m retains a supported report when a later branch is inconclusive, without hiding limitations [33m 537[2mms[22m[39m
2026-10-01T18:31:28.2728699Z Not implemented: Window's getComputedStyle() method: with pseudo-elements
2026-10-01T18:31:28.3552447Z  [32m✓[39m src/pages/Schedules.test.jsx [2m([22m[2m3 tests[22m[2m)[22m[33m 2480[2mms[22m[39m
2026-10-01T18:31:28.3554202Z      [33m[2m✓[22m[39m renders the schedule list [33m 1234[2mms[22m[39m
2026-10-01T18:31:28.3560680Z      [33m[2m✓[22m[39m opens the creation drawer from the primary action [33m 981[2mms[22m[39m
2026-10-01T18:31:29.9729046Z  [32m✓[39m src/utils/latsReplay.test.js [2m([22m[2m3 tests[22m[2m)[22m[32m 9[2mms[22m[39m
2026-10-01T18:31:31.3852970Z  [32m✓[39m src/utils/parseJsonPayload.test.js [2m([22m[2m2 tests[22m[2m)[22m[32m 8[2mms[22m[39m
2026-10-01T18:31:32.1638526Z  [32m✓[39m src/components/EngineeringDiagnosisSummary.integrity.test.jsx [2m([22m[2m4 tests[22m[2m)[22m[33m 836[2mms[22m[39m
2026-10-01T18:31:32.1640851Z    [33m[2m✓[22m[39m rejects an inconsistent refutation aggregate: inflated [33m 681[2mms[22m[39m
2026-10-01T18:31:32.8646647Z  [32m✓[39m src/utils/agentMetrics.test.js [2m([22m[2m2 tests[22m[2m)[22m[32m 7[2mms[22m[39m
2026-10-01T18:31:33.6407654Z  [32m✓[39m src/utils/parseJsonOffMainThread.test.js [2m([22m[2m1 test[22m[2m)[22m[32m 11[2mms[22m[39m
2026-10-01T18:31:33.7670368Z  [32m✓[39m src/components/DiagnosisCaseList.test.jsx [2m([22m[2m1 test[22m[2m)[22m[33m 882[2mms[22m[39m
2026-10-01T18:31:33.7687538Z      [33m[2m✓[22m[39m separates FULL_LATS frozen replay sessions from ordinary live diagnoses [33m 879[2mms[22m[39m
2026-10-01T18:31:34.4342646Z  [32m✓[39m src/utils/diagnosisQuery.test.js [2m([22m[2m3 tests[22m[2m)[22m[32m 4[2mms[22m[39m
2026-10-01T18:31:35.3928181Z  [32m✓[39m src/utils/skillBenchmark.test.js [2m([22m[2m7 tests[22m[2m)[22m[32m 8[2mms[22m[39m
2026-10-01T18:31:35.7925080Z  [32m✓[39m src/utils/latsSearch.test.js [2m([22m[2m8 tests[22m[2m)[22m[32m 5[2mms[22m[39m
2026-10-01T18:31:36.8586654Z  [32m✓[39m src/components/StatusTag.test.jsx [2m([22m[2m2 tests[22m[2m)[22m[32m 232[2mms[22m[39m
2026-10-01T18:31:36.8671198Z 
2026-10-01T18:31:36.8677888Z [2m Test Files [22m [1m[32m50 passed[39m[22m[90m (50)[39m
2026-10-01T18:31:36.8679406Z [2m      Tests [22m [1m[32m313 passed[39m[22m[90m (313)[39m
2026-10-01T18:31:36.8680234Z [2m   Start at [22m 18:30:06
2026-10-01T18:31:36.8682680Z [2m   Duration [22m 90.32s[2m (transform 3.23s, setup 8.25s, import 107.14s, tests 86.36s, environment 55.19s)[22m
2026-10-01T18:31:36.8683978Z 
2026-10-01T18:31:36.9268129Z ##[group]Run npm run audit:prod
2026-10-01T18:31:36.9268456Z [36;1mnpm run audit:prod[0m
2026-10-01T18:31:36.9339238Z shell: /usr/bin/bash -e {0}
2026-10-01T18:31:36.9339505Z ##[endgroup]
2026-10-01T18:31:37.0410831Z 
2026-10-01T18:31:37.0411537Z > mini-drop-web@0.1.0 audit:prod
2026-10-01T18:31:37.0412618Z > npm audit --omit=dev --audit-level=high --registry=https://registry.npmjs.org
2026-10-01T18:31:37.0413285Z 
2026-10-01T18:31:37.5678154Z # npm audit report
2026-10-01T18:31:37.5678458Z 
2026-10-01T18:31:37.5678702Z dompurify  3.4.13 - 3.4.15
2026-10-01T18:31:37.5680469Z DOMPurify: IN_PLACE: node-removing afterSanitize hook leaves detached subtree event handlers armed, causing DOM XSS - https://github.com/advisories/GHSA-p98j-92pf-mc4p
2026-10-01T18:31:37.5682032Z fix available via `npm audit fix`
2026-10-01T18:31:37.5682593Z node_modules/dompurify
2026-10-01T18:31:37.5682881Z 
2026-10-01T18:31:37.5683116Z 1 low severity vulnerability
2026-10-01T18:31:37.5683426Z 
2026-10-01T18:31:37.5683868Z To address all issues, run:
2026-10-01T18:31:37.5684343Z   npm audit fix
2026-10-01T18:31:37.5878594Z ##[group]Run npm run build:check
2026-10-01T18:31:37.5878908Z [36;1mnpm run build:check[0m
2026-10-01T18:31:37.5961260Z shell: /usr/bin/bash -e {0}
2026-10-01T18:31:37.5961674Z ##[endgroup]
2026-10-01T18:31:37.7056536Z 
2026-10-01T18:31:37.7057371Z > mini-drop-web@0.1.0 build:check
2026-10-01T18:31:37.7058200Z > vite build && node ../scripts/check_web_bundle.mjs
2026-10-01T18:31:37.7058647Z 
2026-10-01T18:31:37.9320544Z [36mvite v8.2.2 [32mbuilding client environment for production...[36m[39m
2026-10-01T18:31:37.9428139Z transforming...
2026-10-01T18:31:38.6663929Z ✓ 4596 modules transformed.
2026-10-01T18:31:38.8699558Z rendering chunks...
2026-10-01T18:31:39.0846812Z computing gzip size...
2026-10-01T18:31:39.1019593Z dist/index.html                                0.79 kB │ gzip:   0.42 kB
2026-10-01T18:31:39.1020521Z dist/assets/parseJson.worker-mxB42-VK.js       0.83 kB
2026-10-01T18:31:39.1021662Z dist/assets/TaskResult-BAn5yWN7.css            0.32 kB │ gzip:   0.24 kB
2026-10-01T18:31:39.1022968Z dist/assets/flamegraph-VXIZzpiT.css            0.60 kB │ gzip:   0.32 kB
2026-10-01T18:31:39.1024152Z dist/assets/index-IZHbRe47.css                 8.44 kB │ gzip:   2.63 kB
2026-10-01T18:31:39.1025343Z dist/assets/AIDiagnosis-ChKDK5_y.css          90.44 kB │ gzip:  16.76 kB
2026-10-01T18:31:39.1026925Z dist/assets/ErrorAlert-903HQ4EN.js             0.23 kB │ gzip:   0.19 kB
2026-10-01T18:31:39.1028152Z dist/assets/ArrowLeftOutlined-D5Rce3sA.js      0.60 kB │ gzip:   0.44 kB
2026-10-01T18:31:39.1029852Z dist/assets/rolldown-runtime-B0Z9INg1.js       0.90 kB │ gzip:   0.51 kB
2026-10-01T18:31:39.1031202Z dist/assets/agentMetrics-CZoJGXne.js           1.09 kB │ gzip:   0.67 kB
2026-10-01T18:31:39.1032551Z dist/assets/CloudServerOutlined-nqMoSLwN.js    1.33 kB │ gzip:   0.78 kB
2026-10-01T18:31:39.1033851Z dist/assets/StatusTag-AVBiLPOz.js              2.03 kB │ gzip:   0.82 kB
2026-10-01T18:31:39.1035072Z dist/assets/AuditLogs-DDyuXzIa.js              3.87 kB │ gzip:   1.88 kB
2026-10-01T18:31:39.1036594Z dist/assets/row-D_0PZE5A.js                    5.51 kB │ gzip:   2.24 kB
2026-10-01T18:31:39.1037800Z dist/assets/collectors-9W4-i_vQ.js             6.12 kB │ gzip:   1.78 kB
2026-10-01T18:31:39.1039060Z dist/assets/alert-C2yT8MYA.js                  6.35 kB │ gzip:   2.66 kB
2026-10-01T18:31:39.1040293Z dist/assets/AgentDetail-BmD8D5Su.js            7.71 kB │ gzip:   3.15 kB
2026-10-01T18:31:39.1041577Z dist/assets/ThunderboltOutlined-_zhhsc5p.js   10.29 kB │ gzip:   4.07 kB
2026-10-01T18:31:39.1042868Z dist/assets/usePolling-CeSosOBk.js            16.17 kB │ gzip:   6.83 kB
2026-10-01T18:31:39.1043880Z dist/assets/Schedules-BVAbL01O.js             17.26 kB │ gzip:   5.82 kB
2026-10-01T18:31:39.1045012Z dist/assets/input-number-BLKstg1f.js          23.73 kB │ gzip:   8.20 kB
2026-10-01T18:31:39.1046373Z dist/assets/modal-CGyc8tVo.js                 27.89 kB │ gzip:   9.27 kB
2026-10-01T18:31:39.1047473Z dist/assets/TaskResult-rpg5wKoA.js            29.61 kB │ gzip:  10.78 kB
2026-10-01T18:31:39.1048510Z dist/assets/d3-OVqjLuRP.js                    36.91 kB │ gzip:  12.52 kB
2026-10-01T18:31:39.1049470Z dist/assets/PlayCircleOutlined-DDH4N-mk.js    37.49 kB │ gzip:  12.80 kB
2026-10-01T18:31:39.1050355Z dist/assets/axios-B0fvnqBc.js                 49.95 kB │ gzip:  18.75 kB
2026-10-01T18:31:39.1051209Z dist/assets/Dashboard-28918bSG.js             50.52 kB │ gzip:  16.62 kB
2026-10-01T18:31:39.1052059Z dist/assets/index-DqofSATb.js                 92.29 kB │ gzip:  32.16 kB
2026-10-01T18:31:39.1052916Z dist/assets/flamegraph-CSYLKD5W.js            96.97 kB │ gzip:  32.80 kB
2026-10-01T18:31:39.1053761Z dist/assets/react-C8_Uech3.js                178.38 kB │ gzip:  58.94 kB
2026-10-01T18:31:39.1054590Z dist/assets/table-B3EaWpvJ.js                343.42 kB │ gzip: 105.31 kB
2026-10-01T18:31:39.1055438Z dist/assets/SafeMarkdown-6FBWZs14.js         389.11 kB │ gzip: 122.03 kB
2026-10-01T18:31:39.1056571Z dist/assets/client-C9stzVXG.js               397.22 kB │ gzip: 127.31 kB
2026-10-01T18:31:39.1057742Z dist/assets/AIDiagnosis-BQrjdgxA.js          429.30 kB │ gzip: 135.73 kB
2026-10-01T18:31:39.1058624Z dist/assets/echarts-C79zCWSK.js              612.21 kB │ gzip: 206.37 kB
2026-10-01T18:31:39.1059026Z 
2026-10-01T18:31:39.1059506Z [33m[plugin builtin:vite-reporter] 
2026-10-01T18:31:39.1060146Z (!) Some chunks are larger than 600 kB after minification. Consider:
2026-10-01T18:31:39.1060820Z - Using dynamic import() to code-split the application
2026-10-01T18:31:39.1062005Z - Use build.rolldownOptions.output.codeSplitting to improve chunking: https://rolldown.rs/reference/OutputOptions.codeSplitting
2026-10-01T18:31:39.1063301Z - Adjust chunk size limit for this warning via build.chunkSizeWarningLimit.[39m
2026-10-01T18:31:39.1063963Z [32m✓ built in 1.17s[39m
2026-10-01T18:31:39.1720592Z web bundle check passed: entry 701.9 KiB across 5 files; largest chunk echarts-C79zCWSK.js 597.9 KiB
2026-10-01T18:31:39.1921256Z Post job cleanup.
2026-10-01T18:31:39.3264804Z (node:2734) [DEP0040] DeprecationWarning: The `punycode` module is deprecated. Please use a userland alternative instead.
2026-10-01T18:31:39.3266035Z (Use `node --trace-deprecation ...` to show where the warning was created)
2026-10-01T18:31:39.3269816Z Cache hit occurred on the primary key node-cache-Linux-x64-npm-a79428a48f53c819bdf3224c6f533bf526ae1b21f28f4ee918b0bcba5121d960, not saving cache.
2026-10-01T18:31:39.3430277Z Post job cleanup.
2026-10-01T18:31:39.4355131Z [command]/usr/bin/git version
2026-10-01T18:31:39.4401796Z git version 2.55.0
2026-10-01T18:31:39.4443834Z Temporarily overriding HOME='/home/runner/work/_temp/99a40f91-20b9-4a36-bd48-7a6ffa56348c' before making global git config changes
2026-10-01T18:31:39.4445451Z Adding repository directory to the temporary git global config as a safe directory
2026-10-01T18:31:39.4450517Z [command]/usr/bin/git config --global --add safe.directory /home/runner/work/mini-drop/mini-drop
2026-10-01T18:31:39.4494483Z [command]/usr/bin/git config --local --name-only --get-regexp core\.sshCommand
2026-10-01T18:31:39.4539850Z [command]/usr/bin/git submodule foreach --recursive sh -c "git config --local --name-only --get-regexp 'core\.sshCommand' && git config --local --unset-all 'core.sshCommand' || :"
2026-10-01T18:31:39.4849440Z [command]/usr/bin/git config --local --name-only --get-regexp http\.https\:\/\/github\.com\/\.extraheader
2026-10-01T18:31:39.4886973Z http.https://github.com/.extraheader
2026-10-01T18:31:39.4896361Z [command]/usr/bin/git config --local --unset-all http.https://github.com/.extraheader
2026-10-01T18:31:39.4943543Z [command]/usr/bin/git submodule foreach --recursive sh -c "git config --local --name-only --get-regexp 'http\.https\:\/\/github\.com\/\.extraheader' && git config --local --unset-all 'http.https://github.com/.extraheader' || :"
2026-10-01T18:31:39.5245023Z [command]/usr/bin/git config --local --name-only --get-regexp ^includeIf\.gitdir:
2026-10-01T18:31:39.5293503Z [command]/usr/bin/git submodule foreach --recursive git config --local --show-origin --name-only --get-regexp remote.origin.url
2026-10-01T18:31:39.5734646Z Cleaning up orphan processes
2026-10-01T18:31:39.6064964Z ##[warning]Node.js 20 is deprecated. The following actions target Node.js 20 but are being forced to run on Node.js 24: actions/checkout@v4, actions/setup-node@v4. For more information see: https://github.blog/changelog/2025-09-19-deprecation-of-node-20-on-github-actions-runners/
