#1 [internal] load local bake definitions
#1 reading from stdin 2.63kB done
#1 DONE 0.0s

#2 [internal] load build definition from native-agent.Dockerfile
#2 transferring dockerfile: 2.64kB done
#2 DONE 0.0s

#3 [internal] load metadata for docker.io/library/ubuntu:22.04
#3 DONE 0.2s

#4 [internal] load .dockerignore
#4 transferring context: 653B done
#4 DONE 0.0s

#5 [builder 1/8] FROM docker.io/library/ubuntu:22.04@sha256:b1066385161d28ddf6bc7e7b28a9170eec11484c821d1a5150d176cbde41d7f7
#5 CACHED

#6 [internal] load build context
#6 transferring context: 616.18kB 0.0s done
#6 DONE 0.0s

#7 [builder 2/8] RUN sed -i     -e "s|http://archive.ubuntu.com/ubuntu|http://archive.ubuntu.com/ubuntu|g"     -e "s|http://security.ubuntu.com/ubuntu|http://archive.ubuntu.com/ubuntu|g"     /etc/apt/sources.list     && apt-get update && apt-get install -y --no-install-recommends     build-essential     cmake     libgrpc++-dev     libprotobuf-dev     pkg-config     protobuf-compiler     protobuf-compiler-grpc     && rm -rf /var/lib/apt/lists/*
#7 0.401 Get:1 http://archive.ubuntu.com/ubuntu jammy InRelease [270 kB]
#7 1.130 Get:2 http://archive.ubuntu.com/ubuntu jammy-updates InRelease [128 kB]
#7 1.306 Get:3 http://archive.ubuntu.com/ubuntu jammy-backports InRelease [127 kB]
#7 1.481 Get:4 http://archive.ubuntu.com/ubuntu jammy-security InRelease [129 kB]
#7 1.657 Get:5 http://archive.ubuntu.com/ubuntu jammy/universe amd64 Packages [17.5 MB]
#7 2.669 Get:6 http://archive.ubuntu.com/ubuntu jammy/restricted amd64 Packages [164 kB]
#7 2.766 Get:7 http://archive.ubuntu.com/ubuntu jammy/main amd64 Packages [1792 kB]
#7 2.777 Get:8 http://archive.ubuntu.com/ubuntu jammy/multiverse amd64 Packages [266 kB]
#7 2.777 Get:9 http://archive.ubuntu.com/ubuntu jammy-updates/multiverse amd64 Packages [93.2 kB]
#7 2.778 Get:10 http://archive.ubuntu.com/ubuntu jammy-updates/main amd64 Packages [4747 kB]
#7 2.983 Get:11 http://archive.ubuntu.com/ubuntu jammy-updates/restricted amd64 Packages [8198 kB]
#7 3.259 Get:12 http://archive.ubuntu.com/ubuntu jammy-updates/universe amd64 Packages [1623 kB]
#7 3.314 Get:13 http://archive.ubuntu.com/ubuntu jammy-backports/universe amd64 Packages [35.6 kB]
#7 3.315 Get:14 http://archive.ubuntu.com/ubuntu jammy-backports/main amd64 Packages [82.9 kB]
#7 3.318 Get:15 http://archive.ubuntu.com/ubuntu jammy-security/universe amd64 Packages [1321 kB]
#7 3.361 Get:16 http://archive.ubuntu.com/ubuntu jammy-security/restricted amd64 Packages [7843 kB]
#7 3.625 Get:17 http://archive.ubuntu.com/ubuntu jammy-security/multiverse amd64 Packages [84.6 kB]
#7 3.626 Get:18 http://archive.ubuntu.com/ubuntu jammy-security/main amd64 Packages [4376 kB]
#7 4.274 Fetched 48.8 MB in 4s (11.8 MB/s)
#7 4.274 Reading package lists...
#7 5.123 Reading package lists...
#7 5.937 Building dependency tree...
#7 6.059 Reading state information...
#7 6.214 The following additional packages will be installed:
#7 6.214   binutils binutils-common binutils-x86-64-linux-gnu bzip2 cmake-data cpp
#7 6.214   cpp-11 dh-elpa-helper dpkg-dev emacsen-common g++ g++-11 gcc gcc-11
#7 6.214   gcc-11-base libabsl20210324 libarchive13 libasan6 libatomic1 libbinutils
#7 6.214   libbrotli1 libc-ares2 libc-dev-bin libc6-dev libcc1-0 libcrypt-dev
#7 6.214   libctf-nobfd0 libctf0 libcurl4 libdpkg-perl libexpat1 libgcc-11-dev
#7 6.214   libgdbm-compat4 libgdbm6 libglib2.0-0 libgomp1 libgrpc++1 libgrpc-dev
#7 6.214   libgrpc10 libicu70 libisl23 libitm1 libjsoncpp25 libldap-2.5-0 liblsan0
#7 6.214   libmpc3 libmpfr6 libnghttp2-14 libnsl-dev libperl5.34 libprotobuf-lite23
#7 6.214   libprotobuf23 libprotoc23 libpsl5 libquadmath0 librhash0 librtmp1 libsasl2-2
#7 6.214   libsasl2-modules-db libssh-4 libstdc++-11-dev libtirpc-dev libtsan0
#7 6.215   libubsan1 libuv1 libxml2 linux-libc-dev lto-disabled-list make patch perl
#7 6.215   perl-modules-5.34 rpcsvc-proto xz-utils zlib1g-dev
#7 6.216 Suggested packages:
#7 6.216   binutils-doc bzip2-doc cmake-doc ninja-build cmake-format cpp-doc
#7 6.216   gcc-11-locales debian-keyring g++-multilib g++-11-multilib gcc-11-doc
#7 6.216   gcc-multilib manpages-dev autoconf automake libtool flex bison gdb gcc-doc
#7 6.216   gcc-11-multilib lrzip glibc-doc gnupg git bzr gdbm-l10n libstdc++-11-doc
#7 6.216   make-doc ed diffutils-doc perl-doc libterm-readline-gnu-perl
#7 6.216   | libterm-readline-perl-perl libtap-harness-archive-perl protobuf-mode-el
#7 6.216 Recommended packages:
#7 6.216   fakeroot gnupg libalgorithm-merge-perl manpages manpages-dev libc-devtools
#7 6.216   ca-certificates libfile-fcntllock-perl liblocale-gettext-perl
#7 6.216   libglib2.0-data shared-mime-info xdg-user-dirs libldap-common publicsuffix
#7 6.216   libsasl2-modules netbase
#7 6.357 The following NEW packages will be installed:
#7 6.357   binutils binutils-common binutils-x86-64-linux-gnu build-essential bzip2
#7 6.357   cmake cmake-data cpp cpp-11 dh-elpa-helper dpkg-dev emacsen-common g++
#7 6.357   g++-11 gcc gcc-11 gcc-11-base libabsl20210324 libarchive13 libasan6
#7 6.357   libatomic1 libbinutils libbrotli1 libc-ares2 libc-dev-bin libc6-dev libcc1-0
#7 6.357   libcrypt-dev libctf-nobfd0 libctf0 libcurl4 libdpkg-perl libexpat1
#7 6.357   libgcc-11-dev libgdbm-compat4 libgdbm6 libglib2.0-0 libgomp1 libgrpc++-dev
#7 6.357   libgrpc++1 libgrpc-dev libgrpc10 libicu70 libisl23 libitm1 libjsoncpp25
#7 6.357   libldap-2.5-0 liblsan0 libmpc3 libmpfr6 libnghttp2-14 libnsl-dev libperl5.34
#7 6.357   libprotobuf-dev libprotobuf-lite23 libprotobuf23 libprotoc23 libpsl5
#7 6.357   libquadmath0 librhash0 librtmp1 libsasl2-2 libsasl2-modules-db libssh-4
#7 6.357   libstdc++-11-dev libtirpc-dev libtsan0 libubsan1 libuv1 libxml2
#7 6.358   linux-libc-dev lto-disabled-list make patch perl perl-modules-5.34
#7 6.358   pkg-config protobuf-compiler protobuf-compiler-grpc rpcsvc-proto xz-utils
#7 6.358   zlib1g-dev
#7 6.465 0 upgraded, 82 newly installed, 0 to remove and 1 not upgraded.
#7 6.465 Need to get 102 MB of archives.
#7 6.465 After this operation, 390 MB of additional disk space will be used.
#7 6.465 Get:1 http://archive.ubuntu.com/ubuntu jammy-updates/main amd64 perl-modules-5.34 all 5.34.0-3ubuntu1.9 [2977 kB]
#7 6.865 Get:2 http://archive.ubuntu.com/ubuntu jammy/main amd64 libgdbm6 amd64 1.23-1 [33.9 kB]
#7 6.866 Get:3 http://archive.ubuntu.com/ubuntu jammy/main amd64 libgdbm-compat4 amd64 1.23-1 [6606 B]
#7 6.867 Get:4 http://archive.ubuntu.com/ubuntu jammy-updates/main amd64 libperl5.34 amd64 5.34.0-3ubuntu1.9 [4796 kB]
#7 6.928 Get:5 http://archive.ubuntu.com/ubuntu jammy-updates/main amd64 perl amd64 5.34.0-3ubuntu1.9 [232 kB]
#7 6.930 Get:6 http://archive.ubuntu.com/ubuntu jammy-updates/main amd64 libexpat1 amd64 2.4.7-1ubuntu0.9 [96.9 kB]
#7 6.931 Get:7 http://archive.ubuntu.com/ubuntu jammy-updates/main amd64 libglib2.0-0 amd64 2.72.4-0ubuntu2.10 [1469 kB]
#7 6.945 Get:8 http://archive.ubuntu.com/ubuntu jammy/main amd64 libicu70 amd64 70.1-2 [10.6 MB]
#7 7.055 Get:9 http://archive.ubuntu.com/ubuntu jammy-updates/main amd64 libxml2 amd64 2.9.13+dfsg-1ubuntu0.13 [764 kB]
#7 7.062 Get:10 http://archive.ubuntu.com/ubuntu jammy-updates/main amd64 libnghttp2-14 amd64 1.43.0-1ubuntu0.4 [76.9 kB]
#7 7.062 Get:11 http://archive.ubuntu.com/ubuntu jammy/main amd64 libpsl5 amd64 0.21.0-1.2build2 [58.4 kB]
#7 7.063 Get:12 http://archive.ubuntu.com/ubuntu jammy-updates/main amd64 libuv1 amd64 1.43.0-1ubuntu0.1 [92.7 kB]
#7 7.064 Get:13 http://archive.ubuntu.com/ubuntu jammy-updates/main amd64 xz-utils amd64 5.2.5-2ubuntu1.1 [84.8 kB]
#7 7.065 Get:14 http://archive.ubuntu.com/ubuntu jammy-updates/main amd64 binutils-common amd64 2.38-4ubuntu2.12 [223 kB]
#7 7.067 Get:15 http://archive.ubuntu.com/ubuntu jammy-updates/main amd64 libbinutils amd64 2.38-4ubuntu2.12 [663 kB]
#7 7.073 Get:16 http://archive.ubuntu.com/ubuntu jammy-updates/main amd64 libctf-nobfd0 amd64 2.38-4ubuntu2.12 [108 kB]
#7 7.074 Get:17 http://archive.ubuntu.com/ubuntu jammy-updates/main amd64 libctf0 amd64 2.38-4ubuntu2.12 [103 kB]
#7 7.099 Get:18 http://archive.ubuntu.com/ubuntu jammy-updates/main amd64 binutils-x86-64-linux-gnu amd64 2.38-4ubuntu2.12 [2324 kB]
#7 7.143 Get:19 http://archive.ubuntu.com/ubuntu jammy-updates/main amd64 binutils amd64 2.38-4ubuntu2.12 [3184 B]
#7 7.143 Get:20 http://archive.ubuntu.com/ubuntu jammy-updates/main amd64 libc-dev-bin amd64 2.35-0ubuntu3.15 [20.3 kB]
#7 7.144 Get:21 http://archive.ubuntu.com/ubuntu jammy-updates/main amd64 linux-libc-dev amd64 5.15.0-198.208 [1391 kB]
#7 7.151 Get:22 http://archive.ubuntu.com/ubuntu jammy/main amd64 libcrypt-dev amd64 1:4.4.27-1 [112 kB]
#7 7.152 Get:23 http://archive.ubuntu.com/ubuntu jammy/main amd64 rpcsvc-proto amd64 1.4.2-0ubuntu6 [68.5 kB]
#7 7.152 Get:24 http://archive.ubuntu.com/ubuntu jammy-updates/main amd64 libtirpc-dev amd64 1.3.2-2ubuntu0.1 [192 kB]
#7 7.154 Get:25 http://archive.ubuntu.com/ubuntu jammy/main amd64 libnsl-dev amd64 1.3.0-2build2 [71.3 kB]
#7 7.154 Get:26 http://archive.ubuntu.com/ubuntu jammy-updates/main amd64 libc6-dev amd64 2.35-0ubuntu3.15 [2100 kB]
#7 7.188 Get:27 http://archive.ubuntu.com/ubuntu jammy-updates/main amd64 gcc-11-base amd64 11.4.0-1ubuntu1~22.04.3 [216 kB]
#7 7.189 Get:28 http://archive.ubuntu.com/ubuntu jammy/main amd64 libisl23 amd64 0.24-2build1 [727 kB]
#7 7.229 Get:29 http://archive.ubuntu.com/ubuntu jammy/main amd64 libmpfr6 amd64 4.1.0-3build3 [1425 kB]
#7 7.237 Get:30 http://archive.ubuntu.com/ubuntu jammy/main amd64 libmpc3 amd64 1.2.1-2build1 [46.9 kB]
#7 7.238 Get:31 http://archive.ubuntu.com/ubuntu jammy-updates/main amd64 cpp-11 amd64 11.4.0-1ubuntu1~22.04.3 [10.0 MB]
#7 7.366 Get:32 http://archive.ubuntu.com/ubuntu jammy/main amd64 cpp amd64 4:11.2.0-1ubuntu1 [27.7 kB]
#7 7.366 Get:33 http://archive.ubuntu.com/ubuntu jammy-updates/main amd64 libcc1-0 amd64 12.3.0-1ubuntu1~22.04.3 [48.3 kB]
#7 7.367 Get:34 http://archive.ubuntu.com/ubuntu jammy-updates/main amd64 libgomp1 amd64 12.3.0-1ubuntu1~22.04.3 [127 kB]
#7 7.368 Get:35 http://archive.ubuntu.com/ubuntu jammy-updates/main amd64 libitm1 amd64 12.3.0-1ubuntu1~22.04.3 [30.2 kB]
#7 7.368 Get:36 http://archive.ubuntu.com/ubuntu jammy-updates/main amd64 libatomic1 amd64 12.3.0-1ubuntu1~22.04.3 [10.5 kB]
#7 7.368 Get:37 http://archive.ubuntu.com/ubuntu jammy-updates/main amd64 libasan6 amd64 11.4.0-1ubuntu1~22.04.3 [2283 kB]
#7 7.391 Get:38 http://archive.ubuntu.com/ubuntu jammy-updates/main amd64 liblsan0 amd64 12.3.0-1ubuntu1~22.04.3 [1069 kB]
#7 7.412 Get:39 http://archive.ubuntu.com/ubuntu jammy-updates/main amd64 libtsan0 amd64 11.4.0-1ubuntu1~22.04.3 [2260 kB]
#7 7.435 Get:40 http://archive.ubuntu.com/ubuntu jammy-updates/main amd64 libubsan1 amd64 12.3.0-1ubuntu1~22.04.3 [976 kB]
#7 7.445 Get:41 http://archive.ubuntu.com/ubuntu jammy-updates/main amd64 libquadmath0 amd64 12.3.0-1ubuntu1~22.04.3 [154 kB]
#7 7.455 Get:42 http://archive.ubuntu.com/ubuntu jammy-updates/main amd64 libgcc-11-dev amd64 11.4.0-1ubuntu1~22.04.3 [2517 kB]
#7 7.481 Get:43 http://archive.ubuntu.com/ubuntu jammy-updates/main amd64 gcc-11 amd64 11.4.0-1ubuntu1~22.04.3 [20.1 MB]
#7 7.688 Get:44 http://archive.ubuntu.com/ubuntu jammy/main amd64 gcc amd64 4:11.2.0-1ubuntu1 [5112 B]
#7 7.689 Get:45 http://archive.ubuntu.com/ubuntu jammy-updates/main amd64 libstdc++-11-dev amd64 11.4.0-1ubuntu1~22.04.3 [2101 kB]
#7 7.708 Get:46 http://archive.ubuntu.com/ubuntu jammy-updates/main amd64 g++-11 amd64 11.4.0-1ubuntu1~22.04.3 [11.4 MB]
#7 7.825 Get:47 http://archive.ubuntu.com/ubuntu jammy/main amd64 g++ amd64 4:11.2.0-1ubuntu1 [1412 B]
#7 7.826 Get:48 http://archive.ubuntu.com/ubuntu jammy/main amd64 make amd64 4.3-4.1build1 [180 kB]
#7 7.827 Get:49 http://archive.ubuntu.com/ubuntu jammy-updates/main amd64 libdpkg-perl all 1.21.1ubuntu2.6 [237 kB]
#7 7.829 Get:50 http://archive.ubuntu.com/ubuntu jammy-updates/main amd64 bzip2 amd64 1.0.8-5ubuntu0.1 [34.8 kB]
#7 7.830 Get:51 http://archive.ubuntu.com/ubuntu jammy/main amd64 patch amd64 2.7.6-7build2 [109 kB]
#7 7.830 Get:52 http://archive.ubuntu.com/ubuntu jammy/main amd64 lto-disabled-list all 24 [12.5 kB]
#7 7.831 Get:53 http://archive.ubuntu.com/ubuntu jammy-updates/main amd64 dpkg-dev all 1.21.1ubuntu2.6 [922 kB]
#7 7.840 Get:54 http://archive.ubuntu.com/ubuntu jammy/main amd64 build-essential amd64 12.9ubuntu3 [4744 B]
#7 7.840 Get:55 http://archive.ubuntu.com/ubuntu jammy-updates/main amd64 libarchive13 amd64 3.6.0-1ubuntu1.8 [368 kB]
#7 7.870 Get:56 http://archive.ubuntu.com/ubuntu jammy/main amd64 libbrotli1 amd64 1.0.9-2build6 [315 kB]
#7 7.914 Get:57 http://archive.ubuntu.com/ubuntu jammy-updates/main amd64 libsasl2-modules-db amd64 2.1.27+dfsg2-3ubuntu1.2 [20.5 kB]
#7 7.914 Get:58 http://archive.ubuntu.com/ubuntu jammy-updates/main amd64 libsasl2-2 amd64 2.1.27+dfsg2-3ubuntu1.2 [53.8 kB]
#7 7.915 Get:59 http://archive.ubuntu.com/ubuntu jammy-updates/main amd64 libldap-2.5-0 amd64 2.5.20+dfsg-0ubuntu0.22.04.1 [184 kB]
#7 7.916 Get:60 http://archive.ubuntu.com/ubuntu jammy/main amd64 librtmp1 amd64 2.4+20151223.gitfa8646d.1-2build4 [58.2 kB]
#7 7.916 Get:61 http://archive.ubuntu.com/ubuntu jammy-updates/main amd64 libssh-4 amd64 0.9.6-2ubuntu0.22.04.8 [189 kB]
#7 7.918 Get:62 http://archive.ubuntu.com/ubuntu jammy-updates/main amd64 libcurl4 amd64 7.81.0-1ubuntu1.29 [292 kB]
#7 7.920 Get:63 http://archive.ubuntu.com/ubuntu jammy/main amd64 libjsoncpp25 amd64 1.9.5-3 [80.0 kB]
#7 7.921 Get:64 http://archive.ubuntu.com/ubuntu jammy/main amd64 librhash0 amd64 1.4.2-1ubuntu1 [125 kB]
#7 7.922 Get:65 http://archive.ubuntu.com/ubuntu jammy/main amd64 dh-elpa-helper all 2.0.9ubuntu1 [7610 B]
#7 7.957 Get:66 http://archive.ubuntu.com/ubuntu jammy/main amd64 emacsen-common all 3.0.4 [14.9 kB]
#7 8.000 Get:67 http://archive.ubuntu.com/ubuntu jammy-updates/main amd64 cmake-data all 3.22.1-1ubuntu1.22.04.2 [1913 kB]
#7 8.016 Get:68 http://archive.ubuntu.com/ubuntu jammy-updates/main amd64 cmake amd64 3.22.1-1ubuntu1.22.04.2 [5010 kB]
#7 8.066 Get:69 http://archive.ubuntu.com/ubuntu jammy-updates/main amd64 libabsl20210324 amd64 0~20210324.2-2ubuntu0.3 [386 kB]
#7 8.069 Get:70 http://archive.ubuntu.com/ubuntu jammy-updates/main amd64 libc-ares2 amd64 1.18.1-1ubuntu0.22.04.3 [45.1 kB]
#7 8.069 Get:71 http://archive.ubuntu.com/ubuntu jammy/universe amd64 libgrpc10 amd64 1.30.2-3build6 [1470 kB]
#7 8.090 Get:72 http://archive.ubuntu.com/ubuntu jammy-updates/main amd64 libprotobuf23 amd64 3.12.4-1ubuntu7.22.04.6 [877 kB]
#7 8.097 Get:73 http://archive.ubuntu.com/ubuntu jammy/universe amd64 libgrpc++1 amd64 1.30.2-3build6 [402 kB]
#7 8.100 Get:74 http://archive.ubuntu.com/ubuntu jammy/universe amd64 libgrpc-dev amd64 1.30.2-3build6 [1066 kB]
#7 8.109 Get:75 http://archive.ubuntu.com/ubuntu jammy/universe amd64 libgrpc++-dev amd64 1.30.2-3build6 [564 kB]
#7 8.114 Get:76 http://archive.ubuntu.com/ubuntu jammy-updates/main amd64 libprotobuf-lite23 amd64 3.12.4-1ubuntu7.22.04.6 [209 kB]
#7 8.115 Get:77 http://archive.ubuntu.com/ubuntu jammy-updates/main amd64 libprotoc23 amd64 3.12.4-1ubuntu7.22.04.6 [662 kB]
#7 8.131 Get:78 http://archive.ubuntu.com/ubuntu jammy/main amd64 pkg-config amd64 0.29.2-1ubuntu3 [48.2 kB]
#7 8.131 Get:79 http://archive.ubuntu.com/ubuntu jammy-updates/universe amd64 protobuf-compiler amd64 3.12.4-1ubuntu7.22.04.6 [29.2 kB]
#7 8.131 Get:80 http://archive.ubuntu.com/ubuntu jammy/universe amd64 protobuf-compiler-grpc amd64 1.30.2-3build6 [185 kB]
#7 8.174 Get:81 http://archive.ubuntu.com/ubuntu jammy-updates/main amd64 zlib1g-dev amd64 1:1.2.11.dfsg-2ubuntu9.2 [164 kB]
#7 8.175 Get:82 http://archive.ubuntu.com/ubuntu jammy-updates/main amd64 libprotobuf-dev amd64 3.12.4-1ubuntu7.22.04.6 [1347 kB]
#7 8.276 debconf: delaying package configuration, since apt-utils is not installed
#7 8.295 Fetched 102 MB in 2s (55.9 MB/s)
#7 8.304 Selecting previously unselected package perl-modules-5.34.
#7 8.304 (Reading database ... 
(Reading database ... 5%
(Reading database ... 10%
(Reading database ... 15%
(Reading database ... 20%
(Reading database ... 25%
(Reading database ... 30%
(Reading database ... 35%
(Reading database ... 40%
(Reading database ... 45%
(Reading database ... 50%
(Reading database ... 55%
(Reading database ... 60%
(Reading database ... 65%
(Reading database ... 70%
(Reading database ... 75%
(Reading database ... 80%
(Reading database ... 85%
(Reading database ... 90%
(Reading database ... 95%
(Reading database ... 100%
(Reading database ... 4393 files and directories currently installed.)
#7 8.308 Preparing to unpack .../00-perl-modules-5.34_5.34.0-3ubuntu1.9_all.deb ...
#7 8.308 Unpacking perl-modules-5.34 (5.34.0-3ubuntu1.9) ...
#7 8.448 Selecting previously unselected package libgdbm6:amd64.
#7 8.449 Preparing to unpack .../01-libgdbm6_1.23-1_amd64.deb ...
#7 8.451 Unpacking libgdbm6:amd64 (1.23-1) ...
#7 8.460 Selecting previously unselected package libgdbm-compat4:amd64.
#7 8.461 Preparing to unpack .../02-libgdbm-compat4_1.23-1_amd64.deb ...
#7 8.462 Unpacking libgdbm-compat4:amd64 (1.23-1) ...
#7 8.471 Selecting previously unselected package libperl5.34:amd64.
#7 8.471 Preparing to unpack .../03-libperl5.34_5.34.0-3ubuntu1.9_amd64.deb ...
#7 8.472 Unpacking libperl5.34:amd64 (5.34.0-3ubuntu1.9) ...
#7 8.593 Selecting previously unselected package perl.
#7 8.593 Preparing to unpack .../04-perl_5.34.0-3ubuntu1.9_amd64.deb ...
#7 8.597 Unpacking perl (5.34.0-3ubuntu1.9) ...
#7 8.609 Selecting previously unselected package libexpat1:amd64.
#7 8.610 Preparing to unpack .../05-libexpat1_2.4.7-1ubuntu0.9_amd64.deb ...
#7 8.610 Unpacking libexpat1:amd64 (2.4.7-1ubuntu0.9) ...
#7 8.621 Selecting previously unselected package libglib2.0-0:amd64.
#7 8.622 Preparing to unpack .../06-libglib2.0-0_2.72.4-0ubuntu2.10_amd64.deb ...
#7 8.623 Unpacking libglib2.0-0:amd64 (2.72.4-0ubuntu2.10) ...
#7 8.644 Selecting previously unselected package libicu70:amd64.
#7 8.645 Preparing to unpack .../07-libicu70_70.1-2_amd64.deb ...
#7 8.645 Unpacking libicu70:amd64 (70.1-2) ...
#7 8.755 Selecting previously unselected package libxml2:amd64.
#7 8.756 Preparing to unpack .../08-libxml2_2.9.13+dfsg-1ubuntu0.13_amd64.deb ...
#7 8.756 Unpacking libxml2:amd64 (2.9.13+dfsg-1ubuntu0.13) ...
#7 8.773 Selecting previously unselected package libnghttp2-14:amd64.
#7 8.773 Preparing to unpack .../09-libnghttp2-14_1.43.0-1ubuntu0.4_amd64.deb ...
#7 8.774 Unpacking libnghttp2-14:amd64 (1.43.0-1ubuntu0.4) ...
#7 8.784 Selecting previously unselected package libpsl5:amd64.
#7 8.785 Preparing to unpack .../10-libpsl5_0.21.0-1.2build2_amd64.deb ...
#7 8.785 Unpacking libpsl5:amd64 (0.21.0-1.2build2) ...
#7 8.795 Selecting previously unselected package libuv1:amd64.
#7 8.795 Preparing to unpack .../11-libuv1_1.43.0-1ubuntu0.1_amd64.deb ...
#7 8.796 Unpacking libuv1:amd64 (1.43.0-1ubuntu0.1) ...
#7 8.806 Selecting previously unselected package xz-utils.
#7 8.806 Preparing to unpack .../12-xz-utils_5.2.5-2ubuntu1.1_amd64.deb ...
#7 8.807 Unpacking xz-utils (5.2.5-2ubuntu1.1) ...
#7 8.817 Selecting previously unselected package binutils-common:amd64.
#7 8.818 Preparing to unpack .../13-binutils-common_2.38-4ubuntu2.12_amd64.deb ...
#7 8.819 Unpacking binutils-common:amd64 (2.38-4ubuntu2.12) ...
#7 8.829 Selecting previously unselected package libbinutils:amd64.
#7 8.829 Preparing to unpack .../14-libbinutils_2.38-4ubuntu2.12_amd64.deb ...
#7 8.830 Unpacking libbinutils:amd64 (2.38-4ubuntu2.12) ...
#7 8.847 Selecting previously unselected package libctf-nobfd0:amd64.
#7 8.847 Preparing to unpack .../15-libctf-nobfd0_2.38-4ubuntu2.12_amd64.deb ...
#7 8.848 Unpacking libctf-nobfd0:amd64 (2.38-4ubuntu2.12) ...
#7 8.858 Selecting previously unselected package libctf0:amd64.
#7 8.859 Preparing to unpack .../16-libctf0_2.38-4ubuntu2.12_amd64.deb ...
#7 8.859 Unpacking libctf0:amd64 (2.38-4ubuntu2.12) ...
#7 8.868 Selecting previously unselected package binutils-x86-64-linux-gnu.
#7 8.869 Preparing to unpack .../17-binutils-x86-64-linux-gnu_2.38-4ubuntu2.12_amd64.deb ...
#7 8.870 Unpacking binutils-x86-64-linux-gnu (2.38-4ubuntu2.12) ...
#7 8.920 Selecting previously unselected package binutils.
#7 8.920 Preparing to unpack .../18-binutils_2.38-4ubuntu2.12_amd64.deb ...
#7 8.921 Unpacking binutils (2.38-4ubuntu2.12) ...
#7 8.931 Selecting previously unselected package libc-dev-bin.
#7 8.931 Preparing to unpack .../19-libc-dev-bin_2.35-0ubuntu3.15_amd64.deb ...
#7 8.932 Unpacking libc-dev-bin (2.35-0ubuntu3.15) ...
#7 8.943 Selecting previously unselected package linux-libc-dev:amd64.
#7 8.944 Preparing to unpack .../20-linux-libc-dev_5.15.0-198.208_amd64.deb ...
#7 8.945 Unpacking linux-libc-dev:amd64 (5.15.0-198.208) ...
#7 9.067 Selecting previously unselected package libcrypt-dev:amd64.
#7 9.068 Preparing to unpack .../21-libcrypt-dev_1%3a4.4.27-1_amd64.deb ...
#7 9.069 Unpacking libcrypt-dev:amd64 (1:4.4.27-1) ...
#7 9.079 Selecting previously unselected package rpcsvc-proto.
#7 9.080 Preparing to unpack .../22-rpcsvc-proto_1.4.2-0ubuntu6_amd64.deb ...
#7 9.080 Unpacking rpcsvc-proto (1.4.2-0ubuntu6) ...
#7 9.091 Selecting previously unselected package libtirpc-dev:amd64.
#7 9.091 Preparing to unpack .../23-libtirpc-dev_1.3.2-2ubuntu0.1_amd64.deb ...
#7 9.092 Unpacking libtirpc-dev:amd64 (1.3.2-2ubuntu0.1) ...
#7 9.107 Selecting previously unselected package libnsl-dev:amd64.
#7 9.108 Preparing to unpack .../24-libnsl-dev_1.3.0-2build2_amd64.deb ...
#7 9.108 Unpacking libnsl-dev:amd64 (1.3.0-2build2) ...
#7 9.119 Selecting previously unselected package libc6-dev:amd64.
#7 9.120 Preparing to unpack .../25-libc6-dev_2.35-0ubuntu3.15_amd64.deb ...
#7 9.121 Unpacking libc6-dev:amd64 (2.35-0ubuntu3.15) ...
#7 9.189 Selecting previously unselected package gcc-11-base:amd64.
#7 9.189 Preparing to unpack .../26-gcc-11-base_11.4.0-1ubuntu1~22.04.3_amd64.deb ...
#7 9.190 Unpacking gcc-11-base:amd64 (11.4.0-1ubuntu1~22.04.3) ...
#7 9.201 Selecting previously unselected package libisl23:amd64.
#7 9.202 Preparing to unpack .../27-libisl23_0.24-2build1_amd64.deb ...
#7 9.203 Unpacking libisl23:amd64 (0.24-2build1) ...
#7 9.219 Selecting previously unselected package libmpfr6:amd64.
#7 9.219 Preparing to unpack .../28-libmpfr6_4.1.0-3build3_amd64.deb ...
#7 9.220 Unpacking libmpfr6:amd64 (4.1.0-3build3) ...
#7 9.239 Selecting previously unselected package libmpc3:amd64.
#7 9.240 Preparing to unpack .../29-libmpc3_1.2.1-2build1_amd64.deb ...
#7 9.240 Unpacking libmpc3:amd64 (1.2.1-2build1) ...
#7 9.250 Selecting previously unselected package cpp-11.
#7 9.251 Preparing to unpack .../30-cpp-11_11.4.0-1ubuntu1~22.04.3_amd64.deb ...
#7 9.252 Unpacking cpp-11 (11.4.0-1ubuntu1~22.04.3) ...
#7 9.351 Selecting previously unselected package cpp.
#7 9.351 Preparing to unpack .../31-cpp_4%3a11.2.0-1ubuntu1_amd64.deb ...
#7 9.352 Unpacking cpp (4:11.2.0-1ubuntu1) ...
#7 9.362 Selecting previously unselected package libcc1-0:amd64.
#7 9.363 Preparing to unpack .../32-libcc1-0_12.3.0-1ubuntu1~22.04.3_amd64.deb ...
#7 9.363 Unpacking libcc1-0:amd64 (12.3.0-1ubuntu1~22.04.3) ...
#7 9.374 Selecting previously unselected package libgomp1:amd64.
#7 9.374 Preparing to unpack .../33-libgomp1_12.3.0-1ubuntu1~22.04.3_amd64.deb ...
#7 9.375 Unpacking libgomp1:amd64 (12.3.0-1ubuntu1~22.04.3) ...
#7 9.388 Selecting previously unselected package libitm1:amd64.
#7 9.389 Preparing to unpack .../34-libitm1_12.3.0-1ubuntu1~22.04.3_amd64.deb ...
#7 9.390 Unpacking libitm1:amd64 (12.3.0-1ubuntu1~22.04.3) ...
#7 9.399 Selecting previously unselected package libatomic1:amd64.
#7 9.400 Preparing to unpack .../35-libatomic1_12.3.0-1ubuntu1~22.04.3_amd64.deb ...
#7 9.400 Unpacking libatomic1:amd64 (12.3.0-1ubuntu1~22.04.3) ...
#7 9.410 Selecting previously unselected package libasan6:amd64.
#7 9.411 Preparing to unpack .../36-libasan6_11.4.0-1ubuntu1~22.04.3_amd64.deb ...
#7 9.412 Unpacking libasan6:amd64 (11.4.0-1ubuntu1~22.04.3) ...
#7 9.448 Selecting previously unselected package liblsan0:amd64.
#7 9.449 Preparing to unpack .../37-liblsan0_12.3.0-1ubuntu1~22.04.3_amd64.deb ...
#7 9.450 Unpacking liblsan0:amd64 (12.3.0-1ubuntu1~22.04.3) ...
#7 9.488 Selecting previously unselected package libtsan0:amd64.
#7 9.488 Preparing to unpack .../38-libtsan0_11.4.0-1ubuntu1~22.04.3_amd64.deb ...
#7 9.489 Unpacking libtsan0:amd64 (11.4.0-1ubuntu1~22.04.3) ...
#7 9.524 Selecting previously unselected package libubsan1:amd64.
#7 9.525 Preparing to unpack .../39-libubsan1_12.3.0-1ubuntu1~22.04.3_amd64.deb ...
#7 9.525 Unpacking libubsan1:amd64 (12.3.0-1ubuntu1~22.04.3) ...
#7 9.543 Selecting previously unselected package libquadmath0:amd64.
#7 9.544 Preparing to unpack .../40-libquadmath0_12.3.0-1ubuntu1~22.04.3_amd64.deb ...
#7 9.545 Unpacking libquadmath0:amd64 (12.3.0-1ubuntu1~22.04.3) ...
#7 9.554 Selecting previously unselected package libgcc-11-dev:amd64.
#7 9.555 Preparing to unpack .../41-libgcc-11-dev_11.4.0-1ubuntu1~22.04.3_amd64.deb ...
#7 9.555 Unpacking libgcc-11-dev:amd64 (11.4.0-1ubuntu1~22.04.3) ...
#7 9.614 Selecting previously unselected package gcc-11.
#7 9.615 Preparing to unpack .../42-gcc-11_11.4.0-1ubuntu1~22.04.3_amd64.deb ...
#7 9.615 Unpacking gcc-11 (11.4.0-1ubuntu1~22.04.3) ...
#7 9.801 Selecting previously unselected package gcc.
#7 9.801 Preparing to unpack .../43-gcc_4%3a11.2.0-1ubuntu1_amd64.deb ...
#7 9.802 Unpacking gcc (4:11.2.0-1ubuntu1) ...
#7 9.816 Selecting previously unselected package libstdc++-11-dev:amd64.
#7 9.816 Preparing to unpack .../44-libstdc++-11-dev_11.4.0-1ubuntu1~22.04.3_amd64.deb ...
#7 9.817 Unpacking libstdc++-11-dev:amd64 (11.4.0-1ubuntu1~22.04.3) ...
#7 10.02 Selecting previously unselected package g++-11.
#7 ...

#8 [stage-1 2/9] RUN sed -i     -e "s|http://archive.ubuntu.com/ubuntu|http://archive.ubuntu.com/ubuntu|g"     -e "s|http://security.ubuntu.com/ubuntu|http://archive.ubuntu.com/ubuntu|g"     /etc/apt/sources.list     && apt-get update && apt-get install -y --no-install-recommends     ca-certificates     bpftrace     curl     python3     python3-pip     libgrpc++1     libprotobuf23     linux-libc-dev     linux-tools-generic     gzip     tar     util-linux     && rm -rf /var/lib/apt/lists/*     && cp "$(find /usr/lib -path '*/linux-tools-*/perf'        -type f | head -n 1)"        /usr/local/bin/perf
#8 0.378 Get:1 http://archive.ubuntu.com/ubuntu jammy InRelease [270 kB]
#8 1.012 Get:2 http://archive.ubuntu.com/ubuntu jammy-updates InRelease [128 kB]
#8 1.165 Get:3 http://archive.ubuntu.com/ubuntu jammy-backports InRelease [127 kB]
#8 1.318 Get:4 http://archive.ubuntu.com/ubuntu jammy-security InRelease [129 kB]
#8 1.471 Get:5 http://archive.ubuntu.com/ubuntu jammy/main amd64 Packages [1792 kB]
#8 1.826 Get:6 http://archive.ubuntu.com/ubuntu jammy/restricted amd64 Packages [164 kB]
#8 1.835 Get:7 http://archive.ubuntu.com/ubuntu jammy/multiverse amd64 Packages [266 kB]
#8 1.854 Get:8 http://archive.ubuntu.com/ubuntu jammy/universe amd64 Packages [17.5 MB]
#8 2.429 Get:9 http://archive.ubuntu.com/ubuntu jammy-updates/restricted amd64 Packages [8198 kB]
#8 2.766 Get:10 http://archive.ubuntu.com/ubuntu jammy-updates/universe amd64 Packages [1623 kB]
#8 2.774 Get:11 http://archive.ubuntu.com/ubuntu jammy-updates/multiverse amd64 Packages [93.2 kB]
#8 2.775 Get:12 http://archive.ubuntu.com/ubuntu jammy-updates/main amd64 Packages [4747 kB]
#8 2.929 Get:13 http://archive.ubuntu.com/ubuntu jammy-backports/universe amd64 Packages [35.6 kB]
#8 2.930 Get:14 http://archive.ubuntu.com/ubuntu jammy-backports/main amd64 Packages [82.9 kB]
#8 2.932 Get:15 http://archive.ubuntu.com/ubuntu jammy-security/main amd64 Packages [4376 kB]
#8 3.057 Get:16 http://archive.ubuntu.com/ubuntu jammy-security/universe amd64 Packages [1321 kB]
#8 3.110 Get:17 http://archive.ubuntu.com/ubuntu jammy-security/multiverse amd64 Packages [84.6 kB]
#8 3.112 Get:18 http://archive.ubuntu.com/ubuntu jammy-security/restricted amd64 Packages [7843 kB]
#8 3.950 Fetched 48.8 MB in 4s (12.8 MB/s)
#8 3.950 Reading package lists...
#8 4.788 Reading package lists...
#8 5.594 Building dependency tree...
#8 5.708 Reading state information...
#8 5.857 gzip is already the newest version (1.10-4ubuntu4.2).
#8 5.857 tar is already the newest version (1.34+dfsg-1ubuntu0.1.22.04.6).
#8 5.857 util-linux is already the newest version (2.37.2-4ubuntu3.6).
#8 5.857 The following additional packages will be installed:
#8 5.857   distro-info-data hwdata libabsl20210324 libbpf0 libbpfcc libbrotli1 libbsd0
#8 5.857   libc-ares2 libclang-cpp11 libclang1-11 libcurl4 libdw1 libedit2 libelf1
#8 5.857   libexpat1 libgrpc10 libicu70 libldap-2.5-0 libllvm11 libmd0 libmpdec3
#8 5.857   libnghttp2-14 libnuma1 libpci3 libpsl5 libpython3-stdlib
#8 5.857   libpython3.10-minimal libpython3.10-stdlib libreadline8 librtmp1 libsasl2-2
#8 5.858   libsasl2-modules-db libslang2 libsqlite3-0 libssh-4 libunwind8 libxml2
#8 5.858   linux-tools-5.15.0-198 linux-tools-5.15.0-198-generic linux-tools-common
#8 5.858   lsb-release media-types openssl pci.ids python3-distutils python3-lib2to3
#8 5.858   python3-minimal python3-pkg-resources python3-setuptools python3-wheel
#8 5.859   python3.10 python3.10-minimal readline-common usb.ids
#8 5.859 Suggested packages:
#8 5.859   python3-doc python3-tk python3-venv python-setuptools-doc python3.10-venv
#8 5.859   python3.10-doc binutils binfmt-support readline-doc
#8 5.859 Recommended packages:
#8 5.859   libldap-common publicsuffix libsasl2-modules build-essential python3-dev
#8 6.018 The following NEW packages will be installed:
#8 6.018   bpftrace ca-certificates curl distro-info-data hwdata libabsl20210324
#8 6.018   libbpf0 libbpfcc libbrotli1 libbsd0 libc-ares2 libclang-cpp11 libclang1-11
#8 6.019   libcurl4 libdw1 libedit2 libelf1 libexpat1 libgrpc++1 libgrpc10 libicu70
#8 6.019   libldap-2.5-0 libllvm11 libmd0 libmpdec3 libnghttp2-14 libnuma1 libpci3
#8 6.019   libprotobuf23 libpsl5 libpython3-stdlib libpython3.10-minimal
#8 6.019   libpython3.10-stdlib libreadline8 librtmp1 libsasl2-2 libsasl2-modules-db
#8 6.019   libslang2 libsqlite3-0 libssh-4 libunwind8 libxml2 linux-libc-dev
#8 6.019   linux-tools-5.15.0-198 linux-tools-5.15.0-198-generic linux-tools-common
#8 6.019   linux-tools-generic lsb-release media-types openssl pci.ids python3
#8 6.019   python3-distutils python3-lib2to3 python3-minimal python3-pip
#8 6.019   python3-pkg-resources python3-setuptools python3-wheel python3.10
#8 6.020   python3.10-minimal readline-common usb.ids
#8 6.393 0 upgraded, 63 newly installed, 0 to remove and 1 not upgraded.
#8 6.393 Need to get 74.8 MB of archives.
#8 6.393 After this operation, 296 MB of additional disk space will be used.
#8 6.393 Get:1 http://archive.ubuntu.com/ubuntu jammy-updates/main amd64 libpython3.10-minimal amd64 3.10.12-1~22.04.18 [817 kB]
#8 7.272 Get:2 http://archive.ubuntu.com/ubuntu jammy-updates/main amd64 libexpat1 amd64 2.4.7-1ubuntu0.9 [96.9 kB]
#8 7.282 Get:3 http://archive.ubuntu.com/ubuntu jammy-updates/main amd64 python3.10-minimal amd64 3.10.12-1~22.04.18 [2277 kB]
#8 7.530 Get:4 http://archive.ubuntu.com/ubuntu jammy-updates/main amd64 python3-minimal amd64 3.10.6-1~22.04.1 [24.3 kB]
#8 7.531 Get:5 http://archive.ubuntu.com/ubuntu jammy/main amd64 media-types all 7.0.0 [25.5 kB]
#8 7.532 Get:6 http://archive.ubuntu.com/ubuntu jammy/main amd64 libmpdec3 amd64 2.5.1-2build2 [86.8 kB]
#8 7.537 Get:7 http://archive.ubuntu.com/ubuntu jammy/main amd64 readline-common all 8.1.2-1 [53.5 kB]
#8 7.540 Get:8 http://archive.ubuntu.com/ubuntu jammy/main amd64 libreadline8 amd64 8.1.2-1 [153 kB]
#8 7.547 Get:9 http://archive.ubuntu.com/ubuntu jammy-updates/main amd64 libsqlite3-0 amd64 3.37.2-2ubuntu0.8 [642 kB]
#8 7.580 Get:10 http://archive.ubuntu.com/ubuntu jammy-updates/main amd64 libpython3.10-stdlib amd64 3.10.12-1~22.04.18 [1850 kB]
#8 7.658 Get:11 http://archive.ubuntu.com/ubuntu jammy-updates/main amd64 python3.10 amd64 3.10.12-1~22.04.18 [508 kB]
#8 7.672 Get:12 http://archive.ubuntu.com/ubuntu jammy-updates/main amd64 libpython3-stdlib amd64 3.10.6-1~22.04.1 [6812 B]
#8 7.672 Get:13 http://archive.ubuntu.com/ubuntu jammy-updates/main amd64 python3 amd64 3.10.6-1~22.04.1 [22.8 kB]
#8 7.774 Get:14 http://archive.ubuntu.com/ubuntu jammy-updates/main amd64 openssl amd64 3.0.2-0ubuntu1.30 [1186 kB]
#8 7.792 Get:15 http://archive.ubuntu.com/ubuntu jammy-updates/main amd64 ca-certificates all 20260601~22.04.1 [141 kB]
#8 7.794 Get:16 http://archive.ubuntu.com/ubuntu jammy-updates/main amd64 distro-info-data all 0.72-0ubuntu0.22.04.1 [5948 B]
#8 7.794 Get:17 http://archive.ubuntu.com/ubuntu jammy-updates/main amd64 libelf1 amd64 0.186-1ubuntu0.1 [51.1 kB]
#8 7.795 Get:18 http://archive.ubuntu.com/ubuntu jammy-updates/main amd64 libbpf0 amd64 1:0.5.0-1ubuntu22.04.1 [140 kB]
#8 7.797 Get:19 http://archive.ubuntu.com/ubuntu jammy/main amd64 libmd0 amd64 1.0.4-1build1 [23.0 kB]
#8 7.895 Get:20 http://archive.ubuntu.com/ubuntu jammy/main amd64 libbsd0 amd64 0.11.5-1 [44.8 kB]
#8 7.895 Get:21 http://archive.ubuntu.com/ubuntu jammy/main amd64 libicu70 amd64 70.1-2 [10.6 MB]
#8 8.168 Get:22 http://archive.ubuntu.com/ubuntu jammy/main amd64 libslang2 amd64 2.3.2-5build4 [468 kB]
#8 8.173 Get:23 http://archive.ubuntu.com/ubuntu jammy-updates/main amd64 libxml2 amd64 2.9.13+dfsg-1ubuntu0.13 [764 kB]
#8 8.184 Get:24 http://archive.ubuntu.com/ubuntu jammy/main amd64 lsb-release all 11.1.0ubuntu4 [10.8 kB]
#8 8.185 Get:25 http://archive.ubuntu.com/ubuntu jammy-updates/main amd64 python3-pkg-resources all 59.6.0-1.2ubuntu0.22.04.3 [133 kB]
#8 8.186 Get:26 http://archive.ubuntu.com/ubuntu jammy/main amd64 libedit2 amd64 3.1-20210910-1build1 [96.8 kB]
#8 8.188 Get:27 http://archive.ubuntu.com/ubuntu jammy-updates/main amd64 libnghttp2-14 amd64 1.43.0-1ubuntu0.4 [76.9 kB]
#8 8.188 Get:28 http://archive.ubuntu.com/ubuntu jammy/main amd64 libnuma1 amd64 2.0.14-3ubuntu2 [22.5 kB]
#8 8.189 Get:29 http://archive.ubuntu.com/ubuntu jammy-updates/main amd64 pci.ids all 0.0~2022.01.22-1ubuntu0.1 [251 kB]
#8 8.192 Get:30 http://archive.ubuntu.com/ubuntu jammy/main amd64 libpci3 amd64 1:3.7.0-6 [28.9 kB]
#8 8.289 Get:31 http://archive.ubuntu.com/ubuntu jammy/main amd64 libpsl5 amd64 0.21.0-1.2build2 [58.4 kB]
#8 8.410 Get:32 http://archive.ubuntu.com/ubuntu jammy/main amd64 usb.ids all 2022.04.02-1 [219 kB]
#8 8.412 Get:33 http://archive.ubuntu.com/ubuntu jammy/universe amd64 libllvm11 amd64 1:11.1.0-6 [19.6 MB]
#8 8.971 Get:34 http://archive.ubuntu.com/ubuntu jammy/universe amd64 libclang-cpp11 amd64 1:11.1.0-6 [10.5 MB]
#8 9.268 Get:35 http://archive.ubuntu.com/ubuntu jammy/universe amd64 libbpfcc amd64 0.18.0+ds-2 [661 kB]
#8 9.286 Get:36 http://archive.ubuntu.com/ubuntu jammy/universe amd64 libclang1-11 amd64 1:11.1.0-6 [6053 kB]
#8 9.457 Get:37 http://archive.ubuntu.com/ubuntu jammy/universe amd64 bpftrace amd64 0.14.0-1 [628 kB]
#8 9.481 Get:38 http://archive.ubuntu.com/ubuntu jammy/main amd64 libbrotli1 amd64 1.0.9-2build6 [315 kB]
#8 9.484 Get:39 http://archive.ubuntu.com/ubuntu jammy-updates/main amd64 libsasl2-modules-db amd64 2.1.27+dfsg2-3ubuntu1.2 [20.5 kB]
#8 9.484 Get:40 http://archive.ubuntu.com/ubuntu jammy-updates/main amd64 libsasl2-2 amd64 2.1.27+dfsg2-3ubuntu1.2 [53.8 kB]
#8 9.486 Get:41 http://archive.ubuntu.com/ubuntu jammy-updates/main amd64 libldap-2.5-0 amd64 2.5.20+dfsg-0ubuntu0.22.04.1 [184 kB]
#8 9.491 Get:42 http://archive.ubuntu.com/ubuntu jammy/main amd64 librtmp1 amd64 2.4+20151223.gitfa8646d.1-2build4 [58.2 kB]
#8 9.493 Get:43 http://archive.ubuntu.com/ubuntu jammy-updates/main amd64 libssh-4 amd64 0.9.6-2ubuntu0.22.04.8 [189 kB]
#8 9.497 Get:44 http://archive.ubuntu.com/ubuntu jammy-updates/main amd64 libcurl4 amd64 7.81.0-1ubuntu1.29 [292 kB]
#8 9.511 Get:45 http://archive.ubuntu.com/ubuntu jammy-updates/main amd64 curl amd64 7.81.0-1ubuntu1.29 [194 kB]
#8 9.632 Get:46 http://archive.ubuntu.com/ubuntu jammy/main amd64 hwdata all 0.357-1 [26.6 kB]
#8 9.633 Get:47 http://archive.ubuntu.com/ubuntu jammy-updates/main amd64 libabsl20210324 amd64 0~20210324.2-2ubuntu0.3 [386 kB]
#8 9.641 Get:48 http://archive.ubuntu.com/ubuntu jammy-updates/main amd64 libdw1 amd64 0.186-1ubuntu0.1 [251 kB]
#8 9.647 Get:49 http://archive.ubuntu.com/ubuntu jammy-updates/main amd64 libc-ares2 amd64 1.18.1-1ubuntu0.22.04.3 [45.1 kB]
#8 9.647 Get:50 http://archive.ubuntu.com/ubuntu jammy/universe amd64 libgrpc10 amd64 1.30.2-3build6 [1470 kB]
#8 9.681 Get:51 http://archive.ubuntu.com/ubuntu jammy-updates/main amd64 libprotobuf23 amd64 3.12.4-1ubuntu7.22.04.6 [877 kB]
#8 9.701 Get:52 http://archive.ubuntu.com/ubuntu jammy/universe amd64 libgrpc++1 amd64 1.30.2-3build6 [402 kB]
#8 9.710 Get:53 http://archive.ubuntu.com/ubuntu jammy-updates/main amd64 libunwind8 amd64 1.3.2-2build2.1 [54.5 kB]
#8 9.712 Get:54 http://archive.ubuntu.com/ubuntu jammy-updates/main amd64 linux-libc-dev amd64 5.15.0-198.208 [1391 kB]
#8 9.767 Get:55 http://archive.ubuntu.com/ubuntu jammy-updates/main amd64 linux-tools-common all 5.15.0-198.208 [361 kB]
#8 9.874 Get:56 http://archive.ubuntu.com/ubuntu jammy-updates/main amd64 linux-tools-5.15.0-198 amd64 5.15.0-198.208 [8013 kB]
#8 10.08 Get:57 http://archive.ubuntu.com/ubuntu jammy-updates/main amd64 linux-tools-5.15.0-198-generic amd64 5.15.0-198.208 [1790 B]
#8 10.08 Get:58 http://archive.ubuntu.com/ubuntu jammy-updates/main amd64 linux-tools-generic amd64 5.15.0.198.171 [2314 B]
#8 10.08 Get:59 http://archive.ubuntu.com/ubuntu jammy-updates/main amd64 python3-lib2to3 all 3.10.8-1~22.04 [77.6 kB]
#8 10.08 Get:60 http://archive.ubuntu.com/ubuntu jammy-updates/main amd64 python3-distutils all 3.10.8-1~22.04 [139 kB]
#8 10.09 Get:61 http://archive.ubuntu.com/ubuntu jammy-updates/main amd64 python3-setuptools all 59.6.0-1.2ubuntu0.22.04.3 [340 kB]
#8 10.10 Get:62 http://archive.ubuntu.com/ubuntu jammy-updates/universe amd64 python3-wheel all 0.37.1-2ubuntu0.22.04.1 [32.0 kB]
#8 10.12 Get:63 http://archive.ubuntu.com/ubuntu jammy-updates/universe amd64 python3-pip all 22.0.2+dfsg-1ubuntu0.7 [1306 kB]
#8 ...

#7 [builder 2/8] RUN sed -i     -e "s|http://archive.ubuntu.com/ubuntu|http://archive.ubuntu.com/ubuntu|g"     -e "s|http://security.ubuntu.com/ubuntu|http://archive.ubuntu.com/ubuntu|g"     /etc/apt/sources.list     && apt-get update && apt-get install -y --no-install-recommends     build-essential     cmake     libgrpc++-dev     libprotobuf-dev     pkg-config     protobuf-compiler     protobuf-compiler-grpc     && rm -rf /var/lib/apt/lists/*
#7 10.02 Preparing to unpack .../45-g++-11_11.4.0-1ubuntu1~22.04.3_amd64.deb ...
#7 10.02 Unpacking g++-11 (11.4.0-1ubuntu1~22.04.3) ...
#7 10.13 Selecting previously unselected package g++.
#7 10.13 Preparing to unpack .../46-g++_4%3a11.2.0-1ubuntu1_amd64.deb ...
#7 10.13 Unpacking g++ (4:11.2.0-1ubuntu1) ...
#7 10.14 Selecting previously unselected package make.
#7 10.14 Preparing to unpack .../47-make_4.3-4.1build1_amd64.deb ...
#7 10.14 Unpacking make (4.3-4.1build1) ...
#7 10.15 Selecting previously unselected package libdpkg-perl.
#7 10.15 Preparing to unpack .../48-libdpkg-perl_1.21.1ubuntu2.6_all.deb ...
#7 10.15 Unpacking libdpkg-perl (1.21.1ubuntu2.6) ...
#7 10.17 Selecting previously unselected package bzip2.
#7 10.17 Preparing to unpack .../49-bzip2_1.0.8-5ubuntu0.1_amd64.deb ...
#7 10.17 Unpacking bzip2 (1.0.8-5ubuntu0.1) ...
#7 10.18 Selecting previously unselected package patch.
#7 10.18 Preparing to unpack .../50-patch_2.7.6-7build2_amd64.deb ...
#7 10.18 Unpacking patch (2.7.6-7build2) ...
#7 10.19 Selecting previously unselected package lto-disabled-list.
#7 10.19 Preparing to unpack .../51-lto-disabled-list_24_all.deb ...
#7 10.19 Unpacking lto-disabled-list (24) ...
#7 10.20 Selecting previously unselected package dpkg-dev.
#7 10.20 Preparing to unpack .../52-dpkg-dev_1.21.1ubuntu2.6_all.deb ...
#7 10.20 Unpacking dpkg-dev (1.21.1ubuntu2.6) ...
#7 10.22 Selecting previously unselected package build-essential.
#7 10.22 Preparing to unpack .../53-build-essential_12.9ubuntu3_amd64.deb ...
#7 10.22 Unpacking build-essential (12.9ubuntu3) ...
#7 10.23 Selecting previously unselected package libarchive13:amd64.
#7 10.23 Preparing to unpack .../54-libarchive13_3.6.0-1ubuntu1.8_amd64.deb ...
#7 10.23 Unpacking libarchive13:amd64 (3.6.0-1ubuntu1.8) ...
#7 10.25 Selecting previously unselected package libbrotli1:amd64.
#7 10.25 Preparing to unpack .../55-libbrotli1_1.0.9-2build6_amd64.deb ...
#7 10.25 Unpacking libbrotli1:amd64 (1.0.9-2build6) ...
#7 10.26 Selecting previously unselected package libsasl2-modules-db:amd64.
#7 10.26 Preparing to unpack .../56-libsasl2-modules-db_2.1.27+dfsg2-3ubuntu1.2_amd64.deb ...
#7 10.26 Unpacking libsasl2-modules-db:amd64 (2.1.27+dfsg2-3ubuntu1.2) ...
#7 10.27 Selecting previously unselected package libsasl2-2:amd64.
#7 10.27 Preparing to unpack .../57-libsasl2-2_2.1.27+dfsg2-3ubuntu1.2_amd64.deb ...
#7 10.28 Unpacking libsasl2-2:amd64 (2.1.27+dfsg2-3ubuntu1.2) ...
#7 10.29 Selecting previously unselected package libldap-2.5-0:amd64.
#7 10.29 Preparing to unpack .../58-libldap-2.5-0_2.5.20+dfsg-0ubuntu0.22.04.1_amd64.deb ...
#7 10.29 Unpacking libldap-2.5-0:amd64 (2.5.20+dfsg-0ubuntu0.22.04.1) ...
#7 10.30 Selecting previously unselected package librtmp1:amd64.
#7 10.30 Preparing to unpack .../59-librtmp1_2.4+20151223.gitfa8646d.1-2build4_amd64.deb ...
#7 10.30 Unpacking librtmp1:amd64 (2.4+20151223.gitfa8646d.1-2build4) ...
#7 10.31 Selecting previously unselected package libssh-4:amd64.
#7 10.32 Preparing to unpack .../60-libssh-4_0.9.6-2ubuntu0.22.04.8_amd64.deb ...
#7 10.32 Unpacking libssh-4:amd64 (0.9.6-2ubuntu0.22.04.8) ...
#7 10.33 Selecting previously unselected package libcurl4:amd64.
#7 10.33 Preparing to unpack .../61-libcurl4_7.81.0-1ubuntu1.29_amd64.deb ...
#7 10.33 Unpacking libcurl4:amd64 (7.81.0-1ubuntu1.29) ...
#7 10.34 Selecting previously unselected package libjsoncpp25:amd64.
#7 10.34 Preparing to unpack .../62-libjsoncpp25_1.9.5-3_amd64.deb ...
#7 10.35 Unpacking libjsoncpp25:amd64 (1.9.5-3) ...
#7 10.36 Selecting previously unselected package librhash0:amd64.
#7 10.36 Preparing to unpack .../63-librhash0_1.4.2-1ubuntu1_amd64.deb ...
#7 10.36 Unpacking librhash0:amd64 (1.4.2-1ubuntu1) ...
#7 10.37 Selecting previously unselected package dh-elpa-helper.
#7 10.37 Preparing to unpack .../64-dh-elpa-helper_2.0.9ubuntu1_all.deb ...
#7 10.37 Unpacking dh-elpa-helper (2.0.9ubuntu1) ...
#7 10.38 Selecting previously unselected package emacsen-common.
#7 10.38 Preparing to unpack .../65-emacsen-common_3.0.4_all.deb ...
#7 10.39 Unpacking emacsen-common (3.0.4) ...
#7 10.40 Selecting previously unselected package cmake-data.
#7 10.40 Preparing to unpack .../66-cmake-data_3.22.1-1ubuntu1.22.04.2_all.deb ...
#7 10.41 Unpacking cmake-data (3.22.1-1ubuntu1.22.04.2) ...
#7 10.65 Selecting previously unselected package cmake.
#7 10.65 Preparing to unpack .../67-cmake_3.22.1-1ubuntu1.22.04.2_amd64.deb ...
#7 10.65 Unpacking cmake (3.22.1-1ubuntu1.22.04.2) ...
#7 10.73 Selecting previously unselected package libabsl20210324:amd64.
#7 10.73 Preparing to unpack .../68-libabsl20210324_0~20210324.2-2ubuntu0.3_amd64.deb ...
#7 10.73 Unpacking libabsl20210324:amd64 (0~20210324.2-2ubuntu0.3) ...
#7 10.75 Selecting previously unselected package libc-ares2:amd64.
#7 10.76 Preparing to unpack .../69-libc-ares2_1.18.1-1ubuntu0.22.04.3_amd64.deb ...
#7 10.76 Unpacking libc-ares2:amd64 (1.18.1-1ubuntu0.22.04.3) ...
#7 10.77 Selecting previously unselected package libgrpc10:amd64.
#7 10.77 Preparing to unpack .../70-libgrpc10_1.30.2-3build6_amd64.deb ...
#7 10.77 Unpacking libgrpc10:amd64 (1.30.2-3build6) ...
#7 10.80 Selecting previously unselected package libprotobuf23:amd64.
#7 10.80 Preparing to unpack .../71-libprotobuf23_3.12.4-1ubuntu7.22.04.6_amd64.deb ...
#7 10.80 Unpacking libprotobuf23:amd64 (3.12.4-1ubuntu7.22.04.6) ...
#7 10.82 Selecting previously unselected package libgrpc++1:amd64.
#7 10.82 Preparing to unpack .../72-libgrpc++1_1.30.2-3build6_amd64.deb ...
#7 10.82 Unpacking libgrpc++1:amd64 (1.30.2-3build6) ...
#7 10.84 Selecting previously unselected package libgrpc-dev:amd64.
#7 10.84 Preparing to unpack .../73-libgrpc-dev_1.30.2-3build6_amd64.deb ...
#7 10.84 Unpacking libgrpc-dev:amd64 (1.30.2-3build6) ...
#7 10.88 Selecting previously unselected package libgrpc++-dev:amd64.
#7 10.88 Preparing to unpack .../74-libgrpc++-dev_1.30.2-3build6_amd64.deb ...
#7 10.88 Unpacking libgrpc++-dev:amd64 (1.30.2-3build6) ...
#7 10.93 Selecting previously unselected package libprotobuf-lite23:amd64.
#7 10.93 Preparing to unpack .../75-libprotobuf-lite23_3.12.4-1ubuntu7.22.04.6_amd64.deb ...
#7 10.93 Unpacking libprotobuf-lite23:amd64 (3.12.4-1ubuntu7.22.04.6) ...
#7 10.94 Selecting previously unselected package libprotoc23:amd64.
#7 10.94 Preparing to unpack .../76-libprotoc23_3.12.4-1ubuntu7.22.04.6_amd64.deb ...
#7 10.94 Unpacking libprotoc23:amd64 (3.12.4-1ubuntu7.22.04.6) ...
#7 10.96 Selecting previously unselected package pkg-config.
#7 10.96 Preparing to unpack .../77-pkg-config_0.29.2-1ubuntu3_amd64.deb ...
#7 10.96 Unpacking pkg-config (0.29.2-1ubuntu3) ...
#7 10.97 Selecting previously unselected package protobuf-compiler.
#7 10.97 Preparing to unpack .../78-protobuf-compiler_3.12.4-1ubuntu7.22.04.6_amd64.deb ...
#7 10.97 Unpacking protobuf-compiler (3.12.4-1ubuntu7.22.04.6) ...
#7 10.99 Selecting previously unselected package protobuf-compiler-grpc.
#7 10.99 Preparing to unpack .../79-protobuf-compiler-grpc_1.30.2-3build6_amd64.deb ...
#7 10.99 Unpacking protobuf-compiler-grpc (1.30.2-3build6) ...
#7 11.00 Selecting previously unselected package zlib1g-dev:amd64.
#7 11.00 Preparing to unpack .../80-zlib1g-dev_1%3a1.2.11.dfsg-2ubuntu9.2_amd64.deb ...
#7 11.00 Unpacking zlib1g-dev:amd64 (1:1.2.11.dfsg-2ubuntu9.2) ...
#7 11.01 Selecting previously unselected package libprotobuf-dev:amd64.
#7 11.01 Preparing to unpack .../81-libprotobuf-dev_3.12.4-1ubuntu7.22.04.6_amd64.deb ...
#7 11.01 Unpacking libprotobuf-dev:amd64 (3.12.4-1ubuntu7.22.04.6) ...
#7 11.11 Setting up libexpat1:amd64 (2.4.7-1ubuntu0.9) ...
#7 11.11 Setting up gcc-11-base:amd64 (11.4.0-1ubuntu1~22.04.3) ...
#7 11.11 Setting up lto-disabled-list (24) ...
#7 11.12 Setting up libpsl5:amd64 (0.21.0-1.2build2) ...
#7 11.12 Setting up libglib2.0-0:amd64 (2.72.4-0ubuntu2.10) ...
#7 11.12 No schema files found: doing nothing.
#7 11.13 Setting up libbrotli1:amd64 (1.0.9-2build6) ...
#7 11.13 Setting up binutils-common:amd64 (2.38-4ubuntu2.12) ...
#7 11.13 Setting up libnghttp2-14:amd64 (1.43.0-1ubuntu0.4) ...
#7 11.13 Setting up linux-libc-dev:amd64 (5.15.0-198.208) ...
#7 11.13 Setting up libctf-nobfd0:amd64 (2.38-4ubuntu2.12) ...
#7 11.14 Setting up libprotobuf23:amd64 (3.12.4-1ubuntu7.22.04.6) ...
#7 11.14 Setting up libc-ares2:amd64 (1.18.1-1ubuntu0.22.04.3) ...
#7 11.14 Setting up libgomp1:amd64 (12.3.0-1ubuntu1~22.04.3) ...
#7 11.14 Setting up perl-modules-5.34 (5.34.0-3ubuntu1.9) ...
#7 11.14 Setting up bzip2 (1.0.8-5ubuntu0.1) ...
#7 11.15 Setting up libasan6:amd64 (11.4.0-1ubuntu1~22.04.3) ...
#7 11.15 Setting up libsasl2-modules-db:amd64 (2.1.27+dfsg2-3ubuntu1.2) ...
#7 11.15 Setting up libprotobuf-lite23:amd64 (3.12.4-1ubuntu7.22.04.6) ...
#7 11.15 Setting up libtirpc-dev:amd64 (1.3.2-2ubuntu0.1) ...
#7 11.15 Setting up libuv1:amd64 (1.43.0-1ubuntu0.1) ...
#7 11.16 Setting up rpcsvc-proto (1.4.2-0ubuntu6) ...
#7 11.16 Setting up emacsen-common (3.0.4) ...
#7 11.18 Setting up make (4.3-4.1build1) ...
#7 11.18 Setting up libmpfr6:amd64 (4.1.0-3build3) ...
#7 11.18 Setting up librtmp1:amd64 (2.4+20151223.gitfa8646d.1-2build4) ...
#7 11.18 Setting up dh-elpa-helper (2.0.9ubuntu1) ...
#7 11.18 Setting up libprotoc23:amd64 (3.12.4-1ubuntu7.22.04.6) ...
#7 11.19 Setting up xz-utils (5.2.5-2ubuntu1.1) ...
#7 11.19 update-alternatives: using /usr/bin/xz to provide /usr/bin/lzma (lzma) in auto mode
#7 11.19 update-alternatives: warning: skip creation of /usr/share/man/man1/lzma.1.gz because associated file /usr/share/man/man1/xz.1.gz (of link group lzma) doesn't exist
#7 11.19 update-alternatives: warning: skip creation of /usr/share/man/man1/unlzma.1.gz because associated file /usr/share/man/man1/unxz.1.gz (of link group lzma) doesn't exist
#7 11.19 update-alternatives: warning: skip creation of /usr/share/man/man1/lzcat.1.gz because associated file /usr/share/man/man1/xzcat.1.gz (of link group lzma) doesn't exist
#7 11.19 update-alternatives: warning: skip creation of /usr/share/man/man1/lzmore.1.gz because associated file /usr/share/man/man1/xzmore.1.gz (of link group lzma) doesn't exist
#7 11.19 update-alternatives: warning: skip creation of /usr/share/man/man1/lzless.1.gz because associated file /usr/share/man/man1/xzless.1.gz (of link group lzma) doesn't exist
#7 11.19 update-alternatives: warning: skip creation of /usr/share/man/man1/lzdiff.1.gz because associated file /usr/share/man/man1/xzdiff.1.gz (of link group lzma) doesn't exist
#7 11.19 update-alternatives: warning: skip creation of /usr/share/man/man1/lzcmp.1.gz because associated file /usr/share/man/man1/xzcmp.1.gz (of link group lzma) doesn't exist
#7 11.19 update-alternatives: warning: skip creation of /usr/share/man/man1/lzgrep.1.gz because associated file /usr/share/man/man1/xzgrep.1.gz (of link group lzma) doesn't exist
#7 11.19 update-alternatives: warning: skip creation of /usr/share/man/man1/lzegrep.1.gz because associated file /usr/share/man/man1/xzegrep.1.gz (of link group lzma) doesn't exist
#7 11.19 update-alternatives: warning: skip creation of /usr/share/man/man1/lzfgrep.1.gz because associated file /usr/share/man/man1/xzfgrep.1.gz (of link group lzma) doesn't exist
#7 11.19 Setting up libquadmath0:amd64 (12.3.0-1ubuntu1~22.04.3) ...
#7 11.19 Setting up libmpc3:amd64 (1.2.1-2build1) ...
#7 11.20 Setting up libatomic1:amd64 (12.3.0-1ubuntu1~22.04.3) ...
#7 11.20 Setting up patch (2.7.6-7build2) ...
#7 11.20 Setting up libjsoncpp25:amd64 (1.9.5-3) ...
#7 11.20 Setting up libabsl20210324:amd64 (0~20210324.2-2ubuntu0.3) ...
#7 11.20 Setting up libsasl2-2:amd64 (2.1.27+dfsg2-3ubuntu1.2) ...
#7 11.21 Setting up libssh-4:amd64 (0.9.6-2ubuntu0.22.04.8) ...
#7 11.21 Setting up libubsan1:amd64 (12.3.0-1ubuntu1~22.04.3) ...
#7 11.21 Setting up libnsl-dev:amd64 (1.3.0-2build2) ...
#7 11.21 Setting up librhash0:amd64 (1.4.2-1ubuntu1) ...
#7 11.21 Setting up libcrypt-dev:amd64 (1:4.4.27-1) ...
#7 11.21 Setting up cmake-data (3.22.1-1ubuntu1.22.04.2) ...
#7 11.24 Setting up libbinutils:amd64 (2.38-4ubuntu2.12) ...
#7 11.24 Setting up libisl23:amd64 (0.24-2build1) ...
#7 11.24 Setting up libc-dev-bin (2.35-0ubuntu3.15) ...
#7 11.24 Setting up libcc1-0:amd64 (12.3.0-1ubuntu1~22.04.3) ...
#7 11.24 Setting up liblsan0:amd64 (12.3.0-1ubuntu1~22.04.3) ...
#7 11.25 Setting up libitm1:amd64 (12.3.0-1ubuntu1~22.04.3) ...
#7 11.25 Setting up libgdbm6:amd64 (1.23-1) ...
#7 11.25 Setting up libicu70:amd64 (70.1-2) ...
#7 11.25 Setting up libtsan0:amd64 (11.4.0-1ubuntu1~22.04.3) ...
#7 11.25 Setting up libctf0:amd64 (2.38-4ubuntu2.12) ...
#7 11.26 Setting up cpp-11 (11.4.0-1ubuntu1~22.04.3) ...
#7 11.26 Setting up protobuf-compiler (3.12.4-1ubuntu7.22.04.6) ...
#7 11.26 Setting up libldap-2.5-0:amd64 (2.5.20+dfsg-0ubuntu0.22.04.1) ...
#7 11.26 Setting up protobuf-compiler-grpc (1.30.2-3build6) ...
#7 11.26 Setting up libgrpc10:amd64 (1.30.2-3build6) ...
#7 11.27 Setting up libgdbm-compat4:amd64 (1.23-1) ...
#7 11.27 Setting up libgcc-11-dev:amd64 (11.4.0-1ubuntu1~22.04.3) ...
#7 11.27 Setting up cpp (4:11.2.0-1ubuntu1) ...
#7 11.27 Setting up libcurl4:amd64 (7.81.0-1ubuntu1.29) ...
#7 11.28 Setting up libc6-dev:amd64 (2.35-0ubuntu3.15) ...
#7 11.28 Setting up libgrpc++1:amd64 (1.30.2-3build6) ...
#7 11.28 Setting up libxml2:amd64 (2.9.13+dfsg-1ubuntu0.13) ...
#7 11.28 Setting up binutils-x86-64-linux-gnu (2.38-4ubuntu2.12) ...
#7 11.28 Setting up libperl5.34:amd64 (5.34.0-3ubuntu1.9) ...
#7 11.29 Setting up libarchive13:amd64 (3.6.0-1ubuntu1.8) ...
#7 11.29 Setting up binutils (2.38-4ubuntu2.12) ...
#7 11.29 Setting up libgrpc-dev:amd64 (1.30.2-3build6) ...
#7 11.29 Setting up perl (5.34.0-3ubuntu1.9) ...
#7 11.30 Setting up libdpkg-perl (1.21.1ubuntu2.6) ...
#7 11.30 Setting up libstdc++-11-dev:amd64 (11.4.0-1ubuntu1~22.04.3) ...
#7 11.30 Setting up zlib1g-dev:amd64 (1:1.2.11.dfsg-2ubuntu9.2) ...
#7 11.31 Setting up gcc-11 (11.4.0-1ubuntu1~22.04.3) ...
#7 11.31 Setting up libgrpc++-dev:amd64 (1.30.2-3build6) ...
#7 11.31 Setting up cmake (3.22.1-1ubuntu1.22.04.2) ...
#7 11.31 Setting up g++-11 (11.4.0-1ubuntu1~22.04.3) ...
#7 11.32 Setting up gcc (4:11.2.0-1ubuntu1) ...
#7 11.32 Setting up dpkg-dev (1.21.1ubuntu2.6) ...
#7 11.33 Setting up libprotobuf-dev:amd64 (3.12.4-1ubuntu7.22.04.6) ...
#7 11.33 Setting up pkg-config (0.29.2-1ubuntu3) ...
#7 11.35 Setting up g++ (4:11.2.0-1ubuntu1) ...
#7 11.36 update-alternatives: using /usr/bin/g++ to provide /usr/bin/c++ (c++) in auto mode
#7 11.36 update-alternatives: warning: skip creation of /usr/share/man/man1/c++.1.gz because associated file /usr/share/man/man1/g++.1.gz (of link group c++) doesn't exist
#7 11.37 Setting up build-essential (12.9ubuntu3) ...
#7 11.37 Processing triggers for libc-bin (2.35-0ubuntu3.15) ...
#7 DONE 14.1s

#8 [stage-1 2/9] RUN sed -i     -e "s|http://archive.ubuntu.com/ubuntu|http://archive.ubuntu.com/ubuntu|g"     -e "s|http://security.ubuntu.com/ubuntu|http://archive.ubuntu.com/ubuntu|g"     /etc/apt/sources.list     && apt-get update && apt-get install -y --no-install-recommends     ca-certificates     bpftrace     curl     python3     python3-pip     libgrpc++1     libprotobuf23     linux-libc-dev     linux-tools-generic     gzip     tar     util-linux     && rm -rf /var/lib/apt/lists/*     && cp "$(find /usr/lib -path '*/linux-tools-*/perf'        -type f | head -n 1)"        /usr/local/bin/perf
#8 10.25 debconf: delaying package configuration, since apt-utils is not installed
#8 10.27 Fetched 74.8 MB in 4s (18.1 MB/s)
#8 10.28 Selecting previously unselected package libpython3.10-minimal:amd64.
#8 10.28 (Reading database ... 
(Reading database ... 5%
(Reading database ... 10%
(Reading database ... 15%
(Reading database ... 20%
(Reading database ... 25%
(Reading database ... 30%
(Reading database ... 35%
(Reading database ... 40%
(Reading database ... 45%
(Reading database ... 50%
(Reading database ... 55%
(Reading database ... 60%
(Reading database ... 65%
(Reading database ... 70%
(Reading database ... 75%
(Reading database ... 80%
(Reading database ... 85%
(Reading database ... 90%
(Reading database ... 95%
(Reading database ... 100%
(Reading database ... 4393 files and directories currently installed.)
#8 10.29 Preparing to unpack .../libpython3.10-minimal_3.10.12-1~22.04.18_amd64.deb ...
#8 10.29 Unpacking libpython3.10-minimal:amd64 (3.10.12-1~22.04.18) ...
#8 10.33 Selecting previously unselected package libexpat1:amd64.
#8 10.33 Preparing to unpack .../libexpat1_2.4.7-1ubuntu0.9_amd64.deb ...
#8 10.34 Unpacking libexpat1:amd64 (2.4.7-1ubuntu0.9) ...
#8 10.35 Selecting previously unselected package python3.10-minimal.
#8 10.35 Preparing to unpack .../python3.10-minimal_3.10.12-1~22.04.18_amd64.deb ...
#8 10.35 Unpacking python3.10-minimal (3.10.12-1~22.04.18) ...
#8 10.39 Setting up libpython3.10-minimal:amd64 (3.10.12-1~22.04.18) ...
#8 10.39 Setting up libexpat1:amd64 (2.4.7-1ubuntu0.9) ...
#8 10.39 Setting up python3.10-minimal (3.10.12-1~22.04.18) ...
#8 10.94 Selecting previously unselected package python3-minimal.
#8 10.94 (Reading database ... 
(Reading database ... 5%
(Reading database ... 10%
(Reading database ... 15%
(Reading database ... 20%
(Reading database ... 25%
(Reading database ... 30%
(Reading database ... 35%
(Reading database ... 40%
(Reading database ... 45%
(Reading database ... 50%
(Reading database ... 55%
(Reading database ... 60%
(Reading database ... 65%
(Reading database ... 70%
(Reading database ... 75%
(Reading database ... 80%
(Reading database ... 85%
(Reading database ... 90%
(Reading database ... 95%
(Reading database ... 100%
(Reading database ... 4697 files and directories currently installed.)
#8 10.95 Preparing to unpack .../0-python3-minimal_3.10.6-1~22.04.1_amd64.deb ...
#8 10.95 Unpacking python3-minimal (3.10.6-1~22.04.1) ...
#8 10.96 Selecting previously unselected package media-types.
#8 10.96 Preparing to unpack .../1-media-types_7.0.0_all.deb ...
#8 10.96 Unpacking media-types (7.0.0) ...
#8 10.97 Selecting previously unselected package libmpdec3:amd64.
#8 10.97 Preparing to unpack .../2-libmpdec3_2.5.1-2build2_amd64.deb ...
#8 10.97 Unpacking libmpdec3:amd64 (2.5.1-2build2) ...
#8 10.99 Selecting previously unselected package readline-common.
#8 10.99 Preparing to unpack .../3-readline-common_8.1.2-1_all.deb ...
#8 10.99 Unpacking readline-common (8.1.2-1) ...
#8 11.00 Selecting previously unselected package libreadline8:amd64.
#8 11.00 Preparing to unpack .../4-libreadline8_8.1.2-1_amd64.deb ...
#8 11.00 Unpacking libreadline8:amd64 (8.1.2-1) ...
#8 11.01 Selecting previously unselected package libsqlite3-0:amd64.
#8 11.01 Preparing to unpack .../5-libsqlite3-0_3.37.2-2ubuntu0.8_amd64.deb ...
#8 11.01 Unpacking libsqlite3-0:amd64 (3.37.2-2ubuntu0.8) ...
#8 11.03 Selecting previously unselected package libpython3.10-stdlib:amd64.
#8 11.03 Preparing to unpack .../6-libpython3.10-stdlib_3.10.12-1~22.04.18_amd64.deb ...
#8 11.03 Unpacking libpython3.10-stdlib:amd64 (3.10.12-1~22.04.18) ...
#8 11.08 Selecting previously unselected package python3.10.
#8 11.08 Preparing to unpack .../7-python3.10_3.10.12-1~22.04.18_amd64.deb ...
#8 11.08 Unpacking python3.10 (3.10.12-1~22.04.18) ...
#8 11.10 Selecting previously unselected package libpython3-stdlib:amd64.
#8 11.10 Preparing to unpack .../8-libpython3-stdlib_3.10.6-1~22.04.1_amd64.deb ...
#8 11.10 Unpacking libpython3-stdlib:amd64 (3.10.6-1~22.04.1) ...
#8 11.12 Setting up python3-minimal (3.10.6-1~22.04.1) ...
#8 11.24 Selecting previously unselected package python3.
#8 11.24 (Reading database ... 
(Reading database ... 5%
(Reading database ... 10%
(Reading database ... 15%
(Reading database ... 20%
(Reading database ... 25%
(Reading database ... 30%
(Reading database ... 35%
(Reading database ... 40%
(Reading database ... 45%
(Reading database ... 50%
(Reading database ... 55%
(Reading database ... 60%
(Reading database ... 65%
(Reading database ... 70%
(Reading database ... 75%
(Reading database ... 80%
(Reading database ... 85%
(Reading database ... 90%
(Reading database ... 95%
(Reading database ... 100%
(Reading database ... 5127 files and directories currently installed.)
#8 11.24 Preparing to unpack .../00-python3_3.10.6-1~22.04.1_amd64.deb ...
#8 11.24 Unpacking python3 (3.10.6-1~22.04.1) ...
#8 11.26 Selecting previously unselected package openssl.
#8 11.26 Preparing to unpack .../01-openssl_3.0.2-0ubuntu1.30_amd64.deb ...
#8 11.26 Unpacking openssl (3.0.2-0ubuntu1.30) ...
#8 11.28 Selecting previously unselected package ca-certificates.
#8 11.28 Preparing to unpack .../02-ca-certificates_20260601~22.04.1_all.deb ...
#8 11.28 Unpacking ca-certificates (20260601~22.04.1) ...
#8 11.31 Selecting previously unselected package distro-info-data.
#8 11.31 Preparing to unpack .../03-distro-info-data_0.72-0ubuntu0.22.04.1_all.deb ...
#8 11.31 Unpacking distro-info-data (0.72-0ubuntu0.22.04.1) ...
#8 11.32 Selecting previously unselected package libelf1:amd64.
#8 11.32 Preparing to unpack .../04-libelf1_0.186-1ubuntu0.1_amd64.deb ...
#8 11.32 Unpacking libelf1:amd64 (0.186-1ubuntu0.1) ...
#8 11.34 Selecting previously unselected package libbpf0:amd64.
#8 11.34 Preparing to unpack .../05-libbpf0_1%3a0.5.0-1ubuntu22.04.1_amd64.deb ...
#8 11.34 Unpacking libbpf0:amd64 (1:0.5.0-1ubuntu22.04.1) ...
#8 11.35 Selecting previously unselected package libmd0:amd64.
#8 11.35 Preparing to unpack .../06-libmd0_1.0.4-1build1_amd64.deb ...
#8 11.35 Unpacking libmd0:amd64 (1.0.4-1build1) ...
#8 11.36 Selecting previously unselected package libbsd0:amd64.
#8 11.36 Preparing to unpack .../07-libbsd0_0.11.5-1_amd64.deb ...
#8 11.37 Unpacking libbsd0:amd64 (0.11.5-1) ...
#8 11.38 Selecting previously unselected package libicu70:amd64.
#8 11.38 Preparing to unpack .../08-libicu70_70.1-2_amd64.deb ...
#8 11.38 Unpacking libicu70:amd64 (70.1-2) ...
#8 11.92 Selecting previously unselected package libslang2:amd64.
#8 11.92 Preparing to unpack .../09-libslang2_2.3.2-5build4_amd64.deb ...
#8 11.93 Unpacking libslang2:amd64 (2.3.2-5build4) ...
#8 12.03 Selecting previously unselected package libxml2:amd64.
#8 12.03 Preparing to unpack .../10-libxml2_2.9.13+dfsg-1ubuntu0.13_amd64.deb ...
#8 12.05 Unpacking libxml2:amd64 (2.9.13+dfsg-1ubuntu0.13) ...
#8 12.16 Selecting previously unselected package lsb-release.
#8 12.16 Preparing to unpack .../11-lsb-release_11.1.0ubuntu4_all.deb ...
#8 12.17 Unpacking lsb-release (11.1.0ubuntu4) ...
#8 12.56 Selecting previously unselected package python3-pkg-resources.
#8 12.56 Preparing to unpack .../12-python3-pkg-resources_59.6.0-1.2ubuntu0.22.04.3_all.deb ...
#8 12.65 Unpacking python3-pkg-resources (59.6.0-1.2ubuntu0.22.04.3) ...
#8 12.69 Selecting previously unselected package libedit2:amd64.
#8 12.69 Preparing to unpack .../13-libedit2_3.1-20210910-1build1_amd64.deb ...
#8 12.69 Unpacking libedit2:amd64 (3.1-20210910-1build1) ...
#8 12.72 Selecting previously unselected package libnghttp2-14:amd64.
#8 12.72 Preparing to unpack .../14-libnghttp2-14_1.43.0-1ubuntu0.4_amd64.deb ...
#8 12.73 Unpacking libnghttp2-14:amd64 (1.43.0-1ubuntu0.4) ...
#8 13.43 Selecting previously unselected package libnuma1:amd64.
#8 13.43 Preparing to unpack .../15-libnuma1_2.0.14-3ubuntu2_amd64.deb ...
#8 13.45 Unpacking libnuma1:amd64 (2.0.14-3ubuntu2) ...
#8 13.66 Selecting previously unselected package pci.ids.
#8 13.66 Preparing to unpack .../16-pci.ids_0.0~2022.01.22-1ubuntu0.1_all.deb ...
#8 13.68 Unpacking pci.ids (0.0~2022.01.22-1ubuntu0.1) ...
#8 13.70 Selecting previously unselected package libpci3:amd64.
#8 13.70 Preparing to unpack .../17-libpci3_1%3a3.7.0-6_amd64.deb ...
#8 13.70 Unpacking libpci3:amd64 (1:3.7.0-6) ...
#8 13.72 Selecting previously unselected package libpsl5:amd64.
#8 13.72 Preparing to unpack .../18-libpsl5_0.21.0-1.2build2_amd64.deb ...
#8 13.73 Unpacking libpsl5:amd64 (0.21.0-1.2build2) ...
#8 13.75 Selecting previously unselected package usb.ids.
#8 13.75 Preparing to unpack .../19-usb.ids_2022.04.02-1_all.deb ...
#8 13.75 Unpacking usb.ids (2022.04.02-1) ...
#8 13.97 Selecting previously unselected package libllvm11:amd64.
#8 13.97 Preparing to unpack .../20-libllvm11_1%3a11.1.0-6_amd64.deb ...
#8 14.00 Unpacking libllvm11:amd64 (1:11.1.0-6) ...
#8 ...

#9 [builder 3/8] WORKDIR /src
#9 DONE 0.4s

#10 [builder 4/8] COPY proto/ ./proto/
#10 DONE 0.0s

#11 [builder 5/8] COPY native/agent/ ./native/agent/
#11 DONE 0.0s

#12 [builder 6/8] COPY native/gperftools_bridge/ ./native/gperftools_bridge/
#12 DONE 0.0s

#13 [builder 7/8] COPY native/generated/ ./native/generated/
#13 DONE 0.1s

#8 [stage-1 2/9] RUN sed -i     -e "s|http://archive.ubuntu.com/ubuntu|http://archive.ubuntu.com/ubuntu|g"     -e "s|http://security.ubuntu.com/ubuntu|http://archive.ubuntu.com/ubuntu|g"     /etc/apt/sources.list     && apt-get update && apt-get install -y --no-install-recommends     ca-certificates     bpftrace     curl     python3     python3-pip     libgrpc++1     libprotobuf23     linux-libc-dev     linux-tools-generic     gzip     tar     util-linux     && rm -rf /var/lib/apt/lists/*     && cp "$(find /usr/lib -path '*/linux-tools-*/perf'        -type f | head -n 1)"        /usr/local/bin/perf
#8 14.56 Selecting previously unselected package libclang-cpp11.
#8 14.57 Preparing to unpack .../21-libclang-cpp11_1%3a11.1.0-6_amd64.deb ...
#8 14.57 Unpacking libclang-cpp11 (1:11.1.0-6) ...
#8 14.75 Selecting previously unselected package libbpfcc.
#8 14.75 Preparing to unpack .../22-libbpfcc_0.18.0+ds-2_amd64.deb ...
#8 14.75 Unpacking libbpfcc (0.18.0+ds-2) ...
#8 14.82 Selecting previously unselected package libclang1-11.
#8 14.82 Preparing to unpack .../23-libclang1-11_1%3a11.1.0-6_amd64.deb ...
#8 14.82 Unpacking libclang1-11 (1:11.1.0-6) ...
#8 14.90 Selecting previously unselected package bpftrace.
#8 14.90 Preparing to unpack .../24-bpftrace_0.14.0-1_amd64.deb ...
#8 14.91 Unpacking bpftrace (0.14.0-1) ...
#8 14.92 Selecting previously unselected package libbrotli1:amd64.
#8 14.92 Preparing to unpack .../25-libbrotli1_1.0.9-2build6_amd64.deb ...
#8 14.93 Unpacking libbrotli1:amd64 (1.0.9-2build6) ...
#8 14.94 Selecting previously unselected package libsasl2-modules-db:amd64.
#8 14.94 Preparing to unpack .../26-libsasl2-modules-db_2.1.27+dfsg2-3ubuntu1.2_amd64.deb ...
#8 14.94 Unpacking libsasl2-modules-db:amd64 (2.1.27+dfsg2-3ubuntu1.2) ...
#8 14.95 Selecting previously unselected package libsasl2-2:amd64.
#8 14.95 Preparing to unpack .../27-libsasl2-2_2.1.27+dfsg2-3ubuntu1.2_amd64.deb ...
#8 14.95 Unpacking libsasl2-2:amd64 (2.1.27+dfsg2-3ubuntu1.2) ...
#8 14.96 Selecting previously unselected package libldap-2.5-0:amd64.
#8 14.96 Preparing to unpack .../28-libldap-2.5-0_2.5.20+dfsg-0ubuntu0.22.04.1_amd64.deb ...
#8 14.97 Unpacking libldap-2.5-0:amd64 (2.5.20+dfsg-0ubuntu0.22.04.1) ...
#8 14.98 Selecting previously unselected package librtmp1:amd64.
#8 14.98 Preparing to unpack .../29-librtmp1_2.4+20151223.gitfa8646d.1-2build4_amd64.deb ...
#8 14.98 Unpacking librtmp1:amd64 (2.4+20151223.gitfa8646d.1-2build4) ...
#8 14.99 Selecting previously unselected package libssh-4:amd64.
#8 14.99 Preparing to unpack .../30-libssh-4_0.9.6-2ubuntu0.22.04.8_amd64.deb ...
#8 14.99 Unpacking libssh-4:amd64 (0.9.6-2ubuntu0.22.04.8) ...
#8 15.00 Selecting previously unselected package libcurl4:amd64.
#8 15.00 Preparing to unpack .../31-libcurl4_7.81.0-1ubuntu1.29_amd64.deb ...
#8 15.00 Unpacking libcurl4:amd64 (7.81.0-1ubuntu1.29) ...
#8 15.02 Selecting previously unselected package curl.
#8 15.02 Preparing to unpack .../32-curl_7.81.0-1ubuntu1.29_amd64.deb ...
#8 15.02 Unpacking curl (7.81.0-1ubuntu1.29) ...
#8 15.03 Selecting previously unselected package hwdata.
#8 15.03 Preparing to unpack .../33-hwdata_0.357-1_all.deb ...
#8 15.03 Unpacking hwdata (0.357-1) ...
#8 15.04 Selecting previously unselected package libabsl20210324:amd64.
#8 15.04 Preparing to unpack .../34-libabsl20210324_0~20210324.2-2ubuntu0.3_amd64.deb ...
#8 15.04 Unpacking libabsl20210324:amd64 (0~20210324.2-2ubuntu0.3) ...
#8 15.06 Selecting previously unselected package libdw1:amd64.
#8 15.06 Preparing to unpack .../35-libdw1_0.186-1ubuntu0.1_amd64.deb ...
#8 15.06 Unpacking libdw1:amd64 (0.186-1ubuntu0.1) ...
#8 15.08 Selecting previously unselected package libc-ares2:amd64.
#8 15.08 Preparing to unpack .../36-libc-ares2_1.18.1-1ubuntu0.22.04.3_amd64.deb ...
#8 15.08 Unpacking libc-ares2:amd64 (1.18.1-1ubuntu0.22.04.3) ...
#8 15.09 Selecting previously unselected package libgrpc10:amd64.
#8 15.09 Preparing to unpack .../37-libgrpc10_1.30.2-3build6_amd64.deb ...
#8 15.09 Unpacking libgrpc10:amd64 (1.30.2-3build6) ...
#8 15.12 Selecting previously unselected package libprotobuf23:amd64.
#8 15.12 Preparing to unpack .../38-libprotobuf23_3.12.4-1ubuntu7.22.04.6_amd64.deb ...
#8 15.12 Unpacking libprotobuf23:amd64 (3.12.4-1ubuntu7.22.04.6) ...
#8 15.14 Selecting previously unselected package libgrpc++1:amd64.
#8 15.14 Preparing to unpack .../39-libgrpc++1_1.30.2-3build6_amd64.deb ...
#8 15.14 Unpacking libgrpc++1:amd64 (1.30.2-3build6) ...
#8 15.16 Selecting previously unselected package libunwind8:amd64.
#8 15.16 Preparing to unpack .../40-libunwind8_1.3.2-2build2.1_amd64.deb ...
#8 15.16 Unpacking libunwind8:amd64 (1.3.2-2build2.1) ...
#8 15.17 Selecting previously unselected package linux-libc-dev:amd64.
#8 15.17 Preparing to unpack .../41-linux-libc-dev_5.15.0-198.208_amd64.deb ...
#8 15.17 Unpacking linux-libc-dev:amd64 (5.15.0-198.208) ...
#8 15.26 Selecting previously unselected package linux-tools-common.
#8 15.26 Preparing to unpack .../42-linux-tools-common_5.15.0-198.208_all.deb ...
#8 15.26 Unpacking linux-tools-common (5.15.0-198.208) ...
#8 15.27 Selecting previously unselected package linux-tools-5.15.0-198.
#8 15.27 Preparing to unpack .../43-linux-tools-5.15.0-198_5.15.0-198.208_amd64.deb ...
#8 15.27 Unpacking linux-tools-5.15.0-198 (5.15.0-198.208) ...
#8 15.36 Selecting previously unselected package linux-tools-5.15.0-198-generic.
#8 15.36 Preparing to unpack .../44-linux-tools-5.15.0-198-generic_5.15.0-198.208_amd64.deb ...
#8 15.37 Unpacking linux-tools-5.15.0-198-generic (5.15.0-198.208) ...
#8 15.37 Selecting previously unselected package linux-tools-generic.
#8 15.37 Preparing to unpack .../45-linux-tools-generic_5.15.0.198.171_amd64.deb ...
#8 15.38 Unpacking linux-tools-generic (5.15.0.198.171) ...
#8 15.38 Selecting previously unselected package python3-lib2to3.
#8 15.38 Preparing to unpack .../46-python3-lib2to3_3.10.8-1~22.04_all.deb ...
#8 15.39 Unpacking python3-lib2to3 (3.10.8-1~22.04) ...
#8 15.40 Selecting previously unselected package python3-distutils.
#8 15.40 Preparing to unpack .../47-python3-distutils_3.10.8-1~22.04_all.deb ...
#8 15.40 Unpacking python3-distutils (3.10.8-1~22.04) ...
#8 15.42 Selecting previously unselected package python3-setuptools.
#8 15.42 Preparing to unpack .../48-python3-setuptools_59.6.0-1.2ubuntu0.22.04.3_all.deb ...
#8 15.43 Unpacking python3-setuptools (59.6.0-1.2ubuntu0.22.04.3) ...
#8 15.45 Selecting previously unselected package python3-wheel.
#8 15.45 Preparing to unpack .../49-python3-wheel_0.37.1-2ubuntu0.22.04.1_all.deb ...
#8 15.45 Unpacking python3-wheel (0.37.1-2ubuntu0.22.04.1) ...
#8 15.46 Selecting previously unselected package python3-pip.
#8 15.46 Preparing to unpack .../50-python3-pip_22.0.2+dfsg-1ubuntu0.7_all.deb ...
#8 15.47 Unpacking python3-pip (22.0.2+dfsg-1ubuntu0.7) ...
#8 15.55 Setting up media-types (7.0.0) ...
#8 15.55 Setting up pci.ids (0.0~2022.01.22-1ubuntu0.1) ...
#8 15.56 Setting up libpsl5:amd64 (0.21.0-1.2build2) ...
#8 15.56 Setting up distro-info-data (0.72-0ubuntu0.22.04.1) ...
#8 15.56 Setting up libbrotli1:amd64 (1.0.9-2build6) ...
#8 15.56 Setting up libsqlite3-0:amd64 (3.37.2-2ubuntu0.8) ...
#8 15.56 Setting up libnghttp2-14:amd64 (1.43.0-1ubuntu0.4) ...
#8 15.57 Setting up linux-libc-dev:amd64 (5.15.0-198.208) ...
#8 15.57 Setting up libprotobuf23:amd64 (3.12.4-1ubuntu7.22.04.6) ...
#8 15.57 Setting up libc-ares2:amd64 (1.18.1-1ubuntu0.22.04.3) ...
#8 15.57 Setting up libunwind8:amd64 (1.3.2-2build2.1) ...
#8 15.57 Setting up libsasl2-modules-db:amd64 (2.1.27+dfsg2-3ubuntu1.2) ...
#8 15.57 Setting up libslang2:amd64 (2.3.2-5build4) ...
#8 15.58 Setting up librtmp1:amd64 (2.4+20151223.gitfa8646d.1-2build4) ...
#8 15.58 Setting up usb.ids (2022.04.02-1) ...
#8 15.58 Setting up libabsl20210324:amd64 (0~20210324.2-2ubuntu0.3) ...
#8 15.58 Setting up libsasl2-2:amd64 (2.1.27+dfsg2-3ubuntu1.2) ...
#8 15.59 Setting up libssh-4:amd64 (0.9.6-2ubuntu0.22.04.8) ...
#8 15.59 Setting up libpci3:amd64 (1:3.7.0-6) ...
#8 15.59 Setting up libnuma1:amd64 (2.0.14-3ubuntu2) ...
#8 15.59 Setting up libmd0:amd64 (1.0.4-1build1) ...
#8 15.59 Setting up libmpdec3:amd64 (2.5.1-2build2) ...
#8 15.60 Setting up openssl (3.0.2-0ubuntu1.30) ...
#8 15.60 Setting up libbsd0:amd64 (0.11.5-1) ...
#8 15.60 Setting up libelf1:amd64 (0.186-1ubuntu0.1) ...
#8 15.60 Setting up readline-common (8.1.2-1) ...
#8 15.61 Setting up libicu70:amd64 (70.1-2) ...
#8 15.61 Setting up libdw1:amd64 (0.186-1ubuntu0.1) ...
#8 15.61 Setting up libedit2:amd64 (3.1-20210910-1build1) ...
#8 15.61 Setting up libreadline8:amd64 (8.1.2-1) ...
#8 15.62 Setting up libldap-2.5-0:amd64 (2.5.20+dfsg-0ubuntu0.22.04.1) ...
#8 15.62 Setting up hwdata (0.357-1) ...
#8 15.62 Setting up libpython3.10-stdlib:amd64 (3.10.12-1~22.04.18) ...
#8 15.62 Setting up ca-certificates (20260601~22.04.1) ...
#8 15.67 debconf: unable to initialize frontend: Dialog
#8 15.67 debconf: (TERM is not set, so the dialog frontend is not usable.)
#8 15.67 debconf: falling back to frontend: Readline
#8 15.67 debconf: unable to initialize frontend: Readline
#8 15.67 debconf: (Can't locate Term/ReadLine.pm in @INC (you may need to install the Term::ReadLine module) (@INC contains: /etc/perl /usr/local/lib/x86_64-linux-gnu/perl/5.34.0 /usr/local/share/perl/5.34.0 /usr/lib/x86_64-linux-gnu/perl5/5.34 /usr/share/perl5 /usr/lib/x86_64-linux-gnu/perl-base /usr/lib/x86_64-linux-gnu/perl/5.34 /usr/share/perl/5.34 /usr/local/lib/site_perl) at /usr/share/perl5/Debconf/FrontEnd/Readline.pm line 7.)
#8 15.67 debconf: falling back to frontend: Teletype
#8 15.91 Updating certificates in /etc/ssl/certs...
#8 16.28 121 added, 0 removed; done.
#8 16.29 Setting up libgrpc10:amd64 (1.30.2-3build6) ...
#8 16.29 Setting up libcurl4:amd64 (7.81.0-1ubuntu1.29) ...
#8 16.29 Setting up curl (7.81.0-1ubuntu1.29) ...
#8 16.29 Setting up libbpf0:amd64 (1:0.5.0-1ubuntu22.04.1) ...
#8 16.29 Setting up libgrpc++1:amd64 (1.30.2-3build6) ...
#8 16.30 Setting up libxml2:amd64 (2.9.13+dfsg-1ubuntu0.13) ...
#8 16.30 Setting up libpython3-stdlib:amd64 (3.10.6-1~22.04.1) ...
#8 16.30 Setting up python3.10 (3.10.12-1~22.04.18) ...
#8 16.74 Setting up python3 (3.10.6-1~22.04.1) ...
#8 16.75 running python rtupdate hooks for python3.10...
#8 16.75 running python post-rtupdate hooks for python3.10...
#8 16.80 Setting up libllvm11:amd64 (1:11.1.0-6) ...
#8 16.80 Setting up libclang1-11 (1:11.1.0-6) ...
#8 16.81 Setting up lsb-release (11.1.0ubuntu4) ...
#8 16.81 Setting up python3-lib2to3 (3.10.8-1~22.04) ...
#8 16.87 Setting up linux-tools-common (5.15.0-198.208) ...
#8 16.87 Setting up python3-pkg-resources (59.6.0-1.2ubuntu0.22.04.3) ...
#8 16.99 Setting up python3-distutils (3.10.8-1~22.04) ...
#8 17.07 Setting up python3-setuptools (59.6.0-1.2ubuntu0.22.04.3) ...
#8 17.29 Setting up python3-wheel (0.37.1-2ubuntu0.22.04.1) ...
#8 17.37 Setting up libclang-cpp11 (1:11.1.0-6) ...
#8 17.38 Setting up python3-pip (22.0.2+dfsg-1ubuntu0.7) ...
#8 18.06 Setting up linux-tools-5.15.0-198 (5.15.0-198.208) ...
#8 18.06 Setting up libbpfcc (0.18.0+ds-2) ...
#8 18.06 Setting up linux-tools-5.15.0-198-generic (5.15.0-198.208) ...
#8 18.06 Setting up bpftrace (0.14.0-1) ...
#8 18.06 Setting up linux-tools-generic (5.15.0.198.171) ...
#8 18.07 Processing triggers for libc-bin (2.35-0ubuntu3.15) ...
#8 18.08 Processing triggers for ca-certificates (20260601~22.04.1) ...
#8 18.08 Updating certificates in /etc/ssl/certs...
#8 18.37 0 added, 0 removed; done.
#8 18.37 Running hooks in /etc/ca-certificates/update.d...
#8 18.37 done.
#8 DONE 19.2s

#14 [builder 8/8] RUN cmake -S native/agent -B /build -DCMAKE_BUILD_TYPE=Release     && cmake --build /build --parallel "1"     && ctest --test-dir /build --output-on-failure     && cmake -S native/gperftools_bridge -B /bridge-build -DCMAKE_BUILD_TYPE=Release     && cmake --build /bridge-build --parallel "1"
#14 0.162 -- The CXX compiler identification is GNU 11.4.0
#14 0.168 -- Detecting CXX compiler ABI info
#14 0.225 -- Detecting CXX compiler ABI info - done
#14 0.230 -- Check for working CXX compiler: /usr/bin/c++ - skipped
#14 0.231 -- Detecting CXX compile features
#14 0.231 -- Detecting CXX compile features - done
#14 0.235 -- Found PkgConfig: /usr/bin/pkg-config (found version "0.29.2") 
#14 0.235 -- Checking for module 'grpc++'
#14 0.243 --   Found grpc++, version 1.30.2
#14 0.265 -- Checking for module 'protobuf'
#14 0.273 --   Found protobuf, version 3.12.4
#14 0.292 -- Configuring done
#14 0.302 -- Generating done
#14 0.303 -- Build files have been written to: /build
#14 0.330 [  2%] Generating generated/common.pb.cc, generated/common.grpc.pb.cc, generated/errorcode.pb.cc, generated/errorcode.grpc.pb.cc, generated/taskkind.pb.cc, generated/taskkind.grpc.pb.cc, generated/hotmethod.pb.cc, generated/hotmethod.grpc.pb.cc, generated/healthcheck.pb.cc, generated/healthcheck.grpc.pb.cc, generated/init.pb.cc, generated/init.grpc.pb.cc
#14 0.370 [  5%] Building CXX object CMakeFiles/mini-drop-native-agent.dir/src/main.cpp.o
#14 1.166 In file included from /build/generated/healthcheck.pb.h:37,
#14 1.166                  from /build/generated/healthcheck.grpc.pb.h:15,
#14 1.166                  from /src/native/agent/src/main.cpp:10:
#14 1.166 /build/generated/hotmethod.pb.h: In member function 'mini_drop::RecordArgv* mini_drop::TaskDesc::release_sample_argv()':
#14 1.166 /build/generated/hotmethod.pb.h:3159:47: warning: 'mini_drop::RecordArgv* mini_drop::TaskDesc::unsafe_arena_release_sample_argv()' is deprecated [-Wdeprecated-declarations]
#14 1.166  3159 |   auto temp = unsafe_arena_release_sample_argv();
#14 1.166       |               ~~~~~~~~~~~~~~~~~~~~~~~~~~~~~~~~^~
#14 1.166 /build/generated/hotmethod.pb.h:449:48: note: declared here
#14 1.166   449 |   PROTOBUF_DEPRECATED ::mini_drop::RecordArgv* unsafe_arena_release_sample_argv();
#14 1.166       |                                                ^~~~~~~~~~~~~~~~~~~~~~~~~~~~~~~~
#14 1.167 /build/generated/hotmethod.pb.h: In member function 'mini_drop::CosConfig* mini_drop::TaskDesc::release_cos_config()':
#14 1.167 /build/generated/hotmethod.pb.h:3355:46: warning: 'mini_drop::CosConfig* mini_drop::TaskDesc::unsafe_arena_release_cos_config()' is deprecated [-Wdeprecated-declarations]
#14 1.167  3355 |   auto temp = unsafe_arena_release_cos_config();
#14 1.167       |               ~~~~~~~~~~~~~~~~~~~~~~~~~~~~~~~^~
#14 1.167 /build/generated/hotmethod.pb.h:467:47: note: declared here
#14 1.167   467 |   PROTOBUF_DEPRECATED ::mini_drop::CosConfig* unsafe_arena_release_cos_config();
#14 1.167       |                                               ^~~~~~~~~~~~~~~~~~~~~~~~~~~~~~~
#14 1.623 /src/native/agent/src/main.cpp: In function 'mini_drop_native::Task {anonymous}::task_from_proto(const mini_drop::TaskDesc&)':
#14 1.623 /src/native/agent/src/main.cpp:570:27: warning: 'bool mini_drop::TaskDesc::has_sample_argv() const' is deprecated [-Wdeprecated-declarations]
#14 1.623   570 |   if (desc.has_sample_argv()) {
#14 1.623       |       ~~~~~~~~~~~~~~~~~~~~^~
#14 1.623 In file included from /build/generated/healthcheck.pb.h:37,
#14 1.623                  from /build/generated/healthcheck.grpc.pb.h:15,
#14 1.623                  from /src/native/agent/src/main.cpp:10:
#14 1.623 /build/generated/hotmethod.pb.h:3127:13: note: declared here
#14 1.623  3127 | inline bool TaskDesc::has_sample_argv() const {
#14 1.623       |             ^~~~~~~~
#14 1.623 /src/native/agent/src/main.cpp:571:32: warning: 'const mini_drop::RecordArgv& mini_drop::TaskDesc::sample_argv() const' is deprecated [-Wdeprecated-declarations]
#14 1.623   571 |     task.pid = desc.sample_argv().pid();
#14 1.623       |                ~~~~~~~~~~~~~~~~^~
#14 1.623 In file included from /build/generated/healthcheck.pb.h:37,
#14 1.623                  from /build/generated/healthcheck.grpc.pb.h:15,
#14 1.623                  from /src/native/agent/src/main.cpp:10:
#14 1.623 /build/generated/hotmethod.pb.h:3141:39: note: declared here
#14 1.623  3141 | inline const ::mini_drop::RecordArgv& TaskDesc::sample_argv() const {
#14 1.623       |                                       ^~~~~~~~
#14 1.623 /src/native/agent/src/main.cpp:572:48: warning: 'const mini_drop::RecordArgv& mini_drop::TaskDesc::sample_argv() const' is deprecated [-Wdeprecated-declarations]
#14 1.623   572 |     task.hz = static_cast<int>(desc.sample_argv().hz());
#14 1.623       |                                ~~~~~~~~~~~~~~~~^~
#14 1.623 In file included from /build/generated/healthcheck.pb.h:37,
#14 1.623                  from /build/generated/healthcheck.grpc.pb.h:15,
#14 1.623                  from /src/native/agent/src/main.cpp:10:
#14 1.623 /build/generated/hotmethod.pb.h:3141:39: note: declared here
#14 1.623  3141 | inline const ::mini_drop::RecordArgv& TaskDesc::sample_argv() const {
#14 1.623       |                                       ^~~~~~~~
#14 1.623 /src/native/agent/src/main.cpp:573:54: warning: 'const mini_drop::RecordArgv& mini_drop::TaskDesc::sample_argv() const' is deprecated [-Wdeprecated-declarations]
#14 1.623   573 |     task.duration = static_cast<int>(desc.sample_argv().duration());
#14 1.623       |                                      ~~~~~~~~~~~~~~~~^~
#14 1.623 In file included from /build/generated/healthcheck.pb.h:37,
#14 1.623                  from /build/generated/healthcheck.grpc.pb.h:15,
#14 1.623                  from /src/native/agent/src/main.cpp:10:
#14 1.623 /build/generated/hotmethod.pb.h:3141:39: note: declared here
#14 1.623  3141 | inline const ::mini_drop::RecordArgv& TaskDesc::sample_argv() const {
#14 1.623       |                                       ^~~~~~~~
#14 1.623 /src/native/agent/src/main.cpp:574:38: warning: 'const mini_drop::RecordArgv& mini_drop::TaskDesc::sample_argv() const' is deprecated [-Wdeprecated-declarations]
#14 1.623   574 |     task.callgraph = desc.sample_argv().callgraph();
#14 1.623       |                      ~~~~~~~~~~~~~~~~^~
#14 1.623 In file included from /build/generated/healthcheck.pb.h:37,
#14 1.623                  from /build/generated/healthcheck.grpc.pb.h:15,
#14 1.623                  from /src/native/agent/src/main.cpp:10:
#14 1.623 /build/generated/hotmethod.pb.h:3141:39: note: declared here
#14 1.623  3141 | inline const ::mini_drop::RecordArgv& TaskDesc::sample_argv() const {
#14 1.623       |                                       ^~~~~~~~
#14 1.623 /src/native/agent/src/main.cpp:575:34: warning: 'const mini_drop::RecordArgv& mini_drop::TaskDesc::sample_argv() const' is deprecated [-Wdeprecated-declarations]
#14 1.623   575 |     task.event = desc.sample_argv().event();
#14 1.623       |                  ~~~~~~~~~~~~~~~~^~
#14 1.623 In file included from /build/generated/healthcheck.pb.h:37,
#14 1.623                  from /build/generated/healthcheck.grpc.pb.h:15,
#14 1.623                  from /src/native/agent/src/main.cpp:10:
#14 1.623 /build/generated/hotmethod.pb.h:3141:39: note: declared here
#14 1.623  3141 | inline const ::mini_drop::RecordArgv& TaskDesc::sample_argv() const {
#14 1.623       |                                       ^~~~~~~~
#14 3.320 [  8%] Building CXX object CMakeFiles/mini-drop-native-agent.dir/src/config.cpp.o
#14 3.644 [ 10%] Building CXX object CMakeFiles/mini-drop-native-agent.dir/src/process_runner.cpp.o
#14 4.067 [ 13%] Building CXX object CMakeFiles/mini-drop-native-agent.dir/src/process_snapshot.cpp.o
#14 ...

#15 [stage-1 3/9] COPY deploy/vendor/async-profiler-4.4-linux-x64.tar.gz /tmp/async-profiler.tar.gz
#15 DONE 0.0s

#16 [stage-1 4/9] RUN echo "1233f26fc95753e75ce32733bbcaf8f0bedc2c098b0e798af87935b08a63b24e  /tmp/async-profiler.tar.gz" | sha256sum -c -     && mkdir -p /opt/async-profiler     && tar -xzf /tmp/async-profiler.tar.gz -C /opt/async-profiler --strip-components=1     && test -x /opt/async-profiler/bin/asprof     && rm -f /tmp/async-profiler.tar.gz
#16 0.102 /tmp/async-profiler.tar.gz: OK
#16 DONE 0.1s

#17 [stage-1 5/9] RUN pip3 install --no-cache-dir py-spy==0.4.2
#17 0.506 Collecting py-spy==0.4.2
#17 0.581   Downloading py_spy-0.4.2-py2.py3-none-manylinux_2_5_x86_64.manylinux1_x86_64.whl (2.9 MB)
#17 0.782      ━━━━━━━━━━━━━━━━━━━━━━━━━━━━━━━━━━━━━━━━ 2.9/2.9 MB 14.7 MB/s eta 0:00:00
#17 0.789 Installing collected packages: py-spy
#17 0.837 Successfully installed py-spy-0.4.2
#17 0.837 WARNING: Running pip as the 'root' user can result in broken permissions and conflicting behaviour with the system package manager. It is recommended to use a virtual environment instead: https://pip.pypa.io/warnings/venv
#17 DONE 0.9s

#14 [builder 8/8] RUN cmake -S native/agent -B /build -DCMAKE_BUILD_TYPE=Release     && cmake --build /build --parallel "1"     && ctest --test-dir /build --output-on-failure     && cmake -S native/gperftools_bridge -B /bridge-build -DCMAKE_BUILD_TYPE=Release     && cmake --build /bridge-build --parallel "1"
#14 5.619 [ 16%] Building CXX object CMakeFiles/mini-drop-native-agent.dir/src/artifact_uploader.cpp.o
#14 6.163 [ 18%] Building CXX object CMakeFiles/mini-drop-native-agent.dir/src/collector_registry.cpp.o
#14 6.522 [ 21%] Building CXX object CMakeFiles/mini-drop-native-agent.dir/src/perf_collector.cpp.o
#14 7.378 [ 24%] Building CXX object CMakeFiles/mini-drop-native-agent.dir/src/ebpf_io_collector.cpp.o
#14 10.32 [ 27%] Building CXX object CMakeFiles/mini-drop-native-agent.dir/src/language_collectors.cpp.o
#14 10.66 /src/native/agent/src/language_collectors.cpp: In member function 'virtual mini_drop_native::TaskResult mini_drop_native::{anonymous}::PySpyCollector::collect(const mini_drop_native::Config&, const mini_drop_native::Task&, const std::atomic<bool>&, std::atomic<bool>&) const':
#14 10.66 /src/native/agent/src/language_collectors.cpp:176:82: warning: missing initializer for member 'mini_drop_native::TaskResult::task_attempt_authority' [-Wmissing-field-initializers]
#14 10.66   176 |       return {task.id, false, "py-spy is not installed in native Agent image", ""};
#14 10.66       |                                                                                  ^
#14 10.66 /src/native/agent/src/language_collectors.cpp:176:82: warning: missing initializer for member 'mini_drop_native::TaskResult::task_attempt_id' [-Wmissing-field-initializers]
#14 10.66 /src/native/agent/src/language_collectors.cpp:176:82: warning: missing initializer for member 'mini_drop_native::TaskResult::error_code' [-Wmissing-field-initializers]
#14 10.66 /src/native/agent/src/language_collectors.cpp: In member function 'virtual mini_drop_native::TaskResult mini_drop_native::{anonymous}::AsyncProfilerCollector::collect(const mini_drop_native::Config&, const mini_drop_native::Task&, const std::atomic<bool>&, std::atomic<bool>&) const':
#14 10.66 /src/native/agent/src/language_collectors.cpp:202:17: warning: missing initializer for member 'mini_drop_native::TaskResult::task_attempt_authority' [-Wmissing-field-initializers]
#14 10.66   202 |               ""};
#14 10.66       |                 ^
#14 10.66 /src/native/agent/src/language_collectors.cpp:202:17: warning: missing initializer for member 'mini_drop_native::TaskResult::task_attempt_id' [-Wmissing-field-initializers]
#14 10.66 /src/native/agent/src/language_collectors.cpp:202:17: warning: missing initializer for member 'mini_drop_native::TaskResult::error_code' [-Wmissing-field-initializers]
#14 10.66 /src/native/agent/src/language_collectors.cpp:209:17: warning: missing initializer for member 'mini_drop_native::TaskResult::task_attempt_authority' [-Wmissing-field-initializers]
#14 10.66   209 |               ""};
#14 10.66       |                 ^
#14 10.66 /src/native/agent/src/language_collectors.cpp:209:17: warning: missing initializer for member 'mini_drop_native::TaskResult::task_attempt_id' [-Wmissing-field-initializers]
#14 10.66 /src/native/agent/src/language_collectors.cpp:209:17: warning: missing initializer for member 'mini_drop_native::TaskResult::error_code' [-Wmissing-field-initializers]
#14 11.69 [ 29%] Building CXX object CMakeFiles/mini-drop-native-agent.dir/src/proc_collectors.cpp.o
#14 13.51 [ 32%] Building CXX object CMakeFiles/mini-drop-native-agent.dir/src/result_outbox.cpp.o
#14 14.71 [ 35%] Building CXX object CMakeFiles/mini-drop-native-agent.dir/generated/common.pb.cc.o
#14 15.17 /build/generated/common.pb.cc: In member function 'virtual google::protobuf::uint8* mini_drop::CosConfig::_InternalSerialize(google::protobuf::uint8*, google::protobuf::io::EpsCopyOutputStream*) const':
#14 15.17 /build/generated/common.pb.cc:664:23: warning: 'const string& mini_drop::CosConfig::access_key() const' is deprecated [-Wdeprecated-declarations]
#14 15.17   664 |   if (this->access_key().size() > 0) {
#14 15.17       |       ~~~~~~~~~~~~~~~~^~
#14 15.17 In file included from /build/generated/common.pb.cc:4:
#14 15.17 /build/generated/common.pb.h:1130:27: note: declared here
#14 15.17  1130 | inline const std::string& CosConfig::access_key() const {
#14 15.17       |                           ^~~~~~~~~
#14 15.17 /build/generated/common.pb.cc:674:23: warning: 'const string& mini_drop::CosConfig::secret_key() const' is deprecated [-Wdeprecated-declarations]
#14 15.17   674 |   if (this->secret_key().size() > 0) {
#14 15.17       |       ~~~~~~~~~~~~~~~~^~
#14 15.17 In file included from /build/generated/common.pb.cc:4:
#14 15.17 /build/generated/common.pb.h:1211:27: note: declared here
#14 15.17  1211 | inline const std::string& CosConfig::secret_key() const {
#14 15.17       |                           ^~~~~~~~~
#14 15.17 /build/generated/common.pb.cc: In member function 'virtual size_t mini_drop::CosConfig::ByteSizeLong() const':
#14 15.17 /build/generated/common.pb.cc:727:23: warning: 'const string& mini_drop::CosConfig::access_key() const' is deprecated [-Wdeprecated-declarations]
#14 15.17   727 |   if (this->access_key().size() > 0) {
#14 15.17       |       ~~~~~~~~~~~~~~~~^~
#14 15.17 In file included from /build/generated/common.pb.cc:4:
#14 15.17 /build/generated/common.pb.h:1130:27: note: declared here
#14 15.17  1130 | inline const std::string& CosConfig::access_key() const {
#14 15.17       |                           ^~~~~~~~~
#14 15.17 /build/generated/common.pb.cc:734:23: warning: 'const string& mini_drop::CosConfig::secret_key() const' is deprecated [-Wdeprecated-declarations]
#14 15.17   734 |   if (this->secret_key().size() > 0) {
#14 15.17       |       ~~~~~~~~~~~~~~~~^~
#14 15.17 In file included from /build/generated/common.pb.cc:4:
#14 15.17 /build/generated/common.pb.h:1211:27: note: declared here
#14 15.17  1211 | inline const std::string& CosConfig::secret_key() const {
#14 15.17       |                           ^~~~~~~~~
#14 15.17 /build/generated/common.pb.cc: In member function 'void mini_drop::CosConfig::MergeFrom(const mini_drop::CosConfig&)':
#14 15.17 /build/generated/common.pb.cc:788:22: warning: 'const string& mini_drop::CosConfig::access_key() const' is deprecated [-Wdeprecated-declarations]
#14 15.17   788 |   if (from.access_key().size() > 0) {
#14 15.17       |       ~~~~~~~~~~~~~~~^~
#14 15.17 In file included from /build/generated/common.pb.cc:4:
#14 15.17 /build/generated/common.pb.h:1130:27: note: declared here
#14 15.17  1130 | inline const std::string& CosConfig::access_key() const {
#14 15.17       |                           ^~~~~~~~~
#14 15.17 /build/generated/common.pb.cc:791:22: warning: 'const string& mini_drop::CosConfig::secret_key() const' is deprecated [-Wdeprecated-declarations]
#14 15.17   791 |   if (from.secret_key().size() > 0) {
#14 15.17       |       ~~~~~~~~~~~~~~~^~
#14 15.17 In file included from /build/generated/common.pb.cc:4:
#14 15.17 /build/generated/common.pb.h:1211:27: note: declared here
#14 15.17  1211 | inline const std::string& CosConfig::secret_key() const {
#14 15.17       |                           ^~~~~~~~~
#14 15.66 [ 37%] Building CXX object CMakeFiles/mini-drop-native-agent.dir/generated/common.grpc.pb.cc.o
#14 16.53 [ 40%] Building CXX object CMakeFiles/mini-drop-native-agent.dir/generated/errorcode.pb.cc.o
#14 17.02 [ 43%] Building CXX object CMakeFiles/mini-drop-native-agent.dir/generated/errorcode.grpc.pb.cc.o
#14 17.89 [ 45%] Building CXX object CMakeFiles/mini-drop-native-agent.dir/generated/taskkind.pb.cc.o
#14 18.39 [ 48%] Building CXX object CMakeFiles/mini-drop-native-agent.dir/generated/taskkind.grpc.pb.cc.o
#14 19.24 [ 51%] Building CXX object CMakeFiles/mini-drop-native-agent.dir/generated/hotmethod.pb.cc.o
#14 19.72 In file included from /build/generated/hotmethod.pb.cc:4:
#14 19.72 /build/generated/hotmethod.pb.h: In member function 'mini_drop::RecordArgv* mini_drop::TaskDesc::release_sample_argv()':
#14 19.72 /build/generated/hotmethod.pb.h:3159:47: warning: 'mini_drop::RecordArgv* mini_drop::TaskDesc::unsafe_arena_release_sample_argv()' is deprecated [-Wdeprecated-declarations]
#14 19.72  3159 |   auto temp = unsafe_arena_release_sample_argv();
#14 19.72       |               ~~~~~~~~~~~~~~~~~~~~~~~~~~~~~~~~^~
#14 19.72 /build/generated/hotmethod.pb.h:449:48: note: declared here
#14 19.72   449 |   PROTOBUF_DEPRECATED ::mini_drop::RecordArgv* unsafe_arena_release_sample_argv();
#14 19.72       |                                                ^~~~~~~~~~~~~~~~~~~~~~~~~~~~~~~~
#14 19.72 /build/generated/hotmethod.pb.h: In member function 'mini_drop::CosConfig* mini_drop::TaskDesc::release_cos_config()':
#14 19.72 /build/generated/hotmethod.pb.h:3355:46: warning: 'mini_drop::CosConfig* mini_drop::TaskDesc::unsafe_arena_release_cos_config()' is deprecated [-Wdeprecated-declarations]
#14 19.72  3355 |   auto temp = unsafe_arena_release_cos_config();
#14 19.72       |               ~~~~~~~~~~~~~~~~~~~~~~~~~~~~~~~^~
#14 19.72 /build/generated/hotmethod.pb.h:467:47: note: declared here
#14 19.72   467 |   PROTOBUF_DEPRECATED ::mini_drop::CosConfig* unsafe_arena_release_cos_config();
#14 19.72       |                                               ^~~~~~~~~~~~~~~~~~~~~~~~~~~~~~~
#14 19.75 /build/generated/hotmethod.pb.cc: In member function 'virtual google::protobuf::uint8* mini_drop::TaskDesc::_InternalSerialize(google::protobuf::uint8*, google::protobuf::io::EpsCopyOutputStream*) const':
#14 19.75 /build/generated/hotmethod.pb.cc:1228:28: warning: 'bool mini_drop::TaskDesc::has_sample_argv() const' is deprecated [-Wdeprecated-declarations]
#14 19.75  1228 |   if (this->has_sample_argv()) {
#14 19.75       |       ~~~~~~~~~~~~~~~~~~~~~^~
#14 19.75 In file included from /build/generated/hotmethod.pb.cc:4:
#14 19.75 /build/generated/hotmethod.pb.h:3127:13: note: declared here
#14 19.75  3127 | inline bool TaskDesc::has_sample_argv() const {
#14 19.75       |             ^~~~~~~~
#14 19.75 /build/generated/hotmethod.pb.cc:1258:27: warning: 'bool mini_drop::TaskDesc::has_cos_config() const' is deprecated [-Wdeprecated-declarations]
#14 19.75  1258 |   if (this->has_cos_config()) {
#14 19.75       |       ~~~~~~~~~~~~~~~~~~~~^~
#14 19.75 In file included from /build/generated/hotmethod.pb.cc:4:
#14 19.75 /build/generated/hotmethod.pb.h:3329:13: note: declared here
#14 19.75  3329 | inline bool TaskDesc::has_cos_config() const {
#14 19.75       |             ^~~~~~~~
#14 19.75 /build/generated/hotmethod.pb.cc: In member function 'virtual size_t mini_drop::TaskDesc::ByteSizeLong() const':
#14 19.75 /build/generated/hotmethod.pb.cc:1451:28: warning: 'bool mini_drop::TaskDesc::has_sample_argv() const' is deprecated [-Wdeprecated-declarations]
#14 19.75  1451 |   if (this->has_sample_argv()) {
#14 19.75       |       ~~~~~~~~~~~~~~~~~~~~~^~
#14 19.75 In file included from /build/generated/hotmethod.pb.cc:4:
#14 19.75 /build/generated/hotmethod.pb.h:3127:13: note: declared here
#14 19.75  3127 | inline bool TaskDesc::has_sample_argv() const {
#14 19.75       |             ^~~~~~~~
#14 19.75 /build/generated/hotmethod.pb.cc:1458:27: warning: 'bool mini_drop::TaskDesc::has_cos_config() const' is deprecated [-Wdeprecated-declarations]
#14 19.75  1458 |   if (this->has_cos_config()) {
#14 19.75       |       ~~~~~~~~~~~~~~~~~~~~^~
#14 19.75 In file included from /build/generated/hotmethod.pb.cc:4:
#14 19.75 /build/generated/hotmethod.pb.h:3329:13: note: declared here
#14 19.75  3329 | inline bool TaskDesc::has_cos_config() const {
#14 19.75       |             ^~~~~~~~
#14 19.75 /build/generated/hotmethod.pb.cc: In member function 'void mini_drop::TaskDesc::MergeFrom(const mini_drop::TaskDesc&)':
#14 19.75 /build/generated/hotmethod.pb.cc:1609:27: warning: 'bool mini_drop::TaskDesc::has_sample_argv() const' is deprecated [-Wdeprecated-declarations]
#14 19.75  1609 |   if (from.has_sample_argv()) {
#14 19.75       |       ~~~~~~~~~~~~~~~~~~~~^~
#14 19.75 In file included from /build/generated/hotmethod.pb.cc:4:
#14 19.75 /build/generated/hotmethod.pb.h:3127:13: note: declared here
#14 19.75  3127 | inline bool TaskDesc::has_sample_argv() const {
#14 19.75       |             ^~~~~~~~
#14 19.75 /build/generated/hotmethod.pb.cc:1612:26: warning: 'bool mini_drop::TaskDesc::has_cos_config() const' is deprecated [-Wdeprecated-declarations]
#14 19.75  1612 |   if (from.has_cos_config()) {
#14 19.75       |       ~~~~~~~~~~~~~~~~~~~^~
#14 19.75 In file included from /build/generated/hotmethod.pb.cc:4:
#14 19.75 /build/generated/hotmethod.pb.h:3329:13: note: declared here
#14 19.75  3329 | inline bool TaskDesc::has_cos_config() const {
#14 19.75       |             ^~~~~~~~
#14 21.28 [ 54%] Building CXX object CMakeFiles/mini-drop-native-agent.dir/generated/hotmethod.grpc.pb.cc.o
#14 21.77 In file included from /build/generated/hotmethod.grpc.pb.cc:5:
#14 21.77 /build/generated/hotmethod.pb.h: In member function 'mini_drop::RecordArgv* mini_drop::TaskDesc::release_sample_argv()':
#14 21.77 /build/generated/hotmethod.pb.h:3159:47: warning: 'mini_drop::RecordArgv* mini_drop::TaskDesc::unsafe_arena_release_sample_argv()' is deprecated [-Wdeprecated-declarations]
#14 21.77  3159 |   auto temp = unsafe_arena_release_sample_argv();
#14 21.77       |               ~~~~~~~~~~~~~~~~~~~~~~~~~~~~~~~~^~
#14 21.77 /build/generated/hotmethod.pb.h:449:48: note: declared here
#14 21.77   449 |   PROTOBUF_DEPRECATED ::mini_drop::RecordArgv* unsafe_arena_release_sample_argv();
#14 21.77       |                                                ^~~~~~~~~~~~~~~~~~~~~~~~~~~~~~~~
#14 21.77 /build/generated/hotmethod.pb.h: In member function 'mini_drop::CosConfig* mini_drop::TaskDesc::release_cos_config()':
#14 21.77 /build/generated/hotmethod.pb.h:3355:46: warning: 'mini_drop::CosConfig* mini_drop::TaskDesc::unsafe_arena_release_cos_config()' is deprecated [-Wdeprecated-declarations]
#14 21.77  3355 |   auto temp = unsafe_arena_release_cos_config();
#14 21.77       |               ~~~~~~~~~~~~~~~~~~~~~~~~~~~~~~~^~
#14 21.77 /build/generated/hotmethod.pb.h:467:47: note: declared here
#14 21.77   467 |   PROTOBUF_DEPRECATED ::mini_drop::CosConfig* unsafe_arena_release_cos_config();
#14 21.77       |                                               ^~~~~~~~~~~~~~~~~~~~~~~~~~~~~~~
#14 23.43 [ 56%] Building CXX object CMakeFiles/mini-drop-native-agent.dir/generated/healthcheck.pb.cc.o
#14 23.90 In file included from /build/generated/healthcheck.pb.h:37,
#14 23.90                  from /build/generated/healthcheck.pb.cc:4:
#14 23.90 /build/generated/hotmethod.pb.h: In member function 'mini_drop::RecordArgv* mini_drop::TaskDesc::release_sample_argv()':
#14 23.90 /build/generated/hotmethod.pb.h:3159:47: warning: 'mini_drop::RecordArgv* mini_drop::TaskDesc::unsafe_arena_release_sample_argv()' is deprecated [-Wdeprecated-declarations]
#14 23.90  3159 |   auto temp = unsafe_arena_release_sample_argv();
#14 23.90       |               ~~~~~~~~~~~~~~~~~~~~~~~~~~~~~~~~^~
#14 23.90 /build/generated/hotmethod.pb.h:449:48: note: declared here
#14 23.90   449 |   PROTOBUF_DEPRECATED ::mini_drop::RecordArgv* unsafe_arena_release_sample_argv();
#14 23.90       |                                                ^~~~~~~~~~~~~~~~~~~~~~~~~~~~~~~~
#14 23.91 /build/generated/hotmethod.pb.h: In member function 'mini_drop::CosConfig* mini_drop::TaskDesc::release_cos_config()':
#14 23.91 /build/generated/hotmethod.pb.h:3355:46: warning: 'mini_drop::CosConfig* mini_drop::TaskDesc::unsafe_arena_release_cos_config()' is deprecated [-Wdeprecated-declarations]
#14 23.91  3355 |   auto temp = unsafe_arena_release_cos_config();
#14 23.91       |               ~~~~~~~~~~~~~~~~~~~~~~~~~~~~~~~^~
#14 23.91 /build/generated/hotmethod.pb.h:467:47: note: declared here
#14 23.91   467 |   PROTOBUF_DEPRECATED ::mini_drop::CosConfig* unsafe_arena_release_cos_config();
#14 23.91       |                                               ^~~~~~~~~~~~~~~~~~~~~~~~~~~~~~~
#14 24.67 [ 59%] Building CXX object CMakeFiles/mini-drop-native-agent.dir/generated/healthcheck.grpc.pb.cc.o
#14 25.17 In file included from /build/generated/healthcheck.pb.h:37,
#14 25.17                  from /build/generated/healthcheck.grpc.pb.cc:5:
#14 25.17 /build/generated/hotmethod.pb.h: In member function 'mini_drop::RecordArgv* mini_drop::TaskDesc::release_sample_argv()':
#14 25.17 /build/generated/hotmethod.pb.h:3159:47: warning: 'mini_drop::RecordArgv* mini_drop::TaskDesc::unsafe_arena_release_sample_argv()' is deprecated [-Wdeprecated-declarations]
#14 25.17  3159 |   auto temp = unsafe_arena_release_sample_argv();
#14 25.17       |               ~~~~~~~~~~~~~~~~~~~~~~~~~~~~~~~~^~
#14 25.17 /build/generated/hotmethod.pb.h:449:48: note: declared here
#14 25.17   449 |   PROTOBUF_DEPRECATED ::mini_drop::RecordArgv* unsafe_arena_release_sample_argv();
#14 25.17       |                                                ^~~~~~~~~~~~~~~~~~~~~~~~~~~~~~~~
#14 25.17 /build/generated/hotmethod.pb.h: In member function 'mini_drop::CosConfig* mini_drop::TaskDesc::release_cos_config()':
#14 25.17 /build/generated/hotmethod.pb.h:3355:46: warning: 'mini_drop::CosConfig* mini_drop::TaskDesc::unsafe_arena_release_cos_config()' is deprecated [-Wdeprecated-declarations]
#14 25.17  3355 |   auto temp = unsafe_arena_release_cos_config();
#14 25.17       |               ~~~~~~~~~~~~~~~~~~~~~~~~~~~~~~~^~
#14 25.17 /build/generated/hotmethod.pb.h:467:47: note: declared here
#14 25.17   467 |   PROTOBUF_DEPRECATED ::mini_drop::CosConfig* unsafe_arena_release_cos_config();
#14 25.17       |                                               ^~~~~~~~~~~~~~~~~~~~~~~~~~~~~~~
#14 26.83 [ 62%] Building CXX object CMakeFiles/mini-drop-native-agent.dir/generated/init.pb.cc.o
#14 27.75 [ 64%] Building CXX object CMakeFiles/mini-drop-native-agent.dir/generated/init.grpc.pb.cc.o
#14 30.23 [ 67%] Linking CXX executable mini-drop-native-agent
#14 30.34 [ 67%] Built target mini-drop-native-agent
#14 30.35 [ 70%] Building CXX object CMakeFiles/self-metrics-test.dir/tests/self_metrics_test.cpp.o
#14 30.71 [ 72%] Linking CXX executable self-metrics-test
#14 30.77 [ 72%] Built target self-metrics-test
#14 30.78 [ 75%] Building CXX object CMakeFiles/result-outbox-test.dir/tests/result_outbox_test.cpp.o
#14 31.60 [ 78%] Building CXX object CMakeFiles/result-outbox-test.dir/src/result_outbox.cpp.o
#14 32.79 [ 81%] Linking CXX executable result-outbox-test
#14 32.85 [ 81%] Built target result-outbox-test
#14 32.86 [ 83%] Building CXX object CMakeFiles/process-snapshot-test.dir/tests/process_snapshot_test.cpp.o
#14 33.55 [ 86%] Building CXX object CMakeFiles/process-snapshot-test.dir/src/process_snapshot.cpp.o
#14 34.97 [ 89%] Linking CXX executable process-snapshot-test
#14 35.03 [ 89%] Built target process-snapshot-test
#14 35.04 [ 91%] Building CXX object CMakeFiles/perf-samples-test.dir/tests/perf_samples_test.cpp.o
#14 35.45 [ 94%] Linking CXX executable perf-samples-test
#14 35.50 [ 94%] Built target perf-samples-test
#14 35.52 [ 97%] Building CXX object CMakeFiles/runtime-guard-test.dir/tests/runtime_guard_test.cpp.o
#14 35.99 [100%] Linking CXX executable runtime-guard-test
#14 36.04 [100%] Built target runtime-guard-test
#14 36.05 Internal ctest changing into directory: /build
#14 36.05 Test project /build
#14 36.06     Start 1: self-metrics-test
#14 36.06 1/5 Test #1: self-metrics-test ................   Passed    0.00 sec
#14 36.06     Start 2: result-outbox-test
#14 36.07 2/5 Test #2: result-outbox-test ...............   Passed    0.01 sec
#14 36.07     Start 3: process-snapshot-test
#14 36.08 3/5 Test #3: process-snapshot-test ............   Passed    0.01 sec
#14 36.08     Start 4: perf-samples-test
#14 36.08 4/5 Test #4: perf-samples-test ................   Passed    0.00 sec
#14 36.08     Start 5: runtime-guard-test
#14 36.08 5/5 Test #5: runtime-guard-test ...............   Passed    0.00 sec
#14 36.08 
#14 36.08 100% tests passed, 0 tests failed out of 5
#14 36.08 
#14 36.08 Total Test time (real) =   0.03 sec
#14 36.14 -- The CXX compiler identification is GNU 11.4.0
#14 36.14 -- Detecting CXX compiler ABI info
#14 36.20 -- Detecting CXX compiler ABI info - done
#14 36.21 -- Check for working CXX compiler: /usr/bin/c++ - skipped
#14 36.21 -- Detecting CXX compile features
#14 36.21 -- Detecting CXX compile features - done
#14 36.22 -- Configuring done
#14 36.22 -- Generating done
#14 36.22 -- Build files have been written to: /bridge-build
#14 36.25 [ 50%] Building CXX object CMakeFiles/mini-drop-gperftools-bridge.dir/src/main.cpp.o
#14 36.75 [100%] Linking CXX executable mini-drop-gperftools-bridge
#14 36.80 [100%] Built target mini-drop-gperftools-bridge
#14 DONE 36.8s

#18 [stage-1 6/9] COPY --from=builder /build/mini-drop-native-agent /usr/local/bin/
#18 DONE 0.0s

#19 [stage-1 7/9] COPY --from=builder /bridge-build/mini-drop-gperftools-bridge /usr/local/bin/
#19 DONE 0.0s

#20 [stage-1 8/9] COPY native/agent/io_latency.bt /opt/mini-drop/io_latency.bt
#20 DONE 0.0s

#21 [stage-1 9/9] COPY native/agent/bpftrace_compat.h /opt/mini-drop/bpftrace_compat.h
#21 DONE 0.0s

#22 exporting to image
#22 exporting layers
#22 exporting layers 1.2s done
#22 writing image sha256:ef33964325da946b267be623a75d64c61e2f0b3fbe58ae9456ed3626e0e13bdf done
#22 naming to docker.io/mini-drop-clean-951a5977fde46315/native-agent:exact-git done
#22 DONE 1.2s

#23 resolving provenance for metadata file
#23 DONE 0.0s

 native-agent  Built
