2026-10-02T04:48:23.2220683Z Current runner version: '2.337.0'
2026-10-02T04:48:23.2247622Z ##[group]Runner Image Provisioner
2026-10-02T04:48:23.2248787Z Hosted Compute Agent
2026-10-02T04:48:23.2249422Z Version: 20260901.588
2026-10-02T04:48:23.2250216Z Commit: f88ec8081b781fac6c440065ac7ff9e710ce3d0b
2026-10-02T04:48:23.2250997Z Build Date: 2026-09-01T19:56:44Z
2026-10-02T04:48:23.2251775Z Worker ID: {f05f3ebd-378b-41d5-be1f-fcee45eb9126}
2026-10-02T04:48:23.2252600Z Azure Region: westus
2026-10-02T04:48:23.2253188Z ##[endgroup]
2026-10-02T04:48:23.2254996Z ##[group]Operating System
2026-10-02T04:48:23.2255771Z Ubuntu
2026-10-02T04:48:23.2256459Z 22.04.5
2026-10-02T04:48:23.2257040Z LTS
2026-10-02T04:48:23.2257593Z ##[endgroup]
2026-10-02T04:48:23.2258526Z ##[group]Runner Image
2026-10-02T04:48:23.2259256Z Image: ubuntu-22.04
2026-10-02T04:48:23.2259995Z Version: 20260927.309.1
2026-10-02T04:48:23.2261316Z Included Software: https://github.com/actions/runner-images/blob/ubuntu22/20260927.309/images/ubuntu/Ubuntu2204-Readme.md
2026-10-02T04:48:23.2262998Z Image Release: https://github.com/actions/runner-images/releases/tag/ubuntu22%2F20260927.309
2026-10-02T04:48:23.2264071Z ##[endgroup]
2026-10-02T04:48:23.2265369Z ##[group]GITHUB_TOKEN Permissions
2026-10-02T04:48:23.2267295Z Contents: read
2026-10-02T04:48:23.2268230Z Metadata: read
2026-10-02T04:48:23.2268904Z Packages: read
2026-10-02T04:48:23.2269489Z ##[endgroup]
2026-10-02T04:48:23.2271637Z Secret source: Actions
2026-10-02T04:48:23.2272726Z Cache mode: write
2026-10-02T04:48:23.2273599Z Prepare workflow directory
2026-10-02T04:48:23.2630225Z Prepare all required actions
2026-10-02T04:48:23.2703396Z Getting action download info
2026-10-02T04:48:23.6636438Z Download action repository 'actions/checkout@v4' (SHA:11d5960a326750d5838078e36cf38b85af677262)
2026-10-02T04:48:23.7802970Z Download action repository 'actions/setup-python@v5' (SHA:a26af69be951a213d495a4c3e4e4022e16d87065)
2026-10-02T04:48:23.8620130Z Download action repository 'actions/upload-artifact@v4' (SHA:ea165f8d65b6e75b540449e92b4886f43607fa02)
2026-10-02T04:48:24.0826257Z Complete job name: Business HTTP acceptance and test-plan traceability
2026-10-02T04:48:24.1733769Z ##[group]Run actions/checkout@v4
2026-10-02T04:48:24.1734636Z with:
2026-10-02T04:48:24.1735062Z   fetch-depth: 0
2026-10-02T04:48:24.1735549Z   repository: llongwang751-arch/mini-drop
2026-10-02T04:48:24.1739946Z   token: ***
2026-10-02T04:48:24.1740412Z   ssh-strict: true
2026-10-02T04:48:24.1740844Z   ssh-user: git
2026-10-02T04:48:24.1741289Z   persist-credentials: true
2026-10-02T04:48:24.1741784Z   clean: true
2026-10-02T04:48:24.1742225Z   sparse-checkout-cone-mode: true
2026-10-02T04:48:24.1742795Z   fetch-tags: false
2026-10-02T04:48:24.1743238Z   show-progress: true
2026-10-02T04:48:24.1743682Z   lfs: false
2026-10-02T04:48:24.1744079Z   submodules: false
2026-10-02T04:48:24.1744516Z   set-safe-directory: true
2026-10-02T04:48:24.1745017Z   allow-unsafe-pr-checkout: false
2026-10-02T04:48:24.1745920Z ##[endgroup]
2026-10-02T04:48:24.2831610Z Syncing repository: llongwang751-arch/mini-drop
2026-10-02T04:48:24.2834204Z ##[group]Getting Git version info
2026-10-02T04:48:24.2835476Z Working directory is '/home/runner/work/mini-drop/mini-drop'
2026-10-02T04:48:24.2837209Z [command]/usr/bin/git version
2026-10-02T04:48:24.2920309Z git version 2.55.0
2026-10-02T04:48:24.2982714Z ##[endgroup]
2026-10-02T04:48:24.2989651Z Temporarily overriding HOME='/home/runner/work/_temp/bb25b325-76f3-4132-bfc1-dd390a542965' before making global git config changes
2026-10-02T04:48:24.2992138Z Adding repository directory to the temporary git global config as a safe directory
2026-10-02T04:48:24.2994401Z [command]/usr/bin/git config --global --add safe.directory /home/runner/work/mini-drop/mini-drop
2026-10-02T04:48:24.3053074Z Deleting the contents of '/home/runner/work/mini-drop/mini-drop'
2026-10-02T04:48:24.3065067Z ##[group]Initializing the repository
2026-10-02T04:48:24.3076848Z [command]/usr/bin/git init /home/runner/work/mini-drop/mini-drop
2026-10-02T04:48:24.3194368Z hint: Using 'master' as the name for the initial branch. This default branch name
2026-10-02T04:48:24.3209360Z hint: will change to "main" in Git 3.0. To configure the initial branch name
2026-10-02T04:48:24.3211200Z hint: to use in all of your new repositories, which will suppress this warning,
2026-10-02T04:48:24.3212585Z hint: call:
2026-10-02T04:48:24.3213515Z hint:
2026-10-02T04:48:24.3214583Z hint: 	git config --global init.defaultBranch <name>
2026-10-02T04:48:24.3215839Z hint:
2026-10-02T04:48:24.3216980Z hint: Names commonly chosen instead of 'master' are 'main', 'trunk' and
2026-10-02T04:48:24.3218878Z hint: 'development'. The just-created branch can be renamed via this command:
2026-10-02T04:48:24.3220451Z hint:
2026-10-02T04:48:24.3221368Z hint: 	git branch -m <name>
2026-10-02T04:48:24.3222379Z hint:
2026-10-02T04:48:24.3223626Z hint: Disable this message with "git config set advice.defaultBranchName false"
2026-10-02T04:48:24.3225560Z Initialized empty Git repository in /home/runner/work/mini-drop/mini-drop/.git/
2026-10-02T04:48:24.3228963Z [command]/usr/bin/git remote add origin https://github.com/llongwang751-arch/mini-drop
2026-10-02T04:48:24.3290405Z ##[endgroup]
2026-10-02T04:48:24.3291749Z ##[group]Disabling automatic garbage collection
2026-10-02T04:48:24.3310141Z [command]/usr/bin/git config --local gc.auto 0
2026-10-02T04:48:24.3357239Z ##[endgroup]
2026-10-02T04:48:24.3358870Z ##[group]Setting up auth
2026-10-02T04:48:24.3370785Z [command]/usr/bin/git config --local --name-only --get-regexp core\.sshCommand
2026-10-02T04:48:24.3419448Z [command]/usr/bin/git submodule foreach --recursive sh -c "git config --local --name-only --get-regexp 'core\.sshCommand' && git config --local --unset-all 'core.sshCommand' || :"
2026-10-02T04:48:24.3852981Z [command]/usr/bin/git config --local --name-only --get-regexp http\.https\:\/\/github\.com\/\.extraheader
2026-10-02T04:48:24.3895855Z [command]/usr/bin/git submodule foreach --recursive sh -c "git config --local --name-only --get-regexp 'http\.https\:\/\/github\.com\/\.extraheader' && git config --local --unset-all 'http.https://github.com/.extraheader' || :"
2026-10-02T04:48:24.4188123Z [command]/usr/bin/git config --local --name-only --get-regexp ^includeIf\.gitdir:
2026-10-02T04:48:24.4229617Z [command]/usr/bin/git submodule foreach --recursive git config --local --show-origin --name-only --get-regexp remote.origin.url
2026-10-02T04:48:24.4501796Z [command]/usr/bin/git config --local http.https://github.com/.extraheader AUTHORIZATION: basic ***
2026-10-02T04:48:24.4547373Z ##[endgroup]
2026-10-02T04:48:24.4548679Z ##[group]Fetching the repository
2026-10-02T04:48:24.4557628Z [command]/usr/bin/git -c protocol.version=2 fetch --prune --no-recurse-submodules origin +refs/heads/*:refs/remotes/origin/* +refs/tags/*:refs/tags/* +4106ef148573cc39036eb099b4ac1f7757f9f645:refs/remotes/pull/1/merge
2026-10-02T04:48:29.2461894Z From https://github.com/llongwang751-arch/mini-drop
2026-10-02T04:48:29.2464087Z  * [new branch]      legacy-screening-20260621                -> origin/legacy-screening-20260621
2026-10-02T04:48:29.2466051Z  * [new branch]      master                                   -> origin/master
2026-10-02T04:48:29.2468493Z  * [new branch]      release/unified-ai-diagnosis-20260821    -> origin/release/unified-ai-diagnosis-20260821
2026-10-02T04:48:29.2470836Z  * [new ref]         4106ef148573cc39036eb099b4ac1f7757f9f645 -> pull/1/merge
2026-10-02T04:48:29.2474562Z ##[endgroup]
2026-10-02T04:48:29.2476036Z ##[group]Determining the checkout info
2026-10-02T04:48:29.2479923Z ##[endgroup]
2026-10-02T04:48:29.2496343Z [command]/usr/bin/git sparse-checkout disable
2026-10-02T04:48:29.2551947Z [command]/usr/bin/git config --local --unset-all extensions.worktreeConfig
2026-10-02T04:48:29.2597706Z ##[group]Checking out the ref
2026-10-02T04:48:29.2600313Z [command]/usr/bin/git checkout --progress --force refs/remotes/pull/1/merge
2026-10-02T04:48:30.2698593Z Updating files:  62% (2427/3871)
2026-10-02T04:48:30.2735132Z Updating files:  63% (2439/3871)
2026-10-02T04:48:30.2785929Z Updating files:  64% (2478/3871)
2026-10-02T04:48:30.2843694Z Updating files:  65% (2517/3871)
2026-10-02T04:48:30.3119299Z Updating files:  66% (2555/3871)
2026-10-02T04:48:30.3400700Z Updating files:  67% (2594/3871)
2026-10-02T04:48:30.3532236Z Updating files:  68% (2633/3871)
2026-10-02T04:48:30.3585715Z Updating files:  69% (2671/3871)
2026-10-02T04:48:30.3723169Z Updating files:  70% (2710/3871)
2026-10-02T04:48:30.3731810Z Updating files:  71% (2749/3871)
2026-10-02T04:48:30.3787777Z Updating files:  72% (2788/3871)
2026-10-02T04:48:30.3855913Z Updating files:  73% (2826/3871)
2026-10-02T04:48:30.3889294Z Updating files:  74% (2865/3871)
2026-10-02T04:48:30.3920101Z Updating files:  75% (2904/3871)
2026-10-02T04:48:30.3944601Z Updating files:  76% (2942/3871)
2026-10-02T04:48:30.3990295Z Updating files:  77% (2981/3871)
2026-10-02T04:48:30.4026964Z Updating files:  78% (3020/3871)
2026-10-02T04:48:30.4062131Z Updating files:  79% (3059/3871)
2026-10-02T04:48:30.4138070Z Updating files:  80% (3097/3871)
2026-10-02T04:48:30.4174147Z Updating files:  81% (3136/3871)
2026-10-02T04:48:30.4205620Z Updating files:  82% (3175/3871)
2026-10-02T04:48:30.4327442Z Updating files:  83% (3213/3871)
2026-10-02T04:48:30.4400001Z Updating files:  84% (3252/3871)
2026-10-02T04:48:30.4450128Z Updating files:  85% (3291/3871)
2026-10-02T04:48:30.4495480Z Updating files:  86% (3330/3871)
2026-10-02T04:48:30.4521503Z Updating files:  87% (3368/3871)
2026-10-02T04:48:30.4555668Z Updating files:  88% (3407/3871)
2026-10-02T04:48:30.4583939Z Updating files:  89% (3446/3871)
2026-10-02T04:48:30.4640141Z Updating files:  90% (3484/3871)
2026-10-02T04:48:30.4671138Z Updating files:  91% (3523/3871)
2026-10-02T04:48:30.4697764Z Updating files:  92% (3562/3871)
2026-10-02T04:48:30.4723658Z Updating files:  93% (3601/3871)
2026-10-02T04:48:30.4751314Z Updating files:  94% (3639/3871)
2026-10-02T04:48:30.4826336Z Updating files:  95% (3678/3871)
2026-10-02T04:48:30.4921349Z Updating files:  96% (3717/3871)
2026-10-02T04:48:30.4947298Z Updating files:  97% (3755/3871)
2026-10-02T04:48:30.4978080Z Updating files:  98% (3794/3871)
2026-10-02T04:48:30.5001406Z Updating files:  99% (3833/3871)
2026-10-02T04:48:30.5001884Z Updating files: 100% (3871/3871)
2026-10-02T04:48:30.5002303Z Updating files: 100% (3871/3871), done.
2026-10-02T04:48:30.5059676Z Note: switching to 'refs/remotes/pull/1/merge'.
2026-10-02T04:48:30.5060349Z 
2026-10-02T04:48:30.5060865Z You are in 'detached HEAD' state. You can look around, make experimental
2026-10-02T04:48:30.5062004Z changes and commit them, and you can discard any commits you make in this
2026-10-02T04:48:30.5062785Z state without impacting any branches by switching back to a branch.
2026-10-02T04:48:30.5063237Z 
2026-10-02T04:48:30.5063546Z If you want to create a new branch to retain commits you create, you may
2026-10-02T04:48:30.5064266Z do so (now or later) by using -c with the switch command. Example:
2026-10-02T04:48:30.5064682Z 
2026-10-02T04:48:30.5064871Z   git switch -c <new-branch-name>
2026-10-02T04:48:30.5065202Z 
2026-10-02T04:48:30.5065371Z Or undo this operation with:
2026-10-02T04:48:30.5065712Z 
2026-10-02T04:48:30.5065868Z   git switch -
2026-10-02T04:48:30.5066114Z 
2026-10-02T04:48:30.5066454Z Turn off this advice by setting config variable advice.detachedHead to false
2026-10-02T04:48:30.5066951Z 
2026-10-02T04:48:30.5067493Z HEAD is now at 4106ef1 Merge de094fff754f2d8cb7139dd99e31c7a30d5fb754 into 609ea8a73f845b496b59b5cae181f515c5919850
2026-10-02T04:48:30.5173767Z ##[endgroup]
2026-10-02T04:48:30.5222122Z [command]/usr/bin/git log -1 --format=%H
2026-10-02T04:48:30.5254192Z 4106ef148573cc39036eb099b4ac1f7757f9f645
2026-10-02T04:48:30.5534886Z ##[group]Run actions/setup-python@v5
2026-10-02T04:48:30.5535260Z with:
2026-10-02T04:48:30.5535510Z   python-version: 3.11
2026-10-02T04:48:30.5535796Z   check-latest: false
2026-10-02T04:48:30.5538801Z   token: ***
2026-10-02T04:48:30.5539085Z   update-environment: true
2026-10-02T04:48:30.5539392Z   allow-prereleases: false
2026-10-02T04:48:30.5539906Z   freethreaded: false
2026-10-02T04:48:30.5540172Z ##[endgroup]
2026-10-02T04:48:30.6963709Z ##[group]Installed versions
2026-10-02T04:48:30.7084896Z (node:2020) [DEP0040] DeprecationWarning: The `punycode` module is deprecated. Please use a userland alternative instead.
2026-10-02T04:48:30.7085963Z (Use `node --trace-deprecation ...` to show where the warning was created)
2026-10-02T04:48:30.7086801Z Successfully set up CPython (3.11.16)
2026-10-02T04:48:30.7087653Z ##[endgroup]
2026-10-02T04:48:30.7252752Z ##[group]Run pip install 'pydantic>=2,<3'
2026-10-02T04:48:30.7253366Z [36;1mpip install 'pydantic>=2,<3'[0m
2026-10-02T04:48:30.7862511Z shell: /usr/bin/bash -e {0}
2026-10-02T04:48:30.7862934Z env:
2026-10-02T04:48:30.7863219Z   pythonLocation: /opt/hostedtoolcache/Python/3.11.16/x64
2026-10-02T04:48:30.7863688Z   PKG_CONFIG_PATH: /opt/hostedtoolcache/Python/3.11.16/x64/lib/pkgconfig
2026-10-02T04:48:30.7864138Z   Python_ROOT_DIR: /opt/hostedtoolcache/Python/3.11.16/x64
2026-10-02T04:48:30.7864558Z   Python2_ROOT_DIR: /opt/hostedtoolcache/Python/3.11.16/x64
2026-10-02T04:48:30.7864947Z   Python3_ROOT_DIR: /opt/hostedtoolcache/Python/3.11.16/x64
2026-10-02T04:48:30.7865344Z   LD_LIBRARY_PATH: /opt/hostedtoolcache/Python/3.11.16/x64/lib
2026-10-02T04:48:30.7865701Z ##[endgroup]
2026-10-02T04:48:35.1727839Z Collecting pydantic<3,>=2
2026-10-02T04:48:35.3429209Z   Downloading pydantic-2.13.5-py3-none-any.whl.metadata (110 kB)
2026-10-02T04:48:35.4370527Z Collecting annotated-types>=0.6.0 (from pydantic<3,>=2)
2026-10-02T04:48:35.4861808Z   Downloading annotated_types-0.8.0-py3-none-any.whl.metadata (15 kB)
2026-10-02T04:48:36.1615791Z Collecting pydantic-core==2.46.5 (from pydantic<3,>=2)
2026-10-02T04:48:36.2111176Z   Downloading pydantic_core-2.46.5-cp311-cp311-manylinux_2_17_x86_64.manylinux2014_x86_64.whl.metadata (6.6 kB)
2026-10-02T04:48:36.2341316Z Collecting typing-extensions>=4.14.1 (from pydantic<3,>=2)
2026-10-02T04:48:36.2834385Z   Downloading typing_extensions-4.16.0-py3-none-any.whl.metadata (3.3 kB)
2026-10-02T04:48:36.3020623Z Collecting typing-inspection>=0.4.2 (from pydantic<3,>=2)
2026-10-02T04:48:36.3515424Z   Downloading typing_inspection-0.4.4-py3-none-any.whl.metadata (2.6 kB)
2026-10-02T04:48:36.4061521Z Downloading pydantic-2.13.5-py3-none-any.whl (472 kB)
2026-10-02T04:48:36.5508119Z Downloading pydantic_core-2.46.5-cp311-cp311-manylinux_2_17_x86_64.manylinux2014_x86_64.whl (2.1 MB)
2026-10-02T04:48:36.6549856Z    ━━━━━━━━━━━━━━━━━━━━━━━━━━━━━━━━━━━━━━━━ 2.1/2.1 MB 19.3 MB/s  0:00:00
2026-10-02T04:48:36.7039321Z Downloading annotated_types-0.8.0-py3-none-any.whl (13 kB)
2026-10-02T04:48:36.7548097Z Downloading typing_extensions-4.16.0-py3-none-any.whl (45 kB)
2026-10-02T04:48:36.8066322Z Downloading typing_inspection-0.4.4-py3-none-any.whl (14 kB)
2026-10-02T04:48:37.1002727Z Installing collected packages: typing-extensions, annotated-types, typing-inspection, pydantic-core, pydantic
2026-10-02T04:48:37.4545161Z 
2026-10-02T04:48:37.4555799Z Successfully installed annotated-types-0.8.0 pydantic-2.13.5 pydantic-core-2.46.5 typing-extensions-4.16.0 typing-inspection-0.4.4
2026-10-02T04:48:37.5205035Z ##[group]Run python scripts/generate_business_contracts.py --check
2026-10-02T04:48:37.5205579Z [36;1mpython scripts/generate_business_contracts.py --check[0m
2026-10-02T04:48:37.5281719Z shell: /usr/bin/bash -e {0}
2026-10-02T04:48:37.5281979Z env:
2026-10-02T04:48:37.5282250Z   pythonLocation: /opt/hostedtoolcache/Python/3.11.16/x64
2026-10-02T04:48:37.5282708Z   PKG_CONFIG_PATH: /opt/hostedtoolcache/Python/3.11.16/x64/lib/pkgconfig
2026-10-02T04:48:37.5283144Z   Python_ROOT_DIR: /opt/hostedtoolcache/Python/3.11.16/x64
2026-10-02T04:48:37.5283553Z   Python2_ROOT_DIR: /opt/hostedtoolcache/Python/3.11.16/x64
2026-10-02T04:48:37.5283964Z   Python3_ROOT_DIR: /opt/hostedtoolcache/Python/3.11.16/x64
2026-10-02T04:48:37.5284364Z   LD_LIBRARY_PATH: /opt/hostedtoolcache/Python/3.11.16/x64/lib
2026-10-02T04:48:37.5284715Z ##[endgroup]
2026-10-02T04:48:37.7735713Z ##[group]Run python scripts/check_business_test_plan.py --output output/business-plan.json
2026-10-02T04:48:37.7736713Z [36;1mpython scripts/check_business_test_plan.py --output output/business-plan.json[0m
2026-10-02T04:48:37.7811629Z shell: /usr/bin/bash -e {0}
2026-10-02T04:48:37.7811879Z env:
2026-10-02T04:48:37.7812152Z   pythonLocation: /opt/hostedtoolcache/Python/3.11.16/x64
2026-10-02T04:48:37.7812606Z   PKG_CONFIG_PATH: /opt/hostedtoolcache/Python/3.11.16/x64/lib/pkgconfig
2026-10-02T04:48:37.7813057Z   Python_ROOT_DIR: /opt/hostedtoolcache/Python/3.11.16/x64
2026-10-02T04:48:37.7813445Z   Python2_ROOT_DIR: /opt/hostedtoolcache/Python/3.11.16/x64
2026-10-02T04:48:37.7813832Z   Python3_ROOT_DIR: /opt/hostedtoolcache/Python/3.11.16/x64
2026-10-02T04:48:37.7814218Z   LD_LIBRARY_PATH: /opt/hostedtoolcache/Python/3.11.16/x64/lib
2026-10-02T04:48:37.7814543Z ##[endgroup]
2026-10-02T04:48:38.1775801Z {"plan_valid": true, "affected_cases": ["RAG-01", "RAG-02", "RAG-03", "RAG-ACTUAL-01"], "external_execution": "NOT_RUN_BY_PLAN_VALIDATION; requires frozen RAG sources", "changed_paths": [], "scope": "selection aid; full business smoke remains required"}
2026-10-02T04:48:38.2041121Z ##[group]Run python scripts/check_business_test_plan.py --base "$BASE_SHA" --head "$HEAD_SHA" --output output/business-impact.json
2026-10-02T04:48:38.2042051Z [36;1mpython scripts/check_business_test_plan.py --base "$BASE_SHA" --head "$HEAD_SHA" --output output/business-impact.json[0m
2026-10-02T04:48:38.2114069Z shell: /usr/bin/bash -e {0}
2026-10-02T04:48:38.2114325Z env:
2026-10-02T04:48:38.2114597Z   pythonLocation: /opt/hostedtoolcache/Python/3.11.16/x64
2026-10-02T04:48:38.2115056Z   PKG_CONFIG_PATH: /opt/hostedtoolcache/Python/3.11.16/x64/lib/pkgconfig
2026-10-02T04:48:38.2115505Z   Python_ROOT_DIR: /opt/hostedtoolcache/Python/3.11.16/x64
2026-10-02T04:48:38.2115910Z   Python2_ROOT_DIR: /opt/hostedtoolcache/Python/3.11.16/x64
2026-10-02T04:48:38.2116312Z   Python3_ROOT_DIR: /opt/hostedtoolcache/Python/3.11.16/x64
2026-10-02T04:48:38.2116731Z   LD_LIBRARY_PATH: /opt/hostedtoolcache/Python/3.11.16/x64/lib
2026-10-02T04:48:38.2117141Z   BASE_SHA: 609ea8a73f845b496b59b5cae181f515c5919850
2026-10-02T04:48:38.2117482Z   HEAD_SHA: 4106ef148573cc39036eb099b4ac1f7757f9f645
2026-10-02T04:48:38.2117788Z ##[endgroup]
2026-10-02T04:48:38.5273775Z {"plan_valid": true, "affected_cases": ["RAG-01", "RAG-02", "RAG-03", "RAG-ACTUAL-01"], "external_execution": "NOT_RUN_BY_PLAN_VALIDATION; requires frozen RAG sources", "changed_paths": [".dockerignore", ".gitattributes", ".github/workflows/ci.yml", ".gitignore", "Makefile", "README.md", "analyzer/mini_drop_analyzer/hotmethod_analyzer.py", "apiserver/go.mod", "apiserver/go.sum", "apiserver/internal/cron/cron.go", "apiserver/internal/httpapi/server.go", "apiserver/internal/httpapi/server_test.go", "benchmarks/evaluation-suite/dataset.json", "benchmarks/evaluation-suite/dataset.xlsx", "benchmarks/retrieval/sre_queries.json", "benchmarks/root-cause-v1/manifest.json", "benchmarks/root-cause-v1/public/cases.json", "contracts/business_test_plan.json", "contracts/engineering_cases.json", "contracts/engineering_diagnosis.json", "contracts/performance_audit.json", "contracts/quality_plan.json", "demo/cpp-hotspot/main.cpp", "demo/go-hotspot/Dockerfile", "demo/go-hotspot/go.mod", "demo/go-hotspot/main.go", "demo/go-hotspot/main_test.go", "demo/java-hotspot/Hotspot.java", "demo/python-hotspot/app.py", "demo/rag_service/app.py", "deploy/dockerfiles/apiserver.Dockerfile", "deploy/dockerfiles/local-sre-api.Dockerfile", "deploy/dockerfiles/local-sre-python.Dockerfile", "deploy/dockerfiles/python-worker.Dockerfile", "deploy/dockerfiles/sre-release-python.Dockerfile", "deploy/env/control.env.example", "deploy/env/interview-demo.env", "deploy/env/retrieval.env.example", "deploy/nginx/control-tls.conf", "docker-compose.control.yml", "docker-compose.local-sre.yml", "docker-compose.retrieval.yml", "docker-compose.yml", "docs/AGENT_RUNTIME.md", "docs/AI_DIAGNOSIS.md", "docs/BUSINESS_ACCEPTANCE.md", "docs/BUSINESS_ONBOARDING_DESIGN.md", "docs/DEMO_WALKTHROUGH.md", "docs/DIAGNOSIS_ACCEPTANCE.md", "docs/DISTRIBUTED_LOAD.md", "docs/ENGINEERING_CASES.md", "docs/ENGINEERING_DELIVERY.md", "docs/FAULT_PLAZA_21_BENCHMARK_REPORT.md", "docs/FAULT_PLAZA_ACCEPTANCE.md", "docs/FULL_CHAIN_ACCEPTANCE.md", "docs/INTERVIEW_DEMO_GUIDE.md", "docs/PERFORMANCE_DIAGNOSIS.md", "docs/PROJECT_CONTEXT.md", "docs/PROJECT_LEARNING_GUIDE.md", "docs/README.md", "docs/REMAINING_WORK_20260930.md", "docs/REPLICATION.md", "docs/RESTART_HANDOFF.md", "docs/SERVICE_INTEGRATION.md", "docs/SKILLS.md", "docs/TEST_ENGINEERING.md", "docs/assets/demo-walkthrough-20260924/01-service.png", "docs/assets/demo-walkthrough-20260924/02-upload.png", "docs/assets/demo-walkthrough-20260924/03-chat.png", "docs/assets/demo-walkthrough-20260924/04-request.png", "docs/assets/demo-walkthrough-20260924/05-report.png", "docs/assets/demo-walkthrough-20260924/07-fault-results.png", "docs/assets/demo-walkthrough-20260924/08-tree.png", "docs/assets/demo-walkthrough-20260924/09-million-historical.png", "docs/assets/demo-walkthrough-20260924/10-fault-plaza.png", "docs/contracts/drop-insight-api.md", "docs/contracts/openapi.v1.json", "docs/demo/generate_demo_text.py", "docs/demo/mini-drop-demo-20k.txt", "integrations/agi_saber/agi-office-backend.service", "integrations/agi_saber/application_metrics.py", "integrations/agi_saber/backend_entry.py", "integrations/agi_saber/patches/README.md", "integrations/agi_saber/patches/long-ingest-batch.patch", "integrations/agi_saber/patches/milvus-lite.patch", "integrations/agi_saber/query_extraction_cache.py", "integrations/agi_saber/request_observations.py", "integrations/agi_saber/requirements-vector.txt", "knowledge/agent_experiments.md", "knowledge/agent_tool_governance.md", "knowledge/catalog.json", "knowledge/cgroup_cpu.md", "knowledge/go_profiles.md", "knowledge/latency_measurement.md", "knowledge/memory_pressure.md", "knowledge/postgres_waits.md", "knowledge/python_sampling.md", "knowledge/rag_quality.md", "knowledge/sre_recovery.md", "native/agent/src/main.cpp", "native/agent/src/proc_collectors.cpp", "native/control/src/main.cpp", "pyproject.toml", "reports/ai-diagnosis/fault-plaza-acceptance-index.json", "reports/ai-diagnosis/fault-plaza-instance-scope-1-after-race-deployed-20260930-cases/java-gc-pressure.json", "reports/ai-diagnosis/fault-plaza-instance-scope-1-after-race-deployed-20260930.json", "reports/ai-diagnosis/fault-plaza-instance-scope-1-bounded-deployed-20260930-cases/java-gc-pressure.json", "reports/ai-diagnosis/fault-plaza-instance-scope-1-bounded-deployed-20260930.json", "reports/ai-diagnosis/fault-plaza-instance-scope-1-bounded-retry-deployed-20260930-cases/java-gc-pressure.json", "reports/ai-diagnosis/fault-plaza-instance-scope-1-bounded-retry-deployed-20260930.json", "reports/ai-diagnosis/fault-plaza-instance-scope-3-deployed-20260930-cases/java-file-io.json", "reports/ai-diagnosis/fault-plaza-instance-scope-3-deployed-20260930-cases/java-gc-pressure.json", "reports/ai-diagnosis/fault-plaza-instance-scope-3-deployed-20260930-cases/java-lock-contention.json", "reports/ai-diagnosis/fault-plaza-instance-scope-3-deployed-20260930.json", "reports/ai-diagnosis/fault-plaza-java-direct-deployed-20260930-cases/java-gc-pressure.json", "reports/ai-diagnosis/fault-plaza-java-direct-deployed-20260930.json", "reports/ai-diagnosis/fault-plaza-strict-21-deployed-20260928-cases/cpu-hotspot.json", "reports/ai-diagnosis/fault-plaza-strict-21-deployed-20260928-cases/go-cpu-hotspot.json", "reports/ai-diagnosis/fault-plaza-strict-21-deployed-20260928-cases/go-network-latency.json", "reports/ai-diagnosis/fault-plaza-strict-21-deployed-20260928-cases/io-write-latency.json", "reports/ai-diagnosis/fault-plaza-strict-21-deployed-20260928-cases/load-saturation.json", "reports/ai-diagnosis/fault-plaza-strict-21-deployed-20260928-cases/memory-pressure.json", "reports/ai-diagnosis/fault-plaza-strict-21-deployed-20260928-cases/noisy-neighbor.json", "reports/ai-diagnosis/fault-plaza-strict-21-deployed-20260928-cases/queue-backlog.json", "reports/ai-diagnosis/fault-plaza-strict-21-deployed-20260928-cases/source-hotspot.json", "reports/ai-diagnosis/fault-plaza-strict-21-deployed-20260928.json", "reports/ai-diagnosis/fault-plaza-strict-21-deployed-20260930-cases/cpp-cpu-hotspot.json", "reports/ai-diagnosis/fault-plaza-strict-21-deployed-20260930-cases/cpp-downstream-latency.json", "reports/ai-diagnosis/fault-plaza-strict-21-deployed-20260930-cases/cpp-file-io.json", "reports/ai-diagnosis/fault-plaza-strict-21-deployed-20260930-cases/cpp-lock-contention.json", "reports/ai-diagnosis/fault-plaza-strict-21-deployed-20260930-cases/cpp-memory-growth.json", "reports/ai-diagnosis/fault-plaza-strict-21-deployed-20260930-cases/cpu-hotspot.json", "reports/ai-diagnosis/fault-plaza-strict-21-deployed-20260930-cases/go-cpu-hotspot.json", "reports/ai-diagnosis/fault-plaza-strict-21-deployed-20260930-cases/go-file-io.json", "reports/ai-diagnosis/fault-plaza-strict-21-deployed-20260930-cases/go-memory-growth.json", "reports/ai-diagnosis/fault-plaza-strict-21-deployed-20260930-cases/go-network-latency.json", "reports/ai-diagnosis/fault-plaza-strict-21-deployed-20260930-cases/io-write-latency.json", "reports/ai-diagnosis/fault-plaza-strict-21-deployed-20260930-cases/java-downstream-latency.json", "reports/ai-diagnosis/fault-plaza-strict-21-deployed-20260930-cases/java-file-io.json", "reports/ai-diagnosis/fault-plaza-strict-21-deployed-20260930-cases/java-gc-pressure.json", "reports/ai-diagnosis/fault-plaza-strict-21-deployed-20260930-cases/java-lock-contention.json", "reports/ai-diagnosis/fault-plaza-strict-21-deployed-20260930-cases/java-offheap-growth.json", "reports/ai-diagnosis/fault-plaza-strict-21-deployed-20260930-cases/load-saturation.json", "reports/ai-diagnosis/fault-plaza-strict-21-deployed-20260930-cases/memory-pressure.json", "reports/ai-diagnosis/fault-plaza-strict-21-deployed-20260930-cases/noisy-neighbor.json", "reports/ai-diagnosis/fault-plaza-strict-21-deployed-20260930-cases/queue-backlog.json", "reports/ai-diagnosis/fault-plaza-strict-21-deployed-20260930-cases/source-hotspot.json", "reports/ai-diagnosis/fault-plaza-strict-21-deployed-20260930.json", "reports/ai-diagnosis/fault-plaza-strict-pilot-20260928-cases/go-cpu-hotspot.json", "reports/ai-diagnosis/fault-plaza-strict-pilot-20260928-cases/source-hotspot.json", "reports/ai-diagnosis/fault-plaza-strict-pilot-20260928.json", "reports/architecture/acceptance-transport-20260930.md", "reports/architecture/agent-deadline-20260919.md", "reports/architecture/agi-saber-rag-release-20260923.md", "reports/architecture/cloud-deployment-and-strict-retest-20260928.md", "reports/architecture/cloud-recovery-20260919.md", "reports/architecture/cloud-release-20260919.md", "reports/architecture/conclusion-integrity-20260928.md", "reports/architecture/deployment-validation-20260930.md", "reports/architecture/engineering-diagnosis-20261001.md", "reports/architecture/engineering-score-only-20261002.md", "reports/architecture/health-check-flow-20261001.md", "reports/architecture/instance-scope-fix-20260930.md", "reports/architecture/interview-completion-20261001.md", "reports/architecture/load-endurance-20260927.md", "reports/architecture/local-sre-run-20260919.md", "reports/architecture/observability-release-20260922.md", "reports/architecture/performance-diagnosis-20261001.md", "reports/architecture/performance-fix-20260930.md", "reports/architecture/performance-localization-20261001.md", "reports/architecture/performance-sre-agent-implementation-20260919.md", "reports/architecture/performance-sre-agent-research-20260919.md", "reports/architecture/resource-controls-20260927.md", "reports/architecture/security-cancel-delivery-20260930.md", "reports/architecture/service-exam-release-20260923.md", "reports/architecture/seven-gaps-20261002.md", "reports/architecture/sre-agent-chroma-20260919-r2.xml", "reports/architecture/sre-agent-chroma-20260919.xml", "reports/architecture/sre-agent-final-validation-20260919.xml", "reports/architecture/sre-agent-python-20260919-r2.xml", "reports/architecture/sre-agent-python-20260919.xml", "reports/architecture/sre-agent-targeted-final-20260919.xml", "reports/architecture/sre-diagnosis-agent-design-20260919.md", "reports/architecture/sre-quality-roadmap-20260919.md", "reports/architecture/test-engineering-ci-20260927.json", "reports/architecture/test-engineering-ci-20260927.md", "reports/architecture/test-engineering-review-20260926.md", "reports/business-acceptance/actual-rag-regression-20260927/http-report.json", "reports/business-acceptance/actual-rag-regression-20260927/search-after.json", "reports/business-acceptance/actual-rag-regression-20260927/search-before.json", "reports/business-acceptance/cloud-data-cleanup-20260924.md", "reports/business-acceptance/conclusion-integrity-20260928/before-after.json", "reports/business-acceptance/conclusion-integrity-20260928/ci-artifact-source.json", "reports/business-acceptance/conclusion-integrity-20260928/ci-python-evidence.zip", "reports/business-acceptance/conclusion-integrity-20260928/ci-python-report.json", "reports/business-acceptance/conclusion-integrity-20260928/ci.json", "reports/business-acceptance/conclusion-integrity-20260928/regression-evidence.zip", "reports/business-acceptance/deployment-20260928/ci-artifact-source.json", "reports/business-acceptance/deployment-20260928/ci-followup-artifact-source.json", "reports/business-acceptance/deployment-20260928/ci-followup-python-evidence.zip", "reports/business-acceptance/deployment-20260928/ci-followup-python-report.json", "reports/business-acceptance/deployment-20260928/ci-followup-run.json", "reports/business-acceptance/deployment-20260928/ci-python-evidence.zip", "reports/business-acceptance/deployment-20260928/ci-python-report.json", "reports/business-acceptance/deployment-20260928/ci-run.json", "reports/business-acceptance/deployment-20260928/cpu-plan-after.json", "reports/business-acceptance/deployment-20260928/cpu-plan-before.json", "reports/business-acceptance/deployment-20260928/deployment-source-evidence.zip", "reports/business-acceptance/deployment-20260928/deployment.json", "reports/business-acceptance/deployment-20260928/distributed-hour/evidence.zip", "reports/business-acceptance/deployment-20260928/distributed-hour/manifest.json", "reports/business-acceptance/deployment-20260928/distributed-hour/render-v2-manifest.json", "reports/business-acceptance/deployment-20260928/distributed-hour/render-v2-source.zip", "reports/business-acceptance/deployment-20260928/distributed-hour/report-v2.html", "reports/business-acceptance/deployment-20260928/distributed-hour/report.html", "reports/business-acceptance/deployment-20260928/distributed-hour/report.json", "reports/business-acceptance/deployment-20260928/distributed-hour/timing-analysis.json", "reports/business-acceptance/deployment-20260928/distributed-quick/evidence.zip", "reports/business-acceptance/deployment-20260928/distributed-quick/manifest.json", "reports/business-acceptance/deployment-20260928/distributed-quick/report.json", "reports/business-acceptance/deployment-20260928/health-after.json", "reports/business-acceptance/deployment-20260928/historical-matrix.json", "reports/business-acceptance/deployment-20260928/historical-matrix.md", "reports/business-acceptance/deployment-20260928/local-artifacts.json", "reports/business-acceptance/deployment-20260928/local-regression-evidence.zip", "reports/business-acceptance/deployment-20260928/manifest.json", "reports/business-acceptance/deployment-20260928/pilot-analysis.json", "reports/business-acceptance/deployment-20260928/pilot-followup-regression.zip", "reports/business-acceptance/deployment-20260928/runtime-source-verification.json", "reports/business-acceptance/deployment-20260928/runtime-v2-deployment.json", "reports/business-acceptance/deployment-20260928/runtime-v2-health-after.json", "reports/business-acceptance/deployment-20260928/runtime-v2-manifest.json", "reports/business-acceptance/deployment-20260928/runtime-v2-runtime-source-verification.json", "reports/business-acceptance/deployment-20260928/runtime-v2-source-evidence.zip", "reports/business-acceptance/deployment-20260930/browser-case-after.json", "reports/business-acceptance/deployment-20260930/browser-case-after.png", "reports/business-acceptance/deployment-20260930/browser-case-before.json", "reports/business-acceptance/deployment-20260930/browser-case-before.png", "reports/business-acceptance/deployment-20260930/browser-real-local.png", "reports/business-acceptance/deployment-20260930/browser-result.json", "reports/business-acceptance/deployment-20260930/called-vulnerabilities.json", "reports/business-acceptance/deployment-20260930/campaign-analysis.json", "reports/business-acceptance/deployment-20260930/ci-jobs.json", "reports/business-acceptance/deployment-20260930/dependency-findings.json", "reports/business-acceptance/deployment-20260930/deployment-web.json", "reports/business-acceptance/deployment-20260930/deployment.json", "reports/business-acceptance/deployment-20260930/distributed-hour/evidence.zip", "reports/business-acceptance/deployment-20260930/distributed-hour/manifest.json", "reports/business-acceptance/deployment-20260930/distributed-hour/report.html", "reports/business-acceptance/deployment-20260930/distributed-hour/report.json", "reports/business-acceptance/deployment-20260930/distributed-hour/timing-analysis.json", "reports/business-acceptance/deployment-20260930/distributed-quick/evidence.zip", "reports/business-acceptance/deployment-20260930/distributed-quick/manifest.json", "reports/business-acceptance/deployment-20260930/distributed-quick/report.html", "reports/business-acceptance/deployment-20260930/distributed-quick/report.json", "reports/business-acceptance/deployment-20260930/fault-artifacts.json", "reports/business-acceptance/deployment-20260930/fault-artifacts.zip", "reports/business-acceptance/deployment-20260930/final-safety.json", "reports/business-acceptance/deployment-20260930/govulncheck-summary.json", "reports/business-acceptance/deployment-20260930/health-before-campaign.json", "reports/business-acceptance/deployment-20260930/manifest.json", "reports/business-acceptance/deployment-20260930/plaza-after-publication.json", "reports/business-acceptance/deployment-20260930/security-audit-manifest.json", "reports/business-acceptance/deployment-20260930/security-audit.zip", "reports/business-acceptance/deployment-20260930/source-verification-backend-after-web.json", "reports/business-acceptance/deployment-20260930/source-verification-web.json", "reports/business-acceptance/deployment-20260930/source-verification.json", "reports/business-acceptance/deployment-20260930/supply-chain-summary.json", "reports/business-acceptance/deployment-20260930/web-ci-artifacts.json", "reports/business-acceptance/deployment-20260930/web-ci-browser.zip", "reports/business-acceptance/deployment-20260930/web-ci-business.zip", "reports/business-acceptance/deployment-20260930/web-ci-jobs.json", "reports/business-acceptance/deployment-20260930/web-ci-log.zip", "reports/business-acceptance/deployment-20260930/web-ci-manifest.json", "reports/business-acceptance/deployment-20260930/web-ci-run.json", "reports/business-acceptance/deployment-20260930/web-regression-manifest.json", "reports/business-acceptance/deployment-20260930/web-regression.zip", "reports/business-acceptance/endurance-20260927/ci-short-report.json", "reports/business-acceptance/endurance-20260927/ci.json", "reports/business-acceptance/endurance-20260927/report.json", "reports/business-acceptance/endurance-20260927/requests.zip", "reports/business-acceptance/long-document-ingest-20260923.md", "reports/business-acceptance/resource-controls-20260927/ci-artifact-source.json", "reports/business-acceptance/resource-controls-20260927/ci-python-report.json", "reports/business-acceptance/resource-controls-20260927/ci.json", "reports/business-acceptance/resource-controls-20260927/hotspot-controls/go/cleanup-snapshot.json", "reports/business-acceptance/resource-controls-20260927/hotspot-controls/go/cpu.pprof", "reports/business-acceptance/resource-controls-20260927/hotspot-controls/go/fault-snapshots.json", "reports/business-acceptance/resource-controls-20260927/hotspot-controls/go/pprof-top.txt", "reports/business-acceptance/resource-controls-20260927/hotspot-controls/go/recovery-snapshot.json", "reports/business-acceptance/resource-controls-20260927/hotspot-controls/go/report.json", "reports/business-acceptance/resource-controls-20260927/hotspot-controls/go/target.log", "reports/business-acceptance/resource-controls-20260927/hotspot-controls/python/cleanup-snapshot.json", "reports/business-acceptance/resource-controls-20260927/hotspot-controls/python/fault-snapshots.json", "reports/business-acceptance/resource-controls-20260927/hotspot-controls/python/recovery-snapshot.json", "reports/business-acceptance/resource-controls-20260927/hotspot-controls/python/report.json", "reports/business-acceptance/resource-controls-20260927/hotspot-controls/python/target.log", "reports/business-acceptance/resource-controls-20260927/hotspot-controls/report.json", "reports/business-acceptance/resource-controls-20260927/hotspot-controls/source.json", "reports/business-acceptance/resource-controls-20260927/long/chart.png", "reports/business-acceptance/resource-controls-20260927/long/measurement-sources.zip", "reports/business-acceptance/resource-controls-20260927/long/report.html", "reports/business-acceptance/resource-controls-20260927/long/report.json", "reports/business-acceptance/resource-controls-20260927/long/requests.zip", "reports/business-acceptance/resource-controls-20260927/refined/chart.png", "reports/business-acceptance/resource-controls-20260927/refined/measurement-sources.zip", "reports/business-acceptance/resource-controls-20260927/refined/report.html", "reports/business-acceptance/resource-controls-20260927/refined/report.json", "reports/business-acceptance/resource-controls-20260927/refined/requests.zip", "reports/business-acceptance/resource-controls-20260927/resource-gap-before.log", "reports/evaluation/evaluation_report.xlsx", "reports/quality/engineering-cases-20261001/browser.log", "reports/quality/engineering-cases-20261001/browser/cases-1024.png", "reports/quality/engineering-cases-20261001/browser/cases-1440.png", "reports/quality/engineering-cases-20261001/browser/cases-375.png", "reports/quality/engineering-cases-20261001/browser/cases-768.png", "reports/quality/engineering-cases-20261001/browser/historical.png", "reports/quality/engineering-cases-20261001/browser/result.json", "reports/quality/engineering-cases-20261001/browser_cases.mjs", "reports/quality/engineering-cases-20261001/catalog-tests.xml", "reports/quality/engineering-cases-20261001/ci-artifacts.json", "reports/quality/engineering-cases-20261001/ci-jobs.json", "reports/quality/engineering-cases-20261001/ci-postgres-concurrency-2ace4b448d1be1016370c7139a5776f4649dbc79-1.zip", "reports/quality/engineering-cases-20261001/ci-python-quality-2ace4b448d1be1016370c7139a5776f4649dbc79-1.zip", "reports/quality/engineering-cases-20261001/ci-run.json", "reports/quality/engineering-cases-20261001/ci-web-browser-2ace4b448d1be1016370c7139a5776f4649dbc79-1.zip", "reports/quality/engineering-cases-20261001/completed-manifest.json", "reports/quality/engineering-cases-20261001/coverage.json", "reports/quality/engineering-cases-20261001/credential-scan.json", "reports/quality/engineering-cases-20261001/delivery-manifest.json", "reports/quality/engineering-cases-20261001/deploy_runtime.py", "reports/quality/engineering-cases-20261001/evidence-manifest.json", "reports/quality/engineering-cases-20261001/final-runtime-verification.json", "reports/quality/engineering-cases-20261001/local-validation.json", "reports/quality/engineering-cases-20261001/manifest.json", "reports/quality/engineering-cases-20261001/notification-after.xml", "reports/quality/engineering-cases-20261001/parallel-timing.json", "reports/quality/engineering-cases-20261001/platform-deployment.json", "reports/quality/engineering-cases-20261001/platform-deployment.log", "reports/quality/engineering-cases-20261001/python-full.log", "reports/quality/engineering-cases-20261001/python-full.xml", "reports/quality/engineering-cases-20261001/python-quality-report.html", "reports/quality/engineering-cases-20261001/python-quality-report.json", "reports/quality/engineering-cases-20261001/source-link-update/browser.log", "reports/quality/engineering-cases-20261001/source-link-update/browser/cases-1024.png", "reports/quality/engineering-cases-20261001/source-link-update/browser/cases-1440.png", "reports/quality/engineering-cases-20261001/source-link-update/browser/cases-375.png", "reports/quality/engineering-cases-20261001/source-link-update/browser/cases-768.png", "reports/quality/engineering-cases-20261001/source-link-update/browser/historical.png", "reports/quality/engineering-cases-20261001/source-link-update/browser/result.json", "reports/quality/engineering-cases-20261001/source-link-update/browser_cases.mjs", "reports/quality/engineering-cases-20261001/source-link-update/ci-jobs.json", "reports/quality/engineering-cases-20261001/source-link-update/ci-run.json", "reports/quality/engineering-cases-20261001/source-link-update/deploy_runtime.py", "reports/quality/engineering-cases-20261001/source-link-update/final-runtime-verification.json", "reports/quality/engineering-cases-20261001/source-link-update/manifest.json", "reports/quality/engineering-cases-20261001/source-link-update/platform-deployment.json", "reports/quality/engineering-cases-20261001/source-link-update/platform-deployment.log", "reports/quality/engineering-cases-20261001/source-link-update/published-index.json", "reports/quality/engineering-cases-20261001/timing-after.py", "reports/quality/engineering-cases-20261001/timing-before.py", "reports/quality/engineering-cases-20261001/verify_archive.py", "reports/quality/engineering-cases-20261001/verify_completed.py", "reports/quality/engineering-cases-20261001/verify_delivery.py", "reports/quality/engineering-cases-20261001/verify_runtime.py", "reports/quality/engineering-cases-20261001/web-audit.log", "reports/quality/engineering-cases-20261001/web-build.log", "reports/quality/engineering-cases-20261001/web-full.log", "reports/quality/engineering-cases-20261001/web-full.xml", "reports/quality/engineering-cases-20261001/web-targeted.xml", "reports/quality/engineering-diagnosis-20261001/deployed/archive_delivery.py", "reports/quality/engineering-diagnosis-20261001/deployed/browser.log", "reports/quality/engineering-diagnosis-20261001/deployed/browser/current-engineering-acceptance.png", "reports/quality/engineering-diagnosis-20261001/deployed/browser/engineering-cpu-button.png", "reports/quality/engineering-diagnosis-20261001/deployed/browser/engineering.png", "reports/quality/engineering-diagnosis-20261001/deployed/browser/failure-audit.png", "reports/quality/engineering-diagnosis-20261001/deployed/browser/go-cpu-hotspot.png", "reports/quality/engineering-diagnosis-20261001/deployed/browser/go-file-io.png", "reports/quality/engineering-diagnosis-20261001/deployed/browser/go-network-latency.png", "reports/quality/engineering-diagnosis-20261001/deployed/browser/health-normal.png", "reports/quality/engineering-diagnosis-20261001/deployed/browser/history-back-network.png", "reports/quality/engineering-diagnosis-20261001/deployed/browser/history-forward-io.png", "reports/quality/engineering-diagnosis-20261001/deployed/browser/network.json", "reports/quality/engineering-diagnosis-20261001/deployed/browser/performance-1024.png", "reports/quality/engineering-diagnosis-20261001/deployed/browser/performance-1440.png", "reports/quality/engineering-diagnosis-20261001/deployed/browser/performance-375.png", "reports/quality/engineering-diagnosis-20261001/deployed/browser/performance-768.png", "reports/quality/engineering-diagnosis-20261001/deployed/browser/result.json", "reports/quality/engineering-diagnosis-20261001/deployed/browser_engineering.mjs", "reports/quality/engineering-diagnosis-20261001/deployed/build_web.py", "reports/quality/engineering-diagnosis-20261001/deployed/ci-artifacts/artifacts.json", "reports/quality/engineering-diagnosis-20261001/deployed/ci-artifacts/download-manifest.json", "reports/quality/engineering-diagnosis-20261001/deployed/ci-artifacts/hotspot-controls-d44ec6de1951d45471ca129f0a90c2df964ca219-1.zip", "reports/quality/engineering-diagnosis-20261001/deployed/ci-artifacts/hotspot-controls-d44ec6de1951d45471ca129f0a90c2df964ca219-1/go-io-window/report.json", "reports/quality/engineering-diagnosis-20261001/deployed/ci-artifacts/hotspot-controls-d44ec6de1951d45471ca129f0a90c2df964ca219-1/hotspot-controls/measurement/go/report.json", "reports/quality/engineering-diagnosis-20261001/deployed/ci-artifacts/hotspot-controls-d44ec6de1951d45471ca129f0a90c2df964ca219-1/hotspot-controls/measurement/python/report.json", "reports/quality/engineering-diagnosis-20261001/deployed/ci-artifacts/hotspot-controls-d44ec6de1951d45471ca129f0a90c2df964ca219-1/hotspot-controls/measurement/report.json", "reports/quality/engineering-diagnosis-20261001/deployed/ci-artifacts/hotspot-controls-d44ec6de1951d45471ca129f0a90c2df964ca219-1/report.json", "reports/quality/engineering-diagnosis-20261001/deployed/ci-artifacts/postgres-concurrency-d44ec6de1951d45471ca129f0a90c2df964ca219-1.zip", "reports/quality/engineering-diagnosis-20261001/deployed/ci-artifacts/postgres-concurrency-d44ec6de1951d45471ca129f0a90c2df964ca219-1/python.junit.xml", "reports/quality/engineering-diagnosis-20261001/deployed/ci-artifacts/postgres-concurrency-d44ec6de1951d45471ca129f0a90c2df964ca219-1/runtime.json", "reports/quality/engineering-diagnosis-20261001/deployed/ci-artifacts/python-quality-d44ec6de1951d45471ca129f0a90c2df964ca219-1.zip", "reports/quality/engineering-diagnosis-20261001/deployed/ci-artifacts/python-quality-d44ec6de1951d45471ca129f0a90c2df964ca219-1/python-all/coverage.json", "reports/quality/engineering-diagnosis-20261001/deployed/ci-artifacts/python-quality-d44ec6de1951d45471ca129f0a90c2df964ca219-1/python-all/junit.xml", "reports/quality/engineering-diagnosis-20261001/deployed/ci-artifacts/python-quality-d44ec6de1951d45471ca129f0a90c2df964ca219-1/report.json", "reports/quality/engineering-diagnosis-20261001/deployed/ci-artifacts/web-browser-d44ec6de1951d45471ca129f0a90c2df964ca219-1.zip", "reports/quality/engineering-diagnosis-20261001/deployed/ci-logs/110367891631.log", "reports/quality/engineering-diagnosis-20261001/deployed/ci-logs/110367891727.log", "reports/quality/engineering-diagnosis-20261001/deployed/collect_ci.py", "reports/quality/engineering-diagnosis-20261001/deployed/collect_ci_logs.py", "reports/quality/engineering-diagnosis-20261001/deployed/final-runtime-verification.json", "reports/quality/engineering-diagnosis-20261001/deployed/index-before-domain-validation.json", "reports/quality/engineering-diagnosis-20261001/deployed/live-index-before.json", "reports/quality/engineering-diagnosis-20261001/deployed/live-release/build.log", "reports/quality/engineering-diagnosis-20261001/deployed/live-release/deployment.json", "reports/quality/engineering-diagnosis-20261001/deployed/live-release/manifest.json", "reports/quality/engineering-diagnosis-20261001/deployed/live-release/public-verification.json", "reports/quality/engineering-diagnosis-20261001/deployed/live-release/source-manifest.json", "reports/quality/engineering-diagnosis-20261001/deployed/live-source-comparison.json", "reports/quality/engineering-diagnosis-20261001/deployed/release-review.json", "reports/quality/engineering-diagnosis-20261001/deployed/release/activate_platform.py", "reports/quality/engineering-diagnosis-20261001/deployed/release/check_web_bundle.mjs", "reports/quality/engineering-diagnosis-20261001/deployed/release/ci-jobs.json", "reports/quality/engineering-diagnosis-20261001/deployed/release/ci-run.json", "reports/quality/engineering-diagnosis-20261001/deployed/release/ci_status.py", "reports/quality/engineering-diagnosis-20261001/deployed/release/deploy_runtime.py", "reports/quality/engineering-diagnosis-20261001/deployed/release/prepare_release.py", "reports/quality/engineering-diagnosis-20261001/deployed/release/source-head.txt", "reports/quality/engineering-diagnosis-20261001/deployed/release/source-verification.json", "reports/quality/engineering-diagnosis-20261001/deployed/run_browser.py", "reports/quality/engineering-diagnosis-20261001/deployed/setup_browser.py", "reports/quality/engineering-diagnosis-20261001/deployed/setup_release.py", "reports/quality/engineering-diagnosis-20261001/deployed/stage_learning_index.py", "reports/quality/engineering-diagnosis-20261001/deployed/stage_source.py", "reports/quality/engineering-diagnosis-20261001/deployed/targeted-python-r2.xml", "reports/quality/engineering-diagnosis-20261001/deployed/targeted-python-r3.xml", "reports/quality/engineering-diagnosis-20261001/deployed/targeted-python.xml", "reports/quality/engineering-diagnosis-20261001/deployed/verify_live_source.py", "reports/quality/engineering-diagnosis-20261001/deployed/verify_runtime.py", "reports/quality/engineering-diagnosis-20261001/deployed/web-engineering-clean-build.log", "reports/quality/engineering-diagnosis-20261001/deployed/web-engineering-clean-bundle.log", "reports/quality/engineering-diagnosis-20261001/deployed/web-engineering-clean-junit.xml", "reports/quality/engineering-diagnosis-20261001/deployed/web-engineering-clean-provenance.json", "reports/quality/engineering-diagnosis-20261001/deployed/web-engineering-clean-test.log", "reports/quality/engineering-diagnosis-20261001/deployed/web-full.xml", "reports/quality/engineering-diagnosis-20261001/local/contracts/command-1.log", "reports/quality/engineering-diagnosis-20261001/local/contracts/command-2.log", "reports/quality/engineering-diagnosis-20261001/local/contracts/command-3.log", "reports/quality/engineering-diagnosis-20261001/local/contracts/command-4.log", "reports/quality/engineering-diagnosis-20261001/local/contracts/command-5.log", "reports/quality/engineering-diagnosis-20261001/local/contracts/command-6.log", "reports/quality/engineering-diagnosis-20261001/local/contracts/command-7.log", "reports/quality/engineering-diagnosis-20261001/local/contracts/command-8.log", "reports/quality/engineering-diagnosis-20261001/local/contracts/command-9.log", "reports/quality/engineering-diagnosis-20261001/local/python-all/.coverage", "reports/quality/engineering-diagnosis-20261001/local/python-all/command-1.log", "reports/quality/engineering-diagnosis-20261001/local/python-all/coverage.json", "reports/quality/engineering-diagnosis-20261001/local/python-all/junit.xml", "reports/quality/engineering-diagnosis-20261001/local/report.html", "reports/quality/engineering-diagnosis-20261001/local/report.json", "reports/quality/engineering-diagnosis-20261001/manifest.json", "reports/quality/focused-delivery-20260929/ci-business-evidence.zip", "reports/quality/focused-delivery-20260929/ci-hotspot-failure.zip", "reports/quality/focused-delivery-20260929/ci-hotspot-fixed.zip", "reports/quality/focused-delivery-20260929/ci-initial-run.json", "reports/quality/focused-delivery-20260929/ci-manifest.json", "reports/quality/focused-delivery-20260929/ci-postgres-concurrency.zip", "reports/quality/focused-delivery-20260929/ci-python-evidence.zip", "reports/quality/focused-delivery-20260929/ci-python-report.json", "reports/quality/focused-delivery-20260929/ci-python-source.json", "reports/quality/focused-delivery-20260929/ci-retrieval-quality.zip", "reports/quality/focused-delivery-20260929/ci-run.json", "reports/quality/focused-delivery-20260929/cpu-roundoff-fix.json", "reports/quality/focused-delivery-20260929/cpu-roundoff-regression.zip", "reports/quality/focused-delivery-20260929/local-python.json", "reports/quality/focused-delivery-20260929/local-smoke.json", "reports/quality/focused-delivery-20260929/manifest.json", "reports/quality/focused-delivery-20260929/regression-evidence.zip", "reports/quality/focused-delivery-20260929/scope-before-after.json", "reports/quality/health-check-flow-20261001/README.md", "reports/quality/health-check-flow-20261001/browser-check-live/manifest.raw", "reports/quality/health-check-flow-20261001/browser-check-live/records.json", "reports/quality/health-check-flow-20261001/browser-check-live/selected-existing-case.json", "reports/quality/health-check-flow-20261001/browser-check-live/sys_metrics.raw", "reports/quality/health-check-flow-20261001/browser/browser-created-id.txt", "reports/quality/health-check-flow-20261001/browser/browser-created-normal-check.png", "reports/quality/health-check-flow-20261001/browser/completed-check-1440.png", "reports/quality/health-check-flow-20261001/browser/completed-check-375.png", "reports/quality/health-check-flow-20261001/browser/current-engineering-acceptance.png", "reports/quality/health-check-flow-20261001/browser/engineering-cpu-button.png", "reports/quality/health-check-flow-20261001/browser/engineering.png", "reports/quality/health-check-flow-20261001/browser/failure-audit.png", "reports/quality/health-check-flow-20261001/browser/go-cpu-hotspot.png", "reports/quality/health-check-flow-20261001/browser/go-file-io.png", "reports/quality/health-check-flow-20261001/browser/go-network-latency.png", "reports/quality/health-check-flow-20261001/browser/health-normal.png", "reports/quality/health-check-flow-20261001/browser/history-back-network.png", "reports/quality/health-check-flow-20261001/browser/history-forward-io.png", "reports/quality/health-check-flow-20261001/browser/network.json", "reports/quality/health-check-flow-20261001/browser/performance-1024.png", "reports/quality/health-check-flow-20261001/browser/performance-1440.png", "reports/quality/health-check-flow-20261001/browser/performance-375.png", "reports/quality/health-check-flow-20261001/browser/performance-768.png", "reports/quality/health-check-flow-20261001/browser/result.json", "reports/quality/health-check-flow-20261001/ci-logs/110406958393.log", "reports/quality/health-check-flow-20261001/ci-logs/110406958567.log", "reports/quality/health-check-flow-20261001/ci-summary.json", "reports/quality/health-check-flow-20261001/ci/artifacts.json", "reports/quality/health-check-flow-20261001/ci/download-manifest.json", "reports/quality/health-check-flow-20261001/ci/hotspot-controls-5e40ad367f6e33563e9591c4862c28a61adc3ed7-1/report.json", "reports/quality/health-check-flow-20261001/ci/postgres-concurrency-5e40ad367f6e33563e9591c4862c28a61adc3ed7-1/python.junit.xml", "reports/quality/health-check-flow-20261001/ci/postgres-concurrency-5e40ad367f6e33563e9591c4862c28a61adc3ed7-1/runtime.json", "reports/quality/health-check-flow-20261001/ci/python-quality-5e40ad367f6e33563e9591c4862c28a61adc3ed7-1/python-all/coverage.json", "reports/quality/health-check-flow-20261001/ci/python-quality-5e40ad367f6e33563e9591c4862c28a61adc3ed7-1/python-all/junit.xml", "reports/quality/health-check-flow-20261001/ci/python-quality-5e40ad367f6e33563e9591c4862c28a61adc3ed7-1/report.json", "reports/quality/health-check-flow-20261001/final-runtime-verification.json", "reports/quality/health-check-flow-20261001/health-live/created.json", "reports/quality/health-check-flow-20261001/health-live/manifest.raw", "reports/quality/health-check-flow-20261001/health-live/records.json", "reports/quality/health-check-flow-20261001/health-live/sys_metrics.raw", "reports/quality/health-check-flow-20261001/helpers/browser_engineering.mjs", "reports/quality/health-check-flow-20261001/helpers/collect_browser_check.py", "reports/quality/health-check-flow-20261001/helpers/live-health-first-validator.py", "reports/quality/health-check-flow-20261001/helpers/live_health.py", "reports/quality/health-check-flow-20261001/helpers/prepare_release.py", "reports/quality/health-check-flow-20261001/helpers/prepare_web.py", "reports/quality/health-check-flow-20261001/helpers/run_browser.py", "reports/quality/health-check-flow-20261001/helpers/update_release_contract.py", "reports/quality/health-check-flow-20261001/helpers/verify_runtime.py", "reports/quality/health-check-flow-20261001/live-check-summary.json", "reports/quality/health-check-flow-20261001/manifest.json", "reports/quality/health-check-flow-20261001/release/ci-first-jobs.json", "reports/quality/health-check-flow-20261001/release/ci-first-run.json", "reports/quality/health-check-flow-20261001/release/ci-jobs.json", "reports/quality/health-check-flow-20261001/release/ci-run.json", "reports/quality/health-check-flow-20261001/release/ci-web-first-failure.log", "reports/quality/health-check-flow-20261001/release/manifest.json", "reports/quality/health-check-flow-20261001/release/platform-deployment.json", "reports/quality/health-check-flow-20261001/release/platform-deployment.log", "reports/quality/health-check-flow-20261001/resample-live/created.json", "reports/quality/health-check-flow-20261001/resample-live/manifest.raw", "reports/quality/health-check-flow-20261001/resample-live/records.json", "reports/quality/health-check-flow-20261001/resample-live/sys_metrics.raw", "reports/quality/health-check-flow-20261001/runtime-before.json", "reports/quality/health-check-flow-20261001/source/docs/contracts/openapi.v1.json", "reports/quality/health-check-flow-20261001/source/server/app/drop_insight/health_assessment.py", "reports/quality/health-check-flow-20261001/source/server/app/drop_insight/managed_services.py", "reports/quality/health-check-flow-20261001/source/tests/test_health_check_flow.py", "reports/quality/health-check-flow-20261001/source/tests/test_managed_services.py", "reports/quality/health-check-flow-20261001/tests/backend-contract.xml", "reports/quality/health-check-flow-20261001/tests/backend-r1.xml", "reports/quality/health-check-flow-20261001/tests/backend-r2.xml", "reports/quality/health-check-flow-20261001/tests/backend-r3.xml", "reports/quality/health-check-flow-20261001/tests/backend-r4.xml", "reports/quality/health-check-flow-20261001/tests/baseline.json", "reports/quality/health-check-flow-20261001/tests/web-frozen-build.log", "reports/quality/health-check-flow-20261001/tests/web-frozen-selector-tests.json", "reports/quality/health-check-flow-20261001/tests/web-frozen-selector-tests.log", "reports/quality/health-check-flow-20261001/tests/web-frozen-tests.json", "reports/quality/health-check-flow-20261001/tests/web-frozen-tests.log", "reports/quality/health-check-flow-20261001/tests/web-r1.json", "reports/quality/health-check-flow-20261001/tests/web-r2.json", "reports/quality/health-check-flow-20261001/tests/web-r2.log", "reports/quality/health-check-flow-20261001/tests/web-r3.json", "reports/quality/health-check-flow-20261001/validator-first-failure.json", "reports/quality/health-check-flow-20261001/web-source-manifest.json", "reports/quality/health-check-flow-20261001/web-source/web/src/components/HealthCheckActions.jsx", "reports/quality/health-check-flow-20261001/web-source/web/src/components/HealthCheckActions.test.jsx", "reports/quality/health-check-flow-20261001/web-source/web/src/components/ManagedServicesPanel.jsx", "reports/quality/health-check-flow-20261001/web-source/web/src/components/ManagedServicesPanel.test.jsx", "reports/quality/health-check-flow-20261001/web-source/web/src/components/ObservabilityOverview.jsx", "reports/quality/health-check-flow-20261001/web-source/web/src/components/ObservabilityOverview.test.jsx", "reports/quality/health-check-flow-20261001/web-source/web/src/pages/AIDiagnosis.jsx", "reports/quality/health-check-flow-20261001/web-source/web/src/pages/AIDiagnosis.test.jsx", "reports/quality/instance-scope-20260930/business-measurements.zip", "reports/quality/instance-scope-20260930/campaign-analysis.json", "reports/quality/instance-scope-20260930/ci-archive-manifest.json", "reports/quality/instance-scope-20260930/ci-artifacts.json", "reports/quality/instance-scope-20260930/ci-first-failure-summary.json", "reports/quality/instance-scope-20260930/ci-jobs.json", "reports/quality/instance-scope-20260930/ci-run.json", "reports/quality/instance-scope-20260930/deployment.json", "reports/quality/instance-scope-20260930/fault-3-artifacts.json", "reports/quality/instance-scope-20260930/fault-3-artifacts.zip", "reports/quality/instance-scope-20260930/fault-after-race-artifacts.json", "reports/quality/instance-scope-20260930/fault-after-race-artifacts.zip", "reports/quality/instance-scope-20260930/final-evidence-manifest.json", "reports/quality/instance-scope-20260930/harness-after.log", "reports/quality/instance-scope-20260930/harness-before.log", "reports/quality/instance-scope-20260930/instance-scope-after.log", "reports/quality/instance-scope-20260930/instance-scope-before.log", "reports/quality/instance-scope-20260930/instance-scope-full.log", "reports/quality/instance-scope-20260930/instance-scope-full.xml", "reports/quality/instance-scope-20260930/instance-scope-race.log", "reports/quality/instance-scope-20260930/java-scope-after.log", "reports/quality/instance-scope-20260930/java-scope-before.log", "reports/quality/instance-scope-20260930/java-scope-browser.json", "reports/quality/instance-scope-20260930/java-scope-browser.png", "reports/quality/instance-scope-20260930/java-scope-business-measurements.zip", "reports/quality/instance-scope-20260930/java-scope-campaign-summary.json", "reports/quality/instance-scope-20260930/java-scope-ci-archive-manifest.json", "reports/quality/instance-scope-20260930/java-scope-ci-artifacts.json", "reports/quality/instance-scope-20260930/java-scope-ci-jobs.json", "reports/quality/instance-scope-20260930/java-scope-ci-run.json", "reports/quality/instance-scope-20260930/java-scope-deployment.json", "reports/quality/instance-scope-20260930/java-scope-final-health.json", "reports/quality/instance-scope-20260930/java-scope-final-source-verification.json", "reports/quality/instance-scope-20260930/java-scope-first-campaign.log", "reports/quality/instance-scope-20260930/java-scope-independent-safety-recovery.json", "reports/quality/instance-scope-20260930/java-scope-postgres-concurrency.zip", "reports/quality/instance-scope-20260930/java-scope-python-quality.zip", "reports/quality/instance-scope-20260930/java-scope-quality.zip", "reports/quality/instance-scope-20260930/java-scope-recovered-session.json", "reports/quality/instance-scope-20260930/java-scope-retry-campaign.log", "reports/quality/instance-scope-20260930/java-scope-retry-independent-safety.json", "reports/quality/instance-scope-20260930/java-scope-retry-tools.json", "reports/quality/instance-scope-20260930/java-scope-source-manifest.json", "reports/quality/instance-scope-20260930/java-scope-source-verification.json", "reports/quality/instance-scope-20260930/java-scope-web-browser.zip", "reports/quality/instance-scope-20260930/manifest.json", "reports/quality/instance-scope-20260930/postgres-concurrency.zip", "reports/quality/instance-scope-20260930/postgres-race-after-initial.log", "reports/quality/instance-scope-20260930/postgres-race-after-initial.xml", "reports/quality/instance-scope-20260930/postgres-race-after.log", "reports/quality/instance-scope-20260930/postgres-race-after.xml", "reports/quality/instance-scope-20260930/postgres-race-before.log", "reports/quality/instance-scope-20260930/postgres-race-before.xml", "reports/quality/instance-scope-20260930/postgres-race-final-cleanup.json", "reports/quality/instance-scope-20260930/postgres_race_runner.py", "reports/quality/instance-scope-20260930/python-quality.zip", "reports/quality/instance-scope-20260930/runtime-source-manifest.json", "reports/quality/instance-scope-20260930/skill-race-business-measurements.zip", "reports/quality/instance-scope-20260930/skill-race-campaign-analysis.json", "reports/quality/instance-scope-20260930/skill-race-ci-archive-manifest.json", "reports/quality/instance-scope-20260930/skill-race-ci-artifacts.json", "reports/quality/instance-scope-20260930/skill-race-ci-jobs.json", "reports/quality/instance-scope-20260930/skill-race-ci-run.json", "reports/quality/instance-scope-20260930/skill-race-deployment.json", "reports/quality/instance-scope-20260930/skill-race-postgres-concurrency.zip", "reports/quality/instance-scope-20260930/skill-race-python-quality.zip", "reports/quality/instance-scope-20260930/skill-race-quality.zip", "reports/quality/instance-scope-20260930/skill-race-runtime-source-manifest.json", "reports/quality/instance-scope-20260930/skill-race-source-verification.json", "reports/quality/instance-scope-20260930/skill-race-unit-final.log", "reports/quality/instance-scope-20260930/skill-race-web-browser.zip", "reports/quality/instance-scope-20260930/source-verification.json", "reports/quality/instance-scope-20260930/web-browser.zip", "reports/quality/instance-scope-20260930/worker-rpc-errors.jsonl", "reports/quality/interview-completion-20261001/baseline.json", "reports/quality/interview-completion-20261001/browser.log", "reports/quality/interview-completion-20261001/browser/business-similarity-path.png", "reports/quality/interview-completion-20261001/browser/current-engineering-acceptance.png", "reports/quality/interview-completion-20261001/browser/engineering-cpu-button.png", "reports/quality/interview-completion-20261001/browser/engineering.png", "reports/quality/interview-completion-20261001/browser/failure-audit.png", "reports/quality/interview-completion-20261001/browser/go-cpu-hotspot.png", "reports/quality/interview-completion-20261001/browser/go-file-io.png", "reports/quality/interview-completion-20261001/browser/go-network-latency.png", "reports/quality/interview-completion-20261001/browser/health-anomaly-1440.png", "reports/quality/interview-completion-20261001/browser/health-anomaly-375.png", "reports/quality/interview-completion-20261001/browser/health-anomaly.png", "reports/quality/interview-completion-20261001/browser/health-normal.png", "reports/quality/interview-completion-20261001/browser/health-recovery.png", "reports/quality/interview-completion-20261001/browser/health-resampled.png", "reports/quality/interview-completion-20261001/browser/health-unknown-1440.png", "reports/quality/interview-completion-20261001/browser/health-unknown-375.png", "reports/quality/interview-completion-20261001/browser/health-unknown.png", "reports/quality/interview-completion-20261001/browser/history-back-network.png", "reports/quality/interview-completion-20261001/browser/history-forward-io.png", "reports/quality/interview-completion-20261001/browser/network.json", "reports/quality/interview-completion-20261001/browser/performance-1024.png", "reports/quality/interview-completion-20261001/browser/performance-1440.png", "reports/quality/interview-completion-20261001/browser/performance-375.png", "reports/quality/interview-completion-20261001/browser/performance-768.png", "reports/quality/interview-completion-20261001/browser/result.json", "reports/quality/interview-completion-20261001/browser_engineering.mjs", "reports/quality/interview-completion-20261001/business-all-cleanup.json", "reports/quality/interview-completion-20261001/business-fix-r2/baseline-started.json", "reports/quality/interview-completion-20261001/business-fix-r2/baseline.json", "reports/quality/interview-completion-20261001/business-fix-r2/before-started.json", "reports/quality/interview-completion-20261001/business-fix-r2/diagnosis-created.json", "reports/quality/interview-completion-20261001/business-fix-r2/fixture-exit.json", "reports/quality/interview-completion-20261001/business-fix-r2/ready.json", "reports/quality/interview-completion-20261001/business-fix-r2/source-manifest.json", "reports/quality/interview-completion-20261001/business-fix-r3/after-started.json", "reports/quality/interview-completion-20261001/business-fix-r3/after.json", "reports/quality/interview-completion-20261001/business-fix-r3/artifacts/task_20261001_154358_6e8a30-flamegraph_json.raw", "reports/quality/interview-completion-20261001/business-fix-r3/artifacts/task_20261001_154358_6e8a30-manifest.raw", "reports/quality/interview-completion-20261001/business-fix-r3/artifacts/task_20261001_154358_6e8a30-raw.raw", "reports/quality/interview-completion-20261001/business-fix-r3/artifacts/task_20261001_154358_6e8a30-top_json.raw", "reports/quality/interview-completion-20261001/business-fix-r3/artifacts/task_20261001_154358_b600d6-manifest.raw", "reports/quality/interview-completion-20261001/business-fix-r3/artifacts/task_20261001_154358_b600d6-sys_metrics.raw", "reports/quality/interview-completion-20261001/business-fix-r3/baseline-started.json", "reports/quality/interview-completion-20261001/business-fix-r3/baseline.json", "reports/quality/interview-completion-20261001/business-fix-r3/before-started.json", "reports/quality/interview-completion-20261001/business-fix-r3/before.json", "reports/quality/interview-completion-20261001/business-fix-r3/comparison.json", "reports/quality/interview-completion-20261001/business-fix-r3/diagnosis-created.json", "reports/quality/interview-completion-20261001/business-fix-r3/diagnosis-records.json", "reports/quality/interview-completion-20261001/business-fix-r3/downloads.json", "reports/quality/interview-completion-20261001/business-fix-r3/fixture-exit.json", "reports/quality/interview-completion-20261001/business-fix-r3/human-hypothesis.json", "reports/quality/interview-completion-20261001/business-fix-r3/os-probe-requested.json", "reports/quality/interview-completion-20261001/business-fix-r3/probe-approved.json", "reports/quality/interview-completion-20261001/business-fix-r3/probe-requested.json", "reports/quality/interview-completion-20261001/business-fix-r3/ready.json", "reports/quality/interview-completion-20261001/business-fix-r3/remote-cleanup.json", "reports/quality/interview-completion-20261001/business-fix-r3/source-manifest.json", "reports/quality/interview-completion-20261001/business-fix-r3/source/after.py", "reports/quality/interview-completion-20261001/business-fix-r3/source/before.py", "reports/quality/interview-completion-20261001/business-fix-r3/source/fixture.py", "reports/quality/interview-completion-20261001/business-fix-r3/validated-comparison.json", "reports/quality/interview-completion-20261001/business-fix/after-started.json", "reports/quality/interview-completion-20261001/business-fix/after.json", "reports/quality/interview-completion-20261001/business-fix/baseline-started.json", "reports/quality/interview-completion-20261001/business-fix/baseline.json", "reports/quality/interview-completion-20261001/business-fix/before-started.json", "reports/quality/interview-completion-20261001/business-fix/before.json", "reports/quality/interview-completion-20261001/business-fix/comparison.json", "reports/quality/interview-completion-20261001/business-fix/diagnosis-created.json", "reports/quality/interview-completion-20261001/business-fix/diagnosis-records.json", "reports/quality/interview-completion-20261001/business-fix/downloads.json", "reports/quality/interview-completion-20261001/business-fix/fixture-exit.json", "reports/quality/interview-completion-20261001/business-fix/ready.json", "reports/quality/interview-completion-20261001/business-fix/source-manifest.json", "reports/quality/interview-completion-20261001/business-grade-tests.xml", "reports/quality/interview-completion-20261001/campaign-runner-frozen.py", "reports/quality/interview-completion-20261001/checkout-line-ending-verification.json", "reports/quality/interview-completion-20261001/ci-artifacts/artifacts.json", "reports/quality/interview-completion-20261001/ci-artifacts/browser-fixture-result.json", "reports/quality/interview-completion-20261001/ci-artifacts/download-manifest.json", "reports/quality/interview-completion-20261001/ci-artifacts/hotspot-controls-7cfa9e7034e390f178d110712ae156fe1e3a7879-1.zip", "reports/quality/interview-completion-20261001/ci-artifacts/hotspot-controls-7cfa9e7034e390f178d110712ae156fe1e3a7879-1/go-io-window/report.json", "reports/quality/interview-completion-20261001/ci-artifacts/hotspot-controls-7cfa9e7034e390f178d110712ae156fe1e3a7879-1/hotspot-controls/measurement/go/report.json", "reports/quality/interview-completion-20261001/ci-artifacts/hotspot-controls-7cfa9e7034e390f178d110712ae156fe1e3a7879-1/hotspot-controls/measurement/python/report.json", "reports/quality/interview-completion-20261001/ci-artifacts/hotspot-controls-7cfa9e7034e390f178d110712ae156fe1e3a7879-1/hotspot-controls/measurement/report.json", "reports/quality/interview-completion-20261001/ci-artifacts/hotspot-controls-7cfa9e7034e390f178d110712ae156fe1e3a7879-1/report.json", "reports/quality/interview-completion-20261001/ci-artifacts/postgres-concurrency-7cfa9e7034e390f178d110712ae156fe1e3a7879-1.zip", "reports/quality/interview-completion-20261001/ci-artifacts/postgres-concurrency-7cfa9e7034e390f178d110712ae156fe1e3a7879-1/python.junit.xml", "reports/quality/interview-completion-20261001/ci-artifacts/postgres-concurrency-7cfa9e7034e390f178d110712ae156fe1e3a7879-1/runtime.json", "reports/quality/interview-completion-20261001/ci-artifacts/python-quality-7cfa9e7034e390f178d110712ae156fe1e3a7879-1.zip", "reports/quality/interview-completion-20261001/ci-artifacts/python-quality-7cfa9e7034e390f178d110712ae156fe1e3a7879-1/python-all/coverage.json", "reports/quality/interview-completion-20261001/ci-artifacts/python-quality-7cfa9e7034e390f178d110712ae156fe1e3a7879-1/python-all/junit.xml", "reports/quality/interview-completion-20261001/ci-artifacts/python-quality-7cfa9e7034e390f178d110712ae156fe1e3a7879-1/python-all/tmp/test_after_skips_and_failures_0/after.xml", "reports/quality/interview-completion-20261001/ci-artifacts/python-quality-7cfa9e7034e390f178d110712ae156fe1e3a7879-1/python-all/tmp/test_after_skips_and_failures_0/before.xml", "reports/quality/interview-completion-20261001/ci-artifacts/python-quality-7cfa9e7034e390f178d110712ae156fe1e3a7879-1/python-all/tmp/test_after_skips_and_failures_1/after.xml", "reports/quality/interview-completion-20261001/ci-artifacts/python-quality-7cfa9e7034e390f178d110712ae156fe1e3a7879-1/python-all/tmp/test_after_skips_and_failures_1/before.xml", "reports/quality/interview-completion-20261001/ci-artifacts/python-quality-7cfa9e7034e390f178d110712ae156fe1e3a7879-1/python-all/tmp/test_after_skips_and_failures_2/after.xml", "reports/quality/interview-completion-20261001/ci-artifacts/python-quality-7cfa9e7034e390f178d110712ae156fe1e3a7879-1/python-all/tmp/test_after_skips_and_failures_2/before.xml", "reports/quality/interview-completion-20261001/ci-artifacts/python-quality-7cfa9e7034e390f178d110712ae156fe1e3a7879-1/python-all/tmp/test_after_skips_and_failures_current/after.xml", "reports/quality/interview-completion-20261001/ci-artifacts/python-quality-7cfa9e7034e390f178d110712ae156fe1e3a7879-1/python-all/tmp/test_after_skips_and_failures_current/before.xml", "reports/quality/interview-completion-20261001/ci-artifacts/python-quality-7cfa9e7034e390f178d110712ae156fe1e3a7879-1/python-all/tmp/test_all_skipped_is_failed_eve0/junit.xml", "reports/quality/interview-completion-20261001/ci-artifacts/python-quality-7cfa9e7034e390f178d110712ae156fe1e3a7879-1/python-all/tmp/test_all_skipped_is_failed_evecurrent/junit.xml", "reports/quality/interview-completion-20261001/ci-artifacts/python-quality-7cfa9e7034e390f178d110712ae156fe1e3a7879-1/python-all/tmp/test_artifact_path_cannot_esca0/report.json", "reports/quality/interview-completion-20261001/ci-artifacts/python-quality-7cfa9e7034e390f178d110712ae156fe1e3a7879-1/python-all/tmp/test_artifact_path_cannot_escacurrent/report.json", "reports/quality/interview-completion-20261001/ci-artifacts/python-quality-7cfa9e7034e390f178d110712ae156fe1e3a7879-1/python-all/tmp/test_campaign_error_preserves_0/failed/report.json", "reports/quality/interview-completion-20261001/ci-artifacts/python-quality-7cfa9e7034e390f178d110712ae156fe1e3a7879-1/python-all/tmp/test_campaign_error_preserves_current/failed/report.json", "reports/quality/interview-completion-20261001/ci-artifacts/python-quality-7cfa9e7034e390f178d110712ae156fe1e3a7879-1/python-all/tmp/test_complete_raw_evidence_is_0/report.json", "reports/quality/interview-completion-20261001/ci-artifacts/python-quality-7cfa9e7034e390f178d110712ae156fe1e3a7879-1/python-all/tmp/test_complete_raw_evidence_is_current/report.json", "reports/quality/interview-completion-20261001/ci-artifacts/python-quality-7cfa9e7034e390f178d110712ae156fe1e3a7879-1/python-all/tmp/test_critical_coverage_at_or_a0/critical/coverage.json", "reports/quality/interview-completion-20261001/ci-artifacts/python-quality-7cfa9e7034e390f178d110712ae156fe1e3a7879-1/python-all/tmp/test_critical_coverage_at_or_acurrent/critical/coverage.json", "reports/quality/interview-completion-20261001/ci-artifacts/python-quality-7cfa9e7034e390f178d110712ae156fe1e3a7879-1/python-all/tmp/test_critical_coverage_below_f0/critical/coverage.json", "reports/quality/interview-completion-20261001/ci-artifacts/python-quality-7cfa9e7034e390f178d110712ae156fe1e3a7879-1/python-all/tmp/test_critical_coverage_below_fcurrent/critical/coverage.json", "reports/quality/interview-completion-20261001/ci-artifacts/python-quality-7cfa9e7034e390f178d110712ae156fe1e3a7879-1/python-all/tmp/test_critical_coverage_names_o0/critical/coverage.json", "reports/quality/interview-completion-20261001/ci-artifacts/python-quality-7cfa9e7034e390f178d110712ae156fe1e3a7879-1/python-all/tmp/test_critical_coverage_names_ocurrent/critical/coverage.json", "reports/quality/interview-completion-20261001/ci-artifacts/python-quality-7cfa9e7034e390f178d110712ae156fe1e3a7879-1/python-all/tmp/test_critical_module_missing_f0/critical/coverage.json", "reports/quality/interview-completion-20261001/ci-artifacts/python-quality-7cfa9e7034e390f178d110712ae156fe1e3a7879-1/python-all/tmp/test_critical_module_missing_fcurrent/critical/coverage.json", "reports/quality/interview-completion-20261001/ci-artifacts/python-quality-7cfa9e7034e390f178d110712ae156fe1e3a7879-1/python-all/tmp/test_distributed_render_requir0/report.json", "reports/quality/interview-completion-20261001/ci-artifacts/python-quality-7cfa9e7034e390f178d110712ae156fe1e3a7879-1/python-all/tmp/test_distributed_render_requircurrent/report.json", "reports/quality/interview-completion-20261001/ci-artifacts/python-quality-7cfa9e7034e390f178d110712ae156fe1e3a7879-1/python-all/tmp/test_empty_or_collection_error0/junit.xml", "reports/quality/interview-completion-20261001/ci-artifacts/python-quality-7cfa9e7034e390f178d110712ae156fe1e3a7879-1/python-all/tmp/test_empty_or_collection_error1/junit.xml", "reports/quality/interview-completion-20261001/ci-artifacts/python-quality-7cfa9e7034e390f178d110712ae156fe1e3a7879-1/python-all/tmp/test_empty_or_collection_errorcurrent/junit.xml", "reports/quality/interview-completion-20261001/ci-artifacts/python-quality-7cfa9e7034e390f178d110712ae156fe1e3a7879-1/python-all/tmp/test_existing_evidence_directo0/report.json", "reports/quality/interview-completion-20261001/ci-artifacts/python-quality-7cfa9e7034e390f178d110712ae156fe1e3a7879-1/python-all/tmp/test_existing_evidence_directocurrent/report.json", "reports/quality/interview-completion-20261001/ci-artifacts/python-quality-7cfa9e7034e390f178d110712ae156fe1e3a7879-1/python-all/tmp/test_generated_index_and_downl0/empty-query-cache/cache-empty-before.xml", "reports/quality/interview-completion-20261001/ci-artifacts/python-quality-7cfa9e7034e390f178d110712ae156fe1e3a7879-1/python-all/tmp/test_generated_index_and_downl0/empty-query-cache/cache-empty-targeted.xml", "reports/quality/interview-completion-20261001/ci-artifacts/python-quality-7cfa9e7034e390f178d110712ae156fe1e3a7879-1/python-all/tmp/test_generated_index_and_downl0/notification-lifecycle/notification-after.xml", "reports/quality/interview-completion-20261001/ci-artifacts/python-quality-7cfa9e7034e390f178d110712ae156fe1e3a7879-1/python-all/tmp/test_generated_index_and_downl0/skill-first-insert-race/postgres-race-after.xml", "reports/quality/interview-completion-20261001/ci-artifacts/python-quality-7cfa9e7034e390f178d110712ae156fe1e3a7879-1/python-all/tmp/test_generated_index_and_downl0/skill-first-insert-race/postgres-race-before.xml", "reports/quality/interview-completion-20261001/ci-artifacts/python-quality-7cfa9e7034e390f178d110712ae156fe1e3a7879-1/python-all/tmp/test_generated_index_and_downlcurrent/empty-query-cache/cache-empty-before.xml", "reports/quality/interview-completion-20261001/ci-artifacts/python-quality-7cfa9e7034e390f178d110712ae156fe1e3a7879-1/python-all/tmp/test_generated_index_and_downlcurrent/empty-query-cache/cache-empty-targeted.xml", "reports/quality/interview-completion-20261001/ci-artifacts/python-quality-7cfa9e7034e390f178d110712ae156fe1e3a7879-1/python-all/tmp/test_generated_index_and_downlcurrent/notification-lifecycle/notification-after.xml", "reports/quality/interview-completion-20261001/ci-artifacts/python-quality-7cfa9e7034e390f178d110712ae156fe1e3a7879-1/python-all/tmp/test_generated_index_and_downlcurrent/skill-first-insert-race/postgres-race-after.xml", "reports/quality/interview-completion-20261001/ci-artifacts/python-quality-7cfa9e7034e390f178d110712ae156fe1e3a7879-1/python-all/tmp/test_generated_index_and_downlcurrent/skill-first-insert-race/postgres-race-before.xml", "reports/quality/interview-completion-20261001/ci-artifacts/python-quality-7cfa9e7034e390f178d110712ae156fe1e3a7879-1/python-all/tmp/test_hash_tampering_is_rejecte0/after.xml", "reports/quality/interview-completion-20261001/ci-artifacts/python-quality-7cfa9e7034e390f178d110712ae156fe1e3a7879-1/python-all/tmp/test_hash_tampering_is_rejecte0/before.xml", "reports/quality/interview-completion-20261001/ci-artifacts/python-quality-7cfa9e7034e390f178d110712ae156fe1e3a7879-1/python-all/tmp/test_hash_tampering_is_rejectecurrent/after.xml", "reports/quality/interview-completion-20261001/ci-artifacts/python-quality-7cfa9e7034e390f178d110712ae156fe1e3a7879-1/python-all/tmp/test_hash_tampering_is_rejectecurrent/before.xml", "reports/quality/interview-completion-20261001/ci-artifacts/python-quality-7cfa9e7034e390f178d110712ae156fe1e3a7879-1/python-all/tmp/test_html_escapes_logs_and_tes0/report.json", "reports/quality/interview-completion-20261001/ci-artifacts/python-quality-7cfa9e7034e390f178d110712ae156fe1e3a7879-1/python-all/tmp/test_html_escapes_logs_and_tescurrent/report.json", "reports/quality/interview-completion-20261001/ci-artifacts/python-quality-7cfa9e7034e390f178d110712ae156fe1e3a7879-1/python-all/tmp/test_junit_uses_executed_cases0/junit.xml", "reports/quality/interview-completion-20261001/ci-artifacts/python-quality-7cfa9e7034e390f178d110712ae156fe1e3a7879-1/python-all/tmp/test_junit_uses_executed_casescurrent/junit.xml", "reports/quality/interview-completion-20261001/ci-artifacts/python-quality-7cfa9e7034e390f178d110712ae156fe1e3a7879-1/python-all/tmp/test_manifest_hash_and_running0/report.json", "reports/quality/interview-completion-20261001/ci-artifacts/python-quality-7cfa9e7034e390f178d110712ae156fe1e3a7879-1/python-all/tmp/test_manifest_hash_and_runningcurrent/report.json", "reports/quality/interview-completion-20261001/ci-artifacts/python-quality-7cfa9e7034e390f178d110712ae156fe1e3a7879-1/python-all/tmp/test_raw_corruption_is_rejecte0/report.json", "reports/quality/interview-completion-20261001/ci-artifacts/python-quality-7cfa9e7034e390f178d110712ae156fe1e3a7879-1/python-all/tmp/test_raw_corruption_is_rejectecurrent/report.json", "reports/quality/interview-completion-20261001/ci-artifacts/python-quality-7cfa9e7034e390f178d110712ae156fe1e3a7879-1/python-all/tmp/test_rehashed_manifest_cannot_0/report.json", "reports/quality/interview-completion-20261001/ci-artifacts/python-quality-7cfa9e7034e390f178d110712ae156fe1e3a7879-1/python-all/tmp/test_rehashed_manifest_cannot_1/report.json", "reports/quality/interview-completion-20261001/ci-artifacts/python-quality-7cfa9e7034e390f178d110712ae156fe1e3a7879-1/python-all/tmp/test_rehashed_manifest_cannot_2/report.json", "reports/quality/interview-completion-20261001/ci-artifacts/python-quality-7cfa9e7034e390f178d110712ae156fe1e3a7879-1/python-all/tmp/test_rehashed_manifest_cannot_3/report.json", "reports/quality/interview-completion-20261001/ci-artifacts/python-quality-7cfa9e7034e390f178d110712ae156fe1e3a7879-1/python-all/tmp/test_rehashed_manifest_cannot_4/report.json", "reports/quality/interview-completion-20261001/ci-artifacts/python-quality-7cfa9e7034e390f178d110712ae156fe1e3a7879-1/python-all/tmp/test_rehashed_manifest_cannot_5/report.json", "reports/quality/interview-completion-20261001/ci-artifacts/python-quality-7cfa9e7034e390f178d110712ae156fe1e3a7879-1/python-all/tmp/test_rehashed_manifest_cannot_current/report.json", "reports/quality/interview-completion-20261001/ci-artifacts/python-quality-7cfa9e7034e390f178d110712ae156fe1e3a7879-1/python-all/tmp/test_rehashed_raw_records_stil0/report.json", "reports/quality/interview-completion-20261001/ci-artifacts/python-quality-7cfa9e7034e390f178d110712ae156fe1e3a7879-1/python-all/tmp/test_rehashed_raw_records_stil1/report.json", "reports/quality/interview-completion-20261001/ci-artifacts/python-quality-7cfa9e7034e390f178d110712ae156fe1e3a7879-1/python-all/tmp/test_rehashed_raw_records_stil2/report.json", "reports/quality/interview-completion-20261001/ci-artifacts/python-quality-7cfa9e7034e390f178d110712ae156fe1e3a7879-1/python-all/tmp/test_rehashed_raw_records_stil3/report.json", "reports/quality/interview-completion-20261001/ci-artifacts/python-quality-7cfa9e7034e390f178d110712ae156fe1e3a7879-1/python-all/tmp/test_rehashed_raw_records_stil4/report.json", "reports/quality/interview-completion-20261001/ci-artifacts/python-quality-7cfa9e7034e390f178d110712ae156fe1e3a7879-1/python-all/tmp/test_rehashed_raw_records_stil5/report.json", "reports/quality/interview-completion-20261001/ci-artifacts/python-quality-7cfa9e7034e390f178d110712ae156fe1e3a7879-1/python-all/tmp/test_rehashed_raw_records_stilcurrent/report.json", "reports/quality/interview-completion-20261001/ci-artifacts/python-quality-7cfa9e7034e390f178d110712ae156fe1e3a7879-1/python-all/tmp/test_resource_data_must_belong0/report.json", "reports/quality/interview-completion-20261001/ci-artifacts/python-quality-7cfa9e7034e390f178d110712ae156fe1e3a7879-1/python-all/tmp/test_resource_data_must_belong1/report.json", "reports/quality/interview-completion-20261001/ci-artifacts/python-quality-7cfa9e7034e390f178d110712ae156fe1e3a7879-1/python-all/tmp/test_resource_data_must_belong2/report.json", "reports/quality/interview-completion-20261001/ci-artifacts/python-quality-7cfa9e7034e390f178d110712ae156fe1e3a7879-1/python-all/tmp/test_resource_data_must_belong3/report.json", "reports/quality/interview-completion-20261001/ci-artifacts/python-quality-7cfa9e7034e390f178d110712ae156fe1e3a7879-1/python-all/tmp/test_resource_data_must_belongcurrent/report.json", "reports/quality/interview-completion-20261001/ci-artifacts/python-quality-7cfa9e7034e390f178d110712ae156fe1e3a7879-1/python-all/tmp/test_resource_summary_is_recom0/report.json", "reports/quality/interview-completion-20261001/ci-artifacts/python-quality-7cfa9e7034e390f178d110712ae156fe1e3a7879-1/python-all/tmp/test_resource_summary_is_recomcurrent/report.json", "reports/quality/interview-completion-20261001/ci-artifacts/python-quality-7cfa9e7034e390f178d110712ae156fe1e3a7879-1/python-all/tmp/test_skip_allowlist_requires_c0/junit.xml", "reports/quality/interview-completion-20261001/ci-artifacts/python-quality-7cfa9e7034e390f178d110712ae156fe1e3a7879-1/python-all/tmp/test_skip_allowlist_requires_ccurrent/junit.xml", "reports/quality/interview-completion-20261001/ci-artifacts/python-quality-7cfa9e7034e390f178d110712ae156fe1e3a7879-1/python-all/tmp/test_source_edit_during_run_in0/run/report.json", "reports/quality/interview-completion-20261001/ci-artifacts/python-quality-7cfa9e7034e390f178d110712ae156fe1e3a7879-1/python-all/tmp/test_source_edit_during_run_incurrent/run/report.json", "reports/quality/interview-completion-20261001/ci-artifacts/python-quality-7cfa9e7034e390f178d110712ae156fe1e3a7879-1/report.json", "reports/quality/interview-completion-20261001/ci-artifacts/web-browser-7cfa9e7034e390f178d110712ae156fe1e3a7879-1.zip", "reports/quality/interview-completion-20261001/ci-source-equivalence.json", "reports/quality/interview-completion-20261001/ci/dabed840dc58936bb4204582e74e137ce6e54b25/jobs.json", "reports/quality/interview-completion-20261001/ci/dabed840dc58936bb4204582e74e137ce6e54b25/run.json", "reports/quality/interview-completion-20261001/ci/job-110438703628.log", "reports/quality/interview-completion-20261001/collect_ci.py", "reports/quality/interview-completion-20261001/exact-head-build.log", "reports/quality/interview-completion-20261001/final-domain-tests.xml", "reports/quality/interview-completion-20261001/final-runtime-verification.json", "reports/quality/interview-completion-20261001/final-web-0.log", "reports/quality/interview-completion-20261001/final-web-1.log", "reports/quality/interview-completion-20261001/final-web-2.log", "reports/quality/interview-completion-20261001/final-web.xml", "reports/quality/interview-completion-20261001/go-anomaly/created.json", "reports/quality/interview-completion-20261001/go-anomaly/downloads.json", "reports/quality/interview-completion-20261001/go-anomaly/records.json", "reports/quality/interview-completion-20261001/go-anomaly/task_20261001_145941_a298c4-manifest.raw", "reports/quality/interview-completion-20261001/go-anomaly/task_20261001_145941_a298c4-sys_metrics.raw", "reports/quality/interview-completion-20261001/go-anomaly/verified.json", "reports/quality/interview-completion-20261001/go-interrupted/created.json", "reports/quality/interview-completion-20261001/go-interrupted/downloads.json", "reports/quality/interview-completion-20261001/go-interrupted/records.json", "reports/quality/interview-completion-20261001/go-interrupted/task-cancel.json", "reports/quality/interview-completion-20261001/go-interrupted/verified.json", "reports/quality/interview-completion-20261001/go-normal/created.json", "reports/quality/interview-completion-20261001/go-normal/downloads.json", "reports/quality/interview-completion-20261001/go-normal/records.json", "reports/quality/interview-completion-20261001/go-normal/task_20261001_145919_fa1f47-manifest.raw", "reports/quality/interview-completion-20261001/go-normal/task_20261001_145919_fa1f47-sys_metrics.raw", "reports/quality/interview-completion-20261001/go-normal/verified.json", "reports/quality/interview-completion-20261001/go-postrelease-trace/created.json", "reports/quality/interview-completion-20261001/go-postrelease-trace/downloads.json", "reports/quality/interview-completion-20261001/go-postrelease-trace/records.json", "reports/quality/interview-completion-20261001/go-postrelease-trace/task_20261001_161348_537a51-manifest.raw", "reports/quality/interview-completion-20261001/go-postrelease-trace/task_20261001_161348_537a51-sys_metrics.raw", "reports/quality/interview-completion-20261001/go-postrelease-trace/verified.json", "reports/quality/interview-completion-20261001/go-recovery/created.json", "reports/quality/interview-completion-20261001/go-recovery/downloads.json", "reports/quality/interview-completion-20261001/go-recovery/records.json", "reports/quality/interview-completion-20261001/go-recovery/task_20261001_150021_35193a-manifest.raw", "reports/quality/interview-completion-20261001/go-recovery/task_20261001_150021_35193a-sys_metrics.raw", "reports/quality/interview-completion-20261001/go-recovery/verified.json", "reports/quality/interview-completion-20261001/go-resampled/created.json", "reports/quality/interview-completion-20261001/go-resampled/downloads.json", "reports/quality/interview-completion-20261001/go-resampled/records.json", "reports/quality/interview-completion-20261001/go-resampled/task_20261001_150050_2f3461-manifest.raw", "reports/quality/interview-completion-20261001/go-resampled/task_20261001_150050_2f3461-sys_metrics.raw", "reports/quality/interview-completion-20261001/go-resampled/verified.json", "reports/quality/interview-completion-20261001/grade_business_fix_r3.py", "reports/quality/interview-completion-20261001/health-business-manifest.json", "reports/quality/interview-completion-20261001/manifest.json", "reports/quality/interview-completion-20261001/performance-18-cases/cpp-cpu-hotspot-artifacts/task_20261001_153006_86606f-callgraph_json.raw", "reports/quality/interview-completion-20261001/performance-18-cases/cpp-cpu-hotspot-artifacts/task_20261001_153006_86606f-flamegraph_json.raw", "reports/quality/interview-completion-20261001/performance-18-cases/cpp-cpu-hotspot-artifacts/task_20261001_153006_86606f-flamegraph_svg.raw", "reports/quality/interview-completion-20261001/performance-18-cases/cpp-cpu-hotspot-artifacts/task_20261001_153006_86606f-manifest.raw", "reports/quality/interview-completion-20261001/performance-18-cases/cpp-cpu-hotspot-artifacts/task_20261001_153006_86606f-raw.raw", "reports/quality/interview-completion-20261001/performance-18-cases/cpp-cpu-hotspot-artifacts/task_20261001_153006_86606f-suggestions_md.raw", "reports/quality/interview-completion-20261001/performance-18-cases/cpp-cpu-hotspot-artifacts/task_20261001_153006_86606f-top_json.raw", "reports/quality/interview-completion-20261001/performance-18-cases/cpp-cpu-hotspot-artifacts/task_20261001_153057_749c8c-manifest.raw", "reports/quality/interview-completion-20261001/performance-18-cases/cpp-cpu-hotspot-artifacts/task_20261001_153057_749c8c-sys_metrics.raw", "reports/quality/interview-completion-20261001/performance-18-cases/cpp-cpu-hotspot.json", "reports/quality/interview-completion-20261001/performance-18-cases/cpp-downstream-latency-artifacts/task_20261001_153419_c147f4-manifest.raw", "reports/quality/interview-completion-20261001/performance-18-cases/cpp-downstream-latency-artifacts/task_20261001_153419_c147f4-sys_metrics.raw", "reports/quality/interview-completion-20261001/performance-18-cases/cpp-downstream-latency.json", "reports/quality/interview-completion-20261001/performance-18-cases/cpp-file-io-artifacts/task_20261001_154158_b64c7a-manifest.raw", "reports/quality/interview-completion-20261001/performance-18-cases/cpp-file-io-artifacts/task_20261001_154158_b64c7a-sys_metrics.raw", "reports/quality/interview-completion-20261001/performance-18-cases/cpp-file-io-artifacts/task_20261001_154318_f53343-ebpf_metrics.raw", "reports/quality/interview-completion-20261001/performance-18-cases/cpp-file-io-artifacts/task_20261001_154318_f53343-ebpf_raw.raw", "reports/quality/interview-completion-20261001/performance-18-cases/cpp-file-io-artifacts/task_20261001_154318_f53343-manifest.raw", "reports/quality/interview-completion-20261001/performance-18-cases/cpp-file-io.json", "reports/quality/interview-completion-20261001/performance-18-cases/cpp-lock-contention-artifacts/task_20261001_151930_d09227-manifest.raw", "reports/quality/interview-completion-20261001/performance-18-cases/cpp-lock-contention-artifacts/task_20261001_151930_d09227-sys_metrics.raw", "reports/quality/interview-completion-20261001/performance-18-cases/cpp-lock-contention-artifacts/task_20261001_152047_7cf3c0-callgraph_json.raw", "reports/quality/interview-completion-20261001/performance-18-cases/cpp-lock-contention-artifacts/task_20261001_152047_7cf3c0-flamegraph_json.raw", "reports/quality/interview-completion-20261001/performance-18-cases/cpp-lock-contention-artifacts/task_20261001_152047_7cf3c0-flamegraph_svg.raw", "reports/quality/interview-completion-20261001/performance-18-cases/cpp-lock-contention-artifacts/task_20261001_152047_7cf3c0-manifest.raw", "reports/quality/interview-completion-20261001/performance-18-cases/cpp-lock-contention-artifacts/task_20261001_152047_7cf3c0-raw.raw", "reports/quality/interview-completion-20261001/performance-18-cases/cpp-lock-contention-artifacts/task_20261001_152047_7cf3c0-suggestions_md.raw", "reports/quality/interview-completion-20261001/performance-18-cases/cpp-lock-contention-artifacts/task_20261001_152047_7cf3c0-top_json.raw", "reports/quality/interview-completion-20261001/performance-18-cases/cpp-lock-contention.json", "reports/quality/interview-completion-20261001/performance-18-cases/cpp-memory-growth-artifacts/task_20261001_152201_0fe7da-manifest.raw", "reports/quality/interview-completion-20261001/performance-18-cases/cpp-memory-growth-artifacts/task_20261001_152201_0fe7da-sys_metrics.raw", "reports/quality/interview-completion-20261001/performance-18-cases/cpp-memory-growth.json", "reports/quality/interview-completion-20261001/performance-18-cases/cpu-hotspot-artifacts/task_20261001_152812_6a6699-flamegraph_json.raw", "reports/quality/interview-completion-20261001/performance-18-cases/cpu-hotspot-artifacts/task_20261001_152812_6a6699-manifest.raw", "reports/quality/interview-completion-20261001/performance-18-cases/cpu-hotspot-artifacts/task_20261001_152812_6a6699-raw.raw", "reports/quality/interview-completion-20261001/performance-18-cases/cpu-hotspot-artifacts/task_20261001_152812_6a6699-top_json.raw", "reports/quality/interview-completion-20261001/performance-18-cases/cpu-hotspot-artifacts/task_20261001_152830_022778-manifest.raw", "reports/quality/interview-completion-20261001/performance-18-cases/cpu-hotspot-artifacts/task_20261001_152830_022778-sys_metrics.raw", "reports/quality/interview-completion-20261001/performance-18-cases/cpu-hotspot.json", "reports/quality/interview-completion-20261001/performance-18-cases/go-memory-growth-artifacts/task_20261001_150444_fe277b-manifest.raw", "reports/quality/interview-completion-20261001/performance-18-cases/go-memory-growth-artifacts/task_20261001_150444_fe277b-sys_metrics.raw", "reports/quality/interview-completion-20261001/performance-18-cases/go-memory-growth.json", "reports/quality/interview-completion-20261001/performance-18-cases/io-write-latency-artifacts/task_20261001_153610_66eea6-manifest.raw", "reports/quality/interview-completion-20261001/performance-18-cases/io-write-latency-artifacts/task_20261001_153610_66eea6-sys_metrics.raw", "reports/quality/interview-completion-20261001/performance-18-cases/io-write-latency-artifacts/task_20261001_153727_7fa136-ebpf_metrics.raw", "reports/quality/interview-completion-20261001/performance-18-cases/io-write-latency-artifacts/task_20261001_153727_7fa136-ebpf_raw.raw", "reports/quality/interview-completion-20261001/performance-18-cases/io-write-latency-artifacts/task_20261001_153727_7fa136-manifest.raw", "reports/quality/interview-completion-20261001/performance-18-cases/io-write-latency.json", "reports/quality/interview-completion-20261001/performance-18-cases/java-downstream-latency-artifacts/task_20261001_153239_8f6e0b-manifest.raw", "reports/quality/interview-completion-20261001/performance-18-cases/java-downstream-latency-artifacts/task_20261001_153239_8f6e0b-sys_metrics.raw", "reports/quality/interview-completion-20261001/performance-18-cases/java-downstream-latency.json", "reports/quality/interview-completion-20261001/performance-18-cases/java-file-io-artifacts/task_20261001_153917_5220b9-manifest.raw", "reports/quality/interview-completion-20261001/performance-18-cases/java-file-io-artifacts/task_20261001_153917_5220b9-sys_metrics.raw", "reports/quality/interview-completion-20261001/performance-18-cases/java-file-io-artifacts/task_20261001_154021_15e903-ebpf_metrics.raw", "reports/quality/interview-completion-20261001/performance-18-cases/java-file-io-artifacts/task_20261001_154021_15e903-ebpf_raw.raw", "reports/quality/interview-completion-20261001/performance-18-cases/java-file-io-artifacts/task_20261001_154021_15e903-manifest.raw", "reports/quality/interview-completion-20261001/performance-18-cases/java-file-io.json", "reports/quality/interview-completion-20261001/performance-18-cases/java-gc-pressure-artifacts/task_20261001_150644_e12dc1-manifest.raw", "reports/quality/interview-completion-20261001/performance-18-cases/java-gc-pressure-artifacts/task_20261001_150644_e12dc1-sys_metrics.raw", "reports/quality/interview-completion-20261001/performance-18-cases/java-gc-pressure-artifacts/task_20261001_150732_f5f8d0-java_flamegraph_html.raw", "reports/quality/interview-completion-20261001/performance-18-cases/java-gc-pressure-artifacts/task_20261001_150732_f5f8d0-jvm_gc_metrics.raw", "reports/quality/interview-completion-20261001/performance-18-cases/java-gc-pressure-artifacts/task_20261001_150732_f5f8d0-manifest.raw", "reports/quality/interview-completion-20261001/performance-18-cases/java-gc-pressure.json", "reports/quality/interview-completion-20261001/performance-18-cases/java-lock-contention-artifacts/task_20261001_150914_550969-manifest.raw", "reports/quality/interview-completion-20261001/performance-18-cases/java-lock-contention-artifacts/task_20261001_150914_550969-sys_metrics.raw", "reports/quality/interview-completion-20261001/performance-18-cases/java-lock-contention-artifacts/task_20261001_151002_8f5655-java_flamegraph_html.raw", "reports/quality/interview-completion-20261001/performance-18-cases/java-lock-contention-artifacts/task_20261001_151002_8f5655-jvm_gc_metrics.raw", "reports/quality/interview-completion-20261001/performance-18-cases/java-lock-contention-artifacts/task_20261001_151002_8f5655-manifest.raw", "reports/quality/interview-completion-20261001/performance-18-cases/java-lock-contention.json", "reports/quality/interview-completion-20261001/performance-18-cases/java-offheap-growth-artifacts/task_20261001_151708_261dce-manifest.raw", "reports/quality/interview-completion-20261001/performance-18-cases/java-offheap-growth-artifacts/task_20261001_151708_261dce-sys_metrics.raw", "reports/quality/interview-completion-20261001/performance-18-cases/java-offheap-growth.json", "reports/quality/interview-completion-20261001/performance-18-cases/load-saturation-artifacts/task_20261001_151518_99f19e-manifest.raw", "reports/quality/interview-completion-20261001/performance-18-cases/load-saturation-artifacts/task_20261001_151518_99f19e-sys_metrics.raw", "reports/quality/interview-completion-20261001/performance-18-cases/load-saturation.json", "reports/quality/interview-completion-20261001/performance-18-cases/memory-pressure-artifacts/task_20261001_151225_d32695-manifest.raw", "reports/quality/interview-completion-20261001/performance-18-cases/memory-pressure-artifacts/task_20261001_151225_d32695-sys_metrics.raw", "reports/quality/interview-completion-20261001/performance-18-cases/memory-pressure-artifacts/task_20261001_151332_58bde5-flamegraph_json.raw", "reports/quality/interview-completion-20261001/performance-18-cases/memory-pressure-artifacts/task_20261001_151332_58bde5-manifest.raw", "reports/quality/interview-completion-20261001/performance-18-cases/memory-pressure-artifacts/task_20261001_151332_58bde5-raw.raw", "reports/quality/interview-completion-20261001/performance-18-cases/memory-pressure-artifacts/task_20261001_151332_58bde5-top_json.raw", "reports/quality/interview-completion-20261001/performance-18-cases/memory-pressure.json", "reports/quality/interview-completion-20261001/performance-18-cases/noisy-neighbor-artifacts/task_20261001_154458_92fe98-flamegraph_json.raw", "reports/quality/interview-completion-20261001/performance-18-cases/noisy-neighbor-artifacts/task_20261001_154458_92fe98-manifest.raw", "reports/quality/interview-completion-20261001/performance-18-cases/noisy-neighbor-artifacts/task_20261001_154458_92fe98-raw.raw", "reports/quality/interview-completion-20261001/performance-18-cases/noisy-neighbor-artifacts/task_20261001_154458_92fe98-top_json.raw", "reports/quality/interview-completion-20261001/performance-18-cases/noisy-neighbor-artifacts/task_20261001_154621_3441bd-manifest.raw", "reports/quality/interview-completion-20261001/performance-18-cases/noisy-neighbor-artifacts/task_20261001_154621_3441bd-sys_metrics.raw", "reports/quality/interview-completion-20261001/performance-18-cases/noisy-neighbor.json", "reports/quality/interview-completion-20261001/performance-18-cases/queue-backlog-artifacts/task_20261001_151109_4d71a5-manifest.raw", "reports/quality/interview-completion-20261001/performance-18-cases/queue-backlog-artifacts/task_20261001_151109_4d71a5-sys_metrics.raw", "reports/quality/interview-completion-20261001/performance-18-cases/queue-backlog.json", "reports/quality/interview-completion-20261001/performance-18-cases/source-hotspot-artifacts/task_20261001_152529_3a1dd1-flamegraph_json.raw", "reports/quality/interview-completion-20261001/performance-18-cases/source-hotspot-artifacts/task_20261001_152529_3a1dd1-manifest.raw", "reports/quality/interview-completion-20261001/performance-18-cases/source-hotspot-artifacts/task_20261001_152529_3a1dd1-raw.raw", "reports/quality/interview-completion-20261001/performance-18-cases/source-hotspot-artifacts/task_20261001_152529_3a1dd1-top_json.raw", "reports/quality/interview-completion-20261001/performance-18-cases/source-hotspot.json", "reports/quality/interview-completion-20261001/performance-18.json", "reports/quality/interview-completion-20261001/performance-manifest.json", "reports/quality/interview-completion-20261001/postrelease-correlation.json", "reports/quality/interview-completion-20261001/postrelease_trace_check.py", "reports/quality/interview-completion-20261001/prepare_release.py", "reports/quality/interview-completion-20261001/profile-cpu-tests-final.xml", "reports/quality/interview-completion-20261001/profile-cpu-tests-fixed.xml", "reports/quality/interview-completion-20261001/profile-cpu-tests.xml", "reports/quality/interview-completion-20261001/profile-tests-fixed.xml", "reports/quality/interview-completion-20261001/profile-tests.xml", "reports/quality/interview-completion-20261001/release/activate_platform.py", "reports/quality/interview-completion-20261001/release/ci-jobs.json", "reports/quality/interview-completion-20261001/release/ci-run.json", "reports/quality/interview-completion-20261001/release/deploy_runtime.py", "reports/quality/interview-completion-20261001/release/manifest.json", "reports/quality/interview-completion-20261001/release/platform-deployment.json", "reports/quality/interview-completion-20261001/release/platform-deployment.log", "reports/quality/interview-completion-20261001/release/release-tag.txt", "reports/quality/interview-completion-20261001/release/source-head.txt", "reports/quality/interview-completion-20261001/run_browser.py", "reports/quality/interview-completion-20261001/run_business_fix.py", "reports/quality/interview-completion-20261001/run_business_fix_r2.py", "reports/quality/interview-completion-20261001/run_business_fix_r3.py", "reports/quality/interview-completion-20261001/run_health_states.py", "reports/quality/interview-completion-20261001/run_performance.py", "reports/quality/interview-completion-20261001/runner-tests.xml", "reports/quality/interview-completion-20261001/runtime-after-trials.json", "reports/quality/interview-completion-20261001/runtime-before.json", "reports/quality/interview-completion-20261001/runtime-predeployment.json", "reports/quality/interview-completion-20261001/trace-after.xml", "reports/quality/interview-completion-20261001/trace-before.xml", "reports/quality/interview-completion-20261001/verify_runtime.py", "reports/quality/performance-diagnosis-20261001/after-negative.xml", "reports/quality/performance-diagnosis-20261001/before-negative.xml", "reports/quality/performance-diagnosis-20261001/before-source.json", "reports/quality/performance-diagnosis-20261001/before-source/hypothesis_predicate.py", "reports/quality/performance-diagnosis-20261001/before-source/metric_analyzers.py", "reports/quality/performance-diagnosis-20261001/coverage-failure/python-all/command-1.log", "reports/quality/performance-diagnosis-20261001/coverage-failure/python-all/coverage.json", "reports/quality/performance-diagnosis-20261001/coverage-failure/python-all/junit.xml", "reports/quality/performance-diagnosis-20261001/coverage-failure/report.html", "reports/quality/performance-diagnosis-20261001/coverage-failure/report.json", "reports/quality/performance-diagnosis-20261001/deployed/browser-before-neutral.log", "reports/quality/performance-diagnosis-20261001/deployed/browser-before-neutral/engineering.png", "reports/quality/performance-diagnosis-20261001/deployed/browser-before-neutral/failure-audit.png", "reports/quality/performance-diagnosis-20261001/deployed/browser-before-neutral/performance-1024.png", "reports/quality/performance-diagnosis-20261001/deployed/browser-before-neutral/performance-1440.png", "reports/quality/performance-diagnosis-20261001/deployed/browser-before-neutral/performance-375.png", "reports/quality/performance-diagnosis-20261001/deployed/browser-before-neutral/performance-768.png", "reports/quality/performance-diagnosis-20261001/deployed/browser.log", "reports/quality/performance-diagnosis-20261001/deployed/browser/engineering.png", "reports/quality/performance-diagnosis-20261001/deployed/browser/failure-audit.png", "reports/quality/performance-diagnosis-20261001/deployed/browser/health-normal.png", "reports/quality/performance-diagnosis-20261001/deployed/browser/performance-1024.png", "reports/quality/performance-diagnosis-20261001/deployed/browser/performance-1440.png", "reports/quality/performance-diagnosis-20261001/deployed/browser/performance-375.png", "reports/quality/performance-diagnosis-20261001/deployed/browser/performance-768.png", "reports/quality/performance-diagnosis-20261001/deployed/browser/result.json", "reports/quality/performance-diagnosis-20261001/deployed/browser_performance.mjs", "reports/quality/performance-diagnosis-20261001/deployed/ci-artifacts-neutral/artifacts.json", "reports/quality/performance-diagnosis-20261001/deployed/ci-artifacts-neutral/download-manifest.json", "reports/quality/performance-diagnosis-20261001/deployed/ci-artifacts-neutral/postgres-concurrency-d7591cdd65988c0e51d363c32678c3c374b9f93c-1.zip", "reports/quality/performance-diagnosis-20261001/deployed/ci-artifacts-neutral/python-quality-d7591cdd65988c0e51d363c32678c3c374b9f93c-1.zip", "reports/quality/performance-diagnosis-20261001/deployed/ci-artifacts-neutral/web-browser-d7591cdd65988c0e51d363c32678c3c374b9f93c-1.zip", "reports/quality/performance-diagnosis-20261001/deployed/ci-artifacts/artifacts.json", "reports/quality/performance-diagnosis-20261001/deployed/ci-artifacts/download-manifest.json", "reports/quality/performance-diagnosis-20261001/deployed/ci-artifacts/postgres-concurrency-9308ced2515aa1985cfc73e6cab36a522b8b61d2-1.zip", "reports/quality/performance-diagnosis-20261001/deployed/ci-artifacts/python-quality-9308ced2515aa1985cfc73e6cab36a522b8b61d2-1.zip", "reports/quality/performance-diagnosis-20261001/deployed/ci-artifacts/web-browser-9308ced2515aa1985cfc73e6cab36a522b8b61d2-1.zip", "reports/quality/performance-diagnosis-20261001/deployed/evidence-manifest.json", "reports/quality/performance-diagnosis-20261001/deployed/final-runtime-verification.json", "reports/quality/performance-diagnosis-20261001/deployed/health-live/records.json", "reports/quality/performance-diagnosis-20261001/deployed/live_health.py", "reports/quality/performance-diagnosis-20261001/deployed/release-full-catalog/ci-jobs.json", "reports/quality/performance-diagnosis-20261001/deployed/release-full-catalog/ci-run.json", "reports/quality/performance-diagnosis-20261001/deployed/release-full-catalog/manifest.json", "reports/quality/performance-diagnosis-20261001/deployed/release-full-catalog/platform-deployment.json", "reports/quality/performance-diagnosis-20261001/deployed/release-full-catalog/platform-deployment.log", "reports/quality/performance-diagnosis-20261001/deployed/release-neutral/ci-jobs.json", "reports/quality/performance-diagnosis-20261001/deployed/release-neutral/ci-run.json", "reports/quality/performance-diagnosis-20261001/deployed/release-neutral/manifest.json", "reports/quality/performance-diagnosis-20261001/deployed/release-neutral/platform-deployment.json", "reports/quality/performance-diagnosis-20261001/deployed/release-neutral/platform-deployment.log", "reports/quality/performance-diagnosis-20261001/deployed/run_browser.py", "reports/quality/performance-diagnosis-20261001/deployed/runtime-before-neutral.json", "reports/quality/performance-diagnosis-20261001/deployed/verify_runtime.py", "reports/quality/performance-diagnosis-20261001/deployed/web-ci.log", "reports/quality/performance-diagnosis-20261001/failure-audit-v1.json", "reports/quality/performance-diagnosis-20261001/final-python/python-all/command-1.log", "reports/quality/performance-diagnosis-20261001/final-python/python-all/coverage.json", "reports/quality/performance-diagnosis-20261001/final-python/python-all/junit.xml", "reports/quality/performance-diagnosis-20261001/final-python/report.html", "reports/quality/performance-diagnosis-20261001/final-python/report.json", "reports/quality/performance-diagnosis-20261001/first-failure/python-all/command-1.log", "reports/quality/performance-diagnosis-20261001/first-failure/python-all/coverage.json", "reports/quality/performance-diagnosis-20261001/first-failure/python-all/junit.xml", "reports/quality/performance-diagnosis-20261001/first-failure/report.html", "reports/quality/performance-diagnosis-20261001/first-failure/report.json", "reports/quality/performance-diagnosis-20261001/neutral-correction/actual-health-before-after/after.mjs", "reports/quality/performance-diagnosis-20261001/neutral-correction/actual-health-before-after/before.mjs", "reports/quality/performance-diagnosis-20261001/neutral-correction/actual-health-before-after/check.mjs", "reports/quality/performance-diagnosis-20261001/neutral-correction/actual-health-before-after/input.json", "reports/quality/performance-diagnosis-20261001/neutral-correction/actual-health-before-after/result.json", "reports/quality/performance-diagnosis-20261001/neutral-correction/failure-audit.json", "reports/quality/performance-diagnosis-20261001/neutral-correction/python/python-all/command-1.log", "reports/quality/performance-diagnosis-20261001/neutral-correction/python/python-all/coverage.json", "reports/quality/performance-diagnosis-20261001/neutral-correction/python/python-all/junit.xml", "reports/quality/performance-diagnosis-20261001/neutral-correction/python/report.html", "reports/quality/performance-diagnosis-20261001/neutral-correction/python/report.json", "reports/quality/performance-diagnosis-20261001/neutral-correction/reproduce_neutral.py", "reports/quality/performance-diagnosis-20261001/neutral-correction/web-full.xml", "reports/quality/performance-diagnosis-20261001/reproduce_before.py", "reports/quality/performance-diagnosis-20261001/web-all.xml", "reports/quality/performance-diagnosis-20261001/web-full-catalog.xml", "reports/quality/performance-fix-20260930/branches/ci-run.json", "reports/quality/performance-fix-20260930/branches/manifest.json", "reports/quality/performance-fix-20260930/branches/office-deployment.json", "reports/quality/performance-fix-20260930/branches/platform-deployment.json", "reports/quality/performance-fix-20260930/cache-empty-before-result.json", "reports/quality/performance-fix-20260930/cache-empty-before-source.py", "reports/quality/performance-fix-20260930/cache-empty-before.log", "reports/quality/performance-fix-20260930/cache-empty-before.xml", "reports/quality/performance-fix-20260930/cache-empty-targeted.xml", "reports/quality/performance-fix-20260930/cache-empty/browser-diagnosis-evidence.json", "reports/quality/performance-fix-20260930/cache-empty/browser-diagnosis-final.json", "reports/quality/performance-fix-20260930/cache-empty/browser-diagnosis.json", "reports/quality/performance-fix-20260930/cache-empty/browser-exercise-session.log", "reports/quality/performance-fix-20260930/cache-empty/browser-exercise-session/exercise.png", "reports/quality/performance-fix-20260930/cache-empty/browser-exercise-session/result.json", "reports/quality/performance-fix-20260930/cache-empty/browser-exercise.log", "reports/quality/performance-fix-20260930/cache-empty/browser-exercise/exercise.png", "reports/quality/performance-fix-20260930/cache-empty/browser-exercise/result.json", "reports/quality/performance-fix-20260930/cache-empty/browser-report.log", "reports/quality/performance-fix-20260930/cache-empty/browser-report/report.png", "reports/quality/performance-fix-20260930/cache-empty/browser-report/result.json", "reports/quality/performance-fix-20260930/cache-empty/browser-report/tree.png", "reports/quality/performance-fix-20260930/cache-empty/manifest.json", "reports/quality/performance-fix-20260930/cache-empty/office-deployment.json", "reports/quality/performance-fix-20260930/cache-empty/office-three-phase-cache-1.json", "reports/quality/performance-fix-20260930/cache-empty/office-three-phase-cache-2.json", "reports/quality/performance-fix-20260930/cache-empty/runtime-verification.json", "reports/quality/performance-fix-20260930/cache/ci-run.json", "reports/quality/performance-fix-20260930/cache/manifest.json", "reports/quality/performance-fix-20260930/cache/office-deployment.json", "reports/quality/performance-fix-20260930/cache/office-three-phase-cache-1.json", "reports/quality/performance-fix-20260930/cache/office-three-phase-cache-2.json", "reports/quality/performance-fix-20260930/cache/platform-deployment.json", "reports/quality/performance-fix-20260930/cache/source-verification.json", "reports/quality/performance-fix-20260930/ci-archive-manifest.json", "reports/quality/performance-fix-20260930/ci-artifacts.json", "reports/quality/performance-fix-20260930/ci-branches-run.json", "reports/quality/performance-fix-20260930/ci-business-measurements.zip", "reports/quality/performance-fix-20260930/ci-go-job.log", "reports/quality/performance-fix-20260930/ci-jobs.json", "reports/quality/performance-fix-20260930/ci-postgres-concurrency.zip", "reports/quality/performance-fix-20260930/ci-python-quality.zip", "reports/quality/performance-fix-20260930/ci-run.json", "reports/quality/performance-fix-20260930/ci-web-browser.zip", "reports/quality/performance-fix-20260930/ci-web-job.log", "reports/quality/performance-fix-20260930/compat-ci-failed/ci-jobs.json", "reports/quality/performance-fix-20260930/compat-ci-failed/ci-run.json", "reports/quality/performance-fix-20260930/compat-ci-failed/web-job.log", "reports/quality/performance-fix-20260930/evidence-manifest.json", "reports/quality/performance-fix-20260930/final-ci/ci-archive-manifest.json", "reports/quality/performance-fix-20260930/final-ci/ci-artifacts.json", "reports/quality/performance-fix-20260930/final-ci/ci-business-measurements.zip", "reports/quality/performance-fix-20260930/final-ci/ci-jobs.json", "reports/quality/performance-fix-20260930/final-ci/ci-postgres-concurrency.zip", "reports/quality/performance-fix-20260930/final-ci/ci-python-quality.zip", "reports/quality/performance-fix-20260930/final-ci/ci-run.json", "reports/quality/performance-fix-20260930/final-ci/ci-web-browser.zip", "reports/quality/performance-fix-20260930/final-runtime-verification.json", "reports/quality/performance-fix-20260930/helpers/activate_platform.py", "reports/quality/performance-fix-20260930/helpers/archive_ci_final.py", "reports/quality/performance-fix-20260930/helpers/archive_ci_latest.py", "reports/quality/performance-fix-20260930/helpers/archive_selected.py", "reports/quality/performance-fix-20260930/helpers/branches/activate_platform.py", "reports/quality/performance-fix-20260930/helpers/branches/deploy_office_observer.py", "reports/quality/performance-fix-20260930/helpers/branches/deploy_runtime.py", "reports/quality/performance-fix-20260930/helpers/branches/prepare_deployment.py", "reports/quality/performance-fix-20260930/helpers/cache-empty-before-source.py", "reports/quality/performance-fix-20260930/helpers/cache-empty/browser_exercise.mjs", "reports/quality/performance-fix-20260930/helpers/cache-empty/browser_exercise_session.mjs", "reports/quality/performance-fix-20260930/helpers/cache-empty/browser_report.mjs", "reports/quality/performance-fix-20260930/helpers/cache-empty/check_runtime.py", "reports/quality/performance-fix-20260930/helpers/cache-empty/deploy_office_cache.py", "reports/quality/performance-fix-20260930/helpers/cache-empty/prepare_deployment.py", "reports/quality/performance-fix-20260930/helpers/cache-empty/refresh_ci.py", "reports/quality/performance-fix-20260930/helpers/cache-empty/run_browser_exercise.py", "reports/quality/performance-fix-20260930/helpers/cache-empty/run_browser_exercise_session.py", "reports/quality/performance-fix-20260930/helpers/cache-empty/run_browser_report.py", "reports/quality/performance-fix-20260930/helpers/cache-empty/verify_office_cache.py", "reports/quality/performance-fix-20260930/helpers/cache/activate_platform.py", "reports/quality/performance-fix-20260930/helpers/cache/browser_exercise.mjs", "reports/quality/performance-fix-20260930/helpers/cache/deploy_office_cache.py", "reports/quality/performance-fix-20260930/helpers/cache/deploy_runtime.py", "reports/quality/performance-fix-20260930/helpers/cache/prepare_deployment.py", "reports/quality/performance-fix-20260930/helpers/cache/refresh_ci.py", "reports/quality/performance-fix-20260930/helpers/cache/run_browser_exercise.py", "reports/quality/performance-fix-20260930/helpers/cache/verify_office_cache.py", "reports/quality/performance-fix-20260930/helpers/deploy_office_observer.py", "reports/quality/performance-fix-20260930/helpers/deploy_runtime.py", "reports/quality/performance-fix-20260930/helpers/final/archive_ci_security.py", "reports/quality/performance-fix-20260930/helpers/final/archive_ci_transport.py", "reports/quality/performance-fix-20260930/helpers/final/archive_final_supplements.py", "reports/quality/performance-fix-20260930/helpers/final/archive_load_final.py", "reports/quality/performance-fix-20260930/helpers/final/archive_multi_interrupted.py", "reports/quality/performance-fix-20260930/helpers/final/check_public_evidence.py", "reports/quality/performance-fix-20260930/helpers/final/finalize_docs.py", "reports/quality/performance-fix-20260930/helpers/final/poll_hour.py", "reports/quality/performance-fix-20260930/helpers/final/poll_web_security_ci.py", "reports/quality/performance-fix-20260930/helpers/final/prepare_web_security.py", "reports/quality/performance-fix-20260930/helpers/final/preserve_multi_interruption.py", "reports/quality/performance-fix-20260930/helpers/final/run_security_browser.py", "reports/quality/performance-fix-20260930/helpers/final/verify_final_runtime.py", "reports/quality/performance-fix-20260930/helpers/prepare_deployment.py", "reports/quality/performance-fix-20260930/helpers/verify_office_three_phase.py", "reports/quality/performance-fix-20260930/helpers/verify_office_three_phase_branches.py", "reports/quality/performance-fix-20260930/initial-observer-ci-run.json", "reports/quality/performance-fix-20260930/load-after-short/evidence.zip", "reports/quality/performance-fix-20260930/load-after-short/report.html", "reports/quality/performance-fix-20260930/load-after-short/report.json", "reports/quality/performance-fix-20260930/load-before-short/evidence.zip", "reports/quality/performance-fix-20260930/load-before-short/report.html", "reports/quality/performance-fix-20260930/load-before-short/report.json", "reports/quality/performance-fix-20260930/load-interrupted-hour/evidence.zip", "reports/quality/performance-fix-20260930/load-interrupted-hour/interruption.json", "reports/quality/performance-fix-20260930/load-interrupted-hour/report.json", "reports/quality/performance-fix-20260930/load-multi-interrupted/evidence.zip", "reports/quality/performance-fix-20260930/load-multi-interrupted/interrupted-remote-completed.json", "reports/quality/performance-fix-20260930/load-multi-interrupted/interruption.json", "reports/quality/performance-fix-20260930/load-multi-interrupted/report.json", "reports/quality/performance-fix-20260930/load-multi-short/evidence.zip", "reports/quality/performance-fix-20260930/load-multi-short/independent-verification.json", "reports/quality/performance-fix-20260930/load-multi-short/report.html", "reports/quality/performance-fix-20260930/load-multi-short/report.json", "reports/quality/performance-fix-20260930/load-single-tunnel-hour/evidence.zip", "reports/quality/performance-fix-20260930/load-single-tunnel-hour/independent-verification.json", "reports/quality/performance-fix-20260930/load-single-tunnel-hour/report.html", "reports/quality/performance-fix-20260930/load-single-tunnel-hour/report.json", "reports/quality/performance-fix-20260930/manifest.json", "reports/quality/performance-fix-20260930/multi-remote-source.json", "reports/quality/performance-fix-20260930/multi-source-manifest.json", "reports/quality/performance-fix-20260930/npm-audit-after.json", "reports/quality/performance-fix-20260930/npm-audit-before.json", "reports/quality/performance-fix-20260930/office-deployment.json", "reports/quality/performance-fix-20260930/office-three-phase-branches.json", "reports/quality/performance-fix-20260930/office-three-phase.json", "reports/quality/performance-fix-20260930/platform-deployment.json", "reports/quality/performance-fix-20260930/python-full-branches.xml", "reports/quality/performance-fix-20260930/python-full-cache-empty.xml", "reports/quality/performance-fix-20260930/python-full-cache.xml", "reports/quality/performance-fix-20260930/python-full-tunnels.xml", "reports/quality/performance-fix-20260930/python-full.xml", "reports/quality/performance-fix-20260930/security-ci/ci-archive-manifest.json", "reports/quality/performance-fix-20260930/security-ci/ci-artifacts.json", "reports/quality/performance-fix-20260930/security-ci/ci-business-measurements.zip", "reports/quality/performance-fix-20260930/security-ci/ci-jobs.json", "reports/quality/performance-fix-20260930/security-ci/ci-postgres-concurrency.zip", "reports/quality/performance-fix-20260930/security-ci/ci-python-quality.zip", "reports/quality/performance-fix-20260930/security-ci/ci-run.json", "reports/quality/performance-fix-20260930/security-ci/ci-web-browser.zip", "reports/quality/performance-fix-20260930/single-tunnel-tail-analysis.json", "reports/quality/performance-fix-20260930/targeted-after.xml", "reports/quality/performance-fix-20260930/targeted-final.xml", "reports/quality/performance-fix-20260930/targeted.xml", "reports/quality/performance-fix-20260930/toast-after-fixed.log", "reports/quality/performance-fix-20260930/toast-before.log", "reports/quality/performance-fix-20260930/transport-ci/ci-archive-manifest.json", "reports/quality/performance-fix-20260930/transport-ci/ci-artifacts.json", "reports/quality/performance-fix-20260930/transport-ci/ci-business-measurements.zip", "reports/quality/performance-fix-20260930/transport-ci/ci-jobs.json", "reports/quality/performance-fix-20260930/transport-ci/ci-postgres-concurrency.zip", "reports/quality/performance-fix-20260930/transport-ci/ci-python-quality.zip", "reports/quality/performance-fix-20260930/transport-ci/ci-run.json", "reports/quality/performance-fix-20260930/transport-ci/ci-web-browser.zip", "reports/quality/performance-fix-20260930/tunnel-default-targeted.xml", "reports/quality/performance-fix-20260930/tunnels-targeted.xml", "reports/quality/performance-fix-20260930/verify_archive.py", "reports/quality/performance-fix-20260930/web-axios-build.log", "reports/quality/performance-fix-20260930/web-axios-serial.log", "reports/quality/performance-fix-20260930/web-cache-boundary.log", "reports/quality/performance-fix-20260930/web-cache-build-deployed.log", "reports/quality/performance-fix-20260930/web-cache-final.log", "reports/quality/performance-fix-20260930/web-cache-full.log", "reports/quality/performance-fix-20260930/web-cache-serial.log", "reports/quality/performance-fix-20260930/web-cache-targeted-fixed.log", "reports/quality/performance-fix-20260930/web-cache-verified.log", "reports/quality/performance-fix-20260930/web-security/activate.py", "reports/quality/performance-fix-20260930/web-security/browser-report.log", "reports/quality/performance-fix-20260930/web-security/browser-report/report.png", "reports/quality/performance-fix-20260930/web-security/browser-report/result.json", "reports/quality/performance-fix-20260930/web-security/browser-report/tree.png", "reports/quality/performance-fix-20260930/web-security/browser_report.mjs", "reports/quality/performance-fix-20260930/web-security/deploy_runtime.py", "reports/quality/performance-fix-20260930/web-security/manifest.json", "reports/quality/performance-fix-20260930/web-security/platform-deployment.json", "reports/quality/performance-fix-20260930/web-security/platform-deployment.log", "reports/quality/performance-localization-20261001/deployed/add_refutation_tests.py", "reports/quality/performance-localization-20261001/deployed/archive_delivery.py", "reports/quality/performance-localization-20261001/deployed/browser-r10.log", "reports/quality/performance-localization-20261001/deployed/browser-r10/engineering.png", "reports/quality/performance-localization-20261001/deployed/browser-r10/failure-audit.png", "reports/quality/performance-localization-20261001/deployed/browser-r10/go-cpu-hotspot.png", "reports/quality/performance-localization-20261001/deployed/browser-r10/go-file-io.png", "reports/quality/performance-localization-20261001/deployed/browser-r10/go-network-latency.png", "reports/quality/performance-localization-20261001/deployed/browser-r10/health-normal.png", "reports/quality/performance-localization-20261001/deployed/browser-r10/history-back-network.png", "reports/quality/performance-localization-20261001/deployed/browser-r10/history-forward-io.png", "reports/quality/performance-localization-20261001/deployed/browser-r10/network.json", "reports/quality/performance-localization-20261001/deployed/browser-r10/performance-1024.png", "reports/quality/performance-localization-20261001/deployed/browser-r10/performance-1440.png", "reports/quality/performance-localization-20261001/deployed/browser-r10/performance-375.png", "reports/quality/performance-localization-20261001/deployed/browser-r10/performance-768.png", "reports/quality/performance-localization-20261001/deployed/browser-r10/result.json", "reports/quality/performance-localization-20261001/deployed/browser-r2.log", "reports/quality/performance-localization-20261001/deployed/browser-r2/engineering.png", "reports/quality/performance-localization-20261001/deployed/browser-r2/failure-audit.png", "reports/quality/performance-localization-20261001/deployed/browser-r2/health-normal.png", "reports/quality/performance-localization-20261001/deployed/browser-r2/performance-1024.png", "reports/quality/performance-localization-20261001/deployed/browser-r2/performance-1440.png", "reports/quality/performance-localization-20261001/deployed/browser-r2/performance-375.png", "reports/quality/performance-localization-20261001/deployed/browser-r2/performance-768.png", "reports/quality/performance-localization-20261001/deployed/browser-r3.log", "reports/quality/performance-localization-20261001/deployed/browser-r3/engineering.png", "reports/quality/performance-localization-20261001/deployed/browser-r3/failure-audit.png", "reports/quality/performance-localization-20261001/deployed/browser-r3/go-cpu-hotspot.png", "reports/quality/performance-localization-20261001/deployed/browser-r3/go-file-io.png", "reports/quality/performance-localization-20261001/deployed/browser-r3/go-network-latency.png", "reports/quality/performance-localization-20261001/deployed/browser-r3/health-normal.png", "reports/quality/performance-localization-20261001/deployed/browser-r3/performance-1024.png", "reports/quality/performance-localization-20261001/deployed/browser-r3/performance-1440.png", "reports/quality/performance-localization-20261001/deployed/browser-r3/performance-375.png", "reports/quality/performance-localization-20261001/deployed/browser-r3/performance-768.png", "reports/quality/performance-localization-20261001/deployed/browser-r3/result.json", "reports/quality/performance-localization-20261001/deployed/browser-r4.log", "reports/quality/performance-localization-20261001/deployed/browser-r4/engineering.png", "reports/quality/performance-localization-20261001/deployed/browser-r4/failure-audit.png", "reports/quality/performance-localization-20261001/deployed/browser-r4/go-cpu-hotspot.png", "reports/quality/performance-localization-20261001/deployed/browser-r4/health-normal.png", "reports/quality/performance-localization-20261001/deployed/browser-r4/performance-1024.png", "reports/quality/performance-localization-20261001/deployed/browser-r4/performance-1440.png", "reports/quality/performance-localization-20261001/deployed/browser-r4/performance-375.png", "reports/quality/performance-localization-20261001/deployed/browser-r4/performance-768.png", "reports/quality/performance-localization-20261001/deployed/browser-r5.log", "reports/quality/performance-localization-20261001/deployed/browser-r5/engineering.png", "reports/quality/performance-localization-20261001/deployed/browser-r5/failure-audit.png", "reports/quality/performance-localization-20261001/deployed/browser-r5/failure.json", "reports/quality/performance-localization-20261001/deployed/browser-r5/failure.png", "reports/quality/performance-localization-20261001/deployed/browser-r5/go-cpu-hotspot.png", "reports/quality/performance-localization-20261001/deployed/browser-r5/health-normal.png", "reports/quality/performance-localization-20261001/deployed/browser-r5/performance-1024.png", "reports/quality/performance-localization-20261001/deployed/browser-r5/performance-1440.png", "reports/quality/performance-localization-20261001/deployed/browser-r5/performance-375.png", "reports/quality/performance-localization-20261001/deployed/browser-r5/performance-768.png", "reports/quality/performance-localization-20261001/deployed/browser-r6.log", "reports/quality/performance-localization-20261001/deployed/browser-r6/engineering.png", "reports/quality/performance-localization-20261001/deployed/browser-r6/failure-audit.png", "reports/quality/performance-localization-20261001/deployed/browser-r6/failure.json", "reports/quality/performance-localization-20261001/deployed/browser-r6/failure.png", "reports/quality/performance-localization-20261001/deployed/browser-r6/go-cpu-hotspot.png", "reports/quality/performance-localization-20261001/deployed/browser-r6/health-normal.png", "reports/quality/performance-localization-20261001/deployed/browser-r6/performance-1024.png", "reports/quality/performance-localization-20261001/deployed/browser-r6/performance-1440.png", "reports/quality/performance-localization-20261001/deployed/browser-r6/performance-375.png", "reports/quality/performance-localization-20261001/deployed/browser-r6/performance-768.png", "reports/quality/performance-localization-20261001/deployed/browser-r7.log", "reports/quality/performance-localization-20261001/deployed/browser-r7/engineering.png", "reports/quality/performance-localization-20261001/deployed/browser-r7/failure-audit.png", "reports/quality/performance-localization-20261001/deployed/browser-r7/failure.json", "reports/quality/performance-localization-20261001/deployed/browser-r7/failure.png", "reports/quality/performance-localization-20261001/deployed/browser-r7/go-cpu-hotspot.png", "reports/quality/performance-localization-20261001/deployed/browser-r7/health-normal.png", "reports/quality/performance-localization-20261001/deployed/browser-r7/network.json", "reports/quality/performance-localization-20261001/deployed/browser-r7/performance-1024.png", "reports/quality/performance-localization-20261001/deployed/browser-r7/performance-1440.png", "reports/quality/performance-localization-20261001/deployed/browser-r7/performance-375.png", "reports/quality/performance-localization-20261001/deployed/browser-r7/performance-768.png", "reports/quality/performance-localization-20261001/deployed/browser-r8-no-bfcache.log", "reports/quality/performance-localization-20261001/deployed/browser-r8-no-bfcache/engineering.png", "reports/quality/performance-localization-20261001/deployed/browser-r8-no-bfcache/failure-audit.png", "reports/quality/performance-localization-20261001/deployed/browser-r8-no-bfcache/go-cpu-hotspot.png", "reports/quality/performance-localization-20261001/deployed/browser-r8-no-bfcache/go-file-io.png", "reports/quality/performance-localization-20261001/deployed/browser-r8-no-bfcache/go-network-latency.png", "reports/quality/performance-localization-20261001/deployed/browser-r8-no-bfcache/health-normal.png", "reports/quality/performance-localization-20261001/deployed/browser-r8-no-bfcache/network.json", "reports/quality/performance-localization-20261001/deployed/browser-r8-no-bfcache/performance-1024.png", "reports/quality/performance-localization-20261001/deployed/browser-r8-no-bfcache/performance-1440.png", "reports/quality/performance-localization-20261001/deployed/browser-r8-no-bfcache/performance-375.png", "reports/quality/performance-localization-20261001/deployed/browser-r8-no-bfcache/performance-768.png", "reports/quality/performance-localization-20261001/deployed/browser-r8-no-bfcache/result.json", "reports/quality/performance-localization-20261001/deployed/browser-r9.log", "reports/quality/performance-localization-20261001/deployed/browser-r9/engineering.png", "reports/quality/performance-localization-20261001/deployed/browser-r9/failure-audit.png", "reports/quality/performance-localization-20261001/deployed/browser-r9/go-cpu-hotspot.png", "reports/quality/performance-localization-20261001/deployed/browser-r9/go-file-io.png", "reports/quality/performance-localization-20261001/deployed/browser-r9/go-network-latency.png", "reports/quality/performance-localization-20261001/deployed/browser-r9/health-normal.png", "reports/quality/performance-localization-20261001/deployed/browser-r9/history-back-network.png", "reports/quality/performance-localization-20261001/deployed/browser-r9/history-forward-io.png", "reports/quality/performance-localization-20261001/deployed/browser-r9/instrumentation-failure.json", "reports/quality/performance-localization-20261001/deployed/browser-r9/performance-1024.png", "reports/quality/performance-localization-20261001/deployed/browser-r9/performance-1440.png", "reports/quality/performance-localization-20261001/deployed/browser-r9/performance-375.png", "reports/quality/performance-localization-20261001/deployed/browser-r9/performance-768.png", "reports/quality/performance-localization-20261001/deployed/browser-refutation-before.json", "reports/quality/performance-localization-20261001/deployed/browser.log", "reports/quality/performance-localization-20261001/deployed/browser/engineering.png", "reports/quality/performance-localization-20261001/deployed/browser/failure-audit.png", "reports/quality/performance-localization-20261001/deployed/browser/health-normal.png", "reports/quality/performance-localization-20261001/deployed/browser/performance-1024.png", "reports/quality/performance-localization-20261001/deployed/browser/performance-1440.png", "reports/quality/performance-localization-20261001/deployed/browser/performance-375.png", "reports/quality/performance-localization-20261001/deployed/browser/performance-768.png", "reports/quality/performance-localization-20261001/deployed/browser_no_bfcache.mjs", "reports/quality/performance-localization-20261001/deployed/browser_performance.mjs", "reports/quality/performance-localization-20261001/deployed/build_lifecycle_web.py", "reports/quality/performance-localization-20261001/deployed/build_refutation_web.py", "reports/quality/performance-localization-20261001/deployed/build_route_web.py", "reports/quality/performance-localization-20261001/deployed/capture_before.py", "reports/quality/performance-localization-20261001/deployed/ci-artifacts-buildfix/artifacts.json", "reports/quality/performance-localization-20261001/deployed/ci-artifacts-buildfix/download-manifest.json", "reports/quality/performance-localization-20261001/deployed/ci-artifacts-buildfix/postgres-concurrency-fc4484c33cc1862651fefdf8ab846d2d79f99022-1.zip", "reports/quality/performance-localization-20261001/deployed/ci-artifacts-buildfix/postgres-concurrency-fc4484c33cc1862651fefdf8ab846d2d79f99022-1/python.junit.xml", "reports/quality/performance-localization-20261001/deployed/ci-artifacts-buildfix/postgres-concurrency-fc4484c33cc1862651fefdf8ab846d2d79f99022-1/runtime.json", "reports/quality/performance-localization-20261001/deployed/ci-artifacts-buildfix/python-quality-fc4484c33cc1862651fefdf8ab846d2d79f99022-1.zip", "reports/quality/performance-localization-20261001/deployed/ci-artifacts-buildfix/python-quality-fc4484c33cc1862651fefdf8ab846d2d79f99022-1/python-all/coverage.json", "reports/quality/performance-localization-20261001/deployed/ci-artifacts-buildfix/python-quality-fc4484c33cc1862651fefdf8ab846d2d79f99022-1/python-all/junit.xml", "reports/quality/performance-localization-20261001/deployed/ci-artifacts-buildfix/python-quality-fc4484c33cc1862651fefdf8ab846d2d79f99022-1/report.json", "reports/quality/performance-localization-20261001/deployed/ci-artifacts-buildfix/web-browser-fc4484c33cc1862651fefdf8ab846d2d79f99022-1.zip", "reports/quality/performance-localization-20261001/deployed/ci-artifacts-final/artifacts.json", "reports/quality/performance-localization-20261001/deployed/ci-artifacts-final/download-manifest.json", "reports/quality/performance-localization-20261001/deployed/ci-artifacts-final/hotspot-controls-4f7a7d55095fac33008ef54b4ed90e8938352dd9-1.zip", "reports/quality/performance-localization-20261001/deployed/ci-artifacts-final/hotspot-controls-4f7a7d55095fac33008ef54b4ed90e8938352dd9-1/go-io-window/report.json", "reports/quality/performance-localization-20261001/deployed/ci-artifacts-final/hotspot-controls-4f7a7d55095fac33008ef54b4ed90e8938352dd9-1/hotspot-controls/measurement/go/report.json", "reports/quality/performance-localization-20261001/deployed/ci-artifacts-final/hotspot-controls-4f7a7d55095fac33008ef54b4ed90e8938352dd9-1/hotspot-controls/measurement/python/report.json", "reports/quality/performance-localization-20261001/deployed/ci-artifacts-final/hotspot-controls-4f7a7d55095fac33008ef54b4ed90e8938352dd9-1/hotspot-controls/measurement/report.json", "reports/quality/performance-localization-20261001/deployed/ci-artifacts-final/hotspot-controls-4f7a7d55095fac33008ef54b4ed90e8938352dd9-1/report.json", "reports/quality/performance-localization-20261001/deployed/ci-artifacts-final/postgres-concurrency-4f7a7d55095fac33008ef54b4ed90e8938352dd9-1.zip", "reports/quality/performance-localization-20261001/deployed/ci-artifacts-final/postgres-concurrency-4f7a7d55095fac33008ef54b4ed90e8938352dd9-1/python.junit.xml", "reports/quality/performance-localization-20261001/deployed/ci-artifacts-final/postgres-concurrency-4f7a7d55095fac33008ef54b4ed90e8938352dd9-1/runtime.json", "reports/quality/performance-localization-20261001/deployed/ci-artifacts-final/python-quality-4f7a7d55095fac33008ef54b4ed90e8938352dd9-1.zip", "reports/quality/performance-localization-20261001/deployed/ci-artifacts-final/python-quality-4f7a7d55095fac33008ef54b4ed90e8938352dd9-1/python-all/coverage.json", "reports/quality/performance-localization-20261001/deployed/ci-artifacts-final/python-quality-4f7a7d55095fac33008ef54b4ed90e8938352dd9-1/python-all/junit.xml", "reports/quality/performance-localization-20261001/deployed/ci-artifacts-final/python-quality-4f7a7d55095fac33008ef54b4ed90e8938352dd9-1/report.json", "reports/quality/performance-localization-20261001/deployed/ci-artifacts-final/web-browser-4f7a7d55095fac33008ef54b4ed90e8938352dd9-1.zip", "reports/quality/performance-localization-20261001/deployed/ci-artifacts-lifecycle/artifacts.json", "reports/quality/performance-localization-20261001/deployed/ci-artifacts-lifecycle/download-manifest.json", "reports/quality/performance-localization-20261001/deployed/ci-artifacts-lifecycle/hotspot-controls-26418639c785c171132ee39b8cc942a30a3fcc2e-1.zip", "reports/quality/performance-localization-20261001/deployed/ci-artifacts-lifecycle/hotspot-controls-26418639c785c171132ee39b8cc942a30a3fcc2e-1/go-io-window/report.json", "reports/quality/performance-localization-20261001/deployed/ci-artifacts-lifecycle/hotspot-controls-26418639c785c171132ee39b8cc942a30a3fcc2e-1/hotspot-controls/measurement/go/report.json", "reports/quality/performance-localization-20261001/deployed/ci-artifacts-lifecycle/hotspot-controls-26418639c785c171132ee39b8cc942a30a3fcc2e-1/hotspot-controls/measurement/python/report.json", "reports/quality/performance-localization-20261001/deployed/ci-artifacts-lifecycle/hotspot-controls-26418639c785c171132ee39b8cc942a30a3fcc2e-1/hotspot-controls/measurement/report.json", "reports/quality/performance-localization-20261001/deployed/ci-artifacts-lifecycle/hotspot-controls-26418639c785c171132ee39b8cc942a30a3fcc2e-1/report.json", "reports/quality/performance-localization-20261001/deployed/ci-artifacts-lifecycle/postgres-concurrency-26418639c785c171132ee39b8cc942a30a3fcc2e-1.zip", "reports/quality/performance-localization-20261001/deployed/ci-artifacts-lifecycle/postgres-concurrency-26418639c785c171132ee39b8cc942a30a3fcc2e-1/python.junit.xml", "reports/quality/performance-localization-20261001/deployed/ci-artifacts-lifecycle/postgres-concurrency-26418639c785c171132ee39b8cc942a30a3fcc2e-1/runtime.json", "reports/quality/performance-localization-20261001/deployed/ci-artifacts-lifecycle/python-quality-26418639c785c171132ee39b8cc942a30a3fcc2e-1.zip", "reports/quality/performance-localization-20261001/deployed/ci-artifacts-lifecycle/python-quality-26418639c785c171132ee39b8cc942a30a3fcc2e-1/python-all/coverage.json", "reports/quality/performance-localization-20261001/deployed/ci-artifacts-lifecycle/python-quality-26418639c785c171132ee39b8cc942a30a3fcc2e-1/python-all/junit.xml", "reports/quality/performance-localization-20261001/deployed/ci-artifacts-lifecycle/python-quality-26418639c785c171132ee39b8cc942a30a3fcc2e-1/report.json", "reports/quality/performance-localization-20261001/deployed/ci-artifacts-lifecycle/web-browser-26418639c785c171132ee39b8cc942a30a3fcc2e-1.zip", "reports/quality/performance-localization-20261001/deployed/ci-artifacts-refutation/artifacts.json", "reports/quality/performance-localization-20261001/deployed/ci-artifacts-refutation/download-manifest.json", "reports/quality/performance-localization-20261001/deployed/ci-artifacts-refutation/hotspot-controls-9d897dc22b76a22231846d875d23546d11c99fad-1.zip", "reports/quality/performance-localization-20261001/deployed/ci-artifacts-refutation/hotspot-controls-9d897dc22b76a22231846d875d23546d11c99fad-1/go-io-window/report.json", "reports/quality/performance-localization-20261001/deployed/ci-artifacts-refutation/hotspot-controls-9d897dc22b76a22231846d875d23546d11c99fad-1/hotspot-controls/measurement/go/report.json", "reports/quality/performance-localization-20261001/deployed/ci-artifacts-refutation/hotspot-controls-9d897dc22b76a22231846d875d23546d11c99fad-1/hotspot-controls/measurement/python/report.json", "reports/quality/performance-localization-20261001/deployed/ci-artifacts-refutation/hotspot-controls-9d897dc22b76a22231846d875d23546d11c99fad-1/hotspot-controls/measurement/report.json", "reports/quality/performance-localization-20261001/deployed/ci-artifacts-refutation/hotspot-controls-9d897dc22b76a22231846d875d23546d11c99fad-1/report.json", "reports/quality/performance-localization-20261001/deployed/ci-artifacts-refutation/postgres-concurrency-9d897dc22b76a22231846d875d23546d11c99fad-1.zip", "reports/quality/performance-localization-20261001/deployed/ci-artifacts-refutation/postgres-concurrency-9d897dc22b76a22231846d875d23546d11c99fad-1/python.junit.xml", "reports/quality/performance-localization-20261001/deployed/ci-artifacts-refutation/postgres-concurrency-9d897dc22b76a22231846d875d23546d11c99fad-1/runtime.json", "reports/quality/performance-localization-20261001/deployed/ci-artifacts-refutation/python-quality-9d897dc22b76a22231846d875d23546d11c99fad-1.zip", "reports/quality/performance-localization-20261001/deployed/ci-artifacts-refutation/python-quality-9d897dc22b76a22231846d875d23546d11c99fad-1/python-all/coverage.json", "reports/quality/performance-localization-20261001/deployed/ci-artifacts-refutation/python-quality-9d897dc22b76a22231846d875d23546d11c99fad-1/python-all/junit.xml", "reports/quality/performance-localization-20261001/deployed/ci-artifacts-refutation/python-quality-9d897dc22b76a22231846d875d23546d11c99fad-1/report.json", "reports/quality/performance-localization-20261001/deployed/ci-artifacts-refutation/web-browser-9d897dc22b76a22231846d875d23546d11c99fad-1.zip", "reports/quality/performance-localization-20261001/deployed/ci-artifacts-route/artifacts.json", "reports/quality/performance-localization-20261001/deployed/ci-artifacts-route/download-manifest.json", "reports/quality/performance-localization-20261001/deployed/ci-artifacts-route/hotspot-controls-d200b246ca48ed1ee7273b9e54e7bc3f842d158f-1.zip", "reports/quality/performance-localization-20261001/deployed/ci-artifacts-route/hotspot-controls-d200b246ca48ed1ee7273b9e54e7bc3f842d158f-1/go-io-window/report.json", "reports/quality/performance-localization-20261001/deployed/ci-artifacts-route/hotspot-controls-d200b246ca48ed1ee7273b9e54e7bc3f842d158f-1/hotspot-controls/measurement/go/report.json", "reports/quality/performance-localization-20261001/deployed/ci-artifacts-route/hotspot-controls-d200b246ca48ed1ee7273b9e54e7bc3f842d158f-1/hotspot-controls/measurement/python/report.json", "reports/quality/performance-localization-20261001/deployed/ci-artifacts-route/hotspot-controls-d200b246ca48ed1ee7273b9e54e7bc3f842d158f-1/hotspot-controls/measurement/report.json", "reports/quality/performance-localization-20261001/deployed/ci-artifacts-route/hotspot-controls-d200b246ca48ed1ee7273b9e54e7bc3f842d158f-1/report.json", "reports/quality/performance-localization-20261001/deployed/ci-artifacts-route/postgres-concurrency-d200b246ca48ed1ee7273b9e54e7bc3f842d158f-1.zip", "reports/quality/performance-localization-20261001/deployed/ci-artifacts-route/postgres-concurrency-d200b246ca48ed1ee7273b9e54e7bc3f842d158f-1/python.junit.xml", "reports/quality/performance-localization-20261001/deployed/ci-artifacts-route/postgres-concurrency-d200b246ca48ed1ee7273b9e54e7bc3f842d158f-1/runtime.json", "reports/quality/performance-localization-20261001/deployed/ci-artifacts-route/python-quality-d200b246ca48ed1ee7273b9e54e7bc3f842d158f-1.zip", "reports/quality/performance-localization-20261001/deployed/ci-artifacts-route/python-quality-d200b246ca48ed1ee7273b9e54e7bc3f842d158f-1/python-all/coverage.json", "reports/quality/performance-localization-20261001/deployed/ci-artifacts-route/python-quality-d200b246ca48ed1ee7273b9e54e7bc3f842d158f-1/python-all/junit.xml", "reports/quality/performance-localization-20261001/deployed/ci-artifacts-route/python-quality-d200b246ca48ed1ee7273b9e54e7bc3f842d158f-1/report.json", "reports/quality/performance-localization-20261001/deployed/ci-artifacts-route/web-browser-d200b246ca48ed1ee7273b9e54e7bc3f842d158f-1.zip", "reports/quality/performance-localization-20261001/deployed/ci-artifacts/artifacts.json", "reports/quality/performance-localization-20261001/deployed/ci-artifacts/download-manifest.json", "reports/quality/performance-localization-20261001/deployed/ci-artifacts/postgres-concurrency-e19aaf755f6dfc6994eae500534bdc0673600f22-1.zip", "reports/quality/performance-localization-20261001/deployed/ci-artifacts/postgres-concurrency-e19aaf755f6dfc6994eae500534bdc0673600f22-1/python.junit.xml", "reports/quality/performance-localization-20261001/deployed/ci-artifacts/postgres-concurrency-e19aaf755f6dfc6994eae500534bdc0673600f22-1/runtime.json", "reports/quality/performance-localization-20261001/deployed/ci-artifacts/python-quality-e19aaf755f6dfc6994eae500534bdc0673600f22-1.zip", "reports/quality/performance-localization-20261001/deployed/ci-artifacts/python-quality-e19aaf755f6dfc6994eae500534bdc0673600f22-1/python-all/coverage.json", "reports/quality/performance-localization-20261001/deployed/ci-artifacts/python-quality-e19aaf755f6dfc6994eae500534bdc0673600f22-1/python-all/junit.xml", "reports/quality/performance-localization-20261001/deployed/ci-artifacts/python-quality-e19aaf755f6dfc6994eae500534bdc0673600f22-1/report.json", "reports/quality/performance-localization-20261001/deployed/ci-artifacts/web-browser-e19aaf755f6dfc6994eae500534bdc0673600f22-1.zip", "reports/quality/performance-localization-20261001/deployed/ci-logs-final/110312100754.log", "reports/quality/performance-localization-20261001/deployed/ci-logs-final/110312100770.log", "reports/quality/performance-localization-20261001/deployed/ci-logs-lifecycle/110344051433.log", "reports/quality/performance-localization-20261001/deployed/ci-logs-lifecycle/110344051503.log", "reports/quality/performance-localization-20261001/deployed/ci-logs-refutation/110329791143.log", "reports/quality/performance-localization-20261001/deployed/ci-logs-refutation/110329791369.log", "reports/quality/performance-localization-20261001/deployed/ci-logs-route/110339497080.log", "reports/quality/performance-localization-20261001/deployed/ci-logs-route/110339497555.log", "reports/quality/performance-localization-20261001/deployed/ci-logs/110293769044.log", "reports/quality/performance-localization-20261001/deployed/ci-logs/110293769083.log", "reports/quality/performance-localization-20261001/deployed/collect_ci.py", "reports/quality/performance-localization-20261001/deployed/collect_ci_lifecycle.py", "reports/quality/performance-localization-20261001/deployed/collect_ci_logs.py", "reports/quality/performance-localization-20261001/deployed/collect_ci_logs_lifecycle.py", "reports/quality/performance-localization-20261001/deployed/collect_ci_logs_refutation.py", "reports/quality/performance-localization-20261001/deployed/collect_ci_logs_route.py", "reports/quality/performance-localization-20261001/deployed/collect_ci_refutation.py", "reports/quality/performance-localization-20261001/deployed/collect_ci_route.py", "reports/quality/performance-localization-20261001/deployed/deployment_status.py", "reports/quality/performance-localization-20261001/deployed/download_health_raw.py", "reports/quality/performance-localization-20261001/deployed/final-grade/localization-acceptance.json", "reports/quality/performance-localization-20261001/deployed/final-grade/task_20261001_100006_6fff8c-flamegraph_json.raw", "reports/quality/performance-localization-20261001/deployed/final-grade/task_20261001_100006_6fff8c-manifest.raw", "reports/quality/performance-localization-20261001/deployed/final-grade/task_20261001_100006_6fff8c-raw.raw", "reports/quality/performance-localization-20261001/deployed/final-grade/task_20261001_100006_6fff8c-top_json.raw", "reports/quality/performance-localization-20261001/deployed/final-grade/task_20261001_100023_91e27e-manifest.raw", "reports/quality/performance-localization-20261001/deployed/final-grade/task_20261001_100023_91e27e-sys_metrics.raw", "reports/quality/performance-localization-20261001/deployed/final-grade/task_20261001_100106_58e946-callgraph_json.raw", "reports/quality/performance-localization-20261001/deployed/final-grade/task_20261001_100106_58e946-flamegraph_json.raw", "reports/quality/performance-localization-20261001/deployed/final-grade/task_20261001_100106_58e946-flamegraph_svg.raw", "reports/quality/performance-localization-20261001/deployed/final-grade/task_20261001_100106_58e946-manifest.raw", "reports/quality/performance-localization-20261001/deployed/final-grade/task_20261001_100106_58e946-raw.raw", "reports/quality/performance-localization-20261001/deployed/final-grade/task_20261001_100106_58e946-suggestions_md.raw", "reports/quality/performance-localization-20261001/deployed/final-grade/task_20261001_100106_58e946-top_json.raw", "reports/quality/performance-localization-20261001/deployed/final-grade/task_20261001_100153_d06eb9-ebpf_metrics.raw", "reports/quality/performance-localization-20261001/deployed/final-grade/task_20261001_100153_d06eb9-ebpf_raw.raw", "reports/quality/performance-localization-20261001/deployed/final-grade/task_20261001_100153_d06eb9-manifest.raw", "reports/quality/performance-localization-20261001/deployed/final-grade/task_20261001_100329_fc5b72-manifest.raw", "reports/quality/performance-localization-20261001/deployed/final-grade/task_20261001_100329_fc5b72-sys_metrics.raw", "reports/quality/performance-localization-20261001/deployed/final-grade/task_20261001_100438_f87a54-flamegraph_json.raw", "reports/quality/performance-localization-20261001/deployed/final-grade/task_20261001_100438_f87a54-manifest.raw", "reports/quality/performance-localization-20261001/deployed/final-grade/task_20261001_100438_f87a54-raw.raw", "reports/quality/performance-localization-20261001/deployed/final-grade/task_20261001_100438_f87a54-top_json.raw", "reports/quality/performance-localization-20261001/deployed/final-grade/task_20261001_100541_7413e7-callgraph_json.raw", "reports/quality/performance-localization-20261001/deployed/final-grade/task_20261001_100541_7413e7-flamegraph_json.raw", "reports/quality/performance-localization-20261001/deployed/final-grade/task_20261001_100541_7413e7-flamegraph_svg.raw", "reports/quality/performance-localization-20261001/deployed/final-grade/task_20261001_100541_7413e7-manifest.raw", "reports/quality/performance-localization-20261001/deployed/final-grade/task_20261001_100541_7413e7-raw.raw", "reports/quality/performance-localization-20261001/deployed/final-grade/task_20261001_100541_7413e7-suggestions_md.raw", "reports/quality/performance-localization-20261001/deployed/final-grade/task_20261001_100541_7413e7-top_json.raw", "reports/quality/performance-localization-20261001/deployed/final-grade/task_20261001_100606_43f9c5-ebpf_metrics.raw", "reports/quality/performance-localization-20261001/deployed/final-grade/task_20261001_100606_43f9c5-ebpf_raw.raw", "reports/quality/performance-localization-20261001/deployed/final-grade/task_20261001_100606_43f9c5-manifest.raw", "reports/quality/performance-localization-20261001/deployed/final-grade/task_20261001_100754_6e0d9c-manifest.raw", "reports/quality/performance-localization-20261001/deployed/final-grade/task_20261001_100754_6e0d9c-sys_metrics.raw", "reports/quality/performance-localization-20261001/deployed/final-grade/task_20261001_100859_8dba95-ebpf_metrics.raw", "reports/quality/performance-localization-20261001/deployed/final-grade/task_20261001_100859_8dba95-ebpf_raw.raw", "reports/quality/performance-localization-20261001/deployed/final-grade/task_20261001_100859_8dba95-manifest.raw", "reports/quality/performance-localization-20261001/deployed/final-runtime-verification.json", "reports/quality/performance-localization-20261001/deployed/finalize_docs.py", "reports/quality/performance-localization-20261001/deployed/first-grade/localization-acceptance.json", "reports/quality/performance-localization-20261001/deployed/first-grade/task_20261001_090245_04cfb2-flamegraph_json.raw", "reports/quality/performance-localization-20261001/deployed/first-grade/task_20261001_090245_04cfb2-manifest.raw", "reports/quality/performance-localization-20261001/deployed/first-grade/task_20261001_090245_04cfb2-raw.raw", "reports/quality/performance-localization-20261001/deployed/first-grade/task_20261001_090245_04cfb2-top_json.raw", "reports/quality/performance-localization-20261001/deployed/first-grade/task_20261001_090304_d06cee-manifest.raw", "reports/quality/performance-localization-20261001/deployed/first-grade/task_20261001_090304_d06cee-sys_metrics.raw", "reports/quality/performance-localization-20261001/deployed/first-grade/task_20261001_090346_68c396-callgraph_json.raw", "reports/quality/performance-localization-20261001/deployed/first-grade/task_20261001_090346_68c396-flamegraph_json.raw", "reports/quality/performance-localization-20261001/deployed/first-grade/task_20261001_090346_68c396-flamegraph_svg.raw", "reports/quality/performance-localization-20261001/deployed/first-grade/task_20261001_090346_68c396-manifest.raw", "reports/quality/performance-localization-20261001/deployed/first-grade/task_20261001_090346_68c396-raw.raw", "reports/quality/performance-localization-20261001/deployed/first-grade/task_20261001_090346_68c396-suggestions_md.raw", "reports/quality/performance-localization-20261001/deployed/first-grade/task_20261001_090346_68c396-top_json.raw", "reports/quality/performance-localization-20261001/deployed/first-grade/task_20261001_090428_051ee1-ebpf_metrics.raw", "reports/quality/performance-localization-20261001/deployed/first-grade/task_20261001_090428_051ee1-ebpf_raw.raw", "reports/quality/performance-localization-20261001/deployed/first-grade/task_20261001_090428_051ee1-manifest.raw", "reports/quality/performance-localization-20261001/deployed/first-grade/task_20261001_090609_1c787c-manifest.raw", "reports/quality/performance-localization-20261001/deployed/first-grade/task_20261001_090609_1c787c-sys_metrics.raw", "reports/quality/performance-localization-20261001/deployed/first-grade/task_20261001_090728_98d87b-flamegraph_json.raw", "reports/quality/performance-localization-20261001/deployed/first-grade/task_20261001_090728_98d87b-manifest.raw", "reports/quality/performance-localization-20261001/deployed/first-grade/task_20261001_090728_98d87b-raw.raw", "reports/quality/performance-localization-20261001/deployed/first-grade/task_20261001_090728_98d87b-top_json.raw", "reports/quality/performance-localization-20261001/deployed/first-grade/task_20261001_090839_710cf9-callgraph_json.raw", "reports/quality/performance-localization-20261001/deployed/first-grade/task_20261001_090839_710cf9-flamegraph_json.raw", "reports/quality/performance-localization-20261001/deployed/first-grade/task_20261001_090839_710cf9-flamegraph_svg.raw", "reports/quality/performance-localization-20261001/deployed/first-grade/task_20261001_090839_710cf9-manifest.raw", "reports/quality/performance-localization-20261001/deployed/first-grade/task_20261001_090839_710cf9-raw.raw", "reports/quality/performance-localization-20261001/deployed/first-grade/task_20261001_090839_710cf9-suggestions_md.raw", "reports/quality/performance-localization-20261001/deployed/first-grade/task_20261001_090839_710cf9-top_json.raw", "reports/quality/performance-localization-20261001/deployed/first-grade/task_20261001_090959_c4f3bb-manifest.raw", "reports/quality/performance-localization-20261001/deployed/first-grade/task_20261001_090959_c4f3bb-sys_metrics.raw", "reports/quality/performance-localization-20261001/deployed/first-grade/task_20261001_091108_83e0ae-ebpf_metrics.raw", "reports/quality/performance-localization-20261001/deployed/first-grade/task_20261001_091108_83e0ae-ebpf_raw.raw", "reports/quality/performance-localization-20261001/deployed/first-grade/task_20261001_091108_83e0ae-manifest.raw", "reports/quality/performance-localization-20261001/deployed/first-grade/task_20261001_091206_3dbee2-callgraph_json.raw", "reports/quality/performance-localization-20261001/deployed/first-grade/task_20261001_091206_3dbee2-flamegraph_json.raw", "reports/quality/performance-localization-20261001/deployed/first-grade/task_20261001_091206_3dbee2-flamegraph_svg.raw", "reports/quality/performance-localization-20261001/deployed/first-grade/task_20261001_091206_3dbee2-manifest.raw", "reports/quality/performance-localization-20261001/deployed/first-grade/task_20261001_091206_3dbee2-raw.raw", "reports/quality/performance-localization-20261001/deployed/first-grade/task_20261001_091206_3dbee2-suggestions_md.raw", "reports/quality/performance-localization-20261001/deployed/first-grade/task_20261001_091206_3dbee2-top_json.raw", "reports/quality/performance-localization-20261001/deployed/fix_refutation_presentation.py", "reports/quality/performance-localization-20261001/deployed/go-before.json", "reports/quality/performance-localization-20261001/deployed/go-runtime-verification.json", "reports/quality/performance-localization-20261001/deployed/grade_campaign.py", "reports/quality/performance-localization-20261001/deployed/health-diagnosis-id.txt", "reports/quality/performance-localization-20261001/deployed/health-live/created.json", "reports/quality/performance-localization-20261001/deployed/health-live/raw-download-manifest.json", "reports/quality/performance-localization-20261001/deployed/health-live/raw/task_20261001_101049_bb29a0-manifest.raw", "reports/quality/performance-localization-20261001/deployed/health-live/raw/task_20261001_101049_bb29a0-sys_metrics.raw", "reports/quality/performance-localization-20261001/deployed/health-live/records.json", "reports/quality/performance-localization-20261001/deployed/inspect_case_listing.py", "reports/quality/performance-localization-20261001/deployed/inspect_go_config.py", "reports/quality/performance-localization-20261001/deployed/inspect_live_progress.py", "reports/quality/performance-localization-20261001/deployed/io-capacity-before-r2.json", "reports/quality/performance-localization-20261001/deployed/io-capacity-before.json", "reports/quality/performance-localization-20261001/deployed/lifecycle-before-useSSE.js", "reports/quality/performance-localization-20261001/deployed/lifecycle-before-useSSE.test.jsx", "reports/quality/performance-localization-20261001/deployed/live-fixes-targeted-r2.xml", "reports/quality/performance-localization-20261001/deployed/live-fixes-targeted.xml", "reports/quality/performance-localization-20261001/deployed/live-status-090428.json", "reports/quality/performance-localization-20261001/deployed/live_acceptance.py", "reports/quality/performance-localization-20261001/deployed/live_acceptance_r2.py", "reports/quality/performance-localization-20261001/deployed/live_health.py", "reports/quality/performance-localization-20261001/deployed/observation-input-replay.json", "reports/quality/performance-localization-20261001/deployed/observe_live.py", "reports/quality/performance-localization-20261001/deployed/old-ConclusionCard.jsx", "reports/quality/performance-localization-20261001/deployed/old-ObservabilityOverview.jsx", "reports/quality/performance-localization-20261001/deployed/old-ObservabilityOverview.test.jsx", "reports/quality/performance-localization-20261001/deployed/old-observationAssessment.js", "reports/quality/performance-localization-20261001/deployed/old-reportPresentation.js", "reports/quality/performance-localization-20261001/deployed/old-reportPresentation.test.js", "reports/quality/performance-localization-20261001/deployed/prepare_buildfix.py", "reports/quality/performance-localization-20261001/deployed/prepare_final.py", "reports/quality/performance-localization-20261001/deployed/prepare_livefix.py", "reports/quality/performance-localization-20261001/deployed/prepare_retry.py", "reports/quality/performance-localization-20261001/deployed/release-r2/activate_platform.py", "reports/quality/performance-localization-20261001/deployed/release-r2/ci-jobs.json", "reports/quality/performance-localization-20261001/deployed/release-r2/ci-run.json", "reports/quality/performance-localization-20261001/deployed/release-r2/ci_status.py", "reports/quality/performance-localization-20261001/deployed/release-r2/deploy_runtime.py", "reports/quality/performance-localization-20261001/deployed/release-r2/manifest.json", "reports/quality/performance-localization-20261001/deployed/release-r2/platform-deployment.log", "reports/quality/performance-localization-20261001/deployed/release-r2/prepare_release.py", "reports/quality/performance-localization-20261001/deployed/release-r2/release-tag.txt", "reports/quality/performance-localization-20261001/deployed/release-r3/activate_platform.py", "reports/quality/performance-localization-20261001/deployed/release-r3/ci-jobs.json", "reports/quality/performance-localization-20261001/deployed/release-r3/ci-run.json", "reports/quality/performance-localization-20261001/deployed/release-r3/ci_status.py", "reports/quality/performance-localization-20261001/deployed/release-r3/deploy_runtime.py", "reports/quality/performance-localization-20261001/deployed/release-r3/manifest.json", "reports/quality/performance-localization-20261001/deployed/release-r3/platform-deployment.json", "reports/quality/performance-localization-20261001/deployed/release-r3/platform-deployment.log", "reports/quality/performance-localization-20261001/deployed/release-r3/prepare_release.py", "reports/quality/performance-localization-20261001/deployed/release-r3/release-tag.txt", "reports/quality/performance-localization-20261001/deployed/release-r4/activate_platform.py", "reports/quality/performance-localization-20261001/deployed/release-r4/ci-jobs.json", "reports/quality/performance-localization-20261001/deployed/release-r4/ci-run.json", "reports/quality/performance-localization-20261001/deployed/release-r4/ci_status.py", "reports/quality/performance-localization-20261001/deployed/release-r4/deploy_runtime.py", "reports/quality/performance-localization-20261001/deployed/release-r4/manifest.json", "reports/quality/performance-localization-20261001/deployed/release-r4/prepare_release.py", "reports/quality/performance-localization-20261001/deployed/release-r4/release-tag.txt", "reports/quality/performance-localization-20261001/deployed/release-r5/activate_platform.py", "reports/quality/performance-localization-20261001/deployed/release-r5/ci-jobs.json", "reports/quality/performance-localization-20261001/deployed/release-r5/ci-run.json", "reports/quality/performance-localization-20261001/deployed/release-r5/ci_status.py", "reports/quality/performance-localization-20261001/deployed/release-r5/deploy_runtime.py", "reports/quality/performance-localization-20261001/deployed/release-r5/manifest.json", "reports/quality/performance-localization-20261001/deployed/release-r5/platform-deployment.json", "reports/quality/performance-localization-20261001/deployed/release-r5/platform-deployment.log", "reports/quality/performance-localization-20261001/deployed/release-r5/prepare_release.py", "reports/quality/performance-localization-20261001/deployed/release-r5/release-tag.txt", "reports/quality/performance-localization-20261001/deployed/release-r6/activate_platform.py", "reports/quality/performance-localization-20261001/deployed/release-r6/check_web_bundle.mjs", "reports/quality/performance-localization-20261001/deployed/release-r6/ci-jobs.json", "reports/quality/performance-localization-20261001/deployed/release-r6/ci-run.json", "reports/quality/performance-localization-20261001/deployed/release-r6/ci_status.py", "reports/quality/performance-localization-20261001/deployed/release-r6/deploy_runtime.py", "reports/quality/performance-localization-20261001/deployed/release-r6/manifest.json", "reports/quality/performance-localization-20261001/deployed/release-r6/platform-deployment.json", "reports/quality/performance-localization-20261001/deployed/release-r6/platform-deployment.log", "reports/quality/performance-localization-20261001/deployed/release-r6/prepare_release.py", "reports/quality/performance-localization-20261001/deployed/release-r6/release-tag.txt", "reports/quality/performance-localization-20261001/deployed/release-r6/source-head.txt", "reports/quality/performance-localization-20261001/deployed/release-r7/activate_platform.py", "reports/quality/performance-localization-20261001/deployed/release-r7/archive-provenance.json", "reports/quality/performance-localization-20261001/deployed/release-r7/check_web_bundle.mjs", "reports/quality/performance-localization-20261001/deployed/release-r7/ci-jobs.json", "reports/quality/performance-localization-20261001/deployed/release-r7/ci-run.json", "reports/quality/performance-localization-20261001/deployed/release-r7/ci_status.py", "reports/quality/performance-localization-20261001/deployed/release-r7/deploy_runtime.py", "reports/quality/performance-localization-20261001/deployed/release-r7/manifest.json", "reports/quality/performance-localization-20261001/deployed/release-r7/platform-deployment.json", "reports/quality/performance-localization-20261001/deployed/release-r7/platform-deployment.log", "reports/quality/performance-localization-20261001/deployed/release-r7/prepare_release.py", "reports/quality/performance-localization-20261001/deployed/release-r7/release-tag.txt", "reports/quality/performance-localization-20261001/deployed/release-r7/source-head.txt", "reports/quality/performance-localization-20261001/deployed/release-r7/source-verification.json", "reports/quality/performance-localization-20261001/deployed/release-r8/activate_platform.py", "reports/quality/performance-localization-20261001/deployed/release-r8/check_web_bundle.mjs", "reports/quality/performance-localization-20261001/deployed/release-r8/ci-jobs.json", "reports/quality/performance-localization-20261001/deployed/release-r8/ci-run.json", "reports/quality/performance-localization-20261001/deployed/release-r8/ci_status.py", "reports/quality/performance-localization-20261001/deployed/release-r8/deploy_runtime.py", "reports/quality/performance-localization-20261001/deployed/release-r8/manifest.json", "reports/quality/performance-localization-20261001/deployed/release-r8/platform-deployment.json", "reports/quality/performance-localization-20261001/deployed/release-r8/platform-deployment.log", "reports/quality/performance-localization-20261001/deployed/release-r8/prepare_release.py", "reports/quality/performance-localization-20261001/deployed/release-r8/release-tag.txt", "reports/quality/performance-localization-20261001/deployed/release-r8/source-head.txt", "reports/quality/performance-localization-20261001/deployed/release-r8/source-verification.json", "reports/quality/performance-localization-20261001/deployed/release/activate_platform.py", "reports/quality/performance-localization-20261001/deployed/release/ci-jobs.json", "reports/quality/performance-localization-20261001/deployed/release/ci-run.json", "reports/quality/performance-localization-20261001/deployed/release/ci_status.py", "reports/quality/performance-localization-20261001/deployed/release/deploy_runtime.py", "reports/quality/performance-localization-20261001/deployed/release/manifest.json", "reports/quality/performance-localization-20261001/deployed/release/platform-deployment.log", "reports/quality/performance-localization-20261001/deployed/release/prepare_release.py", "reports/quality/performance-localization-20261001/deployed/release/release-tag.txt", "reports/quality/performance-localization-20261001/deployed/replay_observation_inputs.py", "reports/quality/performance-localization-20261001/deployed/reproduce_io_capacity.py", "reports/quality/performance-localization-20261001/deployed/reproduce_io_capacity_r2.py", "reports/quality/performance-localization-20261001/deployed/reproduce_plan_loss.json", "reports/quality/performance-localization-20261001/deployed/reproduce_plan_loss.py", "reports/quality/performance-localization-20261001/deployed/route-before-AIDiagnosis.jsx", "reports/quality/performance-localization-20261001/deployed/route-before-AIDiagnosis.test.jsx", "reports/quality/performance-localization-20261001/deployed/run_browser.py", "reports/quality/performance-localization-20261001/deployed/run_browser_no_bfcache.py", "reports/quality/performance-localization-20261001/deployed/runtime-before.json", "reports/quality/performance-localization-20261001/deployed/setup_lifecycle_release.py", "reports/quality/performance-localization-20261001/deployed/setup_refutation_release.py", "reports/quality/performance-localization-20261001/deployed/setup_release.py", "reports/quality/performance-localization-20261001/deployed/setup_web_refutation.py", "reports/quality/performance-localization-20261001/deployed/sse-cache-comparison.json", "reports/quality/performance-localization-20261001/deployed/stage_learning_index_atomic.py", "reports/quality/performance-localization-20261001/deployed/stage_lifecycle_source.py", "reports/quality/performance-localization-20261001/deployed/stage_refutation_source.py", "reports/quality/performance-localization-20261001/deployed/stage_route_source.py", "reports/quality/performance-localization-20261001/deployed/strict-three-paths-cases/go-cpu-hotspot.json", "reports/quality/performance-localization-20261001/deployed/strict-three-paths-cases/go-file-io.json", "reports/quality/performance-localization-20261001/deployed/strict-three-paths-cases/go-network-latency.json", "reports/quality/performance-localization-20261001/deployed/strict-three-paths-r2-cases/go-cpu-hotspot.json", "reports/quality/performance-localization-20261001/deployed/strict-three-paths-r2-cases/go-file-io.json", "reports/quality/performance-localization-20261001/deployed/strict-three-paths-r2-cases/go-network-latency.json", "reports/quality/performance-localization-20261001/deployed/strict-three-paths-r2.json", "reports/quality/performance-localization-20261001/deployed/strict-three-paths.json", "reports/quality/performance-localization-20261001/deployed/verify_go.py", "reports/quality/performance-localization-20261001/deployed/verify_runtime.py", "reports/quality/performance-localization-20261001/deployed/web-case-route-after.xml", "reports/quality/performance-localization-20261001/deployed/web-case-route-before-r2.xml", "reports/quality/performance-localization-20261001/deployed/web-case-route-before.xml", "reports/quality/performance-localization-20261001/deployed/web-case-route-full.xml", "reports/quality/performance-localization-20261001/deployed/web-clean-build.log", "reports/quality/performance-localization-20261001/deployed/web-clean-bundle.log", "reports/quality/performance-localization-20261001/deployed/web-clean-junit.xml", "reports/quality/performance-localization-20261001/deployed/web-clean-provenance.json", "reports/quality/performance-localization-20261001/deployed/web-clean-test.log", "reports/quality/performance-localization-20261001/deployed/web-lifecycle-after.xml", "reports/quality/performance-localization-20261001/deployed/web-lifecycle-before.xml", "reports/quality/performance-localization-20261001/deployed/web-lifecycle-clean-build.log", "reports/quality/performance-localization-20261001/deployed/web-lifecycle-clean-bundle.log", "reports/quality/performance-localization-20261001/deployed/web-lifecycle-clean-junit.xml", "reports/quality/performance-localization-20261001/deployed/web-lifecycle-clean-provenance.json", "reports/quality/performance-localization-20261001/deployed/web-lifecycle-clean-test.log", "reports/quality/performance-localization-20261001/deployed/web-lifecycle-full.xml", "reports/quality/performance-localization-20261001/deployed/web-livefix.xml", "reports/quality/performance-localization-20261001/deployed/web-refutation-after.xml", "reports/quality/performance-localization-20261001/deployed/web-refutation-before-r2.xml", "reports/quality/performance-localization-20261001/deployed/web-refutation-before.xml", "reports/quality/performance-localization-20261001/deployed/web-refutation-full-r2.xml", "reports/quality/performance-localization-20261001/deployed/web-refutation-full-r3.xml", "reports/quality/performance-localization-20261001/deployed/web-refutation-full.xml", "reports/quality/performance-localization-20261001/deployed/web-route-clean-build.log", "reports/quality/performance-localization-20261001/deployed/web-route-clean-bundle.log", "reports/quality/performance-localization-20261001/deployed/web-route-clean-junit.xml", "reports/quality/performance-localization-20261001/deployed/web-route-clean-provenance.json", "reports/quality/performance-localization-20261001/deployed/web-route-clean-test.log", "reports/quality/performance-localization-20261001/local/performance-localization-20261001/contracts/command-1.log", "reports/quality/performance-localization-20261001/local/performance-localization-20261001/contracts/command-2.log", "reports/quality/performance-localization-20261001/local/performance-localization-20261001/contracts/command-3.log", "reports/quality/performance-localization-20261001/local/performance-localization-20261001/contracts/command-4.log", "reports/quality/performance-localization-20261001/local/performance-localization-20261001/contracts/command-5.log", "reports/quality/performance-localization-20261001/local/performance-localization-20261001/contracts/command-6.log", "reports/quality/performance-localization-20261001/local/performance-localization-20261001/contracts/command-7.log", "reports/quality/performance-localization-20261001/local/performance-localization-20261001/contracts/command-8.log", "reports/quality/performance-localization-20261001/local/performance-localization-20261001/python-all/.coverage", "reports/quality/performance-localization-20261001/local/performance-localization-20261001/python-all/command-1.log", "reports/quality/performance-localization-20261001/local/performance-localization-20261001/python-all/coverage.json", "reports/quality/performance-localization-20261001/local/performance-localization-20261001/python-all/junit.xml", "reports/quality/performance-localization-20261001/local/performance-localization-20261001/report.html", "reports/quality/performance-localization-20261001/local/performance-localization-20261001/report.json", "reports/quality/performance-localization-20261001/local/performance-localization-buildfix-20261001/contracts/command-1.log", "reports/quality/performance-localization-20261001/local/performance-localization-buildfix-20261001/contracts/command-2.log", "reports/quality/performance-localization-20261001/local/performance-localization-buildfix-20261001/contracts/command-3.log", "reports/quality/performance-localization-20261001/local/performance-localization-buildfix-20261001/contracts/command-4.log", "reports/quality/performance-localization-20261001/local/performance-localization-buildfix-20261001/contracts/command-5.log", "reports/quality/performance-localization-20261001/local/performance-localization-buildfix-20261001/contracts/command-6.log", "reports/quality/performance-localization-20261001/local/performance-localization-buildfix-20261001/contracts/command-7.log", "reports/quality/performance-localization-20261001/local/performance-localization-buildfix-20261001/contracts/command-8.log", "reports/quality/performance-localization-20261001/local/performance-localization-buildfix-20261001/python-all/.coverage", "reports/quality/performance-localization-20261001/local/performance-localization-buildfix-20261001/python-all/command-1.log", "reports/quality/performance-localization-20261001/local/performance-localization-buildfix-20261001/python-all/coverage.json", "reports/quality/performance-localization-20261001/local/performance-localization-buildfix-20261001/python-all/junit.xml", "reports/quality/performance-localization-20261001/local/performance-localization-buildfix-20261001/report.html", "reports/quality/performance-localization-20261001/local/performance-localization-buildfix-20261001/report.json", "reports/quality/performance-localization-20261001/local/performance-localization-iofix-20261001/contracts/command-1.log", "reports/quality/performance-localization-20261001/local/performance-localization-iofix-20261001/contracts/command-2.log", "reports/quality/performance-localization-20261001/local/performance-localization-iofix-20261001/contracts/command-3.log", "reports/quality/performance-localization-20261001/local/performance-localization-iofix-20261001/contracts/command-4.log", "reports/quality/performance-localization-20261001/local/performance-localization-iofix-20261001/contracts/command-5.log", "reports/quality/performance-localization-20261001/local/performance-localization-iofix-20261001/contracts/command-6.log", "reports/quality/performance-localization-20261001/local/performance-localization-iofix-20261001/contracts/command-7.log", "reports/quality/performance-localization-20261001/local/performance-localization-iofix-20261001/contracts/command-8.log", "reports/quality/performance-localization-20261001/local/performance-localization-iofix-20261001/python-all/.coverage", "reports/quality/performance-localization-20261001/local/performance-localization-iofix-20261001/python-all/command-1.log", "reports/quality/performance-localization-20261001/local/performance-localization-iofix-20261001/python-all/coverage.json", "reports/quality/performance-localization-20261001/local/performance-localization-iofix-20261001/python-all/junit.xml", "reports/quality/performance-localization-20261001/local/performance-localization-iofix-20261001/report.html", "reports/quality/performance-localization-20261001/local/performance-localization-iofix-20261001/report.json", "reports/quality/performance-localization-20261001/local/performance-localization-iofix-r2-20261001/contracts/command-1.log", "reports/quality/performance-localization-20261001/local/performance-localization-iofix-r2-20261001/contracts/command-2.log", "reports/quality/performance-localization-20261001/local/performance-localization-iofix-r2-20261001/contracts/command-3.log", "reports/quality/performance-localization-20261001/local/performance-localization-iofix-r2-20261001/contracts/command-4.log", "reports/quality/performance-localization-20261001/local/performance-localization-iofix-r2-20261001/contracts/command-5.log", "reports/quality/performance-localization-20261001/local/performance-localization-iofix-r2-20261001/contracts/command-6.log", "reports/quality/performance-localization-20261001/local/performance-localization-iofix-r2-20261001/contracts/command-7.log", "reports/quality/performance-localization-20261001/local/performance-localization-iofix-r2-20261001/contracts/command-8.log", "reports/quality/performance-localization-20261001/local/performance-localization-iofix-r2-20261001/python-all/.coverage", "reports/quality/performance-localization-20261001/local/performance-localization-iofix-r2-20261001/python-all/command-1.log", "reports/quality/performance-localization-20261001/local/performance-localization-iofix-r2-20261001/python-all/coverage.json", "reports/quality/performance-localization-20261001/local/performance-localization-iofix-r2-20261001/python-all/junit.xml", "reports/quality/performance-localization-20261001/local/performance-localization-iofix-r2-20261001/report.html", "reports/quality/performance-localization-20261001/local/performance-localization-iofix-r2-20261001/report.json", "reports/quality/performance-localization-20261001/local/performance-localization-livefix-20261001/contracts/command-1.log", "reports/quality/performance-localization-20261001/local/performance-localization-livefix-20261001/contracts/command-2.log", "reports/quality/performance-localization-20261001/local/performance-localization-livefix-20261001/contracts/command-3.log", "reports/quality/performance-localization-20261001/local/performance-localization-livefix-20261001/contracts/command-4.log", "reports/quality/performance-localization-20261001/local/performance-localization-livefix-20261001/contracts/command-5.log", "reports/quality/performance-localization-20261001/local/performance-localization-livefix-20261001/contracts/command-6.log", "reports/quality/performance-localization-20261001/local/performance-localization-livefix-20261001/contracts/command-7.log", "reports/quality/performance-localization-20261001/local/performance-localization-livefix-20261001/contracts/command-8.log", "reports/quality/performance-localization-20261001/local/performance-localization-livefix-20261001/python-all/.coverage", "reports/quality/performance-localization-20261001/local/performance-localization-livefix-20261001/python-all/command-1.log", "reports/quality/performance-localization-20261001/local/performance-localization-livefix-20261001/python-all/coverage.json", "reports/quality/performance-localization-20261001/local/performance-localization-livefix-20261001/python-all/junit.xml", "reports/quality/performance-localization-20261001/local/performance-localization-livefix-20261001/report.html", "reports/quality/performance-localization-20261001/local/performance-localization-livefix-20261001/report.json", "reports/quality/performance-localization-20261001/manifest.json", "reports/quality/performance-localization-20261001/regression/observation-persistence-after-r3.xml", "reports/quality/performance-localization-20261001/regression/observation-persistence-after.xml", "reports/quality/performance-localization-20261001/regression/web-localization.xml", "reports/quality/rpc-read-stability-20260930/acceptance_client.py", "reports/quality/rpc-read-stability-20260930/archive-download-id-failure.json", "reports/quality/rpc-read-stability-20260930/archive_ci.py", "reports/quality/rpc-read-stability-20260930/browser-real.png", "reports/quality/rpc-read-stability-20260930/browser-result.json", "reports/quality/rpc-read-stability-20260930/browser.log", "reports/quality/rpc-read-stability-20260930/ci-archive-manifest.json", "reports/quality/rpc-read-stability-20260930/ci-artifacts.json", "reports/quality/rpc-read-stability-20260930/ci-business-measurements.zip", "reports/quality/rpc-read-stability-20260930/ci-jobs.json", "reports/quality/rpc-read-stability-20260930/ci-postgres-concurrency.zip", "reports/quality/rpc-read-stability-20260930/ci-python-quality.zip", "reports/quality/rpc-read-stability-20260930/ci-run.json", "reports/quality/rpc-read-stability-20260930/ci-web-browser.zip", "reports/quality/rpc-read-stability-20260930/client-after.log", "reports/quality/rpc-read-stability-20260930/client-after.xml", "reports/quality/rpc-read-stability-20260930/client-before.log", "reports/quality/rpc-read-stability-20260930/client-before.xml", "reports/quality/rpc-read-stability-20260930/cloud-raw-artifacts.zip", "reports/quality/rpc-read-stability-20260930/cloud-summary.json", "reports/quality/rpc-read-stability-20260930/cloud-verified-artifacts-manifest.json", "reports/quality/rpc-read-stability-20260930/cloud-verified-artifacts.zip", "reports/quality/rpc-read-stability-20260930/direct-read-probes.json", "reports/quality/rpc-read-stability-20260930/final-evidence-manifest.json", "reports/quality/rpc-read-stability-20260930/final-safety.json", "reports/quality/rpc-read-stability-20260930/historical-logs.json", "reports/quality/rpc-read-stability-20260930/public-route-probes.json", "reports/quality/rpc-read-stability-20260930/python-quality.zip", "reports/quality/rpc-read-stability-20260930/quality-python.log", "reports/quality/rpc-read-stability-20260930/quality.log", "reports/quality/rpc-read-stability-20260930/retry-session.json", "reports/quality/rpc-read-stability-20260930/run_direct_strict.py", "reports/quality/rpc-read-stability-20260930/ssh_snapshot_provider.py", "reports/quality/rpc-read-stability-20260930/strict-direct.log", "reports/quality/rpc-read-stability-20260930/transport-analysis.json", "reports/quality/security-cancel-20260930/activate.py", "reports/quality/security-cancel-20260930/analyzer-cancel.log", "reports/quality/security-cancel-20260930/binary-build-final.txt", "reports/quality/security-cancel-20260930/binary-final.txt", "reports/quality/security-cancel-20260930/binary-scan.json", "reports/quality/security-cancel-20260930/binary-scan.txt", "reports/quality/security-cancel-20260930/browser-cancel-hidden-button-failed.log", "reports/quality/security-cancel-20260930/browser-cancel-start-failed.log", "reports/quality/security-cancel-20260930/browser-cancel.log", "reports/quality/security-cancel-20260930/browser-cancel/confirmation.png", "reports/quality/security-cancel-20260930/browser-cancel/real-local.png", "reports/quality/security-cancel-20260930/browser-cancel/result.json", "reports/quality/security-cancel-20260930/browser-rehearsal.log", "reports/quality/security-cancel-20260930/browser-rehearsal/interview-report-tree.webm", "reports/quality/security-cancel-20260930/browser-rehearsal/real-local.png", "reports/quality/security-cancel-20260930/browser-rehearsal/recording-frames.json", "reports/quality/security-cancel-20260930/browser-rehearsal/result.json", "reports/quality/security-cancel-20260930/browser_cancel.mjs", "reports/quality/security-cancel-20260930/browser_rehearsal.mjs", "reports/quality/security-cancel-20260930/build_bundle.py", "reports/quality/security-cancel-20260930/business-rehearsal-debug.json", "reports/quality/security-cancel-20260930/cancel-before-valid.log", "reports/quality/security-cancel-20260930/cancel-browser-api.json", "reports/quality/security-cancel-20260930/cancel-running-task.json", "reports/quality/security-cancel-20260930/cancel-targeted.log", "reports/quality/security-cancel-20260930/cancel-targeted.xml", "reports/quality/security-cancel-20260930/ci-archive-manifest.json", "reports/quality/security-cancel-20260930/ci-artifacts.json", "reports/quality/security-cancel-20260930/ci-business-measurements.zip", "reports/quality/security-cancel-20260930/ci-go-security.zip", "reports/quality/security-cancel-20260930/ci-jobs.json", "reports/quality/security-cancel-20260930/ci-postgres-concurrency.zip", "reports/quality/security-cancel-20260930/ci-python-quality.zip", "reports/quality/security-cancel-20260930/ci-run.json", "reports/quality/security-cancel-20260930/ci-trivy-fs.zip", "reports/quality/security-cancel-20260930/ci-web-browser.zip", "reports/quality/security-cancel-20260930/deploy_runtime.py", "reports/quality/security-cancel-20260930/deployment-failed-permission.log", "reports/quality/security-cancel-20260930/deployment.json", "reports/quality/security-cancel-20260930/evidence-manifest.json", "reports/quality/security-cancel-20260930/final-health.json", "reports/quality/security-cancel-20260930/fresh-normal-business.json", "reports/quality/security-cancel-20260930/go-final.log", "reports/quality/security-cancel-20260930/govuln-after.json", "reports/quality/security-cancel-20260930/govuln-before.json", "reports/quality/security-cancel-20260930/interview-rehearsal.json", "reports/quality/security-cancel-20260930/lint-after.json", "reports/quality/security-cancel-20260930/lint-before.json", "reports/quality/security-cancel-20260930/lint-final.log", "reports/quality/security-cancel-20260930/manifest.json", "reports/quality/security-cancel-20260930/postgres-race-after.log", "reports/quality/security-cancel-20260930/postgres-race-after.xml", "reports/quality/security-cancel-20260930/pytest-full-final.log", "reports/quality/security-cancel-20260930/pytest-full-final.xml", "reports/quality/security-cancel-20260930/security-summary.json", "reports/quality/security-cancel-20260930/source-linux-final.json", "reports/quality/security-cancel-20260930/source-linux-final.txt", "reports/quality/security-cancel-20260930/source-verification.json", "reports/quality/security-cancel-20260930/verify_cloud.py", "reports/quality/security-cancel-20260930/verify_rehearsal.py", "reports/quality/security-cancel-20260930/web-build.log", "reports/quality/security-cancel-20260930/web-full.log", "reports/quality/seven-gaps-20261002/campaign-runner-frozen.py", "reports/quality/seven-gaps-20261002/cpp-retry-cases/cpp-cpu-hotspot-artifacts/task_20261001_175444_ba95c3-callgraph_json.raw", "reports/quality/seven-gaps-20261002/cpp-retry-cases/cpp-cpu-hotspot-artifacts/task_20261001_175444_ba95c3-flamegraph_json.raw", "reports/quality/seven-gaps-20261002/cpp-retry-cases/cpp-cpu-hotspot-artifacts/task_20261001_175444_ba95c3-flamegraph_svg.raw", "reports/quality/seven-gaps-20261002/cpp-retry-cases/cpp-cpu-hotspot-artifacts/task_20261001_175444_ba95c3-manifest.raw", "reports/quality/seven-gaps-20261002/cpp-retry-cases/cpp-cpu-hotspot-artifacts/task_20261001_175444_ba95c3-raw.raw", "reports/quality/seven-gaps-20261002/cpp-retry-cases/cpp-cpu-hotspot-artifacts/task_20261001_175444_ba95c3-suggestions_md.raw", "reports/quality/seven-gaps-20261002/cpp-retry-cases/cpp-cpu-hotspot-artifacts/task_20261001_175444_ba95c3-top_json.raw", "reports/quality/seven-gaps-20261002/cpp-retry-cases/cpp-cpu-hotspot-artifacts/task_20261001_175532_a59ce1-manifest.raw", "reports/quality/seven-gaps-20261002/cpp-retry-cases/cpp-cpu-hotspot-artifacts/task_20261001_175532_a59ce1-sys_metrics.raw", "reports/quality/seven-gaps-20261002/cpp-retry-cases/cpp-cpu-hotspot.json", "reports/quality/seven-gaps-20261002/cpp-retry.json", "reports/quality/seven-gaps-20261002/implementation/agent-fresh-receipt.json", "reports/quality/seven-gaps-20261002/implementation/analyzer-command-failure.xml", "reports/quality/seven-gaps-20261002/implementation/audit-negative-expanded.xml", "reports/quality/seven-gaps-20261002/implementation/audit-negative-final.xml", "reports/quality/seven-gaps-20261002/implementation/audit-negative-initial.xml", "reports/quality/seven-gaps-20261002/implementation/audit-new-acceptance-matrix.md", "reports/quality/seven-gaps-20261002/implementation/audit-old-seven.json", "reports/quality/seven-gaps-20261002/implementation/audit-perf-toolchain-local-check.json", "reports/quality/seven-gaps-20261002/implementation/audit-perf-toolchain-parser.xml", "reports/quality/seven-gaps-20261002/implementation/audit-perf-toolchain-real-proof.json", "reports/quality/seven-gaps-20261002/implementation/audit-planning-final-r2.xml", "reports/quality/seven-gaps-20261002/implementation/audit-planning-final-r3.xml", "reports/quality/seven-gaps-20261002/implementation/audit-planning-final.xml", "reports/quality/seven-gaps-20261002/implementation/audit-planning-initial.xml", "reports/quality/seven-gaps-20261002/implementation/audit-planning-r2.xml", "reports/quality/seven-gaps-20261002/implementation/audit-prior-score-regression.xml", "reports/quality/seven-gaps-20261002/implementation/baseline-clean-audit.json", "reports/quality/seven-gaps-20261002/implementation/before-manifest.json", "reports/quality/seven-gaps-20261002/implementation/binutils-build-job.json", "reports/quality/seven-gaps-20261002/implementation/binutils-build-preflight.json", "reports/quality/seven-gaps-20261002/implementation/binutils-build-receipt.json", "reports/quality/seven-gaps-20261002/implementation/cgroup-read-probe.json", "reports/quality/seven-gaps-20261002/implementation/ci-artifacts-phase2/hotspot-controls-bcc12e60941ac0bff3820411a2eaaa7cd823ec9b-1/go-io-window/report.json", "reports/quality/seven-gaps-20261002/implementation/ci-artifacts-phase2/hotspot-controls-bcc12e60941ac0bff3820411a2eaaa7cd823ec9b-1/hotspot-controls/command-1.log", "reports/quality/seven-gaps-20261002/implementation/ci-artifacts-phase2/hotspot-controls-bcc12e60941ac0bff3820411a2eaaa7cd823ec9b-1/hotspot-controls/measurement/go/cleanup-snapshot.json", "reports/quality/seven-gaps-20261002/implementation/ci-artifacts-phase2/hotspot-controls-bcc12e60941ac0bff3820411a2eaaa7cd823ec9b-1/hotspot-controls/measurement/go/fault-snapshots.json", "reports/quality/seven-gaps-20261002/implementation/ci-artifacts-phase2/hotspot-controls-bcc12e60941ac0bff3820411a2eaaa7cd823ec9b-1/hotspot-controls/measurement/go/recovery-snapshot.json", "reports/quality/seven-gaps-20261002/implementation/ci-artifacts-phase2/hotspot-controls-bcc12e60941ac0bff3820411a2eaaa7cd823ec9b-1/hotspot-controls/measurement/go/report.json", "reports/quality/seven-gaps-20261002/implementation/ci-artifacts-phase2/hotspot-controls-bcc12e60941ac0bff3820411a2eaaa7cd823ec9b-1/hotspot-controls/measurement/go/target.log", "reports/quality/seven-gaps-20261002/implementation/ci-artifacts-phase2/hotspot-controls-bcc12e60941ac0bff3820411a2eaaa7cd823ec9b-1/hotspot-controls/measurement/python/cleanup-snapshot.json", "reports/quality/seven-gaps-20261002/implementation/ci-artifacts-phase2/hotspot-controls-bcc12e60941ac0bff3820411a2eaaa7cd823ec9b-1/hotspot-controls/measurement/python/fault-snapshots.json", "reports/quality/seven-gaps-20261002/implementation/ci-artifacts-phase2/hotspot-controls-bcc12e60941ac0bff3820411a2eaaa7cd823ec9b-1/hotspot-controls/measurement/python/recovery-snapshot.json", "reports/quality/seven-gaps-20261002/implementation/ci-artifacts-phase2/hotspot-controls-bcc12e60941ac0bff3820411a2eaaa7cd823ec9b-1/hotspot-controls/measurement/python/report.json", "reports/quality/seven-gaps-20261002/implementation/ci-artifacts-phase2/hotspot-controls-bcc12e60941ac0bff3820411a2eaaa7cd823ec9b-1/hotspot-controls/measurement/python/target.log", "reports/quality/seven-gaps-20261002/implementation/ci-artifacts-phase2/hotspot-controls-bcc12e60941ac0bff3820411a2eaaa7cd823ec9b-1/hotspot-controls/measurement/report.json", "reports/quality/seven-gaps-20261002/implementation/ci-artifacts-phase2/hotspot-controls-bcc12e60941ac0bff3820411a2eaaa7cd823ec9b-1/hotspot-controls/measurement/source.json", "reports/quality/seven-gaps-20261002/implementation/ci-artifacts-phase2/hotspot-controls-bcc12e60941ac0bff3820411a2eaaa7cd823ec9b-1/report.json", "reports/quality/seven-gaps-20261002/implementation/ci-artifacts-phase2/logs/job-110511870120.log", "reports/quality/seven-gaps-20261002/implementation/ci-artifacts-phase2/logs/job-110511870164.log", "reports/quality/seven-gaps-20261002/implementation/ci-artifacts-phase2/logs/job-110511870213.log", "reports/quality/seven-gaps-20261002/implementation/ci-artifacts-phase2/logs/job-110511870274.log", "reports/quality/seven-gaps-20261002/implementation/ci-artifacts-phase2/logs/job-110511870288.log", "reports/quality/seven-gaps-20261002/implementation/ci-artifacts-phase2/logs/job-110511870326.log", "reports/quality/seven-gaps-20261002/implementation/ci-artifacts-phase2/logs/job-110511870376.log", "reports/quality/seven-gaps-20261002/implementation/ci-artifacts-phase2/logs/job-110511870630.log", "reports/quality/seven-gaps-20261002/implementation/ci-artifacts-phase2/native-agent-binary-bcc12e60941ac0bff3820411a2eaaa7cd823ec9b-1/ctest.xml", "reports/quality/seven-gaps-20261002/implementation/ci-artifacts-phase2/observation-controls-bcc12e60941ac0bff3820411a2eaaa7cd823ec9b-1/cpp/report.json", "reports/quality/seven-gaps-20261002/implementation/ci-artifacts-phase2/observation-controls-bcc12e60941ac0bff3820411a2eaaa7cd823ec9b-1/java/report.json", "reports/quality/seven-gaps-20261002/implementation/ci-artifacts-phase2/observation-controls-bcc12e60941ac0bff3820411a2eaaa7cd823ec9b-1/perf-source-toolchain/report.json", "reports/quality/seven-gaps-20261002/implementation/ci-artifacts-phase2/observation-controls-bcc12e60941ac0bff3820411a2eaaa7cd823ec9b-1/perf-source-toolchain/toolchain.stderr.log", "reports/quality/seven-gaps-20261002/implementation/ci-artifacts-phase2/observation-controls-bcc12e60941ac0bff3820411a2eaaa7cd823ec9b-1/perf-source-toolchain/toolchain.stdout.json", "reports/quality/seven-gaps-20261002/implementation/ci-artifacts-phase2/observation-controls-bcc12e60941ac0bff3820411a2eaaa7cd823ec9b-1/python/report.json", "reports/quality/seven-gaps-20261002/implementation/ci-artifacts-phase2/official-artifacts-36904602187.json", "reports/quality/seven-gaps-20261002/implementation/ci-artifacts-phase2/official-git-ci-merge.json", "reports/quality/seven-gaps-20261002/implementation/ci-artifacts-phase2/official-git-source.json", "reports/quality/seven-gaps-20261002/implementation/ci-artifacts-phase2/official-jobs-36904602187.json", "reports/quality/seven-gaps-20261002/implementation/ci-artifacts-phase2/official-run-36904602187.json", "reports/quality/seven-gaps-20261002/implementation/ci-artifacts-phase2/postgres-concurrency-bcc12e60941ac0bff3820411a2eaaa7cd823ec9b-1/gate.json", "reports/quality/seven-gaps-20261002/implementation/ci-artifacts-phase2/postgres-concurrency-bcc12e60941ac0bff3820411a2eaaa7cd823ec9b-1/go.stderr.log", "reports/quality/seven-gaps-20261002/implementation/ci-artifacts-phase2/postgres-concurrency-bcc12e60941ac0bff3820411a2eaaa7cd823ec9b-1/postgres.log", "reports/quality/seven-gaps-20261002/implementation/ci-artifacts-phase2/postgres-concurrency-bcc12e60941ac0bff3820411a2eaaa7cd823ec9b-1/python.junit.xml", "reports/quality/seven-gaps-20261002/implementation/ci-artifacts-phase2/postgres-concurrency-bcc12e60941ac0bff3820411a2eaaa7cd823ec9b-1/python.log", "reports/quality/seven-gaps-20261002/implementation/ci-artifacts-phase2/postgres-concurrency-bcc12e60941ac0bff3820411a2eaaa7cd823ec9b-1/runtime.json", "reports/quality/seven-gaps-20261002/implementation/ci-artifacts-phase2/python-quality-bcc12e60941ac0bff3820411a2eaaa7cd823ec9b-1/contracts/command-1.log", "reports/quality/seven-gaps-20261002/implementation/ci-artifacts-phase2/python-quality-bcc12e60941ac0bff3820411a2eaaa7cd823ec9b-1/contracts/command-2.log", "reports/quality/seven-gaps-20261002/implementation/ci-artifacts-phase2/python-quality-bcc12e60941ac0bff3820411a2eaaa7cd823ec9b-1/contracts/command-3.log", "reports/quality/seven-gaps-20261002/implementation/ci-artifacts-phase2/python-quality-bcc12e60941ac0bff3820411a2eaaa7cd823ec9b-1/contracts/command-4.log", "reports/quality/seven-gaps-20261002/implementation/ci-artifacts-phase2/python-quality-bcc12e60941ac0bff3820411a2eaaa7cd823ec9b-1/contracts/command-5.log", "reports/quality/seven-gaps-20261002/implementation/ci-artifacts-phase2/python-quality-bcc12e60941ac0bff3820411a2eaaa7cd823ec9b-1/contracts/command-6.log", "reports/quality/seven-gaps-20261002/implementation/ci-artifacts-phase2/python-quality-bcc12e60941ac0bff3820411a2eaaa7cd823ec9b-1/contracts/command-7.log", "reports/quality/seven-gaps-20261002/implementation/ci-artifacts-phase2/python-quality-bcc12e60941ac0bff3820411a2eaaa7cd823ec9b-1/contracts/command-8.log", "reports/quality/seven-gaps-20261002/implementation/ci-artifacts-phase2/python-quality-bcc12e60941ac0bff3820411a2eaaa7cd823ec9b-1/contracts/command-9.log", "reports/quality/seven-gaps-20261002/implementation/ci-artifacts-phase2/python-quality-bcc12e60941ac0bff3820411a2eaaa7cd823ec9b-1/python-all/junit.xml", "reports/quality/seven-gaps-20261002/implementation/ci-artifacts-phase2/python-quality-bcc12e60941ac0bff3820411a2eaaa7cd823ec9b-1/report.json", "reports/quality/seven-gaps-20261002/implementation/ci-artifacts-phase2/web-browser-bcc12e60941ac0bff3820411a2eaaa7cd823ec9b-1/result.json", "reports/quality/seven-gaps-20261002/implementation/ci-artifacts/artifacts.json", "reports/quality/seven-gaps-20261002/implementation/ci-artifacts/failed-toolchain-36903574783/artifact/perf-source-toolchain/report.json", "reports/quality/seven-gaps-20261002/implementation/ci-artifacts/failed-toolchain-36903574783/artifact/perf-source-toolchain/toolchain.stderr.log", "reports/quality/seven-gaps-20261002/implementation/ci-artifacts/failed-toolchain-36903574783/artifact/perf-source-toolchain/toolchain.stdout.json", "reports/quality/seven-gaps-20261002/implementation/ci-artifacts/failed-toolchain-36903574783/failure-evidence.json", "reports/quality/seven-gaps-20261002/implementation/ci-artifacts/failed-toolchain-36903574783/job-110508421464.log", "reports/quality/seven-gaps-20261002/implementation/ci-artifacts/failed-toolchain-36903574783/official-artifacts.json", "reports/quality/seven-gaps-20261002/implementation/ci-artifacts/failed-toolchain-36903574783/official-jobs.json", "reports/quality/seven-gaps-20261002/implementation/ci-artifacts/hotspot-controls-2e7db027048535fb70b4d2db7e0986b17225cb2c-1/go-io-window/report.json", "reports/quality/seven-gaps-20261002/implementation/ci-artifacts/hotspot-controls-2e7db027048535fb70b4d2db7e0986b17225cb2c-1/hotspot-controls/command-1.log", "reports/quality/seven-gaps-20261002/implementation/ci-artifacts/hotspot-controls-2e7db027048535fb70b4d2db7e0986b17225cb2c-1/hotspot-controls/measurement/go/cleanup-snapshot.json", "reports/quality/seven-gaps-20261002/implementation/ci-artifacts/hotspot-controls-2e7db027048535fb70b4d2db7e0986b17225cb2c-1/hotspot-controls/measurement/go/fault-snapshots.json", "reports/quality/seven-gaps-20261002/implementation/ci-artifacts/hotspot-controls-2e7db027048535fb70b4d2db7e0986b17225cb2c-1/hotspot-controls/measurement/go/recovery-snapshot.json", "reports/quality/seven-gaps-20261002/implementation/ci-artifacts/hotspot-controls-2e7db027048535fb70b4d2db7e0986b17225cb2c-1/hotspot-controls/measurement/go/report.json", "reports/quality/seven-gaps-20261002/implementation/ci-artifacts/hotspot-controls-2e7db027048535fb70b4d2db7e0986b17225cb2c-1/hotspot-controls/measurement/go/target.log", "reports/quality/seven-gaps-20261002/implementation/ci-artifacts/hotspot-controls-2e7db027048535fb70b4d2db7e0986b17225cb2c-1/hotspot-controls/measurement/python/cleanup-snapshot.json", "reports/quality/seven-gaps-20261002/implementation/ci-artifacts/hotspot-controls-2e7db027048535fb70b4d2db7e0986b17225cb2c-1/hotspot-controls/measurement/python/fault-snapshots.json", "reports/quality/seven-gaps-20261002/implementation/ci-artifacts/hotspot-controls-2e7db027048535fb70b4d2db7e0986b17225cb2c-1/hotspot-controls/measurement/python/recovery-snapshot.json", "reports/quality/seven-gaps-20261002/implementation/ci-artifacts/hotspot-controls-2e7db027048535fb70b4d2db7e0986b17225cb2c-1/hotspot-controls/measurement/python/report.json", "reports/quality/seven-gaps-20261002/implementation/ci-artifacts/hotspot-controls-2e7db027048535fb70b4d2db7e0986b17225cb2c-1/hotspot-controls/measurement/python/target.log", "reports/quality/seven-gaps-20261002/implementation/ci-artifacts/hotspot-controls-2e7db027048535fb70b4d2db7e0986b17225cb2c-1/hotspot-controls/measurement/report.json", "reports/quality/seven-gaps-20261002/implementation/ci-artifacts/hotspot-controls-2e7db027048535fb70b4d2db7e0986b17225cb2c-1/hotspot-controls/measurement/source.json", "reports/quality/seven-gaps-20261002/implementation/ci-artifacts/hotspot-controls-2e7db027048535fb70b4d2db7e0986b17225cb2c-1/report.json", "reports/quality/seven-gaps-20261002/implementation/ci-artifacts/logs/job-110487616937.log", "reports/quality/seven-gaps-20261002/implementation/ci-artifacts/logs/job-110487616958.log", "reports/quality/seven-gaps-20261002/implementation/ci-artifacts/logs/job-110487616982.log", "reports/quality/seven-gaps-20261002/implementation/ci-artifacts/logs/job-110487617082.log", "reports/quality/seven-gaps-20261002/implementation/ci-artifacts/logs/job-110487617125.log", "reports/quality/seven-gaps-20261002/implementation/ci-artifacts/logs/job-110487617241.log", "reports/quality/seven-gaps-20261002/implementation/ci-artifacts/logs/job-110487617249.log", "reports/quality/seven-gaps-20261002/implementation/ci-artifacts/logs/job-110487618385.log", "reports/quality/seven-gaps-20261002/implementation/ci-artifacts/native-agent-binary-2e7db027048535fb70b4d2db7e0986b17225cb2c-1/ctest.xml", "reports/quality/seven-gaps-20261002/implementation/ci-artifacts/native-binary-proof.json", "reports/quality/seven-gaps-20261002/implementation/ci-artifacts/observation-controls-2e7db027048535fb70b4d2db7e0986b17225cb2c-1/cpp/report.json", "reports/quality/seven-gaps-20261002/implementation/ci-artifacts/observation-controls-2e7db027048535fb70b4d2db7e0986b17225cb2c-1/java/report.json", "reports/quality/seven-gaps-20261002/implementation/ci-artifacts/observation-controls-2e7db027048535fb70b4d2db7e0986b17225cb2c-1/python/report.json", "reports/quality/seven-gaps-20261002/implementation/ci-artifacts/official-artifacts-36897365758.json", "reports/quality/seven-gaps-20261002/implementation/ci-artifacts/official-jobs-36897365758.json", "reports/quality/seven-gaps-20261002/implementation/ci-artifacts/official-run-36897365758.json", "reports/quality/seven-gaps-20261002/implementation/ci-artifacts/postgres-concurrency-2e7db027048535fb70b4d2db7e0986b17225cb2c-1/gate.json", "reports/quality/seven-gaps-20261002/implementation/ci-artifacts/postgres-concurrency-2e7db027048535fb70b4d2db7e0986b17225cb2c-1/go.stderr.log", "reports/quality/seven-gaps-20261002/implementation/ci-artifacts/postgres-concurrency-2e7db027048535fb70b4d2db7e0986b17225cb2c-1/postgres.log", "reports/quality/seven-gaps-20261002/implementation/ci-artifacts/postgres-concurrency-2e7db027048535fb70b4d2db7e0986b17225cb2c-1/python.junit.xml", "reports/quality/seven-gaps-20261002/implementation/ci-artifacts/postgres-concurrency-2e7db027048535fb70b4d2db7e0986b17225cb2c-1/python.log", "reports/quality/seven-gaps-20261002/implementation/ci-artifacts/postgres-concurrency-2e7db027048535fb70b4d2db7e0986b17225cb2c-1/runtime.json", "reports/quality/seven-gaps-20261002/implementation/ci-artifacts/python-quality-2e7db027048535fb70b4d2db7e0986b17225cb2c-1/contracts/command-1.log", "reports/quality/seven-gaps-20261002/implementation/ci-artifacts/python-quality-2e7db027048535fb70b4d2db7e0986b17225cb2c-1/contracts/command-2.log", "reports/quality/seven-gaps-20261002/implementation/ci-artifacts/python-quality-2e7db027048535fb70b4d2db7e0986b17225cb2c-1/contracts/command-3.log", "reports/quality/seven-gaps-20261002/implementation/ci-artifacts/python-quality-2e7db027048535fb70b4d2db7e0986b17225cb2c-1/contracts/command-4.log", "reports/quality/seven-gaps-20261002/implementation/ci-artifacts/python-quality-2e7db027048535fb70b4d2db7e0986b17225cb2c-1/contracts/command-5.log", "reports/quality/seven-gaps-20261002/implementation/ci-artifacts/python-quality-2e7db027048535fb70b4d2db7e0986b17225cb2c-1/contracts/command-6.log", "reports/quality/seven-gaps-20261002/implementation/ci-artifacts/python-quality-2e7db027048535fb70b4d2db7e0986b17225cb2c-1/contracts/command-7.log", "reports/quality/seven-gaps-20261002/implementation/ci-artifacts/python-quality-2e7db027048535fb70b4d2db7e0986b17225cb2c-1/contracts/command-8.log", "reports/quality/seven-gaps-20261002/implementation/ci-artifacts/python-quality-2e7db027048535fb70b4d2db7e0986b17225cb2c-1/contracts/command-9.log", "reports/quality/seven-gaps-20261002/implementation/ci-artifacts/python-quality-2e7db027048535fb70b4d2db7e0986b17225cb2c-1/python-all/junit.xml", "reports/quality/seven-gaps-20261002/implementation/ci-artifacts/python-quality-2e7db027048535fb70b4d2db7e0986b17225cb2c-1/report.json", "reports/quality/seven-gaps-20261002/implementation/ci-artifacts/web-browser-2e7db027048535fb70b4d2db7e0986b17225cb2c-1/result.json", "reports/quality/seven-gaps-20261002/implementation/ci-evidence-download-inventory.json", "reports/quality/seven-gaps-20261002/implementation/ci-evidence-summary.json", "reports/quality/seven-gaps-20261002/implementation/ci-evidence-summary.md", "reports/quality/seven-gaps-20261002/implementation/ci-phase2-evidence-download-inventory.json", "reports/quality/seven-gaps-20261002/implementation/ci-phase2-evidence-summary.json", "reports/quality/seven-gaps-20261002/implementation/ci-phase2-evidence-summary.md", "reports/quality/seven-gaps-20261002/implementation/ci-phase2-source-equivalence.json", "reports/quality/seven-gaps-20261002/implementation/ci-source-equivalence.json", "reports/quality/seven-gaps-20261002/implementation/cpp-perf-analysis-failure.json", "reports/quality/seven-gaps-20261002/implementation/cpp-perf-readonly-replay.json", "reports/quality/seven-gaps-20261002/implementation/cpp-perf-tool-availability.json", "reports/quality/seven-gaps-20261002/implementation/cpp-retry.json", "reports/quality/seven-gaps-20261002/implementation/dependency-activation.json", "reports/quality/seven-gaps-20261002/implementation/dependency-image-proof.json", "reports/quality/seven-gaps-20261002/implementation/deployment-preflight.json", "reports/quality/seven-gaps-20261002/implementation/diagnosis-concentration-fixed-r2.xml", "reports/quality/seven-gaps-20261002/implementation/diagnosis-concentration-fixed.xml", "reports/quality/seven-gaps-20261002/implementation/diagnosis-final-fixed.xml", "reports/quality/seven-gaps-20261002/implementation/diagnosis-final.xml", "reports/quality/seven-gaps-20261002/implementation/diagnosis-initial.xml", "reports/quality/seven-gaps-20261002/implementation/diagnosis-integrated.xml", "reports/quality/seven-gaps-20261002/implementation/diagnosis-noisy-domain-fixed.xml", "reports/quality/seven-gaps-20261002/implementation/diagnosis-old-registry-r2.xml", "reports/quality/seven-gaps-20261002/implementation/diagnosis-old-registry.xml", "reports/quality/seven-gaps-20261002/implementation/diagnosis-old-source-proof-r2.json", "reports/quality/seven-gaps-20261002/implementation/diagnosis-old-source-proof.json", "reports/quality/seven-gaps-20261002/implementation/diagnosis-planning-domain-final.xml", "reports/quality/seven-gaps-20261002/implementation/engineering-campaign-provenance-final.xml", "reports/quality/seven-gaps-20261002/implementation/engineering-campaign-provenance.xml", "reports/quality/seven-gaps-20261002/implementation/engineering-final-campaign.xml", "reports/quality/seven-gaps-20261002/implementation/engineering-final-web.xml", "reports/quality/seven-gaps-20261002/implementation/engineering-frozen-regression.xml", "reports/quality/seven-gaps-20261002/implementation/engineering-refuted-web.xml", "reports/quality/seven-gaps-20261002/implementation/final-planning.xml", "reports/quality/seven-gaps-20261002/implementation/final-runtime-verification.json", "reports/quality/seven-gaps-20261002/implementation/full-worktree-r1.xml", "reports/quality/seven-gaps-20261002/implementation/integration-r1.xml", "reports/quality/seven-gaps-20261002/implementation/integration-r2.xml", "reports/quality/seven-gaps-20261002/implementation/measured-five-summary.json", "reports/quality/seven-gaps-20261002/implementation/noisy-boot-identity-replay.json", "reports/quality/seven-gaps-20261002/implementation/noisy-boot-identity.xml", "reports/quality/seven-gaps-20261002/implementation/noisy-retry.json", "reports/quality/seven-gaps-20261002/implementation/office-disk-readonly-receipt.json", "reports/quality/seven-gaps-20261002/implementation/phase2-release/manifest.json", "reports/quality/seven-gaps-20261002/implementation/phase2-release/platform-deployment.json", "reports/quality/seven-gaps-20261002/implementation/phase2-release/platform-deployment.log", "reports/quality/seven-gaps-20261002/implementation/phase2-runtime-predeployment.json", "reports/quality/seven-gaps-20261002/implementation/phase2-runtime-verification.json", "reports/quality/seven-gaps-20261002/implementation/phase2-source-regression.xml", "reports/quality/seven-gaps-20261002/implementation/planning-lats-r2.xml", "reports/quality/seven-gaps-20261002/implementation/planning-lats-r3.xml", "reports/quality/seven-gaps-20261002/implementation/plaza-before.json", "reports/quality/seven-gaps-20261002/implementation/release/20261001T171638Z-platform-deployment.log", "reports/quality/seven-gaps-20261002/implementation/release/manifest.json", "reports/quality/seven-gaps-20261002/implementation/release/platform-deployment.json", "reports/quality/seven-gaps-20261002/implementation/release/platform-deployment.log", "reports/quality/seven-gaps-20261002/implementation/routing-regression-r2.xml", "reports/quality/seven-gaps-20261002/implementation/runtime-baseline.json", "reports/quality/seven-gaps-20261002/implementation/runtime-pre-trials.json", "reports/quality/seven-gaps-20261002/implementation/runtime-predeployment.json", "reports/quality/seven-gaps-20261002/implementation/seven.json", "reports/quality/seven-gaps-20261002/implementation/source-tree-proof.json", "reports/quality/seven-gaps-20261002/implementation/staged-source-files.json", "reports/quality/seven-gaps-20261002/implementation/telemetry-after-r2.xml", "reports/quality/seven-gaps-20261002/implementation/telemetry-after.xml", "reports/quality/seven-gaps-20261002/implementation/telemetry-before.xml", "reports/quality/seven-gaps-20261002/implementation/telemetry-original-source.xml", "reports/quality/seven-gaps-20261002/manifest.json", "reports/quality/seven-gaps-20261002/noisy-retry-cases/noisy-neighbor-artifacts/task_20261001_181733_aefc9b-manifest.raw", "reports/quality/seven-gaps-20261002/noisy-retry-cases/noisy-neighbor-artifacts/task_20261001_181733_aefc9b-sys_metrics.raw", "reports/quality/seven-gaps-20261002/noisy-retry-cases/noisy-neighbor.json", "reports/quality/seven-gaps-20261002/noisy-retry.json", "reports/quality/seven-gaps-20261002/performance-manifest.json", "reports/quality/seven-gaps-20261002/publication/browser-initial/browser.log", "reports/quality/seven-gaps-20261002/publication/browser-initial/business-path.png", "reports/quality/seven-gaps-20261002/publication/browser-initial/current-engineering-1024.png", "reports/quality/seven-gaps-20261002/publication/browser-initial/current-engineering-1440.png", "reports/quality/seven-gaps-20261002/publication/browser-initial/current-engineering-375.png", "reports/quality/seven-gaps-20261002/publication/browser-initial/current-engineering-768.png", "reports/quality/seven-gaps-20261002/publication/browser-initial/expected-public.json", "reports/quality/seven-gaps-20261002/publication/browser-initial/failure.png", "reports/quality/seven-gaps-20261002/publication/browser-initial/four-engineering-regressions-1024.png", "reports/quality/seven-gaps-20261002/publication/browser-initial/four-engineering-regressions-1440.png", "reports/quality/seven-gaps-20261002/publication/browser-initial/four-engineering-regressions-375.png", "reports/quality/seven-gaps-20261002/publication/browser-initial/four-engineering-regressions-768.png", "reports/quality/seven-gaps-20261002/publication/browser-initial/health-anomaly.png", "reports/quality/seven-gaps-20261002/publication/browser-initial/health-normal.png", "reports/quality/seven-gaps-20261002/publication/browser-initial/health-recovery.png", "reports/quality/seven-gaps-20261002/publication/browser-initial/health-resampled.png", "reports/quality/seven-gaps-20261002/publication/browser-initial/health-unknown.png", "reports/quality/seven-gaps-20261002/publication/browser-initial/historical-audit.png", "reports/quality/seven-gaps-20261002/publication/browser-initial/history-back-http.png", "reports/quality/seven-gaps-20261002/publication/browser-initial/history-forward-io.png", "reports/quality/seven-gaps-20261002/publication/browser-initial/network.json", "reports/quality/seven-gaps-20261002/publication/browser-initial/old-go-cpu-hotspot-1024.png", "reports/quality/seven-gaps-20261002/publication/browser-initial/old-go-cpu-hotspot-1440.png", "reports/quality/seven-gaps-20261002/publication/browser-initial/old-go-cpu-hotspot-375.png", "reports/quality/seven-gaps-20261002/publication/browser-initial/old-go-cpu-hotspot-768.png", "reports/quality/seven-gaps-20261002/publication/browser-initial/old-go-file-io-1024.png", "reports/quality/seven-gaps-20261002/publication/browser-initial/old-go-file-io-1440.png", "reports/quality/seven-gaps-20261002/publication/browser-initial/old-go-file-io-375.png", "reports/quality/seven-gaps-20261002/publication/browser-initial/old-go-file-io-768.png", "reports/quality/seven-gaps-20261002/publication/browser-initial/old-go-network-latency-1024.png", "reports/quality/seven-gaps-20261002/publication/browser-initial/old-go-network-latency-1440.png", "reports/quality/seven-gaps-20261002/publication/browser-initial/old-go-network-latency-375.png", "reports/quality/seven-gaps-20261002/publication/browser-initial/old-go-network-latency-768.png", "reports/quality/seven-gaps-20261002/publication/browser-initial/result.json", "reports/quality/seven-gaps-20261002/publication/browser/browser.log", "reports/quality/seven-gaps-20261002/publication/browser/business-path.png", "reports/quality/seven-gaps-20261002/publication/browser/current-engineering-1024.png", "reports/quality/seven-gaps-20261002/publication/browser/current-engineering-1440.png", "reports/quality/seven-gaps-20261002/publication/browser/current-engineering-375.png", "reports/quality/seven-gaps-20261002/publication/browser/current-engineering-768.png", "reports/quality/seven-gaps-20261002/publication/browser/engineering-cpu-button.png", "reports/quality/seven-gaps-20261002/publication/browser/expected-public.json", "reports/quality/seven-gaps-20261002/publication/browser/four-engineering-regressions-1024.png", "reports/quality/seven-gaps-20261002/publication/browser/four-engineering-regressions-1440.png", "reports/quality/seven-gaps-20261002/publication/browser/four-engineering-regressions-375.png", "reports/quality/seven-gaps-20261002/publication/browser/four-engineering-regressions-768.png", "reports/quality/seven-gaps-20261002/publication/browser/health-anomaly.png", "reports/quality/seven-gaps-20261002/publication/browser/health-normal.png", "reports/quality/seven-gaps-20261002/publication/browser/health-recovery.png", "reports/quality/seven-gaps-20261002/publication/browser/health-resampled.png", "reports/quality/seven-gaps-20261002/publication/browser/health-unknown.png", "reports/quality/seven-gaps-20261002/publication/browser/historical-audit.png", "reports/quality/seven-gaps-20261002/publication/browser/history-back-http.png", "reports/quality/seven-gaps-20261002/publication/browser/history-forward-io.png", "reports/quality/seven-gaps-20261002/publication/browser/network.json", "reports/quality/seven-gaps-20261002/publication/browser/new-cpp-cpu-hotspot-1024.png", "reports/quality/seven-gaps-20261002/publication/browser/new-cpp-cpu-hotspot-1440.png", "reports/quality/seven-gaps-20261002/publication/browser/new-cpp-cpu-hotspot-375.png", "reports/quality/seven-gaps-20261002/publication/browser/new-cpp-cpu-hotspot-768.png", "reports/quality/seven-gaps-20261002/publication/browser/new-cpp-file-io-1024.png", "reports/quality/seven-gaps-20261002/publication/browser/new-cpp-file-io-1440.png", "reports/quality/seven-gaps-20261002/publication/browser/new-cpp-file-io-375.png", "reports/quality/seven-gaps-20261002/publication/browser/new-cpp-file-io-768.png", "reports/quality/seven-gaps-20261002/publication/browser/new-cpp-lock-contention-1024.png", "reports/quality/seven-gaps-20261002/publication/browser/new-cpp-lock-contention-1440.png", "reports/quality/seven-gaps-20261002/publication/browser/new-cpp-lock-contention-375.png", "reports/quality/seven-gaps-20261002/publication/browser/new-cpp-lock-contention-768.png", "reports/quality/seven-gaps-20261002/publication/browser/new-io-write-latency-1024.png", "reports/quality/seven-gaps-20261002/publication/browser/new-io-write-latency-1440.png", "reports/quality/seven-gaps-20261002/publication/browser/new-io-write-latency-375.png", "reports/quality/seven-gaps-20261002/publication/browser/new-io-write-latency-768.png", "reports/quality/seven-gaps-20261002/publication/browser/new-java-file-io-1024.png", "reports/quality/seven-gaps-20261002/publication/browser/new-java-file-io-1440.png", "reports/quality/seven-gaps-20261002/publication/browser/new-java-file-io-375.png", "reports/quality/seven-gaps-20261002/publication/browser/new-java-file-io-768.png", "reports/quality/seven-gaps-20261002/publication/browser/new-noisy-neighbor-1024.png", "reports/quality/seven-gaps-20261002/publication/browser/new-noisy-neighbor-1440.png", "reports/quality/seven-gaps-20261002/publication/browser/new-noisy-neighbor-375.png", "reports/quality/seven-gaps-20261002/publication/browser/new-noisy-neighbor-768.png", "reports/quality/seven-gaps-20261002/publication/browser/new-source-hotspot-1024.png", "reports/quality/seven-gaps-20261002/publication/browser/new-source-hotspot-1440.png", "reports/quality/seven-gaps-20261002/publication/browser/new-source-hotspot-375.png", "reports/quality/seven-gaps-20261002/publication/browser/new-source-hotspot-768.png", "reports/quality/seven-gaps-20261002/publication/browser/old-go-cpu-hotspot-1024.png", "reports/quality/seven-gaps-20261002/publication/browser/old-go-cpu-hotspot-1440.png", "reports/quality/seven-gaps-20261002/publication/browser/old-go-cpu-hotspot-375.png", "reports/quality/seven-gaps-20261002/publication/browser/old-go-cpu-hotspot-768.png", "reports/quality/seven-gaps-20261002/publication/browser/old-go-file-io-1024.png", "reports/quality/seven-gaps-20261002/publication/browser/old-go-file-io-1440.png", "reports/quality/seven-gaps-20261002/publication/browser/old-go-file-io-375.png", "reports/quality/seven-gaps-20261002/publication/browser/old-go-file-io-768.png", "reports/quality/seven-gaps-20261002/publication/browser/old-go-network-latency-1024.png", "reports/quality/seven-gaps-20261002/publication/browser/old-go-network-latency-1440.png", "reports/quality/seven-gaps-20261002/publication/browser/old-go-network-latency-375.png", "reports/quality/seven-gaps-20261002/publication/browser/old-go-network-latency-768.png", "reports/quality/seven-gaps-20261002/publication/browser/result.json", "reports/quality/seven-gaps-20261002/publication/ci-artifacts/hotspot-controls-06226c703a14dba5999bcc3115633a8be95b2c25-1/go-io-window/report.json", "reports/quality/seven-gaps-20261002/publication/ci-artifacts/hotspot-controls-06226c703a14dba5999bcc3115633a8be95b2c25-1/hotspot-controls/command-1.log", "reports/quality/seven-gaps-20261002/publication/ci-artifacts/hotspot-controls-06226c703a14dba5999bcc3115633a8be95b2c25-1/hotspot-controls/measurement/go/cleanup-snapshot.json", "reports/quality/seven-gaps-20261002/publication/ci-artifacts/hotspot-controls-06226c703a14dba5999bcc3115633a8be95b2c25-1/hotspot-controls/measurement/go/fault-snapshots.json", "reports/quality/seven-gaps-20261002/publication/ci-artifacts/hotspot-controls-06226c703a14dba5999bcc3115633a8be95b2c25-1/hotspot-controls/measurement/go/recovery-snapshot.json", "reports/quality/seven-gaps-20261002/publication/ci-artifacts/hotspot-controls-06226c703a14dba5999bcc3115633a8be95b2c25-1/hotspot-controls/measurement/go/report.json", "reports/quality/seven-gaps-20261002/publication/ci-artifacts/hotspot-controls-06226c703a14dba5999bcc3115633a8be95b2c25-1/hotspot-controls/measurement/go/target.log", "reports/quality/seven-gaps-20261002/publication/ci-artifacts/hotspot-controls-06226c703a14dba5999bcc3115633a8be95b2c25-1/hotspot-controls/measurement/python/cleanup-snapshot.json", "reports/quality/seven-gaps-20261002/publication/ci-artifacts/hotspot-controls-06226c703a14dba5999bcc3115633a8be95b2c25-1/hotspot-controls/measurement/python/fault-snapshots.json", "reports/quality/seven-gaps-20261002/publication/ci-artifacts/hotspot-controls-06226c703a14dba5999bcc3115633a8be95b2c25-1/hotspot-controls/measurement/python/recovery-snapshot.json", "reports/quality/seven-gaps-20261002/publication/ci-artifacts/hotspot-controls-06226c703a14dba5999bcc3115633a8be95b2c25-1/hotspot-controls/measurement/python/report.json", "reports/quality/seven-gaps-20261002/publication/ci-artifacts/hotspot-controls-06226c703a14dba5999bcc3115633a8be95b2c25-1/hotspot-controls/measurement/python/target.log", "reports/quality/seven-gaps-20261002/publication/ci-artifacts/hotspot-controls-06226c703a14dba5999bcc3115633a8be95b2c25-1/hotspot-controls/measurement/report.json", "reports/quality/seven-gaps-20261002/publication/ci-artifacts/hotspot-controls-06226c703a14dba5999bcc3115633a8be95b2c25-1/hotspot-controls/measurement/source.json", "reports/quality/seven-gaps-20261002/publication/ci-artifacts/hotspot-controls-06226c703a14dba5999bcc3115633a8be95b2c25-1/report.json", "reports/quality/seven-gaps-20261002/publication/ci-artifacts/logs/job-110520741377.log", "reports/quality/seven-gaps-20261002/publication/ci-artifacts/logs/job-110520741390.log", "reports/quality/seven-gaps-20261002/publication/ci-artifacts/logs/job-110520741422.log", "reports/quality/seven-gaps-20261002/publication/ci-artifacts/logs/job-110520741517.log", "reports/quality/seven-gaps-20261002/publication/ci-artifacts/logs/job-110520741545.log", "reports/quality/seven-gaps-20261002/publication/ci-artifacts/logs/job-110520741675.log", "reports/quality/seven-gaps-20261002/publication/ci-artifacts/logs/job-110520741687.log", "reports/quality/seven-gaps-20261002/publication/ci-artifacts/logs/job-110520741699.log", "reports/quality/seven-gaps-20261002/publication/ci-artifacts/logs/job-110520741749.log", "reports/quality/seven-gaps-20261002/publication/ci-artifacts/logs/job-110520741784.log", "reports/quality/seven-gaps-20261002/publication/ci-artifacts/logs/job-110520741794.log", "reports/quality/seven-gaps-20261002/publication/ci-artifacts/logs/job-110520741800.log", "reports/quality/seven-gaps-20261002/publication/ci-artifacts/logs/job-110520741809.log", "reports/quality/seven-gaps-20261002/publication/ci-artifacts/logs/job-110520741949.log", "reports/quality/seven-gaps-20261002/publication/ci-artifacts/native-agent-binary-06226c703a14dba5999bcc3115633a8be95b2c25-1/ctest.xml", "reports/quality/seven-gaps-20261002/publication/ci-artifacts/observation-controls-06226c703a14dba5999bcc3115633a8be95b2c25-1/cpp/report.json", "reports/quality/seven-gaps-20261002/publication/ci-artifacts/observation-controls-06226c703a14dba5999bcc3115633a8be95b2c25-1/java/report.json", "reports/quality/seven-gaps-20261002/publication/ci-artifacts/observation-controls-06226c703a14dba5999bcc3115633a8be95b2c25-1/perf-source-toolchain/report.json", "reports/quality/seven-gaps-20261002/publication/ci-artifacts/observation-controls-06226c703a14dba5999bcc3115633a8be95b2c25-1/perf-source-toolchain/toolchain.stderr.log", "reports/quality/seven-gaps-20261002/publication/ci-artifacts/observation-controls-06226c703a14dba5999bcc3115633a8be95b2c25-1/perf-source-toolchain/toolchain.stdout.json", "reports/quality/seven-gaps-20261002/publication/ci-artifacts/observation-controls-06226c703a14dba5999bcc3115633a8be95b2c25-1/python/report.json", "reports/quality/seven-gaps-20261002/publication/ci-artifacts/official-artifacts-36907241773.json", "reports/quality/seven-gaps-20261002/publication/ci-artifacts/official-git-ci-merge.json", "reports/quality/seven-gaps-20261002/publication/ci-artifacts/official-git-source.json", "reports/quality/seven-gaps-20261002/publication/ci-artifacts/official-jobs-36907241773.json", "reports/quality/seven-gaps-20261002/publication/ci-artifacts/official-run-36907241773.json", "reports/quality/seven-gaps-20261002/publication/ci-artifacts/postgres-concurrency-06226c703a14dba5999bcc3115633a8be95b2c25-1/gate.json", "reports/quality/seven-gaps-20261002/publication/ci-artifacts/postgres-concurrency-06226c703a14dba5999bcc3115633a8be95b2c25-1/go.stderr.log", "reports/quality/seven-gaps-20261002/publication/ci-artifacts/postgres-concurrency-06226c703a14dba5999bcc3115633a8be95b2c25-1/postgres.log", "reports/quality/seven-gaps-20261002/publication/ci-artifacts/postgres-concurrency-06226c703a14dba5999bcc3115633a8be95b2c25-1/python.junit.xml", "reports/quality/seven-gaps-20261002/publication/ci-artifacts/postgres-concurrency-06226c703a14dba5999bcc3115633a8be95b2c25-1/python.log", "reports/quality/seven-gaps-20261002/publication/ci-artifacts/postgres-concurrency-06226c703a14dba5999bcc3115633a8be95b2c25-1/runtime.json", "reports/quality/seven-gaps-20261002/publication/ci-artifacts/python-quality-06226c703a14dba5999bcc3115633a8be95b2c25-1/contracts/command-1.log", "reports/quality/seven-gaps-20261002/publication/ci-artifacts/python-quality-06226c703a14dba5999bcc3115633a8be95b2c25-1/contracts/command-2.log", "reports/quality/seven-gaps-20261002/publication/ci-artifacts/python-quality-06226c703a14dba5999bcc3115633a8be95b2c25-1/contracts/command-3.log", "reports/quality/seven-gaps-20261002/publication/ci-artifacts/python-quality-06226c703a14dba5999bcc3115633a8be95b2c25-1/contracts/command-4.log", "reports/quality/seven-gaps-20261002/publication/ci-artifacts/python-quality-06226c703a14dba5999bcc3115633a8be95b2c25-1/contracts/command-5.log", "reports/quality/seven-gaps-20261002/publication/ci-artifacts/python-quality-06226c703a14dba5999bcc3115633a8be95b2c25-1/contracts/command-6.log", "reports/quality/seven-gaps-20261002/publication/ci-artifacts/python-quality-06226c703a14dba5999bcc3115633a8be95b2c25-1/contracts/command-7.log", "reports/quality/seven-gaps-20261002/publication/ci-artifacts/python-quality-06226c703a14dba5999bcc3115633a8be95b2c25-1/contracts/command-8.log", "reports/quality/seven-gaps-20261002/publication/ci-artifacts/python-quality-06226c703a14dba5999bcc3115633a8be95b2c25-1/contracts/command-9.log", "reports/quality/seven-gaps-20261002/publication/ci-artifacts/python-quality-06226c703a14dba5999bcc3115633a8be95b2c25-1/python-all/command-1.log", "reports/quality/seven-gaps-20261002/publication/ci-artifacts/python-quality-06226c703a14dba5999bcc3115633a8be95b2c25-1/python-all/coverage.json", "reports/quality/seven-gaps-20261002/publication/ci-artifacts/python-quality-06226c703a14dba5999bcc3115633a8be95b2c25-1/python-all/junit.xml", "reports/quality/seven-gaps-20261002/publication/ci-artifacts/python-quality-06226c703a14dba5999bcc3115633a8be95b2c25-1/python-all/tmp/test_actual_source_projection_0/actual.json", "reports/quality/seven-gaps-20261002/publication/ci-artifacts/python-quality-06226c703a14dba5999bcc3115633a8be95b2c25-1/python-all/tmp/test_actual_source_projection_0/campaign.json", "reports/quality/seven-gaps-20261002/publication/ci-artifacts/python-quality-06226c703a14dba5999bcc3115633a8be95b2c25-1/python-all/tmp/test_actual_source_projection_0/link.json", "reports/quality/seven-gaps-20261002/publication/ci-artifacts/python-quality-06226c703a14dba5999bcc3115633a8be95b2c25-1/python-all/tmp/test_actual_source_projection_1/actual.json", "reports/quality/seven-gaps-20261002/publication/ci-artifacts/python-quality-06226c703a14dba5999bcc3115633a8be95b2c25-1/python-all/tmp/test_actual_source_projection_1/campaign.json", "reports/quality/seven-gaps-20261002/publication/ci-artifacts/python-quality-06226c703a14dba5999bcc3115633a8be95b2c25-1/python-all/tmp/test_actual_source_projection_1/link.json", "reports/quality/seven-gaps-20261002/publication/ci-artifacts/python-quality-06226c703a14dba5999bcc3115633a8be95b2c25-1/python-all/tmp/test_actual_source_projection_current/actual.json", "reports/quality/seven-gaps-20261002/publication/ci-artifacts/python-quality-06226c703a14dba5999bcc3115633a8be95b2c25-1/python-all/tmp/test_actual_source_projection_current/campaign.json", "reports/quality/seven-gaps-20261002/publication/ci-artifacts/python-quality-06226c703a14dba5999bcc3115633a8be95b2c25-1/python-all/tmp/test_actual_source_projection_current/link.json", "reports/quality/seven-gaps-20261002/publication/ci-artifacts/python-quality-06226c703a14dba5999bcc3115633a8be95b2c25-1/python-all/tmp/test_after_skips_and_failures_0/after.xml", "reports/quality/seven-gaps-20261002/publication/ci-artifacts/python-quality-06226c703a14dba5999bcc3115633a8be95b2c25-1/python-all/tmp/test_after_skips_and_failures_0/before.xml", "reports/quality/seven-gaps-20261002/publication/ci-artifacts/python-quality-06226c703a14dba5999bcc3115633a8be95b2c25-1/python-all/tmp/test_after_skips_and_failures_1/after.xml", "reports/quality/seven-gaps-20261002/publication/ci-artifacts/python-quality-06226c703a14dba5999bcc3115633a8be95b2c25-1/python-all/tmp/test_after_skips_and_failures_1/before.xml", "reports/quality/seven-gaps-20261002/publication/ci-artifacts/python-quality-06226c703a14dba5999bcc3115633a8be95b2c25-1/python-all/tmp/test_after_skips_and_failures_2/after.xml", "reports/quality/seven-gaps-20261002/publication/ci-artifacts/python-quality-06226c703a14dba5999bcc3115633a8be95b2c25-1/python-all/tmp/test_after_skips_and_failures_2/before.xml", "reports/quality/seven-gaps-20261002/publication/ci-artifacts/python-quality-06226c703a14dba5999bcc3115633a8be95b2c25-1/python-all/tmp/test_after_skips_and_failures_current/after.xml", "reports/quality/seven-gaps-20261002/publication/ci-artifacts/python-quality-06226c703a14dba5999bcc3115633a8be95b2c25-1/python-all/tmp/test_after_skips_and_failures_current/before.xml", "reports/quality/seven-gaps-20261002/publication/ci-artifacts/python-quality-06226c703a14dba5999bcc3115633a8be95b2c25-1/python-all/tmp/test_all_skipped_is_failed_eve0/junit.xml", "reports/quality/seven-gaps-20261002/publication/ci-artifacts/python-quality-06226c703a14dba5999bcc3115633a8be95b2c25-1/python-all/tmp/test_all_skipped_is_failed_evecurrent/junit.xml", "reports/quality/seven-gaps-20261002/publication/ci-artifacts/python-quality-06226c703a14dba5999bcc3115633a8be95b2c25-1/python-all/tmp/test_analyzer_runner_pprof_int0/task-pprof/flamegraph.json", "reports/quality/seven-gaps-20261002/publication/ci-artifacts/python-quality-06226c703a14dba5999bcc3115633a8be95b2c25-1/python-all/tmp/test_analyzer_runner_pprof_int0/task-pprof/top.json", "reports/quality/seven-gaps-20261002/publication/ci-artifacts/python-quality-06226c703a14dba5999bcc3115633a8be95b2c25-1/python-all/tmp/test_analyzer_runner_pprof_intcurrent/task-pprof/flamegraph.json", "reports/quality/seven-gaps-20261002/publication/ci-artifacts/python-quality-06226c703a14dba5999bcc3115633a8be95b2c25-1/python-all/tmp/test_analyzer_runner_pprof_intcurrent/task-pprof/top.json", "reports/quality/seven-gaps-20261002/publication/ci-artifacts/python-quality-06226c703a14dba5999bcc3115633a8be95b2c25-1/python-all/tmp/test_analyzer_runner_speedscop0/pyspy-speedscope.json", "reports/quality/seven-gaps-20261002/publication/ci-artifacts/python-quality-06226c703a14dba5999bcc3115633a8be95b2c25-1/python-all/tmp/test_analyzer_runner_speedscop0/task-pyspy/flamegraph.json", "reports/quality/seven-gaps-20261002/publication/ci-artifacts/python-quality-06226c703a14dba5999bcc3115633a8be95b2c25-1/python-all/tmp/test_analyzer_runner_speedscop0/task-pyspy/top.json", "reports/quality/seven-gaps-20261002/publication/ci-artifacts/python-quality-06226c703a14dba5999bcc3115633a8be95b2c25-1/python-all/tmp/test_analyzer_runner_speedscopcurrent/pyspy-speedscope.json", "reports/quality/seven-gaps-20261002/publication/ci-artifacts/python-quality-06226c703a14dba5999bcc3115633a8be95b2c25-1/python-all/tmp/test_analyzer_runner_speedscopcurrent/task-pyspy/flamegraph.json", "reports/quality/seven-gaps-20261002/publication/ci-artifacts/python-quality-06226c703a14dba5999bcc3115633a8be95b2c25-1/python-all/tmp/test_analyzer_runner_speedscopcurrent/task-pyspy/top.json", "reports/quality/seven-gaps-20261002/publication/ci-artifacts/python-quality-06226c703a14dba5999bcc3115633a8be95b2c25-1/python-all/tmp/test_analyzer_upload_binds_tem0/top.json", "reports/quality/seven-gaps-20261002/publication/ci-artifacts/python-quality-06226c703a14dba5999bcc3115633a8be95b2c25-1/python-all/tmp/test_analyzer_upload_binds_temcurrent/top.json", "reports/quality/seven-gaps-20261002/publication/ci-artifacts/python-quality-06226c703a14dba5999bcc3115633a8be95b2c25-1/python-all/tmp/test_artifact_path_cannot_esca0/report.json", "reports/quality/seven-gaps-20261002/publication/ci-artifacts/python-quality-06226c703a14dba5999bcc3115633a8be95b2c25-1/python-all/tmp/test_artifact_path_cannot_escacurrent/report.json", "reports/quality/seven-gaps-20261002/publication/ci-artifacts/python-quality-06226c703a14dba5999bcc3115633a8be95b2c25-1/python-all/tmp/test_asgi_metrics_publish_boun0/metrics.json", "reports/quality/seven-gaps-20261002/publication/ci-artifacts/python-quality-06226c703a14dba5999bcc3115633a8be95b2c25-1/python-all/tmp/test_asgi_metrics_publish_bouncurrent/metrics.json", "reports/quality/seven-gaps-20261002/publication/ci-artifacts/python-quality-06226c703a14dba5999bcc3115633a8be95b2c25-1/python-all/tmp/test_business_comparison_rejec0/case/after-started.json", "reports/quality/seven-gaps-20261002/publication/ci-artifacts/python-quality-06226c703a14dba5999bcc3115633a8be95b2c25-1/python-all/tmp/test_business_comparison_rejec0/case/after.json", "reports/quality/seven-gaps-20261002/publication/ci-artifacts/python-quality-06226c703a14dba5999bcc3115633a8be95b2c25-1/python-all/tmp/test_business_comparison_rejec0/case/baseline-started.json", "reports/quality/seven-gaps-20261002/publication/ci-artifacts/python-quality-06226c703a14dba5999bcc3115633a8be95b2c25-1/python-all/tmp/test_business_comparison_rejec0/case/baseline.json", "reports/quality/seven-gaps-20261002/publication/ci-artifacts/python-quality-06226c703a14dba5999bcc3115633a8be95b2c25-1/python-all/tmp/test_business_comparison_rejec0/case/before-started.json", "reports/quality/seven-gaps-20261002/publication/ci-artifacts/python-quality-06226c703a14dba5999bcc3115633a8be95b2c25-1/python-all/tmp/test_business_comparison_rejec0/case/before.json", "reports/quality/seven-gaps-20261002/publication/ci-artifacts/python-quality-06226c703a14dba5999bcc3115633a8be95b2c25-1/python-all/tmp/test_business_comparison_rejec0/case/comparison.json", "reports/quality/seven-gaps-20261002/publication/ci-artifacts/python-quality-06226c703a14dba5999bcc3115633a8be95b2c25-1/python-all/tmp/test_business_comparison_rejec0/case/diagnosis-created.json", "reports/quality/seven-gaps-20261002/publication/ci-artifacts/python-quality-06226c703a14dba5999bcc3115633a8be95b2c25-1/python-all/tmp/test_business_comparison_rejec0/case/diagnosis-records.json", "reports/quality/seven-gaps-20261002/publication/ci-artifacts/python-quality-06226c703a14dba5999bcc3115633a8be95b2c25-1/python-all/tmp/test_business_comparison_rejec0/case/downloads.json", "reports/quality/seven-gaps-20261002/publication/ci-artifacts/python-quality-06226c703a14dba5999bcc3115633a8be95b2c25-1/python-all/tmp/test_business_comparison_rejec0/case/fixture-exit.json", "reports/quality/seven-gaps-20261002/publication/ci-artifacts/python-quality-06226c703a14dba5999bcc3115633a8be95b2c25-1/python-all/tmp/test_business_comparison_rejec0/case/human-hypothesis.json", "reports/quality/seven-gaps-20261002/publication/ci-artifacts/python-quality-06226c703a14dba5999bcc3115633a8be95b2c25-1/python-all/tmp/test_business_comparison_rejec0/case/os-probe-requested.json", "reports/quality/seven-gaps-20261002/publication/ci-artifacts/python-quality-06226c703a14dba5999bcc3115633a8be95b2c25-1/python-all/tmp/test_business_comparison_rejec0/case/probe-approved.json", "reports/quality/seven-gaps-20261002/publication/ci-artifacts/python-quality-06226c703a14dba5999bcc3115633a8be95b2c25-1/python-all/tmp/test_business_comparison_rejec0/case/probe-requested.json", "reports/quality/seven-gaps-20261002/publication/ci-artifacts/python-quality-06226c703a14dba5999bcc3115633a8be95b2c25-1/python-all/tmp/test_business_comparison_rejec0/case/ready.json", "reports/quality/seven-gaps-20261002/publication/ci-artifacts/python-quality-06226c703a14dba5999bcc3115633a8be95b2c25-1/python-all/tmp/test_business_comparison_rejec0/case/remote-cleanup.json", "reports/quality/seven-gaps-20261002/publication/ci-artifacts/python-quality-06226c703a14dba5999bcc3115633a8be95b2c25-1/python-all/tmp/test_business_comparison_rejec0/case/source-manifest.json", "reports/quality/seven-gaps-20261002/publication/ci-artifacts/python-quality-06226c703a14dba5999bcc3115633a8be95b2c25-1/python-all/tmp/test_business_comparison_rejec0/case/validated-comparison.json", "reports/quality/seven-gaps-20261002/publication/ci-artifacts/python-quality-06226c703a14dba5999bcc3115633a8be95b2c25-1/python-all/tmp/test_business_comparison_rejec1/case/after-started.json", "reports/quality/seven-gaps-20261002/publication/ci-artifacts/python-quality-06226c703a14dba5999bcc3115633a8be95b2c25-1/python-all/tmp/test_business_comparison_rejec1/case/after.json", "reports/quality/seven-gaps-20261002/publication/ci-artifacts/python-quality-06226c703a14dba5999bcc3115633a8be95b2c25-1/python-all/tmp/test_business_comparison_rejec1/case/baseline-started.json", "reports/quality/seven-gaps-20261002/publication/ci-artifacts/python-quality-06226c703a14dba5999bcc3115633a8be95b2c25-1/python-all/tmp/test_business_comparison_rejec1/case/baseline.json", "reports/quality/seven-gaps-20261002/publication/ci-artifacts/python-quality-06226c703a14dba5999bcc3115633a8be95b2c25-1/python-all/tmp/test_business_comparison_rejec1/case/before-started.json", "reports/quality/seven-gaps-20261002/publication/ci-artifacts/python-quality-06226c703a14dba5999bcc3115633a8be95b2c25-1/python-all/tmp/test_business_comparison_rejec1/case/before.json", "reports/quality/seven-gaps-20261002/publication/ci-artifacts/python-quality-06226c703a14dba5999bcc3115633a8be95b2c25-1/python-all/tmp/test_business_comparison_rejec1/case/comparison.json", "reports/quality/seven-gaps-20261002/publication/ci-artifacts/python-quality-06226c703a14dba5999bcc3115633a8be95b2c25-1/python-all/tmp/test_business_comparison_rejec1/case/diagnosis-created.json", "reports/quality/seven-gaps-20261002/publication/ci-artifacts/python-quality-06226c703a14dba5999bcc3115633a8be95b2c25-1/python-all/tmp/test_business_comparison_rejec1/case/diagnosis-records.json", "reports/quality/seven-gaps-20261002/publication/ci-artifacts/python-quality-06226c703a14dba5999bcc3115633a8be95b2c25-1/python-all/tmp/test_business_comparison_rejec1/case/downloads.json", "reports/quality/seven-gaps-20261002/publication/ci-artifacts/python-quality-06226c703a14dba5999bcc3115633a8be95b2c25-1/python-all/tmp/test_business_comparison_rejec1/case/fixture-exit.json", "reports/quality/seven-gaps-20261002/publication/ci-artifacts/python-quality-06226c703a14dba5999bcc3115633a8be95b2c25-1/python-all/tmp/test_business_comparison_rejec1/case/human-hypothesis.json", "reports/quality/seven-gaps-20261002/publication/ci-artifacts/python-quality-06226c703a14dba5999bcc3115633a8be95b2c25-1/python-all/tmp/test_business_comparison_rejec1/case/os-probe-requested.json", "reports/quality/seven-gaps-20261002/publication/ci-artifacts/python-quality-06226c703a14dba5999bcc3115633a8be95b2c25-1/python-all/tmp/test_business_comparison_rejec1/case/probe-approved.json", "reports/quality/seven-gaps-20261002/publication/ci-artifacts/python-quality-06226c703a14dba5999bcc3115633a8be95b2c25-1/python-all/tmp/test_business_comparison_rejec1/case/probe-requested.json", "reports/quality/seven-gaps-20261002/publication/ci-artifacts/python-quality-06226c703a14dba5999bcc3115633a8be95b2c25-1/python-all/tmp/test_business_comparison_rejec1/case/ready.json", "reports/quality/seven-gaps-20261002/publication/ci-artifacts/python-quality-06226c703a14dba5999bcc3115633a8be95b2c25-1/python-all/tmp/test_business_comparison_rejec1/case/remote-cleanup.json", "reports/quality/seven-gaps-20261002/publication/ci-artifacts/python-quality-06226c703a14dba5999bcc3115633a8be95b2c25-1/python-all/tmp/test_business_comparison_rejec1/case/source-manifest.json", "reports/quality/seven-gaps-20261002/publication/ci-artifacts/python-quality-06226c703a14dba5999bcc3115633a8be95b2c25-1/python-all/tmp/test_business_comparison_rejec1/case/validated-comparison.json", "reports/quality/seven-gaps-20261002/publication/ci-artifacts/python-quality-06226c703a14dba5999bcc3115633a8be95b2c25-1/python-all/tmp/test_business_comparison_rejec2/case/after-started.json", "reports/quality/seven-gaps-20261002/publication/ci-artifacts/python-quality-06226c703a14dba5999bcc3115633a8be95b2c25-1/python-all/tmp/test_business_comparison_rejec2/case/after.json", "reports/quality/seven-gaps-20261002/publication/ci-artifacts/python-quality-06226c703a14dba5999bcc3115633a8be95b2c25-1/python-all/tmp/test_business_comparison_rejec2/case/baseline-started.json", "reports/quality/seven-gaps-20261002/publication/ci-artifacts/python-quality-06226c703a14dba5999bcc3115633a8be95b2c25-1/python-all/tmp/test_business_comparison_rejec2/case/baseline.json", "reports/quality/seven-gaps-20261002/publication/ci-artifacts/python-quality-06226c703a14dba5999bcc3115633a8be95b2c25-1/python-all/tmp/test_business_comparison_rejec2/case/before-started.json", "reports/quality/seven-gaps-20261002/publication/ci-artifacts/python-quality-06226c703a14dba5999bcc3115633a8be95b2c25-1/python-all/tmp/test_business_comparison_rejec2/case/before.json", "reports/quality/seven-gaps-20261002/publication/ci-artifacts/python-quality-06226c703a14dba5999bcc3115633a8be95b2c25-1/python-all/tmp/test_business_comparison_rejec2/case/comparison.json", "reports/quality/seven-gaps-20261002/publication/ci-artifacts/python-quality-06226c703a14dba5999bcc3115633a8be95b2c25-1/python-all/tmp/test_business_comparison_rejec2/case/diagnosis-created.json", "reports/quality/seven-gaps-20261002/publication/ci-artifacts/python-quality-06226c703a14dba5999bcc3115633a8be95b2c25-1/python-all/tmp/test_business_comparison_rejec2/case/diagnosis-records.json", "reports/quality/seven-gaps-20261002/publication/ci-artifacts/python-quality-06226c703a14dba5999bcc3115633a8be95b2c25-1/python-all/tmp/test_business_comparison_rejec2/case/downloads.json", "reports/quality/seven-gaps-20261002/publication/ci-artifacts/python-quality-06226c703a14dba5999bcc3115633a8be95b2c25-1/python-all/tmp/test_business_comparison_rejec2/case/fixture-exit.json", "reports/quality/seven-gaps-20261002/publication/ci-artifacts/python-quality-06226c703a14dba5999bcc3115633a8be95b2c25-1/python-all/tmp/test_business_comparison_rejec2/case/human-hypothesis.json", "reports/quality/seven-gaps-20261002/publication/ci-artifacts/python-quality-06226c703a14dba5999bcc3115633a8be95b2c25-1/python-all/tmp/test_business_comparison_rejec2/case/os-probe-requested.json", "reports/quality/seven-gaps-20261002/publication/ci-artifacts/python-quality-06226c703a14dba5999bcc3115633a8be95b2c25-1/python-all/tmp/test_business_comparison_rejec2/case/probe-approved.json", "reports/quality/seven-gaps-20261002/publication/ci-artifacts/python-quality-06226c703a14dba5999bcc3115633a8be95b2c25-1/python-all/tmp/test_business_comparison_rejec2/case/probe-requested.json", "reports/quality/seven-gaps-20261002/publication/ci-artifacts/python-quality-06226c703a14dba5999bcc3115633a8be95b2c25-1/python-all/tmp/test_business_comparison_rejec2/case/ready.json", "reports/quality/seven-gaps-20261002/publication/ci-artifacts/python-quality-06226c703a14dba5999bcc3115633a8be95b2c25-1/python-all/tmp/test_business_comparison_rejec2/case/remote-cleanup.json", "reports/quality/seven-gaps-20261002/publication/ci-artifacts/python-quality-06226c703a14dba5999bcc3115633a8be95b2c25-1/python-all/tmp/test_business_comparison_rejec2/case/source-manifest.json", "reports/quality/seven-gaps-20261002/publication/ci-artifacts/python-quality-06226c703a14dba5999bcc3115633a8be95b2c25-1/python-all/tmp/test_business_comparison_rejec2/case/validated-comparison.json", "reports/quality/seven-gaps-20261002/publication/ci-artifacts/python-quality-06226c703a14dba5999bcc3115633a8be95b2c25-1/python-all/tmp/test_business_comparison_rejec3/case/after-started.json", "reports/quality/seven-gaps-20261002/publication/ci-artifacts/python-quality-06226c703a14dba5999bcc3115633a8be95b2c25-1/python-all/tmp/test_business_comparison_rejec3/case/after.json", "reports/quality/seven-gaps-20261002/publication/ci-artifacts/python-quality-06226c703a14dba5999bcc3115633a8be95b2c25-1/python-all/tmp/test_business_comparison_rejec3/case/baseline-started.json", "reports/quality/seven-gaps-20261002/publication/ci-artifacts/python-quality-06226c703a14dba5999bcc3115633a8be95b2c25-1/python-all/tmp/test_business_comparison_rejec3/case/baseline.json", "reports/quality/seven-gaps-20261002/publication/ci-artifacts/python-quality-06226c703a14dba5999bcc3115633a8be95b2c25-1/python-all/tmp/test_business_comparison_rejec3/case/before-started.json", "reports/quality/seven-gaps-20261002/publication/ci-artifacts/python-quality-06226c703a14dba5999bcc3115633a8be95b2c25-1/python-all/tmp/test_business_comparison_rejec3/case/before.json", "reports/quality/seven-gaps-20261002/publication/ci-artifacts/python-quality-06226c703a14dba5999bcc3115633a8be95b2c25-1/python-all/tmp/test_business_comparison_rejec3/case/comparison.json", "reports/quality/seven-gaps-20261002/publication/ci-artifacts/python-quality-06226c703a14dba5999bcc3115633a8be95b2c25-1/python-all/tmp/test_business_comparison_rejec3/case/diagnosis-created.json", "reports/quality/seven-gaps-20261002/publication/ci-artifacts/python-quality-06226c703a14dba5999bcc3115633a8be95b2c25-1/python-all/tmp/test_business_comparison_rejec3/case/diagnosis-records.json", "reports/quality/seven-gaps-20261002/publication/ci-artifacts/python-quality-06226c703a14dba5999bcc3115633a8be95b2c25-1/python-all/tmp/test_business_comparison_rejec3/case/downloads.json", "reports/quality/seven-gaps-20261002/publication/ci-artifacts/python-quality-06226c703a14dba5999bcc3115633a8be95b2c25-1/python-all/tmp/test_business_comparison_rejec3/case/fixture-exit.json", "reports/quality/seven-gaps-20261002/publication/ci-artifacts/python-quality-06226c703a14dba5999bcc3115633a8be95b2c25-1/python-all/tmp/test_business_comparison_rejec3/case/human-hypothesis.json", "reports/quality/seven-gaps-20261002/publication/ci-artifacts/python-quality-06226c703a14dba5999bcc3115633a8be95b2c25-1/python-all/tmp/test_business_comparison_rejec3/case/os-probe-requested.json", "reports/quality/seven-gaps-20261002/publication/ci-artifacts/python-quality-06226c703a14dba5999bcc3115633a8be95b2c25-1/python-all/tmp/test_business_comparison_rejec3/case/probe-approved.json", "reports/quality/seven-gaps-20261002/publication/ci-artifacts/python-quality-06226c703a14dba5999bcc3115633a8be95b2c25-1/python-all/tmp/test_business_comparison_rejec3/case/probe-requested.json", "reports/quality/seven-gaps-20261002/publication/ci-artifacts/python-quality-06226c703a14dba5999bcc3115633a8be95b2c25-1/python-all/tmp/test_business_comparison_rejec3/case/ready.json", "reports/quality/seven-gaps-20261002/publication/ci-artifacts/python-quality-06226c703a14dba5999bcc3115633a8be95b2c25-1/python-all/tmp/test_business_comparison_rejec3/case/remote-cleanup.json", "reports/quality/seven-gaps-20261002/publication/ci-artifacts/python-quality-06226c703a14dba5999bcc3115633a8be95b2c25-1/python-all/tmp/test_business_comparison_rejec3/case/source-manifest.json", "reports/quality/seven-gaps-20261002/publication/ci-artifacts/python-quality-06226c703a14dba5999bcc3115633a8be95b2c25-1/python-all/tmp/test_business_comparison_rejec3/case/validated-comparison.json", "reports/quality/seven-gaps-20261002/publication/ci-artifacts/python-quality-06226c703a14dba5999bcc3115633a8be95b2c25-1/python-all/tmp/test_business_comparison_rejec4/case/after-started.json", "reports/quality/seven-gaps-20261002/publication/ci-artifacts/python-quality-06226c703a14dba5999bcc3115633a8be95b2c25-1/python-all/tmp/test_business_comparison_rejec4/case/after.json", "reports/quality/seven-gaps-20261002/publication/ci-artifacts/python-quality-06226c703a14dba5999bcc3115633a8be95b2c25-1/python-all/tmp/test_business_comparison_rejec4/case/baseline-started.json", "reports/quality/seven-gaps-20261002/publication/ci-artifacts/python-quality-06226c703a14dba5999bcc3115633a8be95b2c25-1/python-all/tmp/test_business_comparison_rejec4/case/baseline.json", "reports/quality/seven-gaps-20261002/publication/ci-artifacts/python-quality-06226c703a14dba5999bcc3115633a8be95b2c25-1/python-all/tmp/test_business_comparison_rejec4/case/before-started.json", "reports/quality/seven-gaps-20261002/publication/ci-artifacts/python-quality-06226c703a14dba5999bcc3115633a8be95b2c25-1/python-all/tmp/test_business_comparison_rejec4/case/before.json", "reports/quality/seven-gaps-20261002/publication/ci-artifacts/python-quality-06226c703a14dba5999bcc3115633a8be95b2c25-1/python-all/tmp/test_business_comparison_rejec4/case/comparison.json", "reports/quality/seven-gaps-20261002/publication/ci-artifacts/python-quality-06226c703a14dba5999bcc3115633a8be95b2c25-1/python-all/tmp/test_business_comparison_rejec4/case/diagnosis-created.json", "reports/quality/seven-gaps-20261002/publication/ci-artifacts/python-quality-06226c703a14dba5999bcc3115633a8be95b2c25-1/python-all/tmp/test_business_comparison_rejec4/case/diagnosis-records.json", "reports/quality/seven-gaps-20261002/publication/ci-artifacts/python-quality-06226c703a14dba5999bcc3115633a8be95b2c25-1/python-all/tmp/test_business_comparison_rejec4/case/downloads.json", "reports/quality/seven-gaps-20261002/publication/ci-artifacts/python-quality-06226c703a14dba5999bcc3115633a8be95b2c25-1/python-all/tmp/test_business_comparison_rejec4/case/fixture-exit.json", "reports/quality/seven-gaps-20261002/publication/ci-artifacts/python-quality-06226c703a14dba5999bcc3115633a8be95b2c25-1/python-all/tmp/test_business_comparison_rejec4/case/human-hypothesis.json", "reports/quality/seven-gaps-20261002/publication/ci-artifacts/python-quality-06226c703a14dba5999bcc3115633a8be95b2c25-1/python-all/tmp/test_business_comparison_rejec4/case/os-probe-requested.json", "reports/quality/seven-gaps-20261002/publication/ci-artifacts/python-quality-06226c703a14dba5999bcc3115633a8be95b2c25-1/python-all/tmp/test_business_comparison_rejec4/case/probe-approved.json", "reports/quality/seven-gaps-20261002/publication/ci-artifacts/python-quality-06226c703a14dba5999bcc3115633a8be95b2c25-1/python-all/tmp/test_business_comparison_rejec4/case/probe-requested.json", "reports/quality/seven-gaps-20261002/publication/ci-artifacts/python-quality-06226c703a14dba5999bcc3115633a8be95b2c25-1/python-all/tmp/test_business_comparison_rejec4/case/ready.json", "reports/quality/seven-gaps-20261002/publication/ci-artifacts/python-quality-06226c703a14dba5999bcc3115633a8be95b2c25-1/python-all/tmp/test_business_comparison_rejec4/case/remote-cleanup.json", "reports/quality/seven-gaps-20261002/publication/ci-artifacts/python-quality-06226c703a14dba5999bcc3115633a8be95b2c25-1/python-all/tmp/test_business_comparison_rejec4/case/source-manifest.json", "reports/quality/seven-gaps-20261002/publication/ci-artifacts/python-quality-06226c703a14dba5999bcc3115633a8be95b2c25-1/python-all/tmp/test_business_comparison_rejec4/case/validated-comparison.json", "reports/quality/seven-gaps-20261002/publication/ci-artifacts/python-quality-06226c703a14dba5999bcc3115633a8be95b2c25-1/python-all/tmp/test_business_comparison_rejec5/case/after-started.json", "reports/quality/seven-gaps-20261002/publication/ci-artifacts/python-quality-06226c703a14dba5999bcc3115633a8be95b2c25-1/python-all/tmp/test_business_comparison_rejec5/case/after.json", "reports/quality/seven-gaps-20261002/publication/ci-artifacts/python-quality-06226c703a14dba5999bcc3115633a8be95b2c25-1/python-all/tmp/test_business_comparison_rejec5/case/baseline-started.json", "reports/quality/seven-gaps-20261002/publication/ci-artifacts/python-quality-06226c703a14dba5999bcc3115633a8be95b2c25-1/python-all/tmp/test_business_comparison_rejec5/case/baseline.json", "reports/quality/seven-gaps-20261002/publication/ci-artifacts/python-quality-06226c703a14dba5999bcc3115633a8be95b2c25-1/python-all/tmp/test_business_comparison_rejec5/case/before-started.json", "reports/quality/seven-gaps-20261002/publication/ci-artifacts/python-quality-06226c703a14dba5999bcc3115633a8be95b2c25-1/python-all/tmp/test_business_comparison_rejec5/case/before.json", "reports/quality/seven-gaps-20261002/publication/ci-artifacts/python-quality-06226c703a14dba5999bcc3115633a8be95b2c25-1/python-all/tmp/test_business_comparison_rejec5/case/comparison.json", "reports/quality/seven-gaps-20261002/publication/ci-artifacts/python-quality-06226c703a14dba5999bcc3115633a8be95b2c25-1/python-all/tmp/test_business_comparison_rejec5/case/diagnosis-created.json", "reports/quality/seven-gaps-20261002/publication/ci-artifacts/python-quality-06226c703a14dba5999bcc3115633a8be95b2c25-1/python-all/tmp/test_business_comparison_rejec5/case/diagnosis-records.json", "reports/quality/seven-gaps-20261002/publication/ci-artifacts/python-quality-06226c703a14dba5999bcc3115633a8be95b2c25-1/python-all/tmp/test_business_comparison_rejec5/case/downloads.json", "reports/quality/seven-gaps-20261002/publication/ci-artifacts/python-quality-06226c703a14dba5999bcc3115633a8be95b2c25-1/python-all/tmp/test_business_comparison_rejec5/case/fixture-exit.json", "reports/quality/seven-gaps-20261002/publication/ci-artifacts/python-quality-06226c703a14dba5999bcc3115633a8be95b2c25-1/python-all/tmp/test_business_comparison_rejec5/case/human-hypothesis.json", "reports/quality/seven-gaps-20261002/publication/ci-artifacts/python-quality-06226c703a14dba5999bcc3115633a8be95b2c25-1/python-all/tmp/test_business_comparison_rejec5/case/os-probe-requested.json", "reports/quality/seven-gaps-20261002/publication/ci-artifacts/python-quality-06226c703a14dba5999bcc3115633a8be95b2c25-1/python-all/tmp/test_business_comparison_rejec5/case/probe-approved.json", "reports/quality/seven-gaps-20261002/publication/ci-artifacts/python-quality-06226c703a14dba5999bcc3115633a8be95b2c25-1/python-all/tmp/test_business_comparison_rejec5/case/probe-requested.json", "reports/quality/seven-gaps-20261002/publication/ci-artifacts/python-quality-06226c703a14dba5999bcc3115633a8be95b2c25-1/python-all/tmp/test_business_comparison_rejec5/case/ready.json", "reports/quality/seven-gaps-20261002/publication/ci-artifacts/python-quality-06226c703a14dba5999bcc3115633a8be95b2c25-1/python-all/tmp/test_business_comparison_rejec5/case/remote-cleanup.json", "reports/quality/seven-gaps-20261002/publication/ci-artifacts/python-quality-06226c703a14dba5999bcc3115633a8be95b2c25-1/python-all/tmp/test_business_comparison_rejec5/case/source-manifest.json", "reports/quality/seven-gaps-20261002/publication/ci-artifacts/python-quality-06226c703a14dba5999bcc3115633a8be95b2c25-1/python-all/tmp/test_business_comparison_rejec5/case/validated-comparison.json", "reports/quality/seven-gaps-20261002/publication/ci-artifacts/python-quality-06226c703a14dba5999bcc3115633a8be95b2c25-1/python-all/tmp/test_business_comparison_rejeccurrent/case/after-started.json", "reports/quality/seven-gaps-20261002/publication/ci-artifacts/python-quality-06226c703a14dba5999bcc3115633a8be95b2c25-1/python-all/tmp/test_business_comparison_rejeccurrent/case/after.json", "reports/quality/seven-gaps-20261002/publication/ci-artifacts/python-quality-06226c703a14dba5999bcc3115633a8be95b2c25-1/python-all/tmp/test_business_comparison_rejeccurrent/case/baseline-started.json", "reports/quality/seven-gaps-20261002/publication/ci-artifacts/python-quality-06226c703a14dba5999bcc3115633a8be95b2c25-1/python-all/tmp/test_business_comparison_rejeccurrent/case/baseline.json", "reports/quality/seven-gaps-20261002/publication/ci-artifacts/python-quality-06226c703a14dba5999bcc3115633a8be95b2c25-1/python-all/tmp/test_business_comparison_rejeccurrent/case/before-started.json", "reports/quality/seven-gaps-20261002/publication/ci-artifacts/python-quality-06226c703a14dba5999bcc3115633a8be95b2c25-1/python-all/tmp/test_business_comparison_rejeccurrent/case/before.json", "reports/quality/seven-gaps-20261002/publication/ci-artifacts/python-quality-06226c703a14dba5999bcc3115633a8be95b2c25-1/python-all/tmp/test_business_comparison_rejeccurrent/case/comparison.json", "reports/quality/seven-gaps-20261002/publication/ci-artifacts/python-quality-06226c703a14dba5999bcc3115633a8be95b2c25-1/python-all/tmp/test_business_comparison_rejeccurrent/case/diagnosis-created.json", "reports/quality/seven-gaps-20261002/publication/ci-artifacts/python-quality-06226c703a14dba5999bcc3115633a8be95b2c25-1/python-all/tmp/test_business_comparison_rejeccurrent/case/diagnosis-records.json", "reports/quality/seven-gaps-20261002/publication/ci-artifacts/python-quality-06226c703a14dba5999bcc3115633a8be95b2c25-1/python-all/tmp/test_business_comparison_rejeccurrent/case/downloads.json", "reports/quality/seven-gaps-20261002/publication/ci-artifacts/python-quality-06226c703a14dba5999bcc3115633a8be95b2c25-1/python-all/tmp/test_business_comparison_rejeccurrent/case/fixture-exit.json", "reports/quality/seven-gaps-20261002/publication/ci-artifacts/python-quality-06226c703a14dba5999bcc3115633a8be95b2c25-1/python-all/tmp/test_business_comparison_rejeccurrent/case/human-hypothesis.json", "reports/quality/seven-gaps-20261002/publication/ci-artifacts/python-quality-06226c703a14dba5999bcc3115633a8be95b2c25-1/python-all/tmp/test_business_comparison_rejeccurrent/case/os-probe-requested.json", "reports/quality/seven-gaps-20261002/publication/ci-artifacts/python-quality-06226c703a14dba5999bcc3115633a8be95b2c25-1/python-all/tmp/test_business_comparison_rejeccurrent/case/probe-approved.json", "reports/quality/seven-gaps-20261002/publication/ci-artifacts/python-quality-06226c703a14dba5999bcc3115633a8be95b2c25-1/python-all/tmp/test_business_comparison_rejeccurrent/case/probe-requested.json", "reports/quality/seven-gaps-20261002/publication/ci-artifacts/python-quality-06226c703a14dba5999bcc3115633a8be95b2c25-1/python-all/tmp/test_business_comparison_rejeccurrent/case/ready.json", "reports/quality/seven-gaps-20261002/publication/ci-artifacts/python-quality-06226c703a14dba5999bcc3115633a8be95b2c25-1/python-all/tmp/test_business_comparison_rejeccurrent/case/remote-cleanup.json", "reports/quality/seven-gaps-20261002/publication/ci-artifacts/python-quality-06226c703a14dba5999bcc3115633a8be95b2c25-1/python-all/tmp/test_business_comparison_rejeccurrent/case/source-manifest.json", "reports/quality/seven-gaps-20261002/publication/ci-artifacts/python-quality-06226c703a14dba5999bcc3115633a8be95b2c25-1/python-all/tmp/test_business_comparison_rejeccurrent/case/validated-comparison.json", "reports/quality/seven-gaps-20261002/publication/ci-artifacts/python-quality-06226c703a14dba5999bcc3115633a8be95b2c25-1/python-all/tmp/test_campaign_error_preserves_0/failed/report.json", "reports/quality/seven-gaps-20261002/publication/ci-artifacts/python-quality-06226c703a14dba5999bcc3115633a8be95b2c25-1/python-all/tmp/test_campaign_error_preserves_current/failed/report.json", "reports/quality/seven-gaps-20261002/publication/ci-artifacts/python-quality-06226c703a14dba5999bcc3115633a8be95b2c25-1/python-all/tmp/test_campaign_never_overwrites0/campaign.json", "reports/quality/seven-gaps-20261002/publication/ci-artifacts/python-quality-06226c703a14dba5999bcc3115633a8be95b2c25-1/python-all/tmp/test_campaign_never_overwritescurrent/campaign.json", "reports/quality/seven-gaps-20261002/publication/ci-artifacts/python-quality-06226c703a14dba5999bcc3115633a8be95b2c25-1/python-all/tmp/test_campaign_persists_an_atom0/campaign.json", "reports/quality/seven-gaps-20261002/publication/ci-artifacts/python-quality-06226c703a14dba5999bcc3115633a8be95b2c25-1/python-all/tmp/test_campaign_persists_an_atomcurrent/campaign.json", "reports/quality/seven-gaps-20261002/publication/ci-artifacts/python-quality-06226c703a14dba5999bcc3115633a8be95b2c25-1/python-all/tmp/test_campaign_preserves_existi0/campaign.json", "reports/quality/seven-gaps-20261002/publication/ci-artifacts/python-quality-06226c703a14dba5999bcc3115633a8be95b2c25-1/python-all/tmp/test_campaign_records_version_0/campaign.json", "reports/quality/seven-gaps-20261002/publication/ci-artifacts/python-quality-06226c703a14dba5999bcc3115633a8be95b2c25-1/python-all/tmp/test_campaign_records_version_current/campaign.json", "reports/quality/seven-gaps-20261002/publication/ci-artifacts/python-quality-06226c703a14dba5999bcc3115633a8be95b2c25-1/python-all/tmp/test_changed_archived_evidence0/contracts/performance_audit.json", "reports/quality/seven-gaps-20261002/publication/ci-artifacts/python-quality-06226c703a14dba5999bcc3115633a8be95b2c25-1/python-all/tmp/test_changed_archived_evidencecurrent/contracts/performance_audit.json", "reports/quality/seven-gaps-20261002/publication/ci-artifacts/python-quality-06226c703a14dba5999bcc3115633a8be95b2c25-1/python-all/tmp/test_changed_entity_contract_r0/catalog.json", "reports/quality/seven-gaps-20261002/publication/ci-artifacts/python-quality-06226c703a14dba5999bcc3115633a8be95b2c25-1/python-all/tmp/test_changed_entity_contract_rcurrent/catalog.json", "reports/quality/seven-gaps-20261002/publication/ci-artifacts/python-quality-06226c703a14dba5999bcc3115633a8be95b2c25-1/python-all/tmp/test_changed_raw_bytes_fail_ev0/contracts/engineering_diagnosis.json", "reports/quality/seven-gaps-20261002/publication/ci-artifacts/python-quality-06226c703a14dba5999bcc3115633a8be95b2c25-1/python-all/tmp/test_changed_raw_bytes_fail_ev0/reports/quality/campaign-fixture/cases/fixture-0.json", "reports/quality/seven-gaps-20261002/publication/ci-artifacts/python-quality-06226c703a14dba5999bcc3115633a8be95b2c25-1/python-all/tmp/test_changed_raw_bytes_fail_ev0/reports/quality/campaign-fixture/manifest.json", "reports/quality/seven-gaps-20261002/publication/ci-artifacts/python-quality-06226c703a14dba5999bcc3115633a8be95b2c25-1/python-all/tmp/test_changed_raw_bytes_fail_evcurrent/contracts/engineering_diagnosis.json", "reports/quality/seven-gaps-20261002/publication/ci-artifacts/python-quality-06226c703a14dba5999bcc3115633a8be95b2c25-1/python-all/tmp/test_changed_raw_bytes_fail_evcurrent/reports/quality/campaign-fixture/cases/fixture-0.json", "reports/quality/seven-gaps-20261002/publication/ci-artifacts/python-quality-06226c703a14dba5999bcc3115633a8be95b2c25-1/python-all/tmp/test_changed_raw_bytes_fail_evcurrent/reports/quality/campaign-fixture/manifest.json", "reports/quality/seven-gaps-20261002/publication/ci-artifacts/python-quality-06226c703a14dba5999bcc3115633a8be95b2c25-1/python-all/tmp/test_changed_raw_evidence_is_r0/case.json", "reports/quality/seven-gaps-20261002/publication/ci-artifacts/python-quality-06226c703a14dba5999bcc3115633a8be95b2c25-1/python-all/tmp/test_changed_raw_evidence_is_rcurrent/case.json", "reports/quality/seven-gaps-20261002/publication/ci-artifacts/python-quality-06226c703a14dba5999bcc3115633a8be95b2c25-1/python-all/tmp/test_complete_raw_evidence_is_0/report.json", "reports/quality/seven-gaps-20261002/publication/ci-artifacts/python-quality-06226c703a14dba5999bcc3115633a8be95b2c25-1/python-all/tmp/test_complete_raw_evidence_is_current/report.json", "reports/quality/seven-gaps-20261002/publication/ci-artifacts/python-quality-06226c703a14dba5999bcc3115633a8be95b2c25-1/python-all/tmp/test_continuous_bundle_maps_ea0/task-1-window-0/callgraph.json", "reports/quality/seven-gaps-20261002/publication/ci-artifacts/python-quality-06226c703a14dba5999bcc3115633a8be95b2c25-1/python-all/tmp/test_continuous_bundle_maps_eacurrent/task-1-window-0/callgraph.json", "reports/quality/seven-gaps-20261002/publication/ci-artifacts/python-quality-06226c703a14dba5999bcc3115633a8be95b2c25-1/python-all/tmp/test_critical_coverage_at_or_a0/critical/command-1.log", "reports/quality/seven-gaps-20261002/publication/ci-artifacts/python-quality-06226c703a14dba5999bcc3115633a8be95b2c25-1/python-all/tmp/test_critical_coverage_at_or_a0/critical/coverage.json", "reports/quality/seven-gaps-20261002/publication/ci-artifacts/python-quality-06226c703a14dba5999bcc3115633a8be95b2c25-1/python-all/tmp/test_critical_coverage_at_or_acurrent/critical/command-1.log", "reports/quality/seven-gaps-20261002/publication/ci-artifacts/python-quality-06226c703a14dba5999bcc3115633a8be95b2c25-1/python-all/tmp/test_critical_coverage_at_or_acurrent/critical/coverage.json", "reports/quality/seven-gaps-20261002/publication/ci-artifacts/python-quality-06226c703a14dba5999bcc3115633a8be95b2c25-1/python-all/tmp/test_critical_coverage_below_f0/critical/command-1.log", "reports/quality/seven-gaps-20261002/publication/ci-artifacts/python-quality-06226c703a14dba5999bcc3115633a8be95b2c25-1/python-all/tmp/test_critical_coverage_below_f0/critical/coverage.json", "reports/quality/seven-gaps-20261002/publication/ci-artifacts/python-quality-06226c703a14dba5999bcc3115633a8be95b2c25-1/python-all/tmp/test_critical_coverage_below_fcurrent/critical/command-1.log", "reports/quality/seven-gaps-20261002/publication/ci-artifacts/python-quality-06226c703a14dba5999bcc3115633a8be95b2c25-1/python-all/tmp/test_critical_coverage_below_fcurrent/critical/coverage.json", "reports/quality/seven-gaps-20261002/publication/ci-artifacts/python-quality-06226c703a14dba5999bcc3115633a8be95b2c25-1/python-all/tmp/test_critical_coverage_names_o0/critical/command-1.log", "reports/quality/seven-gaps-20261002/publication/ci-artifacts/python-quality-06226c703a14dba5999bcc3115633a8be95b2c25-1/python-all/tmp/test_critical_coverage_names_o0/critical/coverage.json", "reports/quality/seven-gaps-20261002/publication/ci-artifacts/python-quality-06226c703a14dba5999bcc3115633a8be95b2c25-1/python-all/tmp/test_critical_coverage_names_ocurrent/critical/command-1.log", "reports/quality/seven-gaps-20261002/publication/ci-artifacts/python-quality-06226c703a14dba5999bcc3115633a8be95b2c25-1/python-all/tmp/test_critical_coverage_names_ocurrent/critical/coverage.json", "reports/quality/seven-gaps-20261002/publication/ci-artifacts/python-quality-06226c703a14dba5999bcc3115633a8be95b2c25-1/python-all/tmp/test_critical_module_missing_f0/critical/command-1.log", "reports/quality/seven-gaps-20261002/publication/ci-artifacts/python-quality-06226c703a14dba5999bcc3115633a8be95b2c25-1/python-all/tmp/test_critical_module_missing_f0/critical/coverage.json", "reports/quality/seven-gaps-20261002/publication/ci-artifacts/python-quality-06226c703a14dba5999bcc3115633a8be95b2c25-1/python-all/tmp/test_critical_module_missing_fcurrent/critical/command-1.log", "reports/quality/seven-gaps-20261002/publication/ci-artifacts/python-quality-06226c703a14dba5999bcc3115633a8be95b2c25-1/python-all/tmp/test_critical_module_missing_fcurrent/critical/coverage.json", "reports/quality/seven-gaps-20261002/publication/ci-artifacts/python-quality-06226c703a14dba5999bcc3115633a8be95b2c25-1/python-all/tmp/test_current_campaign_requires0/contracts/engineering_diagnosis.json", "reports/quality/seven-gaps-20261002/publication/ci-artifacts/python-quality-06226c703a14dba5999bcc3115633a8be95b2c25-1/python-all/tmp/test_current_campaign_requires0/reports/quality/campaign-fixture/cases/fixture-0.json", "reports/quality/seven-gaps-20261002/publication/ci-artifacts/python-quality-06226c703a14dba5999bcc3115633a8be95b2c25-1/python-all/tmp/test_current_campaign_requires0/reports/quality/campaign-fixture/manifest.json", "reports/quality/seven-gaps-20261002/publication/ci-artifacts/python-quality-06226c703a14dba5999bcc3115633a8be95b2c25-1/python-all/tmp/test_current_campaign_requires1/contracts/engineering_diagnosis.json", "reports/quality/seven-gaps-20261002/publication/ci-artifacts/python-quality-06226c703a14dba5999bcc3115633a8be95b2c25-1/python-all/tmp/test_current_campaign_requires1/reports/quality/campaign-fixture/cases/fixture-0.json", "reports/quality/seven-gaps-20261002/publication/ci-artifacts/python-quality-06226c703a14dba5999bcc3115633a8be95b2c25-1/python-all/tmp/test_current_campaign_requires1/reports/quality/campaign-fixture/manifest.json", "reports/quality/seven-gaps-20261002/publication/ci-artifacts/python-quality-06226c703a14dba5999bcc3115633a8be95b2c25-1/python-all/tmp/test_current_campaign_requires2/contracts/engineering_diagnosis.json", "reports/quality/seven-gaps-20261002/publication/ci-artifacts/python-quality-06226c703a14dba5999bcc3115633a8be95b2c25-1/python-all/tmp/test_current_campaign_requires2/reports/quality/campaign-fixture/cases/fixture-0.json", "reports/quality/seven-gaps-20261002/publication/ci-artifacts/python-quality-06226c703a14dba5999bcc3115633a8be95b2c25-1/python-all/tmp/test_current_campaign_requires2/reports/quality/campaign-fixture/manifest.json", "reports/quality/seven-gaps-20261002/publication/ci-artifacts/python-quality-06226c703a14dba5999bcc3115633a8be95b2c25-1/python-all/tmp/test_current_campaign_requirescurrent/contracts/engineering_diagnosis.json", "reports/quality/seven-gaps-20261002/publication/ci-artifacts/python-quality-06226c703a14dba5999bcc3115633a8be95b2c25-1/python-all/tmp/test_current_campaign_requirescurrent/reports/quality/campaign-fixture/cases/fixture-0.json", "reports/quality/seven-gaps-20261002/publication/ci-artifacts/python-quality-06226c703a14dba5999bcc3115633a8be95b2c25-1/python-all/tmp/test_current_campaign_requirescurrent/reports/quality/campaign-fixture/manifest.json", "reports/quality/seven-gaps-20261002/publication/ci-artifacts/python-quality-06226c703a14dba5999bcc3115633a8be95b2c25-1/python-all/tmp/test_current_seven_and_prior_f0/contracts/engineering_diagnosis.json", "reports/quality/seven-gaps-20261002/publication/ci-artifacts/python-quality-06226c703a14dba5999bcc3115633a8be95b2c25-1/python-all/tmp/test_current_seven_and_prior_f0/reports/quality/campaign-fixture/cases/fixture-0.json", "reports/quality/seven-gaps-20261002/publication/ci-artifacts/python-quality-06226c703a14dba5999bcc3115633a8be95b2c25-1/python-all/tmp/test_current_seven_and_prior_f0/reports/quality/campaign-fixture/cases/fixture-1.json", "reports/quality/seven-gaps-20261002/publication/ci-artifacts/python-quality-06226c703a14dba5999bcc3115633a8be95b2c25-1/python-all/tmp/test_current_seven_and_prior_f0/reports/quality/campaign-fixture/cases/fixture-10.json", "reports/quality/seven-gaps-20261002/publication/ci-artifacts/python-quality-06226c703a14dba5999bcc3115633a8be95b2c25-1/python-all/tmp/test_current_seven_and_prior_f0/reports/quality/campaign-fixture/cases/fixture-11.json", "reports/quality/seven-gaps-20261002/publication/ci-artifacts/python-quality-06226c703a14dba5999bcc3115633a8be95b2c25-1/python-all/tmp/test_current_seven_and_prior_f0/reports/quality/campaign-fixture/cases/fixture-12.json", "reports/quality/seven-gaps-20261002/publication/ci-artifacts/python-quality-06226c703a14dba5999bcc3115633a8be95b2c25-1/python-all/tmp/test_current_seven_and_prior_f0/reports/quality/campaign-fixture/cases/fixture-13.json", "reports/quality/seven-gaps-20261002/publication/ci-artifacts/python-quality-06226c703a14dba5999bcc3115633a8be95b2c25-1/python-all/tmp/test_current_seven_and_prior_f0/reports/quality/campaign-fixture/cases/fixture-14.json", "reports/quality/seven-gaps-20261002/publication/ci-artifacts/python-quality-06226c703a14dba5999bcc3115633a8be95b2c25-1/python-all/tmp/test_current_seven_and_prior_f0/reports/quality/campaign-fixture/cases/fixture-15.json", "reports/quality/seven-gaps-20261002/publication/ci-artifacts/python-quality-06226c703a14dba5999bcc3115633a8be95b2c25-1/python-all/tmp/test_current_seven_and_prior_f0/reports/quality/campaign-fixture/cases/fixture-16.json", "reports/quality/seven-gaps-20261002/publication/ci-artifacts/python-quality-06226c703a14dba5999bcc3115633a8be95b2c25-1/python-all/tmp/test_current_seven_and_prior_f0/reports/quality/campaign-fixture/cases/fixture-17.json", "reports/quality/seven-gaps-20261002/publication/ci-artifacts/python-quality-06226c703a14dba5999bcc3115633a8be95b2c25-1/python-all/tmp/test_current_seven_and_prior_f0/reports/quality/campaign-fixture/cases/fixture-18.json", "reports/quality/seven-gaps-20261002/publication/ci-artifacts/python-quality-06226c703a14dba5999bcc3115633a8be95b2c25-1/python-all/tmp/test_current_seven_and_prior_f0/reports/quality/campaign-fixture/cases/fixture-19.json", "reports/quality/seven-gaps-20261002/publication/ci-artifacts/python-quality-06226c703a14dba5999bcc3115633a8be95b2c25-1/python-all/tmp/test_current_seven_and_prior_f0/reports/quality/campaign-fixture/cases/fixture-2.json", "reports/quality/seven-gaps-20261002/publication/ci-artifacts/python-quality-06226c703a14dba5999bcc3115633a8be95b2c25-1/python-all/tmp/test_current_seven_and_prior_f0/reports/quality/campaign-fixture/cases/fixture-20.json", "reports/quality/seven-gaps-20261002/publication/ci-artifacts/python-quality-06226c703a14dba5999bcc3115633a8be95b2c25-1/python-all/tmp/test_current_seven_and_prior_f0/reports/quality/campaign-fixture/cases/fixture-3.json", "reports/quality/seven-gaps-20261002/publication/ci-artifacts/python-quality-06226c703a14dba5999bcc3115633a8be95b2c25-1/python-all/tmp/test_current_seven_and_prior_f0/reports/quality/campaign-fixture/cases/fixture-4.json", "reports/quality/seven-gaps-20261002/publication/ci-artifacts/python-quality-06226c703a14dba5999bcc3115633a8be95b2c25-1/python-all/tmp/test_current_seven_and_prior_f0/reports/quality/campaign-fixture/cases/fixture-5.json", "reports/quality/seven-gaps-20261002/publication/ci-artifacts/python-quality-06226c703a14dba5999bcc3115633a8be95b2c25-1/python-all/tmp/test_current_seven_and_prior_f0/reports/quality/campaign-fixture/cases/fixture-6.json", "reports/quality/seven-gaps-20261002/publication/ci-artifacts/python-quality-06226c703a14dba5999bcc3115633a8be95b2c25-1/python-all/tmp/test_current_seven_and_prior_f0/reports/quality/campaign-fixture/cases/fixture-7.json", "reports/quality/seven-gaps-20261002/publication/ci-artifacts/python-quality-06226c703a14dba5999bcc3115633a8be95b2c25-1/python-all/tmp/test_current_seven_and_prior_f0/reports/quality/campaign-fixture/cases/fixture-8.json", "reports/quality/seven-gaps-20261002/publication/ci-artifacts/python-quality-06226c703a14dba5999bcc3115633a8be95b2c25-1/python-all/tmp/test_current_seven_and_prior_f0/reports/quality/campaign-fixture/cases/fixture-9.json", "reports/quality/seven-gaps-20261002/publication/ci-artifacts/python-quality-06226c703a14dba5999bcc3115633a8be95b2c25-1/python-all/tmp/test_current_seven_and_prior_f0/reports/quality/campaign-fixture/manifest.json", "reports/quality/seven-gaps-20261002/publication/ci-artifacts/python-quality-06226c703a14dba5999bcc3115633a8be95b2c25-1/python-all/tmp/test_current_seven_and_prior_fcurrent/contracts/engineering_diagnosis.json", "reports/quality/seven-gaps-20261002/publication/ci-artifacts/python-quality-06226c703a14dba5999bcc3115633a8be95b2c25-1/python-all/tmp/test_current_seven_and_prior_fcurrent/reports/quality/campaign-fixture/cases/fixture-0.json", "reports/quality/seven-gaps-20261002/publication/ci-artifacts/python-quality-06226c703a14dba5999bcc3115633a8be95b2c25-1/python-all/tmp/test_current_seven_and_prior_fcurrent/reports/quality/campaign-fixture/cases/fixture-1.json", "reports/quality/seven-gaps-20261002/publication/ci-artifacts/python-quality-06226c703a14dba5999bcc3115633a8be95b2c25-1/python-all/tmp/test_current_seven_and_prior_fcurrent/reports/quality/campaign-fixture/cases/fixture-10.json", "reports/quality/seven-gaps-20261002/publication/ci-artifacts/python-quality-06226c703a14dba5999bcc3115633a8be95b2c25-1/python-all/tmp/test_current_seven_and_prior_fcurrent/reports/quality/campaign-fixture/cases/fixture-11.json", "reports/quality/seven-gaps-20261002/publication/ci-artifacts/python-quality-06226c703a14dba5999bcc3115633a8be95b2c25-1/python-all/tmp/test_current_seven_and_prior_fcurrent/reports/quality/campaign-fixture/cases/fixture-12.json", "reports/quality/seven-gaps-20261002/publication/ci-artifacts/python-quality-06226c703a14dba5999bcc3115633a8be95b2c25-1/python-all/tmp/test_current_seven_and_prior_fcurrent/reports/quality/campaign-fixture/cases/fixture-13.json", "reports/quality/seven-gaps-20261002/publication/ci-artifacts/python-quality-06226c703a14dba5999bcc3115633a8be95b2c25-1/python-all/tmp/test_current_seven_and_prior_fcurrent/reports/quality/campaign-fixture/cases/fixture-14.json", "reports/quality/seven-gaps-20261002/publication/ci-artifacts/python-quality-06226c703a14dba5999bcc3115633a8be95b2c25-1/python-all/tmp/test_current_seven_and_prior_fcurrent/reports/quality/campaign-fixture/cases/fixture-15.json", "reports/quality/seven-gaps-20261002/publication/ci-artifacts/python-quality-06226c703a14dba5999bcc3115633a8be95b2c25-1/python-all/tmp/test_current_seven_and_prior_fcurrent/reports/quality/campaign-fixture/cases/fixture-16.json", "reports/quality/seven-gaps-20261002/publication/ci-artifacts/python-quality-06226c703a14dba5999bcc3115633a8be95b2c25-1/python-all/tmp/test_current_seven_and_prior_fcurrent/reports/quality/campaign-fixture/cases/fixture-17.json", "reports/quality/seven-gaps-20261002/publication/ci-artifacts/python-quality-06226c703a14dba5999bcc3115633a8be95b2c25-1/python-all/tmp/test_current_seven_and_prior_fcurrent/reports/quality/campaign-fixture/cases/fixture-18.json", "reports/quality/seven-gaps-20261002/publication/ci-artifacts/python-quality-06226c703a14dba5999bcc3115633a8be95b2c25-1/python-all/tmp/test_current_seven_and_prior_fcurrent/reports/quality/campaign-fixture/cases/fixture-19.json", "reports/quality/seven-gaps-20261002/publication/ci-artifacts/python-quality-06226c703a14dba5999bcc3115633a8be95b2c25-1/python-all/tmp/test_current_seven_and_prior_fcurrent/reports/quality/campaign-fixture/cases/fixture-2.json", "reports/quality/seven-gaps-20261002/publication/ci-artifacts/python-quality-06226c703a14dba5999bcc3115633a8be95b2c25-1/python-all/tmp/test_current_seven_and_prior_fcurrent/reports/quality/campaign-fixture/cases/fixture-20.json", "reports/quality/seven-gaps-20261002/publication/ci-artifacts/python-quality-06226c703a14dba5999bcc3115633a8be95b2c25-1/python-all/tmp/test_current_seven_and_prior_fcurrent/reports/quality/campaign-fixture/cases/fixture-3.json", "reports/quality/seven-gaps-20261002/publication/ci-artifacts/python-quality-06226c703a14dba5999bcc3115633a8be95b2c25-1/python-all/tmp/test_current_seven_and_prior_fcurrent/reports/quality/campaign-fixture/cases/fixture-4.json", "reports/quality/seven-gaps-20261002/publication/ci-artifacts/python-quality-06226c703a14dba5999bcc3115633a8be95b2c25-1/python-all/tmp/test_current_seven_and_prior_fcurrent/reports/quality/campaign-fixture/cases/fixture-5.json", "reports/quality/seven-gaps-20261002/publication/ci-artifacts/python-quality-06226c703a14dba5999bcc3115633a8be95b2c25-1/python-all/tmp/test_current_seven_and_prior_fcurrent/reports/quality/campaign-fixture/cases/fixture-6.json", "reports/quality/seven-gaps-20261002/publication/ci-artifacts/python-quality-06226c703a14dba5999bcc3115633a8be95b2c25-1/python-all/tmp/test_current_seven_and_prior_fcurrent/reports/quality/campaign-fixture/cases/fixture-7.json", "reports/quality/seven-gaps-20261002/publication/ci-artifacts/python-quality-06226c703a14dba5999bcc3115633a8be95b2c25-1/python-all/tmp/test_current_seven_and_prior_fcurrent/reports/quality/campaign-fixture/cases/fixture-8.json", "reports/quality/seven-gaps-20261002/publication/ci-artifacts/python-quality-06226c703a14dba5999bcc3115633a8be95b2c25-1/python-all/tmp/test_current_seven_and_prior_fcurrent/reports/quality/campaign-fixture/cases/fixture-9.json", "reports/quality/seven-gaps-20261002/publication/ci-artifacts/python-quality-06226c703a14dba5999bcc3115633a8be95b2c25-1/python-all/tmp/test_current_seven_and_prior_fcurrent/reports/quality/campaign-fixture/manifest.json", "reports/quality/seven-gaps-20261002/publication/ci-artifacts/python-quality-06226c703a14dba5999bcc3115633a8be95b2c25-1/python-all/tmp/test_distributed_render_requir0/report.json", "reports/quality/seven-gaps-20261002/publication/ci-artifacts/python-quality-06226c703a14dba5999bcc3115633a8be95b2c25-1/python-all/tmp/test_distributed_render_requircurrent/report.json", "reports/quality/seven-gaps-20261002/publication/ci-artifacts/python-quality-06226c703a14dba5999bcc3115633a8be95b2c25-1/python-all/tmp/test_download_verification_can0/contracts/engineering_diagnosis.json", "reports/quality/seven-gaps-20261002/publication/ci-artifacts/python-quality-06226c703a14dba5999bcc3115633a8be95b2c25-1/python-all/tmp/test_download_verification_can0/reports/quality/campaign-fixture/cases/fixture-0.json", "reports/quality/seven-gaps-20261002/publication/ci-artifacts/python-quality-06226c703a14dba5999bcc3115633a8be95b2c25-1/python-all/tmp/test_download_verification_can0/reports/quality/campaign-fixture/manifest.json", "reports/quality/seven-gaps-20261002/publication/ci-artifacts/python-quality-06226c703a14dba5999bcc3115633a8be95b2c25-1/python-all/tmp/test_download_verification_can1/contracts/engineering_diagnosis.json", "reports/quality/seven-gaps-20261002/publication/ci-artifacts/python-quality-06226c703a14dba5999bcc3115633a8be95b2c25-1/python-all/tmp/test_download_verification_can1/reports/quality/campaign-fixture/cases/fixture-0.json", "reports/quality/seven-gaps-20261002/publication/ci-artifacts/python-quality-06226c703a14dba5999bcc3115633a8be95b2c25-1/python-all/tmp/test_download_verification_can1/reports/quality/campaign-fixture/manifest.json", "reports/quality/seven-gaps-20261002/publication/ci-artifacts/python-quality-06226c703a14dba5999bcc3115633a8be95b2c25-1/python-all/tmp/test_download_verification_can10/contracts/engineering_diagnosis.json", "reports/quality/seven-gaps-20261002/publication/ci-artifacts/python-quality-06226c703a14dba5999bcc3115633a8be95b2c25-1/python-all/tmp/test_download_verification_can10/reports/quality/campaign-fixture/cases/fixture-0.json", "reports/quality/seven-gaps-20261002/publication/ci-artifacts/python-quality-06226c703a14dba5999bcc3115633a8be95b2c25-1/python-all/tmp/test_download_verification_can10/reports/quality/campaign-fixture/manifest.json", "reports/quality/seven-gaps-20261002/publication/ci-artifacts/python-quality-06226c703a14dba5999bcc3115633a8be95b2c25-1/python-all/tmp/test_download_verification_can11/contracts/engineering_diagnosis.json", "reports/quality/seven-gaps-20261002/publication/ci-artifacts/python-quality-06226c703a14dba5999bcc3115633a8be95b2c25-1/python-all/tmp/test_download_verification_can11/reports/quality/campaign-fixture/cases/fixture-0.json", "reports/quality/seven-gaps-20261002/publication/ci-artifacts/python-quality-06226c703a14dba5999bcc3115633a8be95b2c25-1/python-all/tmp/test_download_verification_can11/reports/quality/campaign-fixture/manifest.json", "reports/quality/seven-gaps-20261002/publication/ci-artifacts/python-quality-06226c703a14dba5999bcc3115633a8be95b2c25-1/python-all/tmp/test_download_verification_can12/contracts/engineering_diagnosis.json", "reports/quality/seven-gaps-20261002/publication/ci-artifacts/python-quality-06226c703a14dba5999bcc3115633a8be95b2c25-1/python-all/tmp/test_download_verification_can12/reports/quality/campaign-fixture/cases/fixture-0.json", "reports/quality/seven-gaps-20261002/publication/ci-artifacts/python-quality-06226c703a14dba5999bcc3115633a8be95b2c25-1/python-all/tmp/test_download_verification_can12/reports/quality/campaign-fixture/manifest.json", "reports/quality/seven-gaps-20261002/publication/ci-artifacts/python-quality-06226c703a14dba5999bcc3115633a8be95b2c25-1/python-all/tmp/test_download_verification_can13/contracts/engineering_diagnosis.json", "reports/quality/seven-gaps-20261002/publication/ci-artifacts/python-quality-06226c703a14dba5999bcc3115633a8be95b2c25-1/python-all/tmp/test_download_verification_can13/reports/quality/campaign-fixture/cases/fixture-0.json", "reports/quality/seven-gaps-20261002/publication/ci-artifacts/python-quality-06226c703a14dba5999bcc3115633a8be95b2c25-1/python-all/tmp/test_download_verification_can13/reports/quality/campaign-fixture/manifest.json", "reports/quality/seven-gaps-20261002/publication/ci-artifacts/python-quality-06226c703a14dba5999bcc3115633a8be95b2c25-1/python-all/tmp/test_download_verification_can14/contracts/engineering_diagnosis.json", "reports/quality/seven-gaps-20261002/publication/ci-artifacts/python-quality-06226c703a14dba5999bcc3115633a8be95b2c25-1/python-all/tmp/test_download_verification_can14/reports/quality/campaign-fixture/cases/fixture-0.json", "reports/quality/seven-gaps-20261002/publication/ci-artifacts/python-quality-06226c703a14dba5999bcc3115633a8be95b2c25-1/python-all/tmp/test_download_verification_can14/reports/quality/campaign-fixture/manifest.json", "reports/quality/seven-gaps-20261002/publication/ci-artifacts/python-quality-06226c703a14dba5999bcc3115633a8be95b2c25-1/python-all/tmp/test_download_verification_can15/contracts/engineering_diagnosis.json", "reports/quality/seven-gaps-20261002/publication/ci-artifacts/python-quality-06226c703a14dba5999bcc3115633a8be95b2c25-1/python-all/tmp/test_download_verification_can15/reports/quality/campaign-fixture/cases/fixture-0.json", "reports/quality/seven-gaps-20261002/publication/ci-artifacts/python-quality-06226c703a14dba5999bcc3115633a8be95b2c25-1/python-all/tmp/test_download_verification_can15/reports/quality/campaign-fixture/manifest.json", "reports/quality/seven-gaps-20261002/publication/ci-artifacts/python-quality-06226c703a14dba5999bcc3115633a8be95b2c25-1/python-all/tmp/test_download_verification_can16/contracts/engineering_diagnosis.json", "reports/quality/seven-gaps-20261002/publication/ci-artifacts/python-quality-06226c703a14dba5999bcc3115633a8be95b2c25-1/python-all/tmp/test_download_verification_can16/reports/quality/campaign-fixture/cases/fixture-0.json", "reports/quality/seven-gaps-20261002/publication/ci-artifacts/python-quality-06226c703a14dba5999bcc3115633a8be95b2c25-1/python-all/tmp/test_download_verification_can16/reports/quality/campaign-fixture/manifest.json", "reports/quality/seven-gaps-20261002/publication/ci-artifacts/python-quality-06226c703a14dba5999bcc3115633a8be95b2c25-1/python-all/tmp/test_download_verification_can17/contracts/engineering_diagnosis.json", "reports/quality/seven-gaps-20261002/publication/ci-artifacts/python-quality-06226c703a14dba5999bcc3115633a8be95b2c25-1/python-all/tmp/test_download_verification_can17/reports/quality/campaign-fixture/cases/fixture-0.json", "reports/quality/seven-gaps-20261002/publication/ci-artifacts/python-quality-06226c703a14dba5999bcc3115633a8be95b2c25-1/python-all/tmp/test_download_verification_can17/reports/quality/campaign-fixture/manifest.json", "reports/quality/seven-gaps-20261002/publication/ci-artifacts/python-quality-06226c703a14dba5999bcc3115633a8be95b2c25-1/python-all/tmp/test_download_verification_can18/contracts/engineering_diagnosis.json", "reports/quality/seven-gaps-20261002/publication/ci-artifacts/python-quality-06226c703a14dba5999bcc3115633a8be95b2c25-1/python-all/tmp/test_download_verification_can18/reports/quality/campaign-fixture/cases/fixture-0.json", "reports/quality/seven-gaps-20261002/publication/ci-artifacts/python-quality-06226c703a14dba5999bcc3115633a8be95b2c25-1/python-all/tmp/test_download_verification_can18/reports/quality/campaign-fixture/manifest.json", "reports/quality/seven-gaps-20261002/publication/ci-artifacts/python-quality-06226c703a14dba5999bcc3115633a8be95b2c25-1/python-all/tmp/test_download_verification_can2/contracts/engineering_diagnosis.json", "reports/quality/seven-gaps-20261002/publication/ci-artifacts/python-quality-06226c703a14dba5999bcc3115633a8be95b2c25-1/python-all/tmp/test_download_verification_can2/reports/quality/campaign-fixture/cases/fixture-0.json", "reports/quality/seven-gaps-20261002/publication/ci-artifacts/python-quality-06226c703a14dba5999bcc3115633a8be95b2c25-1/python-all/tmp/test_download_verification_can2/reports/quality/campaign-fixture/manifest.json", "reports/quality/seven-gaps-20261002/publication/ci-artifacts/python-quality-06226c703a14dba5999bcc3115633a8be95b2c25-1/python-all/tmp/test_download_verification_can3/contracts/engineering_diagnosis.json", "reports/quality/seven-gaps-20261002/publication/ci-artifacts/python-quality-06226c703a14dba5999bcc3115633a8be95b2c25-1/python-all/tmp/test_download_verification_can3/reports/quality/campaign-fixture/cases/fixture-0.json", "reports/quality/seven-gaps-20261002/publication/ci-artifacts/python-quality-06226c703a14dba5999bcc3115633a8be95b2c25-1/python-all/tmp/test_download_verification_can3/reports/quality/campaign-fixture/manifest.json", "reports/quality/seven-gaps-20261002/publication/ci-artifacts/python-quality-06226c703a14dba5999bcc3115633a8be95b2c25-1/python-all/tmp/test_download_verification_can4/contracts/engineering_diagnosis.json", "reports/quality/seven-gaps-20261002/publication/ci-artifacts/python-quality-06226c703a14dba5999bcc3115633a8be95b2c25-1/python-all/tmp/test_download_verification_can4/reports/quality/campaign-fixture/cases/fixture-0.json", "reports/quality/seven-gaps-20261002/publication/ci-artifacts/python-quality-06226c703a14dba5999bcc3115633a8be95b2c25-1/python-all/tmp/test_download_verification_can4/reports/quality/campaign-fixture/manifest.json", "reports/quality/seven-gaps-20261002/publication/ci-artifacts/python-quality-06226c703a14dba5999bcc3115633a8be95b2c25-1/python-all/tmp/test_download_verification_can5/contracts/engineering_diagnosis.json", "reports/quality/seven-gaps-20261002/publication/ci-artifacts/python-quality-06226c703a14dba5999bcc3115633a8be95b2c25-1/python-all/tmp/test_download_verification_can5/reports/quality/campaign-fixture/cases/fixture-0.json", "reports/quality/seven-gaps-20261002/publication/ci-artifacts/python-quality-06226c703a14dba5999bcc3115633a8be95b2c25-1/python-all/tmp/test_download_verification_can5/reports/quality/campaign-fixture/manifest.json", "reports/quality/seven-gaps-20261002/publication/ci-artifacts/python-quality-06226c703a14dba5999bcc3115633a8be95b2c25-1/python-all/tmp/test_download_verification_can6/contracts/engineering_diagnosis.json", "reports/quality/seven-gaps-20261002/publication/ci-artifacts/python-quality-06226c703a14dba5999bcc3115633a8be95b2c25-1/python-all/tmp/test_download_verification_can6/reports/quality/campaign-fixture/cases/fixture-0.json", "reports/quality/seven-gaps-20261002/publication/ci-artifacts/python-quality-06226c703a14dba5999bcc3115633a8be95b2c25-1/python-all/tmp/test_download_verification_can6/reports/quality/campaign-fixture/manifest.json", "reports/quality/seven-gaps-20261002/publication/ci-artifacts/python-quality-06226c703a14dba5999bcc3115633a8be95b2c25-1/python-all/tmp/test_download_verification_can7/contracts/engineering_diagnosis.json", "reports/quality/seven-gaps-20261002/publication/ci-artifacts/python-quality-06226c703a14dba5999bcc3115633a8be95b2c25-1/python-all/tmp/test_download_verification_can7/reports/quality/campaign-fixture/cases/fixture-0.json", "reports/quality/seven-gaps-20261002/publication/ci-artifacts/python-quality-06226c703a14dba5999bcc3115633a8be95b2c25-1/python-all/tmp/test_download_verification_can7/reports/quality/campaign-fixture/manifest.json", "reports/quality/seven-gaps-20261002/publication/ci-artifacts/python-quality-06226c703a14dba5999bcc3115633a8be95b2c25-1/python-all/tmp/test_download_verification_can8/contracts/engineering_diagnosis.json", "reports/quality/seven-gaps-20261002/publication/ci-artifacts/python-quality-06226c703a14dba5999bcc3115633a8be95b2c25-1/python-all/tmp/test_download_verification_can8/reports/quality/campaign-fixture/cases/fixture-0.json", "reports/quality/seven-gaps-20261002/publication/ci-artifacts/python-quality-06226c703a14dba5999bcc3115633a8be95b2c25-1/python-all/tmp/test_download_verification_can8/reports/quality/campaign-fixture/manifest.json", "reports/quality/seven-gaps-20261002/publication/ci-artifacts/python-quality-06226c703a14dba5999bcc3115633a8be95b2c25-1/python-all/tmp/test_download_verification_can9/contracts/engineering_diagnosis.json", "reports/quality/seven-gaps-20261002/publication/ci-artifacts/python-quality-06226c703a14dba5999bcc3115633a8be95b2c25-1/python-all/tmp/test_download_verification_can9/reports/quality/campaign-fixture/cases/fixture-0.json", "reports/quality/seven-gaps-20261002/publication/ci-artifacts/python-quality-06226c703a14dba5999bcc3115633a8be95b2c25-1/python-all/tmp/test_download_verification_can9/reports/quality/campaign-fixture/manifest.json", "reports/quality/seven-gaps-20261002/publication/ci-artifacts/python-quality-06226c703a14dba5999bcc3115633a8be95b2c25-1/python-all/tmp/test_download_verification_cancurrent/contracts/engineering_diagnosis.json", "reports/quality/seven-gaps-20261002/publication/ci-artifacts/python-quality-06226c703a14dba5999bcc3115633a8be95b2c25-1/python-all/tmp/test_download_verification_cancurrent/reports/quality/campaign-fixture/cases/fixture-0.json", "reports/quality/seven-gaps-20261002/publication/ci-artifacts/python-quality-06226c703a14dba5999bcc3115633a8be95b2c25-1/python-all/tmp/test_download_verification_cancurrent/reports/quality/campaign-fixture/manifest.json", "reports/quality/seven-gaps-20261002/publication/ci-artifacts/python-quality-06226c703a14dba5999bcc3115633a8be95b2c25-1/python-all/tmp/test_ebpf_latency_is_explicitl0/ebpf.json", "reports/quality/seven-gaps-20261002/publication/ci-artifacts/python-quality-06226c703a14dba5999bcc3115633a8be95b2c25-1/python-all/tmp/test_ebpf_latency_is_explicitlcurrent/ebpf.json", "reports/quality/seven-gaps-20261002/publication/ci-artifacts/python-quality-06226c703a14dba5999bcc3115633a8be95b2c25-1/python-all/tmp/test_empty_or_collection_error0/junit.xml", "reports/quality/seven-gaps-20261002/publication/ci-artifacts/python-quality-06226c703a14dba5999bcc3115633a8be95b2c25-1/python-all/tmp/test_empty_or_collection_error1/junit.xml", "reports/quality/seven-gaps-20261002/publication/ci-artifacts/python-quality-06226c703a14dba5999bcc3115633a8be95b2c25-1/python-all/tmp/test_empty_or_collection_errorcurrent/junit.xml", "reports/quality/seven-gaps-20261002/publication/ci-artifacts/python-quality-06226c703a14dba5999bcc3115633a8be95b2c25-1/python-all/tmp/test_existing_evidence_directo0/report.json", "reports/quality/seven-gaps-20261002/publication/ci-artifacts/python-quality-06226c703a14dba5999bcc3115633a8be95b2c25-1/python-all/tmp/test_existing_evidence_directocurrent/report.json", "reports/quality/seven-gaps-20261002/publication/ci-artifacts/python-quality-06226c703a14dba5999bcc3115633a8be95b2c25-1/python-all/tmp/test_failed_index_is_not_publi0/catalog.json", "reports/quality/seven-gaps-20261002/publication/ci-artifacts/python-quality-06226c703a14dba5999bcc3115633a8be95b2c25-1/python-all/tmp/test_failed_index_is_not_publicurrent/catalog.json", "reports/quality/seven-gaps-20261002/publication/ci-artifacts/python-quality-06226c703a14dba5999bcc3115633a8be95b2c25-1/python-all/tmp/test_failed_snapshot_does_not_0/case.json", "reports/quality/seven-gaps-20261002/publication/ci-artifacts/python-quality-06226c703a14dba5999bcc3115633a8be95b2c25-1/python-all/tmp/test_failed_snapshot_does_not_current/case.json", "reports/quality/seven-gaps-20261002/publication/ci-artifacts/python-quality-06226c703a14dba5999bcc3115633a8be95b2c25-1/python-all/tmp/test_generated_index_and_downl0/empty-query-cache/cache-empty-before.xml", "reports/quality/seven-gaps-20261002/publication/ci-artifacts/python-quality-06226c703a14dba5999bcc3115633a8be95b2c25-1/python-all/tmp/test_generated_index_and_downl0/empty-query-cache/cache-empty-targeted.xml", "reports/quality/seven-gaps-20261002/publication/ci-artifacts/python-quality-06226c703a14dba5999bcc3115633a8be95b2c25-1/python-all/tmp/test_generated_index_and_downl0/index.json", "reports/quality/seven-gaps-20261002/publication/ci-artifacts/python-quality-06226c703a14dba5999bcc3115633a8be95b2c25-1/python-all/tmp/test_generated_index_and_downl0/notification-lifecycle/notification-after.xml", "reports/quality/seven-gaps-20261002/publication/ci-artifacts/python-quality-06226c703a14dba5999bcc3115633a8be95b2c25-1/python-all/tmp/test_generated_index_and_downl0/notification-lifecycle/toast-before.log", "reports/quality/seven-gaps-20261002/publication/ci-artifacts/python-quality-06226c703a14dba5999bcc3115633a8be95b2c25-1/python-all/tmp/test_generated_index_and_downl0/parallel-timing/parallel-timing.json", "reports/quality/seven-gaps-20261002/publication/ci-artifacts/python-quality-06226c703a14dba5999bcc3115633a8be95b2c25-1/python-all/tmp/test_generated_index_and_downl0/skill-first-insert-race/postgres-race-after.xml", "reports/quality/seven-gaps-20261002/publication/ci-artifacts/python-quality-06226c703a14dba5999bcc3115633a8be95b2c25-1/python-all/tmp/test_generated_index_and_downl0/skill-first-insert-race/postgres-race-before.xml", "reports/quality/seven-gaps-20261002/publication/ci-artifacts/python-quality-06226c703a14dba5999bcc3115633a8be95b2c25-1/python-all/tmp/test_generated_index_and_downlcurrent/empty-query-cache/cache-empty-before.xml", "reports/quality/seven-gaps-20261002/publication/ci-artifacts/python-quality-06226c703a14dba5999bcc3115633a8be95b2c25-1/python-all/tmp/test_generated_index_and_downlcurrent/empty-query-cache/cache-empty-targeted.xml", "reports/quality/seven-gaps-20261002/publication/ci-artifacts/python-quality-06226c703a14dba5999bcc3115633a8be95b2c25-1/python-all/tmp/test_generated_index_and_downlcurrent/index.json", "reports/quality/seven-gaps-20261002/publication/ci-artifacts/python-quality-06226c703a14dba5999bcc3115633a8be95b2c25-1/python-all/tmp/test_generated_index_and_downlcurrent/notification-lifecycle/notification-after.xml", "reports/quality/seven-gaps-20261002/publication/ci-artifacts/python-quality-06226c703a14dba5999bcc3115633a8be95b2c25-1/python-all/tmp/test_generated_index_and_downlcurrent/notification-lifecycle/toast-before.log", "reports/quality/seven-gaps-20261002/publication/ci-artifacts/python-quality-06226c703a14dba5999bcc3115633a8be95b2c25-1/python-all/tmp/test_generated_index_and_downlcurrent/parallel-timing/parallel-timing.json", "reports/quality/seven-gaps-20261002/publication/ci-artifacts/python-quality-06226c703a14dba5999bcc3115633a8be95b2c25-1/python-all/tmp/test_generated_index_and_downlcurrent/skill-first-insert-race/postgres-race-after.xml", "reports/quality/seven-gaps-20261002/publication/ci-artifacts/python-quality-06226c703a14dba5999bcc3115633a8be95b2c25-1/python-all/tmp/test_generated_index_and_downlcurrent/skill-first-insert-race/postgres-race-before.xml", "reports/quality/seven-gaps-20261002/publication/ci-artifacts/python-quality-06226c703a14dba5999bcc3115633a8be95b2c25-1/python-all/tmp/test_generator_rejects_bad_sou0/contracts/engineering_diagnosis.json", "reports/quality/seven-gaps-20261002/publication/ci-artifacts/python-quality-06226c703a14dba5999bcc3115633a8be95b2c25-1/python-all/tmp/test_generator_rejects_bad_sou1/contracts/engineering_diagnosis.json", "reports/quality/seven-gaps-20261002/publication/ci-artifacts/python-quality-06226c703a14dba5999bcc3115633a8be95b2c25-1/python-all/tmp/test_generator_rejects_bad_sou2/contracts/engineering_diagnosis.json", "reports/quality/seven-gaps-20261002/publication/ci-artifacts/python-quality-06226c703a14dba5999bcc3115633a8be95b2c25-1/python-all/tmp/test_generator_rejects_bad_sou3/contracts/engineering_diagnosis.json", "reports/quality/seven-gaps-20261002/publication/ci-artifacts/python-quality-06226c703a14dba5999bcc3115633a8be95b2c25-1/python-all/tmp/test_generator_rejects_bad_soucurrent/contracts/engineering_diagnosis.json", "reports/quality/seven-gaps-20261002/publication/ci-artifacts/python-quality-06226c703a14dba5999bcc3115633a8be95b2c25-1/python-all/tmp/test_go_package_failure_overri0/go.log", "reports/quality/seven-gaps-20261002/publication/ci-artifacts/python-quality-06226c703a14dba5999bcc3115633a8be95b2c25-1/python-all/tmp/test_go_package_failure_overricurrent/go.log", "reports/quality/seven-gaps-20261002/publication/ci-artifacts/python-quality-06226c703a14dba5999bcc3115633a8be95b2c25-1/python-all/tmp/test_go_skips_are_visible_and_0/go.log", "reports/quality/seven-gaps-20261002/publication/ci-artifacts/python-quality-06226c703a14dba5999bcc3115633a8be95b2c25-1/python-all/tmp/test_go_skips_are_visible_and_current/go.log", "reports/quality/seven-gaps-20261002/publication/ci-artifacts/python-quality-06226c703a14dba5999bcc3115633a8be95b2c25-1/python-all/tmp/test_hash_tampering_is_rejecte0/after.xml", "reports/quality/seven-gaps-20261002/publication/ci-artifacts/python-quality-06226c703a14dba5999bcc3115633a8be95b2c25-1/python-all/tmp/test_hash_tampering_is_rejecte0/before.xml", "reports/quality/seven-gaps-20261002/publication/ci-artifacts/python-quality-06226c703a14dba5999bcc3115633a8be95b2c25-1/python-all/tmp/test_hash_tampering_is_rejectecurrent/after.xml", "reports/quality/seven-gaps-20261002/publication/ci-artifacts/python-quality-06226c703a14dba5999bcc3115633a8be95b2c25-1/python-all/tmp/test_hash_tampering_is_rejectecurrent/before.xml", "reports/quality/seven-gaps-20261002/publication/ci-artifacts/python-quality-06226c703a14dba5999bcc3115633a8be95b2c25-1/python-all/tmp/test_html_escapes_logs_and_tes0/report.json", "reports/quality/seven-gaps-20261002/publication/ci-artifacts/python-quality-06226c703a14dba5999bcc3115633a8be95b2c25-1/python-all/tmp/test_html_escapes_logs_and_tescurrent/report.json", "reports/quality/seven-gaps-20261002/publication/ci-artifacts/python-quality-06226c703a14dba5999bcc3115633a8be95b2c25-1/python-all/tmp/test_hybrid_retrieval_returns_0/knowledge/catalog.json", "reports/quality/seven-gaps-20261002/publication/ci-artifacts/python-quality-06226c703a14dba5999bcc3115633a8be95b2c25-1/python-all/tmp/test_hybrid_retrieval_returns_current/knowledge/catalog.json", "reports/quality/seven-gaps-20261002/publication/ci-artifacts/python-quality-06226c703a14dba5999bcc3115633a8be95b2c25-1/python-all/tmp/test_incomplete_go_execution_c0/go.log", "reports/quality/seven-gaps-20261002/publication/ci-artifacts/python-quality-06226c703a14dba5999bcc3115633a8be95b2c25-1/python-all/tmp/test_incomplete_go_execution_ccurrent/go.log", "reports/quality/seven-gaps-20261002/publication/ci-artifacts/python-quality-06226c703a14dba5999bcc3115633a8be95b2c25-1/python-all/tmp/test_index_is_immutable_reusab0/catalog.json", "reports/quality/seven-gaps-20261002/publication/ci-artifacts/python-quality-06226c703a14dba5999bcc3115633a8be95b2c25-1/python-all/tmp/test_index_is_immutable_reusabcurrent/catalog.json", "reports/quality/seven-gaps-20261002/publication/ci-artifacts/python-quality-06226c703a14dba5999bcc3115633a8be95b2c25-1/python-all/tmp/test_java_flamegraph_merges_sa0/jvm-gc-metrics.json", "reports/quality/seven-gaps-20261002/publication/ci-artifacts/python-quality-06226c703a14dba5999bcc3115633a8be95b2c25-1/python-all/tmp/test_java_flamegraph_merges_sacurrent/jvm-gc-metrics.json", "reports/quality/seven-gaps-20261002/publication/ci-artifacts/python-quality-06226c703a14dba5999bcc3115633a8be95b2c25-1/python-all/tmp/test_junit_uses_executed_cases0/junit.xml", "reports/quality/seven-gaps-20261002/publication/ci-artifacts/python-quality-06226c703a14dba5999bcc3115633a8be95b2c25-1/python-all/tmp/test_junit_uses_executed_casescurrent/junit.xml", "reports/quality/seven-gaps-20261002/publication/ci-artifacts/python-quality-06226c703a14dba5999bcc3115633a8be95b2c25-1/python-all/tmp/test_later_go_pass_cannot_eras0/go.log", "reports/quality/seven-gaps-20261002/publication/ci-artifacts/python-quality-06226c703a14dba5999bcc3115633a8be95b2c25-1/python-all/tmp/test_later_go_pass_cannot_erascurrent/go.log", "reports/quality/seven-gaps-20261002/publication/ci-artifacts/python-quality-06226c703a14dba5999bcc3115633a8be95b2c25-1/python-all/tmp/test_legacy_contract_without_c0/contracts/engineering_diagnosis.json", "reports/quality/seven-gaps-20261002/publication/ci-artifacts/python-quality-06226c703a14dba5999bcc3115633a8be95b2c25-1/python-all/tmp/test_legacy_contract_without_c0/reports/quality/campaign-fixture/cases/fixture-0.json", "reports/quality/seven-gaps-20261002/publication/ci-artifacts/python-quality-06226c703a14dba5999bcc3115633a8be95b2c25-1/python-all/tmp/test_legacy_contract_without_c0/reports/quality/campaign-fixture/manifest.json", "reports/quality/seven-gaps-20261002/publication/ci-artifacts/python-quality-06226c703a14dba5999bcc3115633a8be95b2c25-1/python-all/tmp/test_legacy_contract_without_ccurrent/contracts/engineering_diagnosis.json", "reports/quality/seven-gaps-20261002/publication/ci-artifacts/python-quality-06226c703a14dba5999bcc3115633a8be95b2c25-1/python-all/tmp/test_legacy_contract_without_ccurrent/reports/quality/campaign-fixture/cases/fixture-0.json", "reports/quality/seven-gaps-20261002/publication/ci-artifacts/python-quality-06226c703a14dba5999bcc3115633a8be95b2c25-1/python-all/tmp/test_legacy_contract_without_ccurrent/reports/quality/campaign-fixture/manifest.json", "reports/quality/seven-gaps-20261002/publication/ci-artifacts/python-quality-06226c703a14dba5999bcc3115633a8be95b2c25-1/python-all/tmp/test_lexical_chunk_can_be_read0/catalog.json", "reports/quality/seven-gaps-20261002/publication/ci-artifacts/python-quality-06226c703a14dba5999bcc3115633a8be95b2c25-1/python-all/tmp/test_lexical_chunk_can_be_readcurrent/catalog.json", "reports/quality/seven-gaps-20261002/publication/ci-artifacts/python-quality-06226c703a14dba5999bcc3115633a8be95b2c25-1/python-all/tmp/test_local_artifact_persists_v0/sample.json", "reports/quality/seven-gaps-20261002/publication/ci-artifacts/python-quality-06226c703a14dba5999bcc3115633a8be95b2c25-1/python-all/tmp/test_local_artifact_persists_vcurrent/sample.json", "reports/quality/seven-gaps-20261002/publication/ci-artifacts/python-quality-06226c703a14dba5999bcc3115633a8be95b2c25-1/python-all/tmp/test_lost_start_response_still0/case.json", "reports/quality/seven-gaps-20261002/publication/ci-artifacts/python-quality-06226c703a14dba5999bcc3115633a8be95b2c25-1/python-all/tmp/test_lost_start_response_stillcurrent/case.json", "reports/quality/seven-gaps-20261002/publication/ci-artifacts/python-quality-06226c703a14dba5999bcc3115633a8be95b2c25-1/python-all/tmp/test_manifest_hash_and_running0/report.json", "reports/quality/seven-gaps-20261002/publication/ci-artifacts/python-quality-06226c703a14dba5999bcc3115633a8be95b2c25-1/python-all/tmp/test_manifest_hash_and_runningcurrent/report.json", "reports/quality/seven-gaps-20261002/publication/ci-artifacts/python-quality-06226c703a14dba5999bcc3115633a8be95b2c25-1/python-all/tmp/test_memory_v2_derives_memory_0/memory.json", "reports/quality/seven-gaps-20261002/publication/ci-artifacts/python-quality-06226c703a14dba5999bcc3115633a8be95b2c25-1/python-all/tmp/test_memory_v2_derives_memory_current/memory.json", "reports/quality/seven-gaps-20261002/publication/ci-artifacts/python-quality-06226c703a14dba5999bcc3115633a8be95b2c25-1/python-all/tmp/test_missing_coverage_file_can0/critical/command-1.log", "reports/quality/seven-gaps-20261002/publication/ci-artifacts/python-quality-06226c703a14dba5999bcc3115633a8be95b2c25-1/python-all/tmp/test_missing_coverage_file_cancurrent/critical/command-1.log", "reports/quality/seven-gaps-20261002/publication/ci-artifacts/python-quality-06226c703a14dba5999bcc3115633a8be95b2c25-1/python-all/tmp/test_missing_executable_is_rec0/missing/command-1.log", "reports/quality/seven-gaps-20261002/publication/ci-artifacts/python-quality-06226c703a14dba5999bcc3115633a8be95b2c25-1/python-all/tmp/test_missing_executable_is_reccurrent/missing/command-1.log", "reports/quality/seven-gaps-20261002/publication/ci-artifacts/python-quality-06226c703a14dba5999bcc3115633a8be95b2c25-1/python-all/tmp/test_missing_index_does_not_ca0/catalog.json", "reports/quality/seven-gaps-20261002/publication/ci-artifacts/python-quality-06226c703a14dba5999bcc3115633a8be95b2c25-1/python-all/tmp/test_missing_index_does_not_cacurrent/catalog.json", "reports/quality/seven-gaps-20261002/publication/ci-artifacts/python-quality-06226c703a14dba5999bcc3115633a8be95b2c25-1/python-all/tmp/test_model_or_dimensions_chang0/catalog.json", "reports/quality/seven-gaps-20261002/publication/ci-artifacts/python-quality-06226c703a14dba5999bcc3115633a8be95b2c25-1/python-all/tmp/test_model_or_dimensions_changcurrent/catalog.json", "reports/quality/seven-gaps-20261002/publication/ci-artifacts/python-quality-06226c703a14dba5999bcc3115633a8be95b2c25-1/python-all/tmp/test_new_benchmark_is_large_bl0/manifest.json", "reports/quality/seven-gaps-20261002/publication/ci-artifacts/python-quality-06226c703a14dba5999bcc3115633a8be95b2c25-1/python-all/tmp/test_new_benchmark_is_large_bl0/private/oracles.json", "reports/quality/seven-gaps-20261002/publication/ci-artifacts/python-quality-06226c703a14dba5999bcc3115633a8be95b2c25-1/python-all/tmp/test_new_benchmark_is_large_bl0/public/cases.json", "reports/quality/seven-gaps-20261002/publication/ci-artifacts/python-quality-06226c703a14dba5999bcc3115633a8be95b2c25-1/python-all/tmp/test_new_benchmark_is_large_bl0/sources.json", "reports/quality/seven-gaps-20261002/publication/ci-artifacts/python-quality-06226c703a14dba5999bcc3115633a8be95b2c25-1/python-all/tmp/test_new_benchmark_is_large_blcurrent/manifest.json", "reports/quality/seven-gaps-20261002/publication/ci-artifacts/python-quality-06226c703a14dba5999bcc3115633a8be95b2c25-1/python-all/tmp/test_new_benchmark_is_large_blcurrent/private/oracles.json", "reports/quality/seven-gaps-20261002/publication/ci-artifacts/python-quality-06226c703a14dba5999bcc3115633a8be95b2c25-1/python-all/tmp/test_new_benchmark_is_large_blcurrent/public/cases.json", "reports/quality/seven-gaps-20261002/publication/ci-artifacts/python-quality-06226c703a14dba5999bcc3115633a8be95b2c25-1/python-all/tmp/test_new_benchmark_is_large_blcurrent/sources.json", "reports/quality/seven-gaps-20261002/publication/ci-artifacts/python-quality-06226c703a14dba5999bcc3115633a8be95b2c25-1/python-all/tmp/test_office_snapshot_accepts_c0/office.json", "reports/quality/seven-gaps-20261002/publication/ci-artifacts/python-quality-06226c703a14dba5999bcc3115633a8be95b2c25-1/python-all/tmp/test_office_snapshot_accepts_ccurrent/office.json", "reports/quality/seven-gaps-20261002/publication/ci-artifacts/python-quality-06226c703a14dba5999bcc3115633a8be95b2c25-1/python-all/tmp/test_office_snapshot_accepts_s0/office.json", "reports/quality/seven-gaps-20261002/publication/ci-artifacts/python-quality-06226c703a14dba5999bcc3115633a8be95b2c25-1/python-all/tmp/test_office_snapshot_accepts_scurrent/office.json", "reports/quality/seven-gaps-20261002/publication/ci-artifacts/python-quality-06226c703a14dba5999bcc3115633a8be95b2c25-1/python-all/tmp/test_office_snapshot_keeps_req0/office.json", "reports/quality/seven-gaps-20261002/publication/ci-artifacts/python-quality-06226c703a14dba5999bcc3115633a8be95b2c25-1/python-all/tmp/test_office_snapshot_keeps_reqcurrent/office.json", "reports/quality/seven-gaps-20261002/publication/ci-artifacts/python-quality-06226c703a14dba5999bcc3115633a8be95b2c25-1/python-all/tmp/test_office_snapshot_rejects_m0/office.json", "reports/quality/seven-gaps-20261002/publication/ci-artifacts/python-quality-06226c703a14dba5999bcc3115633a8be95b2c25-1/python-all/tmp/test_office_snapshot_rejects_mcurrent/office.json", "reports/quality/seven-gaps-20261002/publication/ci-artifacts/python-quality-06226c703a14dba5999bcc3115633a8be95b2c25-1/python-all/tmp/test_office_snapshot_rejects_u0/office.json", "reports/quality/seven-gaps-20261002/publication/ci-artifacts/python-quality-06226c703a14dba5999bcc3115633a8be95b2c25-1/python-all/tmp/test_office_snapshot_rejects_u1/office.json", "reports/quality/seven-gaps-20261002/publication/ci-artifacts/python-quality-06226c703a14dba5999bcc3115633a8be95b2c25-1/python-all/tmp/test_office_snapshot_rejects_u2/office.json", "reports/quality/seven-gaps-20261002/publication/ci-artifacts/python-quality-06226c703a14dba5999bcc3115633a8be95b2c25-1/python-all/tmp/test_office_snapshot_rejects_u3/office.json", "reports/quality/seven-gaps-20261002/publication/ci-artifacts/python-quality-06226c703a14dba5999bcc3115633a8be95b2c25-1/python-all/tmp/test_office_snapshot_rejects_ucurrent/office.json", "reports/quality/seven-gaps-20261002/publication/ci-artifacts/python-quality-06226c703a14dba5999bcc3115633a8be95b2c25-1/python-all/tmp/test_office_store_does_not_car0/observations.json", "reports/quality/seven-gaps-20261002/publication/ci-artifacts/python-quality-06226c703a14dba5999bcc3115633a8be95b2c25-1/python-all/tmp/test_office_store_does_not_carcurrent/observations.json", "reports/quality/seven-gaps-20261002/publication/ci-artifacts/python-quality-06226c703a14dba5999bcc3115633a8be95b2c25-1/python-all/tmp/test_office_store_is_bounded_a0/observations.json", "reports/quality/seven-gaps-20261002/publication/ci-artifacts/python-quality-06226c703a14dba5999bcc3115633a8be95b2c25-1/python-all/tmp/test_office_store_is_bounded_acurrent/observations.json", "reports/quality/seven-gaps-20261002/publication/ci-artifacts/python-quality-06226c703a14dba5999bcc3115633a8be95b2c25-1/python-all/tmp/test_office_store_preserves_bo0/observations.json", "reports/quality/seven-gaps-20261002/publication/ci-artifacts/python-quality-06226c703a14dba5999bcc3115633a8be95b2c25-1/python-all/tmp/test_office_store_preserves_bocurrent/observations.json", "reports/quality/seven-gaps-20261002/publication/ci-artifacts/python-quality-06226c703a14dba5999bcc3115633a8be95b2c25-1/python-all/tmp/test_office_v2_snapshot_keeps_0/office.json", "reports/quality/seven-gaps-20261002/publication/ci-artifacts/python-quality-06226c703a14dba5999bcc3115633a8be95b2c25-1/python-all/tmp/test_office_v2_snapshot_keeps_current/office.json", "reports/quality/seven-gaps-20261002/publication/ci-artifacts/python-quality-06226c703a14dba5999bcc3115633a8be95b2c25-1/python-all/tmp/test_output_collector_marks_va0/task-valid/callgraph.json", "reports/quality/seven-gaps-20261002/publication/ci-artifacts/python-quality-06226c703a14dba5999bcc3115633a8be95b2c25-1/python-all/tmp/test_output_collector_marks_va0/task-valid/flamegraph.json", "reports/quality/seven-gaps-20261002/publication/ci-artifacts/python-quality-06226c703a14dba5999bcc3115633a8be95b2c25-1/python-all/tmp/test_output_collector_marks_va0/task-valid/top.json", "reports/quality/seven-gaps-20261002/publication/ci-artifacts/python-quality-06226c703a14dba5999bcc3115633a8be95b2c25-1/python-all/tmp/test_output_collector_marks_vacurrent/task-valid/callgraph.json", "reports/quality/seven-gaps-20261002/publication/ci-artifacts/python-quality-06226c703a14dba5999bcc3115633a8be95b2c25-1/python-all/tmp/test_output_collector_marks_vacurrent/task-valid/flamegraph.json", "reports/quality/seven-gaps-20261002/publication/ci-artifacts/python-quality-06226c703a14dba5999bcc3115633a8be95b2c25-1/python-all/tmp/test_output_collector_marks_vacurrent/task-valid/top.json", "reports/quality/seven-gaps-20261002/publication/ci-artifacts/python-quality-06226c703a14dba5999bcc3115633a8be95b2c25-1/python-all/tmp/test_output_collector_rejects_0/task-empty/flamegraph.json", "reports/quality/seven-gaps-20261002/publication/ci-artifacts/python-quality-06226c703a14dba5999bcc3115633a8be95b2c25-1/python-all/tmp/test_output_collector_rejects_0/task-empty/top.json", "reports/quality/seven-gaps-20261002/publication/ci-artifacts/python-quality-06226c703a14dba5999bcc3115633a8be95b2c25-1/python-all/tmp/test_output_collector_rejects_current/task-empty/flamegraph.json", "reports/quality/seven-gaps-20261002/publication/ci-artifacts/python-quality-06226c703a14dba5999bcc3115633a8be95b2c25-1/python-all/tmp/test_output_collector_rejects_current/task-empty/top.json", "reports/quality/seven-gaps-20261002/publication/ci-artifacts/python-quality-06226c703a14dba5999bcc3115633a8be95b2c25-1/python-all/tmp/test_plan_rejects_invalid_crit0/plan.json", "reports/quality/seven-gaps-20261002/publication/ci-artifacts/python-quality-06226c703a14dba5999bcc3115633a8be95b2c25-1/python-all/tmp/test_plan_rejects_invalid_crit1/plan.json", "reports/quality/seven-gaps-20261002/publication/ci-artifacts/python-quality-06226c703a14dba5999bcc3115633a8be95b2c25-1/python-all/tmp/test_plan_rejects_invalid_crit2/plan.json", "reports/quality/seven-gaps-20261002/publication/ci-artifacts/python-quality-06226c703a14dba5999bcc3115633a8be95b2c25-1/python-all/tmp/test_plan_rejects_invalid_crit3/plan.json", "reports/quality/seven-gaps-20261002/publication/ci-artifacts/python-quality-06226c703a14dba5999bcc3115633a8be95b2c25-1/python-all/tmp/test_plan_rejects_invalid_crit4/plan.json", "reports/quality/seven-gaps-20261002/publication/ci-artifacts/python-quality-06226c703a14dba5999bcc3115633a8be95b2c25-1/python-all/tmp/test_plan_rejects_invalid_crit5/plan.json", "reports/quality/seven-gaps-20261002/publication/ci-artifacts/python-quality-06226c703a14dba5999bcc3115633a8be95b2c25-1/python-all/tmp/test_plan_rejects_invalid_crit6/plan.json", "reports/quality/seven-gaps-20261002/publication/ci-artifacts/python-quality-06226c703a14dba5999bcc3115633a8be95b2c25-1/python-all/tmp/test_plan_rejects_invalid_critcurrent/plan.json", "reports/quality/seven-gaps-20261002/publication/ci-artifacts/python-quality-06226c703a14dba5999bcc3115633a8be95b2c25-1/python-all/tmp/test_plan_requires_real_test_p0/plan.json", "reports/quality/seven-gaps-20261002/publication/ci-artifacts/python-quality-06226c703a14dba5999bcc3115633a8be95b2c25-1/python-all/tmp/test_plan_requires_real_test_pcurrent/plan.json", "reports/quality/seven-gaps-20261002/publication/ci-artifacts/python-quality-06226c703a14dba5999bcc3115633a8be95b2c25-1/python-all/tmp/test_pprof_cli_writes_outputs0/out/task-pprof/flamegraph.json", "reports/quality/seven-gaps-20261002/publication/ci-artifacts/python-quality-06226c703a14dba5999bcc3115633a8be95b2c25-1/python-all/tmp/test_pprof_cli_writes_outputs0/out/task-pprof/top.json", "reports/quality/seven-gaps-20261002/publication/ci-artifacts/python-quality-06226c703a14dba5999bcc3115633a8be95b2c25-1/python-all/tmp/test_pprof_cli_writes_outputscurrent/out/task-pprof/flamegraph.json", "reports/quality/seven-gaps-20261002/publication/ci-artifacts/python-quality-06226c703a14dba5999bcc3115633a8be95b2c25-1/python-all/tmp/test_pprof_cli_writes_outputscurrent/out/task-pprof/top.json", "reports/quality/seven-gaps-20261002/publication/ci-artifacts/python-quality-06226c703a14dba5999bcc3115633a8be95b2c25-1/python-all/tmp/test_prior_cases_can_remain_fr0/contracts/engineering_diagnosis.json", "reports/quality/seven-gaps-20261002/publication/ci-artifacts/python-quality-06226c703a14dba5999bcc3115633a8be95b2c25-1/python-all/tmp/test_prior_cases_can_remain_fr0/reports/quality/campaign-fixture/cases/fixture-0.json", "reports/quality/seven-gaps-20261002/publication/ci-artifacts/python-quality-06226c703a14dba5999bcc3115633a8be95b2c25-1/python-all/tmp/test_prior_cases_can_remain_fr0/reports/quality/campaign-fixture/manifest.json", "reports/quality/seven-gaps-20261002/publication/ci-artifacts/python-quality-06226c703a14dba5999bcc3115633a8be95b2c25-1/python-all/tmp/test_prior_cases_can_remain_frcurrent/contracts/engineering_diagnosis.json", "reports/quality/seven-gaps-20261002/publication/ci-artifacts/python-quality-06226c703a14dba5999bcc3115633a8be95b2c25-1/python-all/tmp/test_prior_cases_can_remain_frcurrent/reports/quality/campaign-fixture/cases/fixture-0.json", "reports/quality/seven-gaps-20261002/publication/ci-artifacts/python-quality-06226c703a14dba5999bcc3115633a8be95b2c25-1/python-all/tmp/test_prior_cases_can_remain_frcurrent/reports/quality/campaign-fixture/manifest.json", "reports/quality/seven-gaps-20261002/publication/ci-artifacts/python-quality-06226c703a14dba5999bcc3115633a8be95b2c25-1/python-all/tmp/test_private_and_path_escape_d0/catalog.json", "reports/quality/seven-gaps-20261002/publication/ci-artifacts/python-quality-06226c703a14dba5999bcc3115633a8be95b2c25-1/python-all/tmp/test_private_and_path_escape_dcurrent/catalog.json", "reports/quality/seven-gaps-20261002/publication/ci-artifacts/python-quality-06226c703a14dba5999bcc3115633a8be95b2c25-1/python-all/tmp/test_pyspy_cli_rejects_invalid0/pyspy-speedscope.json", "reports/quality/seven-gaps-20261002/publication/ci-artifacts/python-quality-06226c703a14dba5999bcc3115633a8be95b2c25-1/python-all/tmp/test_pyspy_cli_rejects_invalidcurrent/pyspy-speedscope.json", "reports/quality/seven-gaps-20261002/publication/ci-artifacts/python-quality-06226c703a14dba5999bcc3115633a8be95b2c25-1/python-all/tmp/test_pyspy_cli_writes_outputs0/out/task-pyspy/flamegraph.json", "reports/quality/seven-gaps-20261002/publication/ci-artifacts/python-quality-06226c703a14dba5999bcc3115633a8be95b2c25-1/python-all/tmp/test_pyspy_cli_writes_outputs0/out/task-pyspy/top.json", "reports/quality/seven-gaps-20261002/publication/ci-artifacts/python-quality-06226c703a14dba5999bcc3115633a8be95b2c25-1/python-all/tmp/test_pyspy_cli_writes_outputs0/pyspy-speedscope.json", "reports/quality/seven-gaps-20261002/publication/ci-artifacts/python-quality-06226c703a14dba5999bcc3115633a8be95b2c25-1/python-all/tmp/test_pyspy_cli_writes_outputscurrent/out/task-pyspy/flamegraph.json", "reports/quality/seven-gaps-20261002/publication/ci-artifacts/python-quality-06226c703a14dba5999bcc3115633a8be95b2c25-1/python-all/tmp/test_pyspy_cli_writes_outputscurrent/out/task-pyspy/top.json", "reports/quality/seven-gaps-20261002/publication/ci-artifacts/python-quality-06226c703a14dba5999bcc3115633a8be95b2c25-1/python-all/tmp/test_pyspy_cli_writes_outputscurrent/pyspy-speedscope.json", "reports/quality/seven-gaps-20261002/publication/ci-artifacts/python-quality-06226c703a14dba5999bcc3115633a8be95b2c25-1/python-all/tmp/test_raw_corruption_is_rejecte0/report.json", "reports/quality/seven-gaps-20261002/publication/ci-artifacts/python-quality-06226c703a14dba5999bcc3115633a8be95b2c25-1/python-all/tmp/test_raw_corruption_is_rejectecurrent/report.json", "reports/quality/seven-gaps-20261002/publication/ci-artifacts/python-quality-06226c703a14dba5999bcc3115633a8be95b2c25-1/python-all/tmp/test_readonly_report_hash_and_0/view.json", "reports/quality/seven-gaps-20261002/publication/ci-artifacts/python-quality-06226c703a14dba5999bcc3115633a8be95b2c25-1/python-all/tmp/test_readonly_report_hash_and_current/view.json", "reports/quality/seven-gaps-20261002/publication/ci-artifacts/python-quality-06226c703a14dba5999bcc3115633a8be95b2c25-1/python-all/tmp/test_real_chroma_snapshot_and_0/catalog.json", "reports/quality/seven-gaps-20261002/publication/ci-artifacts/python-quality-06226c703a14dba5999bcc3115633a8be95b2c25-1/python-all/tmp/test_real_chroma_snapshot_and_current/catalog.json", "reports/quality/seven-gaps-20261002/publication/ci-artifacts/python-quality-06226c703a14dba5999bcc3115633a8be95b2c25-1/python-all/tmp/test_real_fixture_finishes_or_0/fixture-stderr.log", "reports/quality/seven-gaps-20261002/publication/ci-artifacts/python-quality-06226c703a14dba5999bcc3115633a8be95b2c25-1/python-all/tmp/test_real_fixture_finishes_or_0/remote/completed.json", "reports/quality/seven-gaps-20261002/publication/ci-artifacts/python-quality-06226c703a14dba5999bcc3115633a8be95b2c25-1/python-all/tmp/test_real_fixture_finishes_or_0/remote/identity.json", "reports/quality/seven-gaps-20261002/publication/ci-artifacts/python-quality-06226c703a14dba5999bcc3115633a8be95b2c25-1/python-all/tmp/test_real_fixture_finishes_or_1/fixture-stderr.log", "reports/quality/seven-gaps-20261002/publication/ci-artifacts/python-quality-06226c703a14dba5999bcc3115633a8be95b2c25-1/python-all/tmp/test_real_fixture_finishes_or_1/remote/completed.json", "reports/quality/seven-gaps-20261002/publication/ci-artifacts/python-quality-06226c703a14dba5999bcc3115633a8be95b2c25-1/python-all/tmp/test_real_fixture_finishes_or_1/remote/identity.json", "reports/quality/seven-gaps-20261002/publication/ci-artifacts/python-quality-06226c703a14dba5999bcc3115633a8be95b2c25-1/python-all/tmp/test_real_fixture_finishes_or_current/fixture-stderr.log", "reports/quality/seven-gaps-20261002/publication/ci-artifacts/python-quality-06226c703a14dba5999bcc3115633a8be95b2c25-1/python-all/tmp/test_real_fixture_finishes_or_current/remote/completed.json", "reports/quality/seven-gaps-20261002/publication/ci-artifacts/python-quality-06226c703a14dba5999bcc3115633a8be95b2c25-1/python-all/tmp/test_real_fixture_finishes_or_current/remote/identity.json", "reports/quality/seven-gaps-20261002/publication/ci-artifacts/python-quality-06226c703a14dba5999bcc3115633a8be95b2c25-1/python-all/tmp/test_rehashed_manifest_cannot_0/report.json", "reports/quality/seven-gaps-20261002/publication/ci-artifacts/python-quality-06226c703a14dba5999bcc3115633a8be95b2c25-1/python-all/tmp/test_rehashed_manifest_cannot_1/report.json", "reports/quality/seven-gaps-20261002/publication/ci-artifacts/python-quality-06226c703a14dba5999bcc3115633a8be95b2c25-1/python-all/tmp/test_rehashed_manifest_cannot_2/report.json", "reports/quality/seven-gaps-20261002/publication/ci-artifacts/python-quality-06226c703a14dba5999bcc3115633a8be95b2c25-1/python-all/tmp/test_rehashed_manifest_cannot_3/report.json", "reports/quality/seven-gaps-20261002/publication/ci-artifacts/python-quality-06226c703a14dba5999bcc3115633a8be95b2c25-1/python-all/tmp/test_rehashed_manifest_cannot_4/report.json", "reports/quality/seven-gaps-20261002/publication/ci-artifacts/python-quality-06226c703a14dba5999bcc3115633a8be95b2c25-1/python-all/tmp/test_rehashed_manifest_cannot_5/report.json", "reports/quality/seven-gaps-20261002/publication/ci-artifacts/python-quality-06226c703a14dba5999bcc3115633a8be95b2c25-1/python-all/tmp/test_rehashed_manifest_cannot_current/report.json", "reports/quality/seven-gaps-20261002/publication/ci-artifacts/python-quality-06226c703a14dba5999bcc3115633a8be95b2c25-1/python-all/tmp/test_rehashed_raw_records_stil0/report.json", "reports/quality/seven-gaps-20261002/publication/ci-artifacts/python-quality-06226c703a14dba5999bcc3115633a8be95b2c25-1/python-all/tmp/test_rehashed_raw_records_stil1/report.json", "reports/quality/seven-gaps-20261002/publication/ci-artifacts/python-quality-06226c703a14dba5999bcc3115633a8be95b2c25-1/python-all/tmp/test_rehashed_raw_records_stil2/report.json", "reports/quality/seven-gaps-20261002/publication/ci-artifacts/python-quality-06226c703a14dba5999bcc3115633a8be95b2c25-1/python-all/tmp/test_rehashed_raw_records_stil3/report.json", "reports/quality/seven-gaps-20261002/publication/ci-artifacts/python-quality-06226c703a14dba5999bcc3115633a8be95b2c25-1/python-all/tmp/test_rehashed_raw_records_stil4/report.json", "reports/quality/seven-gaps-20261002/publication/ci-artifacts/python-quality-06226c703a14dba5999bcc3115633a8be95b2c25-1/python-all/tmp/test_rehashed_raw_records_stil5/report.json", "reports/quality/seven-gaps-20261002/publication/ci-artifacts/python-quality-06226c703a14dba5999bcc3115633a8be95b2c25-1/python-all/tmp/test_rehashed_raw_records_stilcurrent/report.json", "reports/quality/seven-gaps-20261002/publication/ci-artifacts/python-quality-06226c703a14dba5999bcc3115633a8be95b2c25-1/python-all/tmp/test_repeated_campaign_keeps_e0/campaign-cases/RAG-01-r01.json", "reports/quality/seven-gaps-20261002/publication/ci-artifacts/python-quality-06226c703a14dba5999bcc3115633a8be95b2c25-1/python-all/tmp/test_repeated_campaign_keeps_e0/campaign-cases/RAG-01-r02.json", "reports/quality/seven-gaps-20261002/publication/ci-artifacts/python-quality-06226c703a14dba5999bcc3115633a8be95b2c25-1/python-all/tmp/test_repeated_campaign_keeps_e0/campaign.json", "reports/quality/seven-gaps-20261002/publication/ci-artifacts/python-quality-06226c703a14dba5999bcc3115633a8be95b2c25-1/python-all/tmp/test_repeated_campaign_keeps_ecurrent/campaign-cases/RAG-01-r01.json", "reports/quality/seven-gaps-20261002/publication/ci-artifacts/python-quality-06226c703a14dba5999bcc3115633a8be95b2c25-1/python-all/tmp/test_repeated_campaign_keeps_ecurrent/campaign-cases/RAG-01-r02.json", "reports/quality/seven-gaps-20261002/publication/ci-artifacts/python-quality-06226c703a14dba5999bcc3115633a8be95b2c25-1/python-all/tmp/test_repeated_campaign_keeps_ecurrent/campaign.json", "reports/quality/seven-gaps-20261002/publication/ci-artifacts/python-quality-06226c703a14dba5999bcc3115633a8be95b2c25-1/python-all/tmp/test_resource_data_must_belong0/report.json", "reports/quality/seven-gaps-20261002/publication/ci-artifacts/python-quality-06226c703a14dba5999bcc3115633a8be95b2c25-1/python-all/tmp/test_resource_data_must_belong1/report.json", "reports/quality/seven-gaps-20261002/publication/ci-artifacts/python-quality-06226c703a14dba5999bcc3115633a8be95b2c25-1/python-all/tmp/test_resource_data_must_belong2/report.json", "reports/quality/seven-gaps-20261002/publication/ci-artifacts/python-quality-06226c703a14dba5999bcc3115633a8be95b2c25-1/python-all/tmp/test_resource_data_must_belong3/report.json", "reports/quality/seven-gaps-20261002/publication/ci-artifacts/python-quality-06226c703a14dba5999bcc3115633a8be95b2c25-1/python-all/tmp/test_resource_data_must_belongcurrent/report.json", "reports/quality/seven-gaps-20261002/publication/ci-artifacts/python-quality-06226c703a14dba5999bcc3115633a8be95b2c25-1/python-all/tmp/test_resource_summary_is_recom0/report.json", "reports/quality/seven-gaps-20261002/publication/ci-artifacts/python-quality-06226c703a14dba5999bcc3115633a8be95b2c25-1/python-all/tmp/test_resource_summary_is_recomcurrent/report.json", "reports/quality/seven-gaps-20261002/publication/ci-artifacts/python-quality-06226c703a14dba5999bcc3115633a8be95b2c25-1/python-all/tmp/test_retrieval_returns_empty_f0/knowledge/catalog.json", "reports/quality/seven-gaps-20261002/publication/ci-artifacts/python-quality-06226c703a14dba5999bcc3115633a8be95b2c25-1/python-all/tmp/test_retrieval_returns_empty_fcurrent/knowledge/catalog.json", "reports/quality/seven-gaps-20261002/publication/ci-artifacts/python-quality-06226c703a14dba5999bcc3115633a8be95b2c25-1/python-all/tmp/test_retrieval_trace_explicitl0/knowledge/catalog.json", "reports/quality/seven-gaps-20261002/publication/ci-artifacts/python-quality-06226c703a14dba5999bcc3115633a8be95b2c25-1/python-all/tmp/test_retrieval_trace_explicitlcurrent/knowledge/catalog.json", "reports/quality/seven-gaps-20261002/publication/ci-artifacts/python-quality-06226c703a14dba5999bcc3115633a8be95b2c25-1/python-all/tmp/test_root_cause_dataset_has_540/manifest.json", "reports/quality/seven-gaps-20261002/publication/ci-artifacts/python-quality-06226c703a14dba5999bcc3115633a8be95b2c25-1/python-all/tmp/test_root_cause_dataset_has_540/private/oracles.json", "reports/quality/seven-gaps-20261002/publication/ci-artifacts/python-quality-06226c703a14dba5999bcc3115633a8be95b2c25-1/python-all/tmp/test_root_cause_dataset_has_540/public/cases.json", "reports/quality/seven-gaps-20261002/publication/ci-artifacts/python-quality-06226c703a14dba5999bcc3115633a8be95b2c25-1/python-all/tmp/test_root_cause_dataset_has_54current/manifest.json", "reports/quality/seven-gaps-20261002/publication/ci-artifacts/python-quality-06226c703a14dba5999bcc3115633a8be95b2c25-1/python-all/tmp/test_root_cause_dataset_has_54current/private/oracles.json", "reports/quality/seven-gaps-20261002/publication/ci-artifacts/python-quality-06226c703a14dba5999bcc3115633a8be95b2c25-1/python-all/tmp/test_root_cause_dataset_has_54current/public/cases.json", "reports/quality/seven-gaps-20261002/publication/ci-artifacts/python-quality-06226c703a14dba5999bcc3115633a8be95b2c25-1/python-all/tmp/test_root_cause_evaluator_runs0/manifest.json", "reports/quality/seven-gaps-20261002/publication/ci-artifacts/python-quality-06226c703a14dba5999bcc3115633a8be95b2c25-1/python-all/tmp/test_root_cause_evaluator_runs0/private/oracles.json", "reports/quality/seven-gaps-20261002/publication/ci-artifacts/python-quality-06226c703a14dba5999bcc3115633a8be95b2c25-1/python-all/tmp/test_root_cause_evaluator_runs0/public/cases.json", "reports/quality/seven-gaps-20261002/publication/ci-artifacts/python-quality-06226c703a14dba5999bcc3115633a8be95b2c25-1/python-all/tmp/test_root_cause_evaluator_runscurrent/manifest.json", "reports/quality/seven-gaps-20261002/publication/ci-artifacts/python-quality-06226c703a14dba5999bcc3115633a8be95b2c25-1/python-all/tmp/test_root_cause_evaluator_runscurrent/private/oracles.json", "reports/quality/seven-gaps-20261002/publication/ci-artifacts/python-quality-06226c703a14dba5999bcc3115633a8be95b2c25-1/python-all/tmp/test_root_cause_evaluator_runscurrent/public/cases.json", "reports/quality/seven-gaps-20261002/publication/ci-artifacts/python-quality-06226c703a14dba5999bcc3115633a8be95b2c25-1/python-all/tmp/test_root_cause_markdown_repor0/manifest.json", "reports/quality/seven-gaps-20261002/publication/ci-artifacts/python-quality-06226c703a14dba5999bcc3115633a8be95b2c25-1/python-all/tmp/test_root_cause_markdown_repor0/private/oracles.json", "reports/quality/seven-gaps-20261002/publication/ci-artifacts/python-quality-06226c703a14dba5999bcc3115633a8be95b2c25-1/python-all/tmp/test_root_cause_markdown_repor0/public/cases.json", "reports/quality/seven-gaps-20261002/publication/ci-artifacts/python-quality-06226c703a14dba5999bcc3115633a8be95b2c25-1/python-all/tmp/test_root_cause_markdown_reporcurrent/manifest.json", "reports/quality/seven-gaps-20261002/publication/ci-artifacts/python-quality-06226c703a14dba5999bcc3115633a8be95b2c25-1/python-all/tmp/test_root_cause_markdown_reporcurrent/private/oracles.json", "reports/quality/seven-gaps-20261002/publication/ci-artifacts/python-quality-06226c703a14dba5999bcc3115633a8be95b2c25-1/python-all/tmp/test_root_cause_markdown_reporcurrent/public/cases.json", "reports/quality/seven-gaps-20261002/publication/ci-artifacts/python-quality-06226c703a14dba5999bcc3115633a8be95b2c25-1/python-all/tmp/test_root_cause_observations_d0/manifest.json", "reports/quality/seven-gaps-20261002/publication/ci-artifacts/python-quality-06226c703a14dba5999bcc3115633a8be95b2c25-1/python-all/tmp/test_root_cause_observations_d0/private/oracles.json", "reports/quality/seven-gaps-20261002/publication/ci-artifacts/python-quality-06226c703a14dba5999bcc3115633a8be95b2c25-1/python-all/tmp/test_root_cause_observations_d0/public/cases.json", "reports/quality/seven-gaps-20261002/publication/ci-artifacts/python-quality-06226c703a14dba5999bcc3115633a8be95b2c25-1/python-all/tmp/test_root_cause_observations_dcurrent/manifest.json", "reports/quality/seven-gaps-20261002/publication/ci-artifacts/python-quality-06226c703a14dba5999bcc3115633a8be95b2c25-1/python-all/tmp/test_root_cause_observations_dcurrent/private/oracles.json", "reports/quality/seven-gaps-20261002/publication/ci-artifacts/python-quality-06226c703a14dba5999bcc3115633a8be95b2c25-1/python-all/tmp/test_root_cause_observations_dcurrent/public/cases.json", "reports/quality/seven-gaps-20261002/publication/ci-artifacts/python-quality-06226c703a14dba5999bcc3115633a8be95b2c25-1/python-all/tmp/test_root_cause_replay_is_dete0/manifest.json", "reports/quality/seven-gaps-20261002/publication/ci-artifacts/python-quality-06226c703a14dba5999bcc3115633a8be95b2c25-1/python-all/tmp/test_root_cause_replay_is_dete0/private/oracles.json", "reports/quality/seven-gaps-20261002/publication/ci-artifacts/python-quality-06226c703a14dba5999bcc3115633a8be95b2c25-1/python-all/tmp/test_root_cause_replay_is_dete0/public/cases.json", "reports/quality/seven-gaps-20261002/publication/ci-artifacts/python-quality-06226c703a14dba5999bcc3115633a8be95b2c25-1/python-all/tmp/test_root_cause_replay_is_detecurrent/manifest.json", "reports/quality/seven-gaps-20261002/publication/ci-artifacts/python-quality-06226c703a14dba5999bcc3115633a8be95b2c25-1/python-all/tmp/test_root_cause_replay_is_detecurrent/private/oracles.json", "reports/quality/seven-gaps-20261002/publication/ci-artifacts/python-quality-06226c703a14dba5999bcc3115633a8be95b2c25-1/python-all/tmp/test_root_cause_replay_is_detecurrent/public/cases.json", "reports/quality/seven-gaps-20261002/publication/ci-artifacts/python-quality-06226c703a14dba5999bcc3115633a8be95b2c25-1/python-all/tmp/test_single_run_stays_backward0/campaign-cases/RAG-01.json", "reports/quality/seven-gaps-20261002/publication/ci-artifacts/python-quality-06226c703a14dba5999bcc3115633a8be95b2c25-1/python-all/tmp/test_single_run_stays_backward0/campaign.json", "reports/quality/seven-gaps-20261002/publication/ci-artifacts/python-quality-06226c703a14dba5999bcc3115633a8be95b2c25-1/python-all/tmp/test_single_run_stays_backwardcurrent/campaign-cases/RAG-01.json", "reports/quality/seven-gaps-20261002/publication/ci-artifacts/python-quality-06226c703a14dba5999bcc3115633a8be95b2c25-1/python-all/tmp/test_single_run_stays_backwardcurrent/campaign.json", "reports/quality/seven-gaps-20261002/publication/ci-artifacts/python-quality-06226c703a14dba5999bcc3115633a8be95b2c25-1/python-all/tmp/test_skip_allowlist_requires_c0/junit.xml", "reports/quality/seven-gaps-20261002/publication/ci-artifacts/python-quality-06226c703a14dba5999bcc3115633a8be95b2c25-1/python-all/tmp/test_skip_allowlist_requires_ccurrent/junit.xml", "reports/quality/seven-gaps-20261002/publication/ci-artifacts/python-quality-06226c703a14dba5999bcc3115633a8be95b2c25-1/python-all/tmp/test_source_edit_during_run_in0/run/report.json", "reports/quality/seven-gaps-20261002/publication/ci-artifacts/python-quality-06226c703a14dba5999bcc3115633a8be95b2c25-1/python-all/tmp/test_source_edit_during_run_incurrent/run/report.json", "reports/quality/seven-gaps-20261002/publication/ci-artifacts/python-quality-06226c703a14dba5999bcc3115633a8be95b2c25-1/python-all/tmp/test_successful_process_with_m0/missing-report/command-1.log", "reports/quality/seven-gaps-20261002/publication/ci-artifacts/python-quality-06226c703a14dba5999bcc3115633a8be95b2c25-1/python-all/tmp/test_successful_process_with_mcurrent/missing-report/command-1.log", "reports/quality/seven-gaps-20261002/publication/ci-artifacts/python-quality-06226c703a14dba5999bcc3115633a8be95b2c25-1/python-all/tmp/test_sys_metrics_correlates_co0/container-sys-metrics.json", "reports/quality/seven-gaps-20261002/publication/ci-artifacts/python-quality-06226c703a14dba5999bcc3115633a8be95b2c25-1/python-all/tmp/test_sys_metrics_correlates_cocurrent/container-sys-metrics.json", "reports/quality/seven-gaps-20261002/publication/ci-artifacts/python-quality-06226c703a14dba5999bcc3115633a8be95b2c25-1/python-all/tmp/test_sys_metrics_v2_derives_me0/sys_metrics.json", "reports/quality/seven-gaps-20261002/publication/ci-artifacts/python-quality-06226c703a14dba5999bcc3115633a8be95b2c25-1/python-all/tmp/test_sys_metrics_v2_derives_mecurrent/sys_metrics.json", "reports/quality/seven-gaps-20261002/publication/ci-artifacts/python-quality-06226c703a14dba5999bcc3115633a8be95b2c25-1/python-all/tmp/test_sys_metrics_v2_rejects_pi0/pid-reuse.json", "reports/quality/seven-gaps-20261002/publication/ci-artifacts/python-quality-06226c703a14dba5999bcc3115633a8be95b2c25-1/python-all/tmp/test_sys_metrics_v2_rejects_picurrent/pid-reuse.json", "reports/quality/seven-gaps-20261002/publication/ci-artifacts/python-quality-06226c703a14dba5999bcc3115633a8be95b2c25-1/python-all/tmp/test_three_routes_are_independ0/catalog.json", "reports/quality/seven-gaps-20261002/publication/ci-artifacts/python-quality-06226c703a14dba5999bcc3115633a8be95b2c25-1/python-all/tmp/test_three_routes_are_independcurrent/catalog.json", "reports/quality/seven-gaps-20261002/publication/ci-artifacts/python-quality-06226c703a14dba5999bcc3115633a8be95b2c25-1/python-all/tmp/test_timeout_leaves_log_and_fa0/timeout/command-1.log", "reports/quality/seven-gaps-20261002/publication/ci-artifacts/python-quality-06226c703a14dba5999bcc3115633a8be95b2c25-1/python-all/tmp/test_timeout_leaves_log_and_facurrent/timeout/command-1.log", "reports/quality/seven-gaps-20261002/publication/ci-artifacts/python-quality-06226c703a14dba5999bcc3115633a8be95b2c25-1/python-all/tmp/test_unstable_repeat_outcomes_0/campaign-cases/RAG-01-r01.json", "reports/quality/seven-gaps-20261002/publication/ci-artifacts/python-quality-06226c703a14dba5999bcc3115633a8be95b2c25-1/python-all/tmp/test_unstable_repeat_outcomes_0/campaign-cases/RAG-01-r02.json", "reports/quality/seven-gaps-20261002/publication/ci-artifacts/python-quality-06226c703a14dba5999bcc3115633a8be95b2c25-1/python-all/tmp/test_unstable_repeat_outcomes_0/campaign.json", "reports/quality/seven-gaps-20261002/publication/ci-artifacts/python-quality-06226c703a14dba5999bcc3115633a8be95b2c25-1/python-all/tmp/test_unstable_repeat_outcomes_current/campaign-cases/RAG-01-r01.json", "reports/quality/seven-gaps-20261002/publication/ci-artifacts/python-quality-06226c703a14dba5999bcc3115633a8be95b2c25-1/python-all/tmp/test_unstable_repeat_outcomes_current/campaign-cases/RAG-01-r02.json", "reports/quality/seven-gaps-20261002/publication/ci-artifacts/python-quality-06226c703a14dba5999bcc3115633a8be95b2c25-1/python-all/tmp/test_unstable_repeat_outcomes_current/campaign.json", "reports/quality/seven-gaps-20261002/publication/ci-artifacts/python-quality-06226c703a14dba5999bcc3115633a8be95b2c25-1/python-all/tmp/test_v2_evaluator_calls_produc0/manifest.json", "reports/quality/seven-gaps-20261002/publication/ci-artifacts/python-quality-06226c703a14dba5999bcc3115633a8be95b2c25-1/python-all/tmp/test_v2_evaluator_calls_produc0/private/oracles.json", "reports/quality/seven-gaps-20261002/publication/ci-artifacts/python-quality-06226c703a14dba5999bcc3115633a8be95b2c25-1/python-all/tmp/test_v2_evaluator_calls_produc0/public/cases.json", "reports/quality/seven-gaps-20261002/publication/ci-artifacts/python-quality-06226c703a14dba5999bcc3115633a8be95b2c25-1/python-all/tmp/test_v2_evaluator_calls_produc0/sources.json", "reports/quality/seven-gaps-20261002/publication/ci-artifacts/python-quality-06226c703a14dba5999bcc3115633a8be95b2c25-1/python-all/tmp/test_v2_evaluator_calls_produccurrent/manifest.json", "reports/quality/seven-gaps-20261002/publication/ci-artifacts/python-quality-06226c703a14dba5999bcc3115633a8be95b2c25-1/python-all/tmp/test_v2_evaluator_calls_produccurrent/private/oracles.json", "reports/quality/seven-gaps-20261002/publication/ci-artifacts/python-quality-06226c703a14dba5999bcc3115633a8be95b2c25-1/python-all/tmp/test_v2_evaluator_calls_produccurrent/public/cases.json", "reports/quality/seven-gaps-20261002/publication/ci-artifacts/python-quality-06226c703a14dba5999bcc3115633a8be95b2c25-1/python-all/tmp/test_v2_evaluator_calls_produccurrent/sources.json", "reports/quality/seven-gaps-20261002/publication/ci-artifacts/python-quality-06226c703a14dba5999bcc3115633a8be95b2c25-1/python-all/tmp/test_vector_failure_keeps_two_0/catalog.json", "reports/quality/seven-gaps-20261002/publication/ci-artifacts/python-quality-06226c703a14dba5999bcc3115633a8be95b2c25-1/python-all/tmp/test_vector_failure_keeps_two_current/catalog.json", "reports/quality/seven-gaps-20261002/publication/ci-artifacts/python-quality-06226c703a14dba5999bcc3115633a8be95b2c25-1/report.json", "reports/quality/seven-gaps-20261002/publication/ci-artifacts/web-browser-06226c703a14dba5999bcc3115633a8be95b2c25-1/result.json", "reports/quality/seven-gaps-20261002/publication/ci-final-evidence-summary.json", "reports/quality/seven-gaps-20261002/publication/ci-final-evidence-summary.md", "reports/quality/seven-gaps-20261002/publication/ci-final-source-equivalence.json", "reports/quality/seven-gaps-20261002/publication/final-publication-verification.json", "reports/quality/seven-gaps-20261002/publication/final-runtime-predeployment.json", "reports/quality/seven-gaps-20261002/publication/final-seven-audit.json", "reports/quality/seven-gaps-20261002/publication/final-seven-audit.md", "reports/quality/seven-gaps-20261002/publication/order-failure-proof.json", "reports/quality/seven-gaps-20261002/publication/release/activate_platform.py", "reports/quality/seven-gaps-20261002/publication/release/ci-jobs.json", "reports/quality/seven-gaps-20261002/publication/release/ci-run.json", "reports/quality/seven-gaps-20261002/publication/release/deploy_runtime.py", "reports/quality/seven-gaps-20261002/publication/release/manifest.json", "reports/quality/seven-gaps-20261002/publication/release/platform-deployment.json", "reports/quality/seven-gaps-20261002/publication/release/platform-deployment.log", "reports/quality/seven-gaps-20261002/publication/release/release-tag.txt", "reports/quality/seven-gaps-20261002/publication/release/source-head.txt", "reports/quality/seven-gaps-20261002/publication/release/web-build.log", "reports/quality/seven-gaps-20261002/publication/tools/audit-collect-ci-final.py", "reports/quality/seven-gaps-20261002/publication/tools/audit-summarize-ci-final.py", "reports/quality/seven-gaps-20261002/publication/tools/browser_verify.mjs", "reports/quality/seven-gaps-20261002/publication/tools/browser_verify.py", "reports/quality/seven-gaps-20261002/publication/tools/final_preflight.py", "reports/quality/seven-gaps-20261002/publication/tools/final_seven_audit.py", "reports/quality/seven-gaps-20261002/publication/tools/prepare_final_release.py", "reports/quality/seven-gaps-20261002/publication/tools/verify_final_runtime.py", "reports/quality/seven-gaps-20261002/seven-cases/cpp-cpu-hotspot-artifacts/task_20261001_173422_31082f-manifest.raw", "reports/quality/seven-gaps-20261002/seven-cases/cpp-cpu-hotspot-artifacts/task_20261001_173422_31082f-raw.raw", "reports/quality/seven-gaps-20261002/seven-cases/cpp-cpu-hotspot.json", "reports/quality/seven-gaps-20261002/seven-cases/cpp-file-io-artifacts/task_20261001_174413_db953f-manifest.raw", "reports/quality/seven-gaps-20261002/seven-cases/cpp-file-io-artifacts/task_20261001_174413_db953f-sys_metrics.raw", "reports/quality/seven-gaps-20261002/seven-cases/cpp-file-io.json", "reports/quality/seven-gaps-20261002/seven-cases/cpp-lock-contention-artifacts/task_20261001_173647_ac6f09-manifest.raw", "reports/quality/seven-gaps-20261002/seven-cases/cpp-lock-contention-artifacts/task_20261001_173647_ac6f09-sys_metrics.raw", "reports/quality/seven-gaps-20261002/seven-cases/cpp-lock-contention.json", "reports/quality/seven-gaps-20261002/seven-cases/io-write-latency-artifacts/task_20261001_173822_85355f-manifest.raw", "reports/quality/seven-gaps-20261002/seven-cases/io-write-latency-artifacts/task_20261001_173822_85355f-sys_metrics.raw", "reports/quality/seven-gaps-20261002/seven-cases/io-write-latency-artifacts/task_20261001_173941_38c496-flamegraph_json.raw", "reports/quality/seven-gaps-20261002/seven-cases/io-write-latency-artifacts/task_20261001_173941_38c496-manifest.raw", "reports/quality/seven-gaps-20261002/seven-cases/io-write-latency-artifacts/task_20261001_173941_38c496-raw.raw", "reports/quality/seven-gaps-20261002/seven-cases/io-write-latency-artifacts/task_20261001_173941_38c496-top_json.raw", "reports/quality/seven-gaps-20261002/seven-cases/io-write-latency.json", "reports/quality/seven-gaps-20261002/seven-cases/java-file-io-artifacts/task_20261001_174057_4044ac-manifest.raw", "reports/quality/seven-gaps-20261002/seven-cases/java-file-io-artifacts/task_20261001_174057_4044ac-sys_metrics.raw", "reports/quality/seven-gaps-20261002/seven-cases/java-file-io-artifacts/task_20261001_174219_59dd08-java_flamegraph_html.raw", "reports/quality/seven-gaps-20261002/seven-cases/java-file-io-artifacts/task_20261001_174219_59dd08-jvm_gc_metrics.raw", "reports/quality/seven-gaps-20261002/seven-cases/java-file-io-artifacts/task_20261001_174219_59dd08-manifest.raw", "reports/quality/seven-gaps-20261002/seven-cases/java-file-io.json", "reports/quality/seven-gaps-20261002/seven-cases/noisy-neighbor-artifacts/task_20261001_174653_89d3f3-manifest.raw", "reports/quality/seven-gaps-20261002/seven-cases/noisy-neighbor-artifacts/task_20261001_174653_89d3f3-sys_metrics.raw", "reports/quality/seven-gaps-20261002/seven-cases/noisy-neighbor-artifacts/task_20261001_174750_499285-callgraph_json.raw", "reports/quality/seven-gaps-20261002/seven-cases/noisy-neighbor-artifacts/task_20261001_174750_499285-flamegraph_json.raw", "reports/quality/seven-gaps-20261002/seven-cases/noisy-neighbor-artifacts/task_20261001_174750_499285-flamegraph_svg.raw", "reports/quality/seven-gaps-20261002/seven-cases/noisy-neighbor-artifacts/task_20261001_174750_499285-manifest.raw", "reports/quality/seven-gaps-20261002/seven-cases/noisy-neighbor-artifacts/task_20261001_174750_499285-raw.raw", "reports/quality/seven-gaps-20261002/seven-cases/noisy-neighbor-artifacts/task_20261001_174750_499285-suggestions_md.raw", "reports/quality/seven-gaps-20261002/seven-cases/noisy-neighbor-artifacts/task_20261001_174750_499285-top_json.raw", "reports/quality/seven-gaps-20261002/seven-cases/noisy-neighbor.json", "reports/quality/seven-gaps-20261002/seven-cases/source-hotspot-artifacts/task_20261001_173226_6ece8d-flamegraph_json.raw", "reports/quality/seven-gaps-20261002/seven-cases/source-hotspot-artifacts/task_20261001_173226_6ece8d-manifest.raw", "reports/quality/seven-gaps-20261002/seven-cases/source-hotspot-artifacts/task_20261001_173226_6ece8d-raw.raw", "reports/quality/seven-gaps-20261002/seven-cases/source-hotspot-artifacts/task_20261001_173226_6ece8d-top_json.raw", "reports/quality/seven-gaps-20261002/seven-cases/source-hotspot-artifacts/task_20261001_173245_976dae-manifest.raw", "reports/quality/seven-gaps-20261002/seven-cases/source-hotspot-artifacts/task_20261001_173245_976dae-sys_metrics.raw", "reports/quality/seven-gaps-20261002/seven-cases/source-hotspot.json", "reports/quality/seven-gaps-20261002/seven.json", "scripts/audit_fault_plaza_failures.py", "scripts/build_agi_saber_ingest_patch.py", "scripts/build_business_acceptance_view.py", "scripts/build_engineering_case_index.py", "scripts/build_engineering_diagnosis.py", "scripts/build_knowledge_index.py", "scripts/build_performance_audit.py", "scripts/engineering_profile_observation.py", "scripts/evaluate_engineering_diagnosis.py", "scripts/evaluate_performance_localization.py", "scripts/evaluate_same_load_business_fix.py", "scripts/evaluate_sre_retrieval.py", "scripts/generate_cancellation_contract.py", "scripts/generate_learning_guide_file_index.py", "scripts/generate_root_cause_benchmark.py", "scripts/inspect_cloud_python_sampling.py", "scripts/local_sre.ps1", "scripts/package_sre_release.py", "scripts/process_resource_monitor.py", "scripts/release_knowledge_cloud.py", "scripts/release_sre_cloud.py", "scripts/render_load_report.py", "scripts/reproduce_parallel_timing_defect.py", "scripts/run_business_acceptance.py", "scripts/run_distributed_endurance.py", "scripts/run_dual_format_benchmark.py", "scripts/run_engineering_diagnosis_acceptance.py", "scripts/run_fault_plaza_strict_acceptance.py", "scripts/run_load_endurance.py", "scripts/run_quality_gate.py", "scripts/same_load_rag_fix_fixture.py", "scripts/setup_local_sre.py", "scripts/verify_actual_rag_search.py", "scripts/verify_cloud_sre.py", "scripts/verify_cloud_sre_browser.py", "scripts/verify_frontend_workbench.mjs", "scripts/verify_go_io_window.py", "scripts/verify_hotspot_controls.py", "scripts/verify_interview_demo.py", "scripts/verify_load_report.py", "scripts/verify_local_sre.py", "scripts/verify_local_sre_browser.mjs", "scripts/verify_perf_source_toolchain.py", "scripts/verify_runtime_observation_controls.py", "scripts/verify_semantic_retrieval.py", "server/app/agent_runtime/chroma_http.py", "server/app/agent_runtime/context.py", "server/app/agent_runtime/deadlines.py", "server/app/agent_runtime/grafana_observations.py", "server/app/agent_runtime/incident_memory.py", "server/app/agent_runtime/investigation_strategy.py", "server/app/agent_runtime/memory.py", "server/app/agent_runtime/model_factory.py", "server/app/agent_runtime/retrieval.py", "server/app/agent_runtime/runtime.py", "server/app/agent_runtime/semantic_retrieval.py", "server/app/agent_runtime/themes.py", "server/app/analysis_jobs.py", "server/app/analyzer_runner.py", "server/app/diagnosis_worker.py", "server/app/diagnostic_ai_rpc.py", "server/app/drop_insight/adaptive_planner.py", "server/app/drop_insight/bottleneck_localization.py", "server/app/drop_insight/business_acceptance.py", "server/app/drop_insight/business_observations.py", "server/app/drop_insight/claim_verifier.py", "server/app/drop_insight/cpu_criteria.py", "server/app/drop_insight/diagnosis_agent.py", "server/app/drop_insight/event_store.py", "server/app/drop_insight/evidence.py", "server/app/drop_insight/fault_plaza.py", "server/app/drop_insight/fix_verification.py", "server/app/drop_insight/health_assessment.py", "server/app/drop_insight/hypothesis_predicate.py", "server/app/drop_insight/lats.py", "server/app/drop_insight/managed_services.json", "server/app/drop_insight/managed_services.py", "server/app/drop_insight/observation_verifier.py", "server/app/drop_insight/performance_criteria.py", "server/app/drop_insight/report_conclusion.py", "server/app/drop_insight/root_cause_benchmark.py", "server/app/drop_insight/schemas.py", "server/app/drop_insight/service.py", "server/app/drop_insight/signal_window_validation.py", "server/app/drop_insight/skill_evolution.py", "server/app/drop_insight/source_mapper.py", "server/app/metric_analyzers.py", "server/app/repositories/analysis_job_repo.py", "tests/conftest.py", "tests/fixtures/engineering_diagnosis_before_seven_gaps.json", "tests/test_acceptance_client_transport.py", "tests/test_agent_deadlines.py", "tests/test_agent_model_options.py", "tests/test_agi_saber_application_metrics.py", "tests/test_agi_saber_request_observations.py", "tests/test_analyzer_command_failure.py", "tests/test_auto_scope_selection.py", "tests/test_business_acceptance.py", "tests/test_business_acceptance_properties.py", "tests/test_business_observations.py", "tests/test_business_repeat.py", "tests/test_cpu_contract_persistence.py", "tests/test_cpu_control_continuation.py", "tests/test_cpu_control_worker_flow.py", "tests/test_cpu_observation_registry.py", "tests/test_cpu_plan_contract.py", "tests/test_diagnosis_agent.py", "tests/test_diagnosis_cancellation.py", "tests/test_diagnosis_min_round_progression.py", "tests/test_diagnosis_terminal_finalization.py", "tests/test_diagnosis_trace_correlation.py", "tests/test_diagnosis_worker.py", "tests/test_diagnostic_ai_rpc.py", "tests/test_distributed_endurance.py", "tests/test_drop_insight_policy_evidence.py", "tests/test_drop_insight_report_effects_postgres.py", "tests/test_engineering_campaign_provenance.py", "tests/test_engineering_case_index.py", "tests/test_engineering_diagnosis.py", "tests/test_engineering_frozen_before_seven.py", "tests/test_engineering_java_profiles.py", "tests/test_engineering_live_campaign.py", "tests/test_fault_diagnosis_instance_context.py", "tests/test_fault_failure_audit.py", "tests/test_fault_plaza.py", "tests/test_fault_plaza_strict_acceptance.py", "tests/test_fix_verification.py", "tests/test_fixture_transport.py", "tests/test_go_demo_deployment_contract.py", "tests/test_go_io_window_harness.py", "tests/test_health_check_flow.py", "tests/test_health_check_postgres.py", "tests/test_hotspot_controls.py", "tests/test_hypothesis_predicate.py", "tests/test_investigation_memory.py", "tests/test_java_observation_report_scope.py", "tests/test_load_endurance.py", "tests/test_load_report_integrity.py", "tests/test_load_report_render.py", "tests/test_managed_services.py", "tests/test_metric_analyzers.py", "tests/test_noisy_neighbor_boot_identity.py", "tests/test_office_query_cache.py", "tests/test_outbox_postgres.py", "tests/test_perf_source_toolchain.py", "tests/test_performance_audit_index.py", "tests/test_performance_criteria.py", "tests/test_performance_localization_evaluation.py", "tests/test_performance_observation_verification.py", "tests/test_performance_plan_display.py", "tests/test_process_cpu_control.py", "tests/test_process_resource_monitor.py", "tests/test_quality_gate.py", "tests/test_report_conclusion.py", "tests/test_root_cause_benchmark.py", "tests/test_same_load_business_fix.py", "tests/test_seven_gap_acceptance.py", "tests/test_seven_gap_diagnosis_windows.py", "tests/test_seven_gap_planning.py", "tests/test_seven_gap_telemetry.py", "tests/test_skill_policy.py", "tests/test_source_mapper.py", "tests/test_sre_agent_upgrade.py", "tests/test_sre_collection_acceptance.py", "tests/test_target_io_observations.py", "tests/test_three_route_retrieval.py", "web/package-lock.json", "web/package.json", "web/public/report-assets/engineering-cases/empty-query-cache/cache-empty-before.xml", "web/public/report-assets/engineering-cases/empty-query-cache/cache-empty-targeted.xml", "web/public/report-assets/engineering-cases/index.json", "web/public/report-assets/engineering-cases/notification-lifecycle/notification-after.xml", "web/public/report-assets/engineering-cases/notification-lifecycle/toast-before.log", "web/public/report-assets/engineering-cases/parallel-timing/parallel-timing.json", "web/public/report-assets/engineering-cases/parallel-timing/timing-after.py", "web/public/report-assets/engineering-cases/parallel-timing/timing-before.py", "web/public/report-assets/engineering-cases/skill-first-insert-race/postgres-race-after.xml", "web/public/report-assets/engineering-cases/skill-first-insert-race/postgres-race-before.xml", "web/public/report-assets/engineering-diagnosis/index.json", "web/public/report-assets/performance-audit/index.json", "web/src/api/client.js", "web/src/components/ActualExplorationTree.css", "web/src/components/ActualExplorationTree.jsx", "web/src/components/ActualExplorationTree.test.jsx", "web/src/components/AgentCockpit.jsx", "web/src/components/AppLayout.jsx", "web/src/components/AppLayout.module.css", "web/src/components/AppLayout.test.jsx", "web/src/components/ChatThread.jsx", "web/src/components/ChatThread.test.jsx", "web/src/components/ConclusionCard.jsx", "web/src/components/ConclusionCard.test.jsx", "web/src/components/DiagnosisCaseList.jsx", "web/src/components/DiagnosisShowcase.css", "web/src/components/DiagnosisWelcome.css", "web/src/components/DiagnosisWelcome.jsx", "web/src/components/EngineeringCasesPanel.css", "web/src/components/EngineeringCasesPanel.jsx", "web/src/components/EngineeringCasesPanel.test.jsx", "web/src/components/EngineeringDiagnosisSummary.integrity.test.jsx", "web/src/components/EngineeringDiagnosisSummary.jsx", "web/src/components/EngineeringDiagnosisSummary.test.jsx", "web/src/components/EvalPanel.css", "web/src/components/EvalPanel.jsx", "web/src/components/EvalPanel.test.jsx", "web/src/components/FaultPlazaPanel.jsx", "web/src/components/FaultPlazaPanel.test.jsx", "web/src/components/HealthCheckActions.jsx", "web/src/components/HealthCheckActions.test.jsx", "web/src/components/ManagedServicesPanel.jsx", "web/src/components/ManagedServicesPanel.test.jsx", "web/src/components/MentorComplexShowcase.jsx", "web/src/components/ObservabilityOverview.jsx", "web/src/components/ObservabilityOverview.test.jsx", "web/src/components/PerformanceDiagnosisSummary.jsx", "web/src/components/PerformanceDiagnosisSummary.test.jsx", "web/src/components/SkillABPanel.jsx", "web/src/components/SkillABPanel.test.jsx", "web/src/design-system.css", "web/src/hooks/SSEContext.jsx", "web/src/hooks/SSEContext.test.jsx", "web/src/hooks/useSSE.js", "web/src/hooks/useSSE.test.jsx", "web/src/main.jsx", "web/src/pages/AIDiagnosis.css", "web/src/pages/AIDiagnosis.jsx", "web/src/pages/AIDiagnosis.test.jsx", "web/src/pages/AgentDetail.jsx", "web/src/pages/AuditLogs.jsx", "web/src/pages/Dashboard.jsx", "web/src/pages/Schedules.jsx", "web/src/pages/Schedules.test.jsx", "web/src/pages/TaskResult.jsx", "web/src/pages/Workbench.css", "web/src/test/fixtures/performance-io-refutation.json", "web/src/theme.js", "web/src/utils/diagnosisDisplay.js", "web/src/utils/diagnosisQuery.js", "web/src/utils/diagnosisQuery.test.js", "web/src/utils/latsSearch.js", "web/src/utils/observationAssessment.js", "web/src/utils/observationAssessment.test.js", "web/src/utils/reportPresentation.js", "web/src/utils/reportPresentation.test.js"], "scope": "selection aid; full business smoke remains required"}
2026-10-02T04:48:38.6599730Z ##[group]Run python scripts/run_business_acceptance.py --output output/business-campaign.json --require-outcomes
2026-10-02T04:48:38.6600533Z [36;1mpython scripts/run_business_acceptance.py --output output/business-campaign.json --require-outcomes[0m
2026-10-02T04:48:38.6671349Z shell: /usr/bin/bash -e {0}
2026-10-02T04:48:38.6671611Z env:
2026-10-02T04:48:38.6671876Z   pythonLocation: /opt/hostedtoolcache/Python/3.11.16/x64
2026-10-02T04:48:38.6672326Z   PKG_CONFIG_PATH: /opt/hostedtoolcache/Python/3.11.16/x64/lib/pkgconfig
2026-10-02T04:48:38.6672755Z   Python_ROOT_DIR: /opt/hostedtoolcache/Python/3.11.16/x64
2026-10-02T04:48:38.6673144Z   Python2_ROOT_DIR: /opt/hostedtoolcache/Python/3.11.16/x64
2026-10-02T04:48:38.6673533Z   Python3_ROOT_DIR: /opt/hostedtoolcache/Python/3.11.16/x64
2026-10-02T04:48:38.6673918Z   LD_LIBRARY_PATH: /opt/hostedtoolcache/Python/3.11.16/x64/lib
2026-10-02T04:48:38.6674240Z ##[endgroup]
2026-10-02T04:48:38.8307614Z {"case": "RAG-01", "run": 1, "window": "baseline", "event": "START"}
2026-10-02T04:48:44.1969032Z {"case": "RAG-01", "run": 1, "window": "fault", "event": "START"}
2026-10-02T04:48:49.9161022Z {"case": "RAG-01", "run": 1, "window": "after", "event": "START"}
2026-10-02T04:48:55.2796578Z {"case": "RAG-01", "run": 1, "event": "FINISH", "outcome": "IMPROVEMENT_VERIFIED"}
2026-10-02T04:48:55.2797200Z {"case": "RAG-02", "run": 1, "window": "baseline", "event": "START"}
2026-10-02T04:49:00.6394231Z {"case": "RAG-02", "run": 1, "window": "fault", "event": "START"}
2026-10-02T04:49:05.9999620Z {"case": "RAG-02", "run": 1, "window": "after", "event": "START"}
2026-10-02T04:49:11.3700497Z {"case": "RAG-02", "run": 1, "event": "FINISH", "outcome": "IMPROVEMENT_VERIFIED"}
2026-10-02T04:49:11.3701629Z {"case": "RAG-03", "run": 1, "window": "baseline", "event": "START"}
2026-10-02T04:49:16.7699553Z {"case": "RAG-03", "run": 1, "window": "fault", "event": "START"}
2026-10-02T04:49:22.6099350Z {"case": "RAG-03", "run": 1, "window": "after", "event": "START"}
2026-10-02T04:49:28.0195506Z {"case": "RAG-03", "run": 1, "event": "FINISH", "outcome": "DEGRADED_AVAILABLE"}
2026-10-02T04:49:28.0671046Z ##[group]Run python scripts/run_business_acceptance.py --output output/business-stability.json --repeat 3 --require-outcomes
2026-10-02T04:49:28.0671990Z [36;1mpython scripts/run_business_acceptance.py --output output/business-stability.json --repeat 3 --require-outcomes[0m
2026-10-02T04:49:28.0743726Z shell: /usr/bin/bash -e {0}
2026-10-02T04:49:28.0743974Z env:
2026-10-02T04:49:28.0744241Z   pythonLocation: /opt/hostedtoolcache/Python/3.11.16/x64
2026-10-02T04:49:28.0744706Z   PKG_CONFIG_PATH: /opt/hostedtoolcache/Python/3.11.16/x64/lib/pkgconfig
2026-10-02T04:49:28.0745150Z   Python_ROOT_DIR: /opt/hostedtoolcache/Python/3.11.16/x64
2026-10-02T04:49:28.0745537Z   Python2_ROOT_DIR: /opt/hostedtoolcache/Python/3.11.16/x64
2026-10-02T04:49:28.0745956Z   Python3_ROOT_DIR: /opt/hostedtoolcache/Python/3.11.16/x64
2026-10-02T04:49:28.0746352Z   LD_LIBRARY_PATH: /opt/hostedtoolcache/Python/3.11.16/x64/lib
2026-10-02T04:49:28.0746676Z ##[endgroup]
2026-10-02T04:49:28.2388612Z {"case": "RAG-01", "run": 1, "window": "baseline", "event": "START"}
2026-10-02T04:49:33.6013979Z {"case": "RAG-01", "run": 1, "window": "fault", "event": "START"}
2026-10-02T04:49:39.3289905Z {"case": "RAG-01", "run": 1, "window": "after", "event": "START"}
2026-10-02T04:49:44.6926171Z {"case": "RAG-01", "run": 1, "event": "FINISH", "outcome": "IMPROVEMENT_VERIFIED"}
2026-10-02T04:49:44.6926930Z {"case": "RAG-02", "run": 1, "window": "baseline", "event": "START"}
2026-10-02T04:49:50.0519403Z {"case": "RAG-02", "run": 1, "window": "fault", "event": "START"}
2026-10-02T04:49:55.4113539Z {"case": "RAG-02", "run": 1, "window": "after", "event": "START"}
2026-10-02T04:50:00.7786383Z {"case": "RAG-02", "run": 1, "event": "FINISH", "outcome": "IMPROVEMENT_VERIFIED"}
2026-10-02T04:50:00.7787208Z {"case": "RAG-03", "run": 1, "window": "baseline", "event": "START"}
2026-10-02T04:50:06.1784963Z {"case": "RAG-03", "run": 1, "window": "fault", "event": "START"}
2026-10-02T04:50:12.0193307Z {"case": "RAG-03", "run": 1, "window": "after", "event": "START"}
2026-10-02T04:50:17.4226553Z {"case": "RAG-03", "run": 1, "event": "FINISH", "outcome": "DEGRADED_AVAILABLE"}
2026-10-02T04:50:17.4227212Z {"case": "RAG-01", "run": 2, "window": "baseline", "event": "START"}
2026-10-02T04:50:22.7814302Z {"case": "RAG-01", "run": 2, "window": "fault", "event": "START"}
2026-10-02T04:50:28.5090848Z {"case": "RAG-01", "run": 2, "window": "after", "event": "START"}
2026-10-02T04:50:33.8723731Z {"case": "RAG-01", "run": 2, "event": "FINISH", "outcome": "IMPROVEMENT_VERIFIED"}
2026-10-02T04:50:33.8724349Z {"case": "RAG-02", "run": 2, "window": "baseline", "event": "START"}
2026-10-02T04:50:39.2316454Z {"case": "RAG-02", "run": 2, "window": "fault", "event": "START"}
2026-10-02T04:50:44.5907038Z {"case": "RAG-02", "run": 2, "window": "after", "event": "START"}
2026-10-02T04:50:49.9551073Z {"case": "RAG-02", "run": 2, "event": "FINISH", "outcome": "IMPROVEMENT_VERIFIED"}
2026-10-02T04:50:49.9551907Z {"case": "RAG-03", "run": 2, "window": "baseline", "event": "START"}
2026-10-02T04:50:55.3553232Z {"case": "RAG-03", "run": 2, "window": "fault", "event": "START"}
2026-10-02T04:51:01.1965736Z {"case": "RAG-03", "run": 2, "window": "after", "event": "START"}
2026-10-02T04:51:06.6026871Z {"case": "RAG-03", "run": 2, "event": "FINISH", "outcome": "DEGRADED_AVAILABLE"}
2026-10-02T04:51:06.6028891Z {"case": "RAG-01", "run": 3, "window": "baseline", "event": "START"}
2026-10-02T04:51:11.9622891Z {"case": "RAG-01", "run": 3, "window": "fault", "event": "START"}
2026-10-02T04:51:17.6805545Z {"case": "RAG-01", "run": 3, "window": "after", "event": "START"}
2026-10-02T04:51:23.0441535Z {"case": "RAG-01", "run": 3, "event": "FINISH", "outcome": "IMPROVEMENT_VERIFIED"}
2026-10-02T04:51:23.0442584Z {"case": "RAG-02", "run": 3, "window": "baseline", "event": "START"}
2026-10-02T04:51:28.4044168Z {"case": "RAG-02", "run": 3, "window": "fault", "event": "START"}
2026-10-02T04:51:33.7643644Z {"case": "RAG-02", "run": 3, "window": "after", "event": "START"}
2026-10-02T04:51:39.1305273Z {"case": "RAG-02", "run": 3, "event": "FINISH", "outcome": "IMPROVEMENT_VERIFIED"}
2026-10-02T04:51:39.1306386Z {"case": "RAG-03", "run": 3, "window": "baseline", "event": "START"}
2026-10-02T04:51:44.5305950Z {"case": "RAG-03", "run": 3, "window": "fault", "event": "START"}
2026-10-02T04:51:50.3733490Z {"case": "RAG-03", "run": 3, "window": "after", "event": "START"}
2026-10-02T04:51:55.7776622Z {"case": "RAG-03", "run": 3, "event": "FINISH", "outcome": "DEGRADED_AVAILABLE"}
2026-10-02T04:51:55.7820176Z {"schema": "mini-drop.business-repeat-summary.v1", "selection": "ALL_RUNS_RECORDED; NOT_BEST_OF", "scenarios": {"RAG-01": {"runs": 3, "run_indexes": [1, 2, 3], "outcomes": ["IMPROVEMENT_VERIFIED", "IMPROVEMENT_VERIFIED", "IMPROVEMENT_VERIFIED"], "outcome_stable": true, "p95_ms": {"baseline": {"min": 5.675570333323776, "mean": 5.719377333330537, "max": 5.803909333337742, "stdev": 0.07322307662153628, "samples": 3}, "fault": {"min": 185.3195209999683, "mean": 186.754537999974, "max": 188.25791333330244, "stdev": 1.4703883917013987, "samples": 3}, "after": {"min": 5.546544333355996, "mean": 5.739607333329862, "max": 5.896352666638904, "stdev": 0.17770958666466055, "samples": 3}}}, "RAG-02": {"runs": 3, "run_indexes": [1, 2, 3], "outcomes": ["IMPROVEMENT_VERIFIED", "IMPROVEMENT_VERIFIED", "IMPROVEMENT_VERIFIED"], "outcome_stable": true, "p95_ms": {"baseline": {"min": 6.008030000003828, "mean": 6.697917444445996, "max": 7.813511333324641, "stdev": 0.9751206047810369, "samples": 3}, "fault": {"min": 144.53446100003475, "mean": 152.48789866667303, "max": 167.50307499998485, "stdev": 13.0111652828242, "samples": 3}, "after": {"min": 6.415180999965742, "mean": 9.325434777755012, "max": 14.764861333276258, "stdev": 4.714533552943861, "samples": 3}}}, "RAG-03": {"runs": 3, "run_indexes": [1, 2, 3], "outcomes": ["DEGRADED_AVAILABLE", "DEGRADED_AVAILABLE", "DEGRADED_AVAILABLE"], "outcome_stable": true, "p95_ms": {"baseline": {"min": 15.895844666658832, "mean": 16.050983444453475, "max": 16.1383146667049, "stdev": 0.1347082910297096, "samples": 3}, "fault": {"min": 125.5896256666631, "mean": 126.05655911110603, "max": 126.42978200000243, "stdev": 0.42784566993038287, "samples": 3}, "after": {"min": 15.540010333324972, "mean": 15.79131488889137, "max": 15.99613500002306, "stdev": 0.23158806224288178, "samples": 3}}}}, "all_outcome_stable": true}
2026-10-02T04:51:55.8464341Z ##[group]Run actions/upload-artifact@v4
2026-10-02T04:51:55.8464634Z with:
2026-10-02T04:51:55.8464937Z   name: business-measurements-4106ef148573cc39036eb099b4ac1f7757f9f645
2026-10-02T04:51:55.8465324Z   path: output/business*
2026-10-02T04:51:55.8465566Z   if-no-files-found: warn
2026-10-02T04:51:55.8465798Z   compression-level: 6
2026-10-02T04:51:55.8466010Z   overwrite: false
2026-10-02T04:51:55.8466222Z   include-hidden-files: false
2026-10-02T04:51:55.8466456Z env:
2026-10-02T04:51:55.8466710Z   pythonLocation: /opt/hostedtoolcache/Python/3.11.16/x64
2026-10-02T04:51:55.8467145Z   PKG_CONFIG_PATH: /opt/hostedtoolcache/Python/3.11.16/x64/lib/pkgconfig
2026-10-02T04:51:55.8467602Z   Python_ROOT_DIR: /opt/hostedtoolcache/Python/3.11.16/x64
2026-10-02T04:51:55.8468299Z   Python2_ROOT_DIR: /opt/hostedtoolcache/Python/3.11.16/x64
2026-10-02T04:51:55.8468688Z   Python3_ROOT_DIR: /opt/hostedtoolcache/Python/3.11.16/x64
2026-10-02T04:51:55.8469119Z   LD_LIBRARY_PATH: /opt/hostedtoolcache/Python/3.11.16/x64/lib
2026-10-02T04:51:55.8469449Z ##[endgroup]
2026-10-02T04:51:56.0319180Z (node:3469) [DEP0040] DeprecationWarning: The `punycode` module is deprecated. Please use a userland alternative instead.
2026-10-02T04:51:56.0319926Z (Use `node --trace-deprecation ...` to show where the warning was created)
2026-10-02T04:51:56.0426353Z With the provided path, there will be 16 files uploaded
2026-10-02T04:51:56.0433625Z Artifact name is valid!
2026-10-02T04:51:56.0434843Z Root directory input is valid!
2026-10-02T04:51:56.4337072Z Beginning upload of artifact content to blob storage
2026-10-02T04:51:56.4872615Z (node:3469) [DEP0169] DeprecationWarning: `url.parse()` behavior is not standardized and prone to errors that have security implications. Use the WHATWG URL API instead. CVEs are not issued for `url.parse()` vulnerabilities.
2026-10-02T04:51:56.9843086Z Uploaded bytes 135926
2026-10-02T04:51:57.0658486Z Finished uploading artifact content to blob storage!
2026-10-02T04:51:57.0659972Z SHA256 digest of uploaded artifact zip is 96d97edc68cdab0d6edc697459dec3ea2e7e89f7604308b28de723886e1acbad
2026-10-02T04:51:57.0660991Z Finalizing artifact upload
2026-10-02T04:51:57.3458560Z Artifact business-measurements-4106ef148573cc39036eb099b4ac1f7757f9f645.zip successfully finalized. Artifact ID 11210066165
2026-10-02T04:51:57.3460861Z Artifact business-measurements-4106ef148573cc39036eb099b4ac1f7757f9f645 has been successfully uploaded! Final size is 135926 bytes. Artifact ID is 11210066165
2026-10-02T04:51:57.3465598Z Artifact download URL: https://github.com/llongwang751-arch/mini-drop/actions/runs/36966142203/artifacts/11210066165
2026-10-02T04:51:57.3651580Z Post job cleanup.
2026-10-02T04:51:57.4976107Z (node:3485) [DEP0040] DeprecationWarning: The `punycode` module is deprecated. Please use a userland alternative instead.
2026-10-02T04:51:57.4976996Z (Use `node --trace-deprecation ...` to show where the warning was created)
2026-10-02T04:51:57.5136055Z Post job cleanup.
2026-10-02T04:51:57.6056327Z [command]/usr/bin/git version
2026-10-02T04:51:57.6103107Z git version 2.55.0
2026-10-02T04:51:57.6176093Z Temporarily overriding HOME='/home/runner/work/_temp/4c2b77b1-d00f-4240-acf6-84f25e69aef6' before making global git config changes
2026-10-02T04:51:57.6177421Z Adding repository directory to the temporary git global config as a safe directory
2026-10-02T04:51:57.6182957Z [command]/usr/bin/git config --global --add safe.directory /home/runner/work/mini-drop/mini-drop
2026-10-02T04:51:57.6226159Z [command]/usr/bin/git config --local --name-only --get-regexp core\.sshCommand
2026-10-02T04:51:57.6266772Z [command]/usr/bin/git submodule foreach --recursive sh -c "git config --local --name-only --get-regexp 'core\.sshCommand' && git config --local --unset-all 'core.sshCommand' || :"
2026-10-02T04:51:57.6573980Z [command]/usr/bin/git config --local --name-only --get-regexp http\.https\:\/\/github\.com\/\.extraheader
2026-10-02T04:51:57.6620161Z http.https://github.com/.extraheader
2026-10-02T04:51:57.6679827Z [command]/usr/bin/git config --local --unset-all http.https://github.com/.extraheader
2026-10-02T04:51:57.6683070Z [command]/usr/bin/git submodule foreach --recursive sh -c "git config --local --name-only --get-regexp 'http\.https\:\/\/github\.com\/\.extraheader' && git config --local --unset-all 'http.https://github.com/.extraheader' || :"
2026-10-02T04:51:57.7034839Z [command]/usr/bin/git config --local --name-only --get-regexp ^includeIf\.gitdir:
2026-10-02T04:51:57.7077439Z [command]/usr/bin/git submodule foreach --recursive git config --local --show-origin --name-only --get-regexp remote.origin.url
2026-10-02T04:51:57.7553127Z Cleaning up orphan processes
2026-10-02T04:51:57.7915336Z ##[warning]Node.js 20 is deprecated. The following actions target Node.js 20 but are being forced to run on Node.js 24: actions/checkout@v4, actions/setup-python@v5, actions/upload-artifact@v4. For more information see: https://github.blog/changelog/2025-09-19-deprecation-of-node-20-on-github-actions-runners/
