#1 [internal] load local bake definitions
#1 reading from stdin 2.63kB done
#1 DONE 0.0s

#2 [internal] load build definition from native-agent.Dockerfile
#2 transferring dockerfile: 2.64kB done
#2 DONE 0.0s

#3 [internal] load metadata for docker.io/library/ubuntu:22.04
#3 DONE 0.1s

#4 [internal] load .dockerignore
#4 transferring context: 653B done
#4 DONE 0.0s

#5 [builder 1/8] FROM docker.io/library/ubuntu:22.04@sha256:b1066385161d28ddf6bc7e7b28a9170eec11484c821d1a5150d176cbde41d7f7
#5 CACHED

#6 [internal] load build context
#6 transferring context: 616.18kB 0.0s done
#6 DONE 0.0s

#7 [builder 2/8] RUN sed -i     -e "s|http://archive.ubuntu.com/ubuntu|http://archive.ubuntu.com/ubuntu|g"     -e "s|http://security.ubuntu.com/ubuntu|http://archive.ubuntu.com/ubuntu|g"     /etc/apt/sources.list     && apt-get update && apt-get install -y --no-install-recommends     build-essential     cmake     libgrpc++-dev     libprotobuf-dev     pkg-config     protobuf-compiler     protobuf-compiler-grpc     && rm -rf /var/lib/apt/lists/*
#7 0.355 Get:1 http://archive.ubuntu.com/ubuntu jammy InRelease [270 kB]
#7 0.867 Get:2 http://archive.ubuntu.com/ubuntu jammy-updates InRelease [128 kB]
#7 0.991 Get:3 http://archive.ubuntu.com/ubuntu jammy-backports InRelease [127 kB]
#7 1.114 Get:4 http://archive.ubuntu.com/ubuntu jammy-security InRelease [129 kB]
#7 1.239 Get:5 http://archive.ubuntu.com/ubuntu jammy/restricted amd64 Packages [164 kB]
#7 1.287 Get:6 http://archive.ubuntu.com/ubuntu jammy/multiverse amd64 Packages [266 kB]
#7 1.350 Get:7 http://archive.ubuntu.com/ubuntu jammy/main amd64 Packages [1792 kB]
#7 1.549 Get:8 http://archive.ubuntu.com/ubuntu jammy/universe amd64 Packages [17.5 MB]
#7 1.978 Get:9 http://archive.ubuntu.com/ubuntu jammy-updates/multiverse amd64 Packages [93.2 kB]
#7 1.978 Get:10 http://archive.ubuntu.com/ubuntu jammy-updates/main amd64 Packages [4747 kB]
#7 2.094 Get:11 http://archive.ubuntu.com/ubuntu jammy-updates/restricted amd64 Packages [8198 kB]
#7 2.277 Get:12 http://archive.ubuntu.com/ubuntu jammy-updates/universe amd64 Packages [1623 kB]
#7 2.312 Get:13 http://archive.ubuntu.com/ubuntu jammy-backports/universe amd64 Packages [35.6 kB]
#7 2.312 Get:14 http://archive.ubuntu.com/ubuntu jammy-backports/main amd64 Packages [82.9 kB]
#7 2.314 Get:15 http://archive.ubuntu.com/ubuntu jammy-security/multiverse amd64 Packages [84.6 kB]
#7 2.317 Get:16 http://archive.ubuntu.com/ubuntu jammy-security/restricted amd64 Packages [7843 kB]
#7 2.492 Get:17 http://archive.ubuntu.com/ubuntu jammy-security/main amd64 Packages [4376 kB]
#7 2.589 Get:18 http://archive.ubuntu.com/ubuntu jammy-security/universe amd64 Packages [1321 kB]
#7 3.352 Fetched 48.8 MB in 3s (15.4 MB/s)
#7 3.352 Reading package lists...
#7 4.266 Reading package lists...
#7 5.122 Building dependency tree...
#7 5.342 Reading state information...
#7 5.503 The following additional packages will be installed:
#7 5.503   binutils binutils-common binutils-x86-64-linux-gnu bzip2 cmake-data cpp
#7 5.504   cpp-11 dh-elpa-helper dpkg-dev emacsen-common g++ g++-11 gcc gcc-11
#7 5.504   gcc-11-base libabsl20210324 libarchive13 libasan6 libatomic1 libbinutils
#7 5.504   libbrotli1 libc-ares2 libc-dev-bin libc6-dev libcc1-0 libcrypt-dev
#7 5.504   libctf-nobfd0 libctf0 libcurl4 libdpkg-perl libexpat1 libgcc-11-dev
#7 5.504   libgdbm-compat4 libgdbm6 libglib2.0-0 libgomp1 libgrpc++1 libgrpc-dev
#7 5.504   libgrpc10 libicu70 libisl23 libitm1 libjsoncpp25 libldap-2.5-0 liblsan0
#7 5.504   libmpc3 libmpfr6 libnghttp2-14 libnsl-dev libperl5.34 libprotobuf-lite23
#7 5.504   libprotobuf23 libprotoc23 libpsl5 libquadmath0 librhash0 librtmp1 libsasl2-2
#7 5.504   libsasl2-modules-db libssh-4 libstdc++-11-dev libtirpc-dev libtsan0
#7 5.504   libubsan1 libuv1 libxml2 linux-libc-dev lto-disabled-list make patch perl
#7 5.504   perl-modules-5.34 rpcsvc-proto xz-utils zlib1g-dev
#7 5.505 Suggested packages:
#7 5.505   binutils-doc bzip2-doc cmake-doc ninja-build cmake-format cpp-doc
#7 5.505   gcc-11-locales debian-keyring g++-multilib g++-11-multilib gcc-11-doc
#7 5.505   gcc-multilib manpages-dev autoconf automake libtool flex bison gdb gcc-doc
#7 5.505   gcc-11-multilib lrzip glibc-doc gnupg git bzr gdbm-l10n libstdc++-11-doc
#7 5.505   make-doc ed diffutils-doc perl-doc libterm-readline-gnu-perl
#7 5.505   | libterm-readline-perl-perl libtap-harness-archive-perl protobuf-mode-el
#7 5.505 Recommended packages:
#7 5.505   fakeroot gnupg libalgorithm-merge-perl manpages manpages-dev libc-devtools
#7 5.505   ca-certificates libfile-fcntllock-perl liblocale-gettext-perl
#7 5.505   libglib2.0-data shared-mime-info xdg-user-dirs libldap-common publicsuffix
#7 5.505   libsasl2-modules netbase
#7 5.670 The following NEW packages will be installed:
#7 5.670   binutils binutils-common binutils-x86-64-linux-gnu build-essential bzip2
#7 5.670   cmake cmake-data cpp cpp-11 dh-elpa-helper dpkg-dev emacsen-common g++
#7 5.671   g++-11 gcc gcc-11 gcc-11-base libabsl20210324 libarchive13 libasan6
#7 5.671   libatomic1 libbinutils libbrotli1 libc-ares2 libc-dev-bin libc6-dev libcc1-0
#7 5.671   libcrypt-dev libctf-nobfd0 libctf0 libcurl4 libdpkg-perl libexpat1
#7 5.671   libgcc-11-dev libgdbm-compat4 libgdbm6 libglib2.0-0 libgomp1 libgrpc++-dev
#7 5.671   libgrpc++1 libgrpc-dev libgrpc10 libicu70 libisl23 libitm1 libjsoncpp25
#7 5.671   libldap-2.5-0 liblsan0 libmpc3 libmpfr6 libnghttp2-14 libnsl-dev libperl5.34
#7 5.671   libprotobuf-dev libprotobuf-lite23 libprotobuf23 libprotoc23 libpsl5
#7 5.671   libquadmath0 librhash0 librtmp1 libsasl2-2 libsasl2-modules-db libssh-4
#7 5.671   libstdc++-11-dev libtirpc-dev libtsan0 libubsan1 libuv1 libxml2
#7 5.671   linux-libc-dev lto-disabled-list make patch perl perl-modules-5.34
#7 5.672   pkg-config protobuf-compiler protobuf-compiler-grpc rpcsvc-proto xz-utils
#7 5.672   zlib1g-dev
#7 5.749 0 upgraded, 82 newly installed, 0 to remove and 1 not upgraded.
#7 5.749 Need to get 102 MB of archives.
#7 5.749 After this operation, 390 MB of additional disk space will be used.
#7 5.749 Get:1 http://archive.ubuntu.com/ubuntu jammy-updates/main amd64 perl-modules-5.34 all 5.34.0-3ubuntu1.9 [2977 kB]
#7 5.994 Get:2 http://archive.ubuntu.com/ubuntu jammy/main amd64 libgdbm6 amd64 1.23-1 [33.9 kB]
#7 5.994 Get:3 http://archive.ubuntu.com/ubuntu jammy/main amd64 libgdbm-compat4 amd64 1.23-1 [6606 B]
#7 5.995 Get:4 http://archive.ubuntu.com/ubuntu jammy-updates/main amd64 libperl5.34 amd64 5.34.0-3ubuntu1.9 [4796 kB]
#7 6.033 Get:5 http://archive.ubuntu.com/ubuntu jammy-updates/main amd64 perl amd64 5.34.0-3ubuntu1.9 [232 kB]
#7 6.034 Get:6 http://archive.ubuntu.com/ubuntu jammy-updates/main amd64 libexpat1 amd64 2.4.7-1ubuntu0.9 [96.9 kB]
#7 6.035 Get:7 http://archive.ubuntu.com/ubuntu jammy-updates/main amd64 libglib2.0-0 amd64 2.72.4-0ubuntu2.10 [1469 kB]
#7 6.043 Get:8 http://archive.ubuntu.com/ubuntu jammy/main amd64 libicu70 amd64 70.1-2 [10.6 MB]
#7 6.114 Get:9 http://archive.ubuntu.com/ubuntu jammy-updates/main amd64 libxml2 amd64 2.9.13+dfsg-1ubuntu0.13 [764 kB]
#7 6.119 Get:10 http://archive.ubuntu.com/ubuntu jammy-updates/main amd64 libnghttp2-14 amd64 1.43.0-1ubuntu0.4 [76.9 kB]
#7 6.119 Get:11 http://archive.ubuntu.com/ubuntu jammy/main amd64 libpsl5 amd64 0.21.0-1.2build2 [58.4 kB]
#7 6.120 Get:12 http://archive.ubuntu.com/ubuntu jammy-updates/main amd64 libuv1 amd64 1.43.0-1ubuntu0.1 [92.7 kB]
#7 6.121 Get:13 http://archive.ubuntu.com/ubuntu jammy-updates/main amd64 xz-utils amd64 5.2.5-2ubuntu1.1 [84.8 kB]
#7 6.121 Get:14 http://archive.ubuntu.com/ubuntu jammy-updates/main amd64 binutils-common amd64 2.38-4ubuntu2.12 [223 kB]
#7 6.123 Get:15 http://archive.ubuntu.com/ubuntu jammy-updates/main amd64 libbinutils amd64 2.38-4ubuntu2.12 [663 kB]
#7 6.126 Get:16 http://archive.ubuntu.com/ubuntu jammy-updates/main amd64 libctf-nobfd0 amd64 2.38-4ubuntu2.12 [108 kB]
#7 6.127 Get:17 http://archive.ubuntu.com/ubuntu jammy-updates/main amd64 libctf0 amd64 2.38-4ubuntu2.12 [103 kB]
#7 6.142 Get:18 http://archive.ubuntu.com/ubuntu jammy-updates/main amd64 binutils-x86-64-linux-gnu amd64 2.38-4ubuntu2.12 [2324 kB]
#7 6.169 Get:19 http://archive.ubuntu.com/ubuntu jammy-updates/main amd64 binutils amd64 2.38-4ubuntu2.12 [3184 B]
#7 6.169 Get:20 http://archive.ubuntu.com/ubuntu jammy-updates/main amd64 libc-dev-bin amd64 2.35-0ubuntu3.15 [20.3 kB]
#7 6.169 Get:21 http://archive.ubuntu.com/ubuntu jammy-updates/main amd64 linux-libc-dev amd64 5.15.0-198.208 [1391 kB]
#7 6.177 Get:22 http://archive.ubuntu.com/ubuntu jammy/main amd64 libcrypt-dev amd64 1:4.4.27-1 [112 kB]
#7 6.177 Get:23 http://archive.ubuntu.com/ubuntu jammy/main amd64 rpcsvc-proto amd64 1.4.2-0ubuntu6 [68.5 kB]
#7 6.178 Get:24 http://archive.ubuntu.com/ubuntu jammy-updates/main amd64 libtirpc-dev amd64 1.3.2-2ubuntu0.1 [192 kB]
#7 6.179 Get:25 http://archive.ubuntu.com/ubuntu jammy/main amd64 libnsl-dev amd64 1.3.0-2build2 [71.3 kB]
#7 6.180 Get:26 http://archive.ubuntu.com/ubuntu jammy-updates/main amd64 libc6-dev amd64 2.35-0ubuntu3.15 [2100 kB]
#7 6.200 Get:27 http://archive.ubuntu.com/ubuntu jammy-updates/main amd64 gcc-11-base amd64 11.4.0-1ubuntu1~22.04.3 [216 kB]
#7 6.201 Get:28 http://archive.ubuntu.com/ubuntu jammy/main amd64 libisl23 amd64 0.24-2build1 [727 kB]
#7 6.221 Get:29 http://archive.ubuntu.com/ubuntu jammy/main amd64 libmpfr6 amd64 4.1.0-3build3 [1425 kB]
#7 6.229 Get:30 http://archive.ubuntu.com/ubuntu jammy/main amd64 libmpc3 amd64 1.2.1-2build1 [46.9 kB]
#7 6.230 Get:31 http://archive.ubuntu.com/ubuntu jammy-updates/main amd64 cpp-11 amd64 11.4.0-1ubuntu1~22.04.3 [10.0 MB]
#7 6.328 Get:32 http://archive.ubuntu.com/ubuntu jammy/main amd64 cpp amd64 4:11.2.0-1ubuntu1 [27.7 kB]
#7 6.328 Get:33 http://archive.ubuntu.com/ubuntu jammy-updates/main amd64 libcc1-0 amd64 12.3.0-1ubuntu1~22.04.3 [48.3 kB]
#7 6.329 Get:34 http://archive.ubuntu.com/ubuntu jammy-updates/main amd64 libgomp1 amd64 12.3.0-1ubuntu1~22.04.3 [127 kB]
#7 6.330 Get:35 http://archive.ubuntu.com/ubuntu jammy-updates/main amd64 libitm1 amd64 12.3.0-1ubuntu1~22.04.3 [30.2 kB]
#7 6.330 Get:36 http://archive.ubuntu.com/ubuntu jammy-updates/main amd64 libatomic1 amd64 12.3.0-1ubuntu1~22.04.3 [10.5 kB]
#7 6.330 Get:37 http://archive.ubuntu.com/ubuntu jammy-updates/main amd64 libasan6 amd64 11.4.0-1ubuntu1~22.04.3 [2283 kB]
#7 6.342 Get:38 http://archive.ubuntu.com/ubuntu jammy-updates/main amd64 liblsan0 amd64 12.3.0-1ubuntu1~22.04.3 [1069 kB]
#7 6.354 Get:39 http://archive.ubuntu.com/ubuntu jammy-updates/main amd64 libtsan0 amd64 11.4.0-1ubuntu1~22.04.3 [2260 kB]
#7 6.382 Get:40 http://archive.ubuntu.com/ubuntu jammy-updates/main amd64 libubsan1 amd64 12.3.0-1ubuntu1~22.04.3 [976 kB]
#7 6.387 Get:41 http://archive.ubuntu.com/ubuntu jammy-updates/main amd64 libquadmath0 amd64 12.3.0-1ubuntu1~22.04.3 [154 kB]
#7 6.388 Get:42 http://archive.ubuntu.com/ubuntu jammy-updates/main amd64 libgcc-11-dev amd64 11.4.0-1ubuntu1~22.04.3 [2517 kB]
#7 6.408 Get:43 http://archive.ubuntu.com/ubuntu jammy-updates/main amd64 gcc-11 amd64 11.4.0-1ubuntu1~22.04.3 [20.1 MB]
#7 6.574 Get:44 http://archive.ubuntu.com/ubuntu jammy/main amd64 gcc amd64 4:11.2.0-1ubuntu1 [5112 B]
#7 6.575 Get:45 http://archive.ubuntu.com/ubuntu jammy-updates/main amd64 libstdc++-11-dev amd64 11.4.0-1ubuntu1~22.04.3 [2101 kB]
#7 6.594 Get:46 http://archive.ubuntu.com/ubuntu jammy-updates/main amd64 g++-11 amd64 11.4.0-1ubuntu1~22.04.3 [11.4 MB]
#7 6.681 Get:47 http://archive.ubuntu.com/ubuntu jammy/main amd64 g++ amd64 4:11.2.0-1ubuntu1 [1412 B]
#7 6.681 Get:48 http://archive.ubuntu.com/ubuntu jammy/main amd64 make amd64 4.3-4.1build1 [180 kB]
#7 6.682 Get:49 http://archive.ubuntu.com/ubuntu jammy-updates/main amd64 libdpkg-perl all 1.21.1ubuntu2.6 [237 kB]
#7 6.684 Get:50 http://archive.ubuntu.com/ubuntu jammy-updates/main amd64 bzip2 amd64 1.0.8-5ubuntu0.1 [34.8 kB]
#7 6.684 Get:51 http://archive.ubuntu.com/ubuntu jammy/main amd64 patch amd64 2.7.6-7build2 [109 kB]
#7 6.685 Get:52 http://archive.ubuntu.com/ubuntu jammy/main amd64 lto-disabled-list all 24 [12.5 kB]
#7 6.685 Get:53 http://archive.ubuntu.com/ubuntu jammy-updates/main amd64 dpkg-dev all 1.21.1ubuntu2.6 [922 kB]
#7 6.690 Get:54 http://archive.ubuntu.com/ubuntu jammy/main amd64 build-essential amd64 12.9ubuntu3 [4744 B]
#7 6.691 Get:55 http://archive.ubuntu.com/ubuntu jammy-updates/main amd64 libarchive13 amd64 3.6.0-1ubuntu1.8 [368 kB]
#7 6.709 Get:56 http://archive.ubuntu.com/ubuntu jammy/main amd64 libbrotli1 amd64 1.0.9-2build6 [315 kB]
#7 6.710 Get:57 http://archive.ubuntu.com/ubuntu jammy-updates/main amd64 libsasl2-modules-db amd64 2.1.27+dfsg2-3ubuntu1.2 [20.5 kB]
#7 6.735 Get:58 http://archive.ubuntu.com/ubuntu jammy-updates/main amd64 libsasl2-2 amd64 2.1.27+dfsg2-3ubuntu1.2 [53.8 kB]
#7 6.736 Get:59 http://archive.ubuntu.com/ubuntu jammy-updates/main amd64 libldap-2.5-0 amd64 2.5.20+dfsg-0ubuntu0.22.04.1 [184 kB]
#7 6.737 Get:60 http://archive.ubuntu.com/ubuntu jammy/main amd64 librtmp1 amd64 2.4+20151223.gitfa8646d.1-2build4 [58.2 kB]
#7 6.738 Get:61 http://archive.ubuntu.com/ubuntu jammy-updates/main amd64 libssh-4 amd64 0.9.6-2ubuntu0.22.04.8 [189 kB]
#7 6.739 Get:62 http://archive.ubuntu.com/ubuntu jammy-updates/main amd64 libcurl4 amd64 7.81.0-1ubuntu1.29 [292 kB]
#7 6.741 Get:63 http://archive.ubuntu.com/ubuntu jammy/main amd64 libjsoncpp25 amd64 1.9.5-3 [80.0 kB]
#7 6.741 Get:64 http://archive.ubuntu.com/ubuntu jammy/main amd64 librhash0 amd64 1.4.2-1ubuntu1 [125 kB]
#7 6.742 Get:65 http://archive.ubuntu.com/ubuntu jammy/main amd64 dh-elpa-helper all 2.0.9ubuntu1 [7610 B]
#7 6.762 Get:66 http://archive.ubuntu.com/ubuntu jammy/main amd64 emacsen-common all 3.0.4 [14.9 kB]
#7 6.762 Get:67 http://archive.ubuntu.com/ubuntu jammy-updates/main amd64 cmake-data all 3.22.1-1ubuntu1.22.04.2 [1913 kB]
#7 6.788 Get:68 http://archive.ubuntu.com/ubuntu jammy-updates/main amd64 cmake amd64 3.22.1-1ubuntu1.22.04.2 [5010 kB]
#7 6.822 Get:69 http://archive.ubuntu.com/ubuntu jammy-updates/main amd64 libabsl20210324 amd64 0~20210324.2-2ubuntu0.3 [386 kB]
#7 6.824 Get:70 http://archive.ubuntu.com/ubuntu jammy-updates/main amd64 libc-ares2 amd64 1.18.1-1ubuntu0.22.04.3 [45.1 kB]
#7 6.824 Get:71 http://archive.ubuntu.com/ubuntu jammy/universe amd64 libgrpc10 amd64 1.30.2-3build6 [1470 kB]
#7 6.832 Get:72 http://archive.ubuntu.com/ubuntu jammy-updates/main amd64 libprotobuf23 amd64 3.12.4-1ubuntu7.22.04.6 [877 kB]
#7 6.837 Get:73 http://archive.ubuntu.com/ubuntu jammy/universe amd64 libgrpc++1 amd64 1.30.2-3build6 [402 kB]
#7 6.842 Get:74 http://archive.ubuntu.com/ubuntu jammy/universe amd64 libgrpc-dev amd64 1.30.2-3build6 [1066 kB]
#7 6.849 Get:75 http://archive.ubuntu.com/ubuntu jammy/universe amd64 libgrpc++-dev amd64 1.30.2-3build6 [564 kB]
#7 6.853 Get:76 http://archive.ubuntu.com/ubuntu jammy-updates/main amd64 libprotobuf-lite23 amd64 3.12.4-1ubuntu7.22.04.6 [209 kB]
#7 6.854 Get:77 http://archive.ubuntu.com/ubuntu jammy-updates/main amd64 libprotoc23 amd64 3.12.4-1ubuntu7.22.04.6 [662 kB]
#7 6.857 Get:78 http://archive.ubuntu.com/ubuntu jammy/main amd64 pkg-config amd64 0.29.2-1ubuntu3 [48.2 kB]
#7 6.875 Get:79 http://archive.ubuntu.com/ubuntu jammy-updates/universe amd64 protobuf-compiler amd64 3.12.4-1ubuntu7.22.04.6 [29.2 kB]
#7 6.876 Get:80 http://archive.ubuntu.com/ubuntu jammy/universe amd64 protobuf-compiler-grpc amd64 1.30.2-3build6 [185 kB]
#7 6.877 Get:81 http://archive.ubuntu.com/ubuntu jammy-updates/main amd64 zlib1g-dev amd64 1:1.2.11.dfsg-2ubuntu9.2 [164 kB]
#7 6.878 Get:82 http://archive.ubuntu.com/ubuntu jammy-updates/main amd64 libprotobuf-dev amd64 3.12.4-1ubuntu7.22.04.6 [1347 kB]
#7 6.977 debconf: delaying package configuration, since apt-utils is not installed
#7 7.011 Fetched 102 MB in 1s (84.5 MB/s)
#7 7.023 Selecting previously unselected package perl-modules-5.34.
#7 7.023 (Reading database ... 
(Reading database ... 5%
(Reading database ... 10%
(Reading database ... 15%
(Reading database ... 20%
(Reading database ... 25%
(Reading database ... 30%
(Reading database ... 35%
(Reading database ... 40%
(Reading database ... 45%
(Reading database ... 50%
(Reading database ... 55%
(Reading database ... 60%
(Reading database ... 65%
(Reading database ... 70%
(Reading database ... 75%
(Reading database ... 80%
(Reading database ... 85%
(Reading database ... 90%
(Reading database ... 95%
(Reading database ... 100%
(Reading database ... 4393 files and directories currently installed.)
#7 7.028 Preparing to unpack .../00-perl-modules-5.34_5.34.0-3ubuntu1.9_all.deb ...
#7 7.029 Unpacking perl-modules-5.34 (5.34.0-3ubuntu1.9) ...
#7 7.256 Selecting previously unselected package libgdbm6:amd64.
#7 7.257 Preparing to unpack .../01-libgdbm6_1.23-1_amd64.deb ...
#7 7.258 Unpacking libgdbm6:amd64 (1.23-1) ...
#7 7.269 Selecting previously unselected package libgdbm-compat4:amd64.
#7 7.270 Preparing to unpack .../02-libgdbm-compat4_1.23-1_amd64.deb ...
#7 7.270 Unpacking libgdbm-compat4:amd64 (1.23-1) ...
#7 7.281 Selecting previously unselected package libperl5.34:amd64.
#7 7.281 Preparing to unpack .../03-libperl5.34_5.34.0-3ubuntu1.9_amd64.deb ...
#7 7.282 Unpacking libperl5.34:amd64 (5.34.0-3ubuntu1.9) ...
#7 7.427 Selecting previously unselected package perl.
#7 7.428 Preparing to unpack .../04-perl_5.34.0-3ubuntu1.9_amd64.deb ...
#7 7.433 Unpacking perl (5.34.0-3ubuntu1.9) ...
#7 7.450 Selecting previously unselected package libexpat1:amd64.
#7 7.451 Preparing to unpack .../05-libexpat1_2.4.7-1ubuntu0.9_amd64.deb ...
#7 7.452 Unpacking libexpat1:amd64 (2.4.7-1ubuntu0.9) ...
#7 7.465 Selecting previously unselected package libglib2.0-0:amd64.
#7 7.466 Preparing to unpack .../06-libglib2.0-0_2.72.4-0ubuntu2.10_amd64.deb ...
#7 7.467 Unpacking libglib2.0-0:amd64 (2.72.4-0ubuntu2.10) ...
#7 7.494 Selecting previously unselected package libicu70:amd64.
#7 7.495 Preparing to unpack .../07-libicu70_70.1-2_amd64.deb ...
#7 7.496 Unpacking libicu70:amd64 (70.1-2) ...
#7 7.617 Selecting previously unselected package libxml2:amd64.
#7 7.618 Preparing to unpack .../08-libxml2_2.9.13+dfsg-1ubuntu0.13_amd64.deb ...
#7 7.619 Unpacking libxml2:amd64 (2.9.13+dfsg-1ubuntu0.13) ...
#7 7.637 Selecting previously unselected package libnghttp2-14:amd64.
#7 7.639 Preparing to unpack .../09-libnghttp2-14_1.43.0-1ubuntu0.4_amd64.deb ...
#7 7.639 Unpacking libnghttp2-14:amd64 (1.43.0-1ubuntu0.4) ...
#7 7.651 Selecting previously unselected package libpsl5:amd64.
#7 7.652 Preparing to unpack .../10-libpsl5_0.21.0-1.2build2_amd64.deb ...
#7 7.653 Unpacking libpsl5:amd64 (0.21.0-1.2build2) ...
#7 7.702 Selecting previously unselected package libuv1:amd64.
#7 7.704 Preparing to unpack .../11-libuv1_1.43.0-1ubuntu0.1_amd64.deb ...
#7 7.704 Unpacking libuv1:amd64 (1.43.0-1ubuntu0.1) ...
#7 7.715 Selecting previously unselected package xz-utils.
#7 7.716 Preparing to unpack .../12-xz-utils_5.2.5-2ubuntu1.1_amd64.deb ...
#7 7.716 Unpacking xz-utils (5.2.5-2ubuntu1.1) ...
#7 7.729 Selecting previously unselected package binutils-common:amd64.
#7 7.730 Preparing to unpack .../13-binutils-common_2.38-4ubuntu2.12_amd64.deb ...
#7 7.730 Unpacking binutils-common:amd64 (2.38-4ubuntu2.12) ...
#7 7.742 Selecting previously unselected package libbinutils:amd64.
#7 7.743 Preparing to unpack .../14-libbinutils_2.38-4ubuntu2.12_amd64.deb ...
#7 7.744 Unpacking libbinutils:amd64 (2.38-4ubuntu2.12) ...
#7 7.763 Selecting previously unselected package libctf-nobfd0:amd64.
#7 7.764 Preparing to unpack .../15-libctf-nobfd0_2.38-4ubuntu2.12_amd64.deb ...
#7 7.764 Unpacking libctf-nobfd0:amd64 (2.38-4ubuntu2.12) ...
#7 7.775 Selecting previously unselected package libctf0:amd64.
#7 7.776 Preparing to unpack .../16-libctf0_2.38-4ubuntu2.12_amd64.deb ...
#7 7.776 Unpacking libctf0:amd64 (2.38-4ubuntu2.12) ...
#7 7.787 Selecting previously unselected package binutils-x86-64-linux-gnu.
#7 7.788 Preparing to unpack .../17-binutils-x86-64-linux-gnu_2.38-4ubuntu2.12_amd64.deb ...
#7 7.788 Unpacking binutils-x86-64-linux-gnu (2.38-4ubuntu2.12) ...
#7 7.855 Selecting previously unselected package binutils.
#7 7.856 Preparing to unpack .../18-binutils_2.38-4ubuntu2.12_amd64.deb ...
#7 7.857 Unpacking binutils (2.38-4ubuntu2.12) ...
#7 7.870 Selecting previously unselected package libc-dev-bin.
#7 7.871 Preparing to unpack .../19-libc-dev-bin_2.35-0ubuntu3.15_amd64.deb ...
#7 7.871 Unpacking libc-dev-bin (2.35-0ubuntu3.15) ...
#7 7.882 Selecting previously unselected package linux-libc-dev:amd64.
#7 7.883 Preparing to unpack .../20-linux-libc-dev_5.15.0-198.208_amd64.deb ...
#7 7.883 Unpacking linux-libc-dev:amd64 (5.15.0-198.208) ...
#7 8.113 Selecting previously unselected package libcrypt-dev:amd64.
#7 8.114 Preparing to unpack .../21-libcrypt-dev_1%3a4.4.27-1_amd64.deb ...
#7 8.115 Unpacking libcrypt-dev:amd64 (1:4.4.27-1) ...
#7 8.126 Selecting previously unselected package rpcsvc-proto.
#7 8.127 Preparing to unpack .../22-rpcsvc-proto_1.4.2-0ubuntu6_amd64.deb ...
#7 8.128 Unpacking rpcsvc-proto (1.4.2-0ubuntu6) ...
#7 8.141 Selecting previously unselected package libtirpc-dev:amd64.
#7 8.142 Preparing to unpack .../23-libtirpc-dev_1.3.2-2ubuntu0.1_amd64.deb ...
#7 8.142 Unpacking libtirpc-dev:amd64 (1.3.2-2ubuntu0.1) ...
#7 8.161 Selecting previously unselected package libnsl-dev:amd64.
#7 8.162 Preparing to unpack .../24-libnsl-dev_1.3.0-2build2_amd64.deb ...
#7 8.163 Unpacking libnsl-dev:amd64 (1.3.0-2build2) ...
#7 8.181 Selecting previously unselected package libc6-dev:amd64.
#7 8.182 Preparing to unpack .../25-libc6-dev_2.35-0ubuntu3.15_amd64.deb ...
#7 8.182 Unpacking libc6-dev:amd64 (2.35-0ubuntu3.15) ...
#7 8.298 Selecting previously unselected package gcc-11-base:amd64.
#7 8.299 Preparing to unpack .../26-gcc-11-base_11.4.0-1ubuntu1~22.04.3_amd64.deb ...
#7 8.300 Unpacking gcc-11-base:amd64 (11.4.0-1ubuntu1~22.04.3) ...
#7 8.312 Selecting previously unselected package libisl23:amd64.
#7 8.314 Preparing to unpack .../27-libisl23_0.24-2build1_amd64.deb ...
#7 8.314 Unpacking libisl23:amd64 (0.24-2build1) ...
#7 8.333 Selecting previously unselected package libmpfr6:amd64.
#7 8.335 Preparing to unpack .../28-libmpfr6_4.1.0-3build3_amd64.deb ...
#7 8.336 Unpacking libmpfr6:amd64 (4.1.0-3build3) ...
#7 8.357 Selecting previously unselected package libmpc3:amd64.
#7 8.358 Preparing to unpack .../29-libmpc3_1.2.1-2build1_amd64.deb ...
#7 8.359 Unpacking libmpc3:amd64 (1.2.1-2build1) ...
#7 8.370 Selecting previously unselected package cpp-11.
#7 8.372 Preparing to unpack .../30-cpp-11_11.4.0-1ubuntu1~22.04.3_amd64.deb ...
#7 8.372 Unpacking cpp-11 (11.4.0-1ubuntu1~22.04.3) ...
#7 8.481 Selecting previously unselected package cpp.
#7 8.482 Preparing to unpack .../31-cpp_4%3a11.2.0-1ubuntu1_amd64.deb ...
#7 8.483 Unpacking cpp (4:11.2.0-1ubuntu1) ...
#7 8.495 Selecting previously unselected package libcc1-0:amd64.
#7 8.497 Preparing to unpack .../32-libcc1-0_12.3.0-1ubuntu1~22.04.3_amd64.deb ...
#7 8.498 Unpacking libcc1-0:amd64 (12.3.0-1ubuntu1~22.04.3) ...
#7 8.509 Selecting previously unselected package libgomp1:amd64.
#7 8.511 Preparing to unpack .../33-libgomp1_12.3.0-1ubuntu1~22.04.3_amd64.deb ...
#7 8.511 Unpacking libgomp1:amd64 (12.3.0-1ubuntu1~22.04.3) ...
#7 8.524 Selecting previously unselected package libitm1:amd64.
#7 8.525 Preparing to unpack .../34-libitm1_12.3.0-1ubuntu1~22.04.3_amd64.deb ...
#7 8.525 Unpacking libitm1:amd64 (12.3.0-1ubuntu1~22.04.3) ...
#7 8.537 Selecting previously unselected package libatomic1:amd64.
#7 8.538 Preparing to unpack .../35-libatomic1_12.3.0-1ubuntu1~22.04.3_amd64.deb ...
#7 8.539 Unpacking libatomic1:amd64 (12.3.0-1ubuntu1~22.04.3) ...
#7 8.550 Selecting previously unselected package libasan6:amd64.
#7 8.552 Preparing to unpack .../36-libasan6_11.4.0-1ubuntu1~22.04.3_amd64.deb ...
#7 8.552 Unpacking libasan6:amd64 (11.4.0-1ubuntu1~22.04.3) ...
#7 8.594 Selecting previously unselected package liblsan0:amd64.
#7 8.594 Preparing to unpack .../37-liblsan0_12.3.0-1ubuntu1~22.04.3_amd64.deb ...
#7 8.595 Unpacking liblsan0:amd64 (12.3.0-1ubuntu1~22.04.3) ...
#7 8.619 Selecting previously unselected package libtsan0:amd64.
#7 8.621 Preparing to unpack .../38-libtsan0_11.4.0-1ubuntu1~22.04.3_amd64.deb ...
#7 8.622 Unpacking libtsan0:amd64 (11.4.0-1ubuntu1~22.04.3) ...
#7 8.659 Selecting previously unselected package libubsan1:amd64.
#7 8.660 Preparing to unpack .../39-libubsan1_12.3.0-1ubuntu1~22.04.3_amd64.deb ...
#7 8.661 Unpacking libubsan1:amd64 (12.3.0-1ubuntu1~22.04.3) ...
#7 8.681 Selecting previously unselected package libquadmath0:amd64.
#7 8.683 Preparing to unpack .../40-libquadmath0_12.3.0-1ubuntu1~22.04.3_amd64.deb ...
#7 8.683 Unpacking libquadmath0:amd64 (12.3.0-1ubuntu1~22.04.3) ...
#7 8.694 Selecting previously unselected package libgcc-11-dev:amd64.
#7 8.696 Preparing to unpack .../41-libgcc-11-dev_11.4.0-1ubuntu1~22.04.3_amd64.deb ...
#7 8.696 Unpacking libgcc-11-dev:amd64 (11.4.0-1ubuntu1~22.04.3) ...
#7 8.765 Selecting previously unselected package gcc-11.
#7 8.767 Preparing to unpack .../42-gcc-11_11.4.0-1ubuntu1~22.04.3_amd64.deb ...
#7 8.767 Unpacking gcc-11 (11.4.0-1ubuntu1~22.04.3) ...
#7 8.973 Selecting previously unselected package gcc.
#7 8.975 Preparing to unpack .../43-gcc_4%3a11.2.0-1ubuntu1_amd64.deb ...
#7 8.975 Unpacking gcc (4:11.2.0-1ubuntu1) ...
#7 8.988 Selecting previously unselected package libstdc++-11-dev:amd64.
#7 8.989 Preparing to unpack .../44-libstdc++-11-dev_11.4.0-1ubuntu1~22.04.3_amd64.deb ...
#7 8.990 Unpacking libstdc++-11-dev:amd64 (11.4.0-1ubuntu1~22.04.3) ...
#7 9.149 Selecting previously unselected package g++-11.
#7 9.151 Preparing to unpack .../45-g++-11_11.4.0-1ubuntu1~22.04.3_amd64.deb ...
#7 9.152 Unpacking g++-11 (11.4.0-1ubuntu1~22.04.3) ...
#7 9.287 Selecting previously unselected package g++.
#7 9.288 Preparing to unpack .../46-g++_4%3a11.2.0-1ubuntu1_amd64.deb ...
#7 9.289 Unpacking g++ (4:11.2.0-1ubuntu1) ...
#7 9.300 Selecting previously unselected package make.
#7 9.301 Preparing to unpack .../47-make_4.3-4.1build1_amd64.deb ...
#7 9.301 Unpacking make (4.3-4.1build1) ...
#7 9.342 Selecting previously unselected package libdpkg-perl.
#7 9.343 Preparing to unpack .../48-libdpkg-perl_1.21.1ubuntu2.6_all.deb ...
#7 9.344 Unpacking libdpkg-perl (1.21.1ubuntu2.6) ...
#7 9.372 Selecting previously unselected package bzip2.
#7 9.374 Preparing to unpack .../49-bzip2_1.0.8-5ubuntu0.1_amd64.deb ...
#7 9.374 Unpacking bzip2 (1.0.8-5ubuntu0.1) ...
#7 9.387 Selecting previously unselected package patch.
#7 9.389 Preparing to unpack .../50-patch_2.7.6-7build2_amd64.deb ...
#7 9.390 Unpacking patch (2.7.6-7build2) ...
#7 9.402 Selecting previously unselected package lto-disabled-list.
#7 9.402 Preparing to unpack .../51-lto-disabled-list_24_all.deb ...
#7 9.403 Unpacking lto-disabled-list (24) ...
#7 9.416 Selecting previously unselected package dpkg-dev.
#7 9.417 Preparing to unpack .../52-dpkg-dev_1.21.1ubuntu2.6_all.deb ...
#7 9.418 Unpacking dpkg-dev (1.21.1ubuntu2.6) ...
#7 9.447 Selecting previously unselected package build-essential.
#7 9.449 Preparing to unpack .../53-build-essential_12.9ubuntu3_amd64.deb ...
#7 9.450 Unpacking build-essential (12.9ubuntu3) ...
#7 9.461 Selecting previously unselected package libarchive13:amd64.
#7 9.463 Preparing to unpack .../54-libarchive13_3.6.0-1ubuntu1.8_amd64.deb ...
#7 9.463 Unpacking libarchive13:amd64 (3.6.0-1ubuntu1.8) ...
#7 9.480 Selecting previously unselected package libbrotli1:amd64.
#7 9.481 Preparing to unpack .../55-libbrotli1_1.0.9-2build6_amd64.deb ...
#7 9.482 Unpacking libbrotli1:amd64 (1.0.9-2build6) ...
#7 9.497 Selecting previously unselected package libsasl2-modules-db:amd64.
#7 9.499 Preparing to unpack .../56-libsasl2-modules-db_2.1.27+dfsg2-3ubuntu1.2_amd64.deb ...
#7 9.499 Unpacking libsasl2-modules-db:amd64 (2.1.27+dfsg2-3ubuntu1.2) ...
#7 9.511 Selecting previously unselected package libsasl2-2:amd64.
#7 9.513 Preparing to unpack .../57-libsasl2-2_2.1.27+dfsg2-3ubuntu1.2_amd64.deb ...
#7 9.513 Unpacking libsasl2-2:amd64 (2.1.27+dfsg2-3ubuntu1.2) ...
#7 9.526 Selecting previously unselected package libldap-2.5-0:amd64.
#7 9.528 Preparing to unpack .../58-libldap-2.5-0_2.5.20+dfsg-0ubuntu0.22.04.1_amd64.deb ...
#7 9.528 Unpacking libldap-2.5-0:amd64 (2.5.20+dfsg-0ubuntu0.22.04.1) ...
#7 9.542 Selecting previously unselected package librtmp1:amd64.
#7 9.543 Preparing to unpack .../59-librtmp1_2.4+20151223.gitfa8646d.1-2build4_amd64.deb ...
#7 9.544 Unpacking librtmp1:amd64 (2.4+20151223.gitfa8646d.1-2build4) ...
#7 9.556 Selecting previously unselected package libssh-4:amd64.
#7 9.557 Preparing to unpack .../60-libssh-4_0.9.6-2ubuntu0.22.04.8_amd64.deb ...
#7 9.558 Unpacking libssh-4:amd64 (0.9.6-2ubuntu0.22.04.8) ...
#7 9.572 Selecting previously unselected package libcurl4:amd64.
#7 9.573 Preparing to unpack .../61-libcurl4_7.81.0-1ubuntu1.29_amd64.deb ...
#7 9.574 Unpacking libcurl4:amd64 (7.81.0-1ubuntu1.29) ...
#7 9.590 Selecting previously unselected package libjsoncpp25:amd64.
#7 9.590 Preparing to unpack .../62-libjsoncpp25_1.9.5-3_amd64.deb ...
#7 9.592 Unpacking libjsoncpp25:amd64 (1.9.5-3) ...
#7 9.605 Selecting previously unselected package librhash0:amd64.
#7 9.606 Preparing to unpack .../63-librhash0_1.4.2-1ubuntu1_amd64.deb ...
#7 9.607 Unpacking librhash0:amd64 (1.4.2-1ubuntu1) ...
#7 9.620 Selecting previously unselected package dh-elpa-helper.
#7 9.621 Preparing to unpack .../64-dh-elpa-helper_2.0.9ubuntu1_all.deb ...
#7 9.622 Unpacking dh-elpa-helper (2.0.9ubuntu1) ...
#7 9.640 Selecting previously unselected package emacsen-common.
#7 9.642 Preparing to unpack .../65-emacsen-common_3.0.4_all.deb ...
#7 9.649 Unpacking emacsen-common (3.0.4) ...
#7 9.715 Selecting previously unselected package cmake-data.
#7 9.717 Preparing to unpack .../66-cmake-data_3.22.1-1ubuntu1.22.04.2_all.deb ...
#7 9.721 Unpacking cmake-data (3.22.1-1ubuntu1.22.04.2) ...
#7 ...

#8 [stage-1 2/9] RUN sed -i     -e "s|http://archive.ubuntu.com/ubuntu|http://archive.ubuntu.com/ubuntu|g"     -e "s|http://security.ubuntu.com/ubuntu|http://archive.ubuntu.com/ubuntu|g"     /etc/apt/sources.list     && apt-get update && apt-get install -y --no-install-recommends     ca-certificates     bpftrace     curl     python3     python3-pip     libgrpc++1     libprotobuf23     linux-libc-dev     linux-tools-generic     gzip     tar     util-linux     && rm -rf /var/lib/apt/lists/*     && cp "$(find /usr/lib -path '*/linux-tools-*/perf'        -type f | head -n 1)"        /usr/local/bin/perf
#8 0.451 Get:1 http://archive.ubuntu.com/ubuntu jammy InRelease [270 kB]
#8 0.948 Get:2 http://archive.ubuntu.com/ubuntu jammy-updates InRelease [128 kB]
#8 1.067 Get:3 http://archive.ubuntu.com/ubuntu jammy-backports InRelease [127 kB]
#8 1.187 Get:4 http://archive.ubuntu.com/ubuntu jammy-security InRelease [129 kB]
#8 1.308 Get:5 http://archive.ubuntu.com/ubuntu jammy/main amd64 Packages [1792 kB]
#8 1.589 Get:6 http://archive.ubuntu.com/ubuntu jammy/restricted amd64 Packages [164 kB]
#8 1.593 Get:7 http://archive.ubuntu.com/ubuntu jammy/multiverse amd64 Packages [266 kB]
#8 1.607 Get:8 http://archive.ubuntu.com/ubuntu jammy/universe amd64 Packages [17.5 MB]
#8 2.099 Get:9 http://archive.ubuntu.com/ubuntu jammy-updates/universe amd64 Packages [1623 kB]
#8 2.106 Get:10 http://archive.ubuntu.com/ubuntu jammy-updates/multiverse amd64 Packages [93.2 kB]
#8 2.107 Get:11 http://archive.ubuntu.com/ubuntu jammy-updates/restricted amd64 Packages [8198 kB]
#8 2.306 Get:12 http://archive.ubuntu.com/ubuntu jammy-updates/main amd64 Packages [4747 kB]
#8 2.409 Get:13 http://archive.ubuntu.com/ubuntu jammy-backports/main amd64 Packages [82.9 kB]
#8 2.409 Get:14 http://archive.ubuntu.com/ubuntu jammy-backports/universe amd64 Packages [35.6 kB]
#8 2.409 Get:15 http://archive.ubuntu.com/ubuntu jammy-security/multiverse amd64 Packages [84.6 kB]
#8 2.413 Get:16 http://archive.ubuntu.com/ubuntu jammy-security/universe amd64 Packages [1321 kB]
#8 2.440 Get:17 http://archive.ubuntu.com/ubuntu jammy-security/restricted amd64 Packages [7843 kB]
#8 2.611 Get:18 http://archive.ubuntu.com/ubuntu jammy-security/main amd64 Packages [4376 kB]
#8 3.514 Fetched 48.8 MB in 3s (14.6 MB/s)
#8 3.514 Reading package lists...
#8 4.413 Reading package lists...
#8 5.275 Building dependency tree...
#8 5.498 Reading state information...
#8 5.663 gzip is already the newest version (1.10-4ubuntu4.2).
#8 5.663 tar is already the newest version (1.34+dfsg-1ubuntu0.1.22.04.6).
#8 5.663 util-linux is already the newest version (2.37.2-4ubuntu3.6).
#8 5.663 The following additional packages will be installed:
#8 5.663   distro-info-data hwdata libabsl20210324 libbpf0 libbpfcc libbrotli1 libbsd0
#8 5.663   libc-ares2 libclang-cpp11 libclang1-11 libcurl4 libdw1 libedit2 libelf1
#8 5.663   libexpat1 libgrpc10 libicu70 libldap-2.5-0 libllvm11 libmd0 libmpdec3
#8 5.663   libnghttp2-14 libnuma1 libpci3 libpsl5 libpython3-stdlib
#8 5.663   libpython3.10-minimal libpython3.10-stdlib libreadline8 librtmp1 libsasl2-2
#8 5.663   libsasl2-modules-db libslang2 libsqlite3-0 libssh-4 libunwind8 libxml2
#8 5.664   linux-tools-5.15.0-198 linux-tools-5.15.0-198-generic linux-tools-common
#8 5.664   lsb-release media-types openssl pci.ids python3-distutils python3-lib2to3
#8 5.664   python3-minimal python3-pkg-resources python3-setuptools python3-wheel
#8 5.664   python3.10 python3.10-minimal readline-common usb.ids
#8 5.665 Suggested packages:
#8 5.665   python3-doc python3-tk python3-venv python-setuptools-doc python3.10-venv
#8 5.665   python3.10-doc binutils binfmt-support readline-doc
#8 5.665 Recommended packages:
#8 5.665   libldap-common publicsuffix libsasl2-modules build-essential python3-dev
#8 5.844 The following NEW packages will be installed:
#8 5.844   bpftrace ca-certificates curl distro-info-data hwdata libabsl20210324
#8 5.844   libbpf0 libbpfcc libbrotli1 libbsd0 libc-ares2 libclang-cpp11 libclang1-11
#8 5.844   libcurl4 libdw1 libedit2 libelf1 libexpat1 libgrpc++1 libgrpc10 libicu70
#8 5.844   libldap-2.5-0 libllvm11 libmd0 libmpdec3 libnghttp2-14 libnuma1 libpci3
#8 5.844   libprotobuf23 libpsl5 libpython3-stdlib libpython3.10-minimal
#8 5.844   libpython3.10-stdlib libreadline8 librtmp1 libsasl2-2 libsasl2-modules-db
#8 5.845   libslang2 libsqlite3-0 libssh-4 libunwind8 libxml2 linux-libc-dev
#8 5.845   linux-tools-5.15.0-198 linux-tools-5.15.0-198-generic linux-tools-common
#8 5.845   linux-tools-generic lsb-release media-types openssl pci.ids python3
#8 5.845   python3-distutils python3-lib2to3 python3-minimal python3-pip
#8 5.845   python3-pkg-resources python3-setuptools python3-wheel python3.10
#8 5.845   python3.10-minimal readline-common usb.ids
#8 6.172 0 upgraded, 63 newly installed, 0 to remove and 1 not upgraded.
#8 6.172 Need to get 74.8 MB of archives.
#8 6.172 After this operation, 296 MB of additional disk space will be used.
#8 6.172 Get:1 http://archive.ubuntu.com/ubuntu jammy-updates/main amd64 libpython3.10-minimal amd64 3.10.12-1~22.04.18 [817 kB]
#8 6.943 Get:2 http://archive.ubuntu.com/ubuntu jammy-updates/main amd64 libexpat1 amd64 2.4.7-1ubuntu0.9 [96.9 kB]
#8 6.951 Get:3 http://archive.ubuntu.com/ubuntu jammy-updates/main amd64 python3.10-minimal amd64 3.10.12-1~22.04.18 [2277 kB]
#8 7.169 Get:4 http://archive.ubuntu.com/ubuntu jammy-updates/main amd64 python3-minimal amd64 3.10.6-1~22.04.1 [24.3 kB]
#8 7.312 Get:5 http://archive.ubuntu.com/ubuntu jammy/main amd64 media-types all 7.0.0 [25.5 kB]
#8 7.368 Get:6 http://archive.ubuntu.com/ubuntu jammy/main amd64 libmpdec3 amd64 2.5.1-2build2 [86.8 kB]
#8 7.413 Get:7 http://archive.ubuntu.com/ubuntu jammy/main amd64 readline-common all 8.1.2-1 [53.5 kB]
#8 7.426 Get:8 http://archive.ubuntu.com/ubuntu jammy/main amd64 libreadline8 amd64 8.1.2-1 [153 kB]
#8 7.453 Get:9 http://archive.ubuntu.com/ubuntu jammy-updates/main amd64 libsqlite3-0 amd64 3.37.2-2ubuntu0.8 [642 kB]
#8 7.494 Get:10 http://archive.ubuntu.com/ubuntu jammy-updates/main amd64 libpython3.10-stdlib amd64 3.10.12-1~22.04.18 [1850 kB]
#8 7.532 Get:11 http://archive.ubuntu.com/ubuntu jammy-updates/main amd64 python3.10 amd64 3.10.12-1~22.04.18 [508 kB]
#8 7.538 Get:12 http://archive.ubuntu.com/ubuntu jammy-updates/main amd64 libpython3-stdlib amd64 3.10.6-1~22.04.1 [6812 B]
#8 7.538 Get:13 http://archive.ubuntu.com/ubuntu jammy-updates/main amd64 python3 amd64 3.10.6-1~22.04.1 [22.8 kB]
#8 7.539 Get:14 http://archive.ubuntu.com/ubuntu jammy-updates/main amd64 openssl amd64 3.0.2-0ubuntu1.30 [1186 kB]
#8 7.550 Get:15 http://archive.ubuntu.com/ubuntu jammy-updates/main amd64 ca-certificates all 20260601~22.04.1 [141 kB]
#8 7.551 Get:16 http://archive.ubuntu.com/ubuntu jammy-updates/main amd64 distro-info-data all 0.72-0ubuntu0.22.04.1 [5948 B]
#8 7.551 Get:17 http://archive.ubuntu.com/ubuntu jammy-updates/main amd64 libelf1 amd64 0.186-1ubuntu0.1 [51.1 kB]
#8 7.552 Get:18 http://archive.ubuntu.com/ubuntu jammy-updates/main amd64 libbpf0 amd64 1:0.5.0-1ubuntu22.04.1 [140 kB]
#8 7.553 Get:19 http://archive.ubuntu.com/ubuntu jammy/main amd64 libmd0 amd64 1.0.4-1build1 [23.0 kB]
#8 7.558 Get:20 http://archive.ubuntu.com/ubuntu jammy/main amd64 libbsd0 amd64 0.11.5-1 [44.8 kB]
#8 7.582 Get:21 http://archive.ubuntu.com/ubuntu jammy/main amd64 libicu70 amd64 70.1-2 [10.6 MB]
#8 7.684 Get:22 http://archive.ubuntu.com/ubuntu jammy/main amd64 libslang2 amd64 2.3.2-5build4 [468 kB]
#8 7.690 Get:23 http://archive.ubuntu.com/ubuntu jammy-updates/main amd64 libxml2 amd64 2.9.13+dfsg-1ubuntu0.13 [764 kB]
#8 7.696 Get:24 http://archive.ubuntu.com/ubuntu jammy/main amd64 lsb-release all 11.1.0ubuntu4 [10.8 kB]
#8 7.696 Get:25 http://archive.ubuntu.com/ubuntu jammy-updates/main amd64 python3-pkg-resources all 59.6.0-1.2ubuntu0.22.04.3 [133 kB]
#8 7.697 Get:26 http://archive.ubuntu.com/ubuntu jammy/main amd64 libedit2 amd64 3.1-20210910-1build1 [96.8 kB]
#8 7.698 Get:27 http://archive.ubuntu.com/ubuntu jammy-updates/main amd64 libnghttp2-14 amd64 1.43.0-1ubuntu0.4 [76.9 kB]
#8 7.699 Get:28 http://archive.ubuntu.com/ubuntu jammy/main amd64 libnuma1 amd64 2.0.14-3ubuntu2 [22.5 kB]
#8 7.699 Get:29 http://archive.ubuntu.com/ubuntu jammy-updates/main amd64 pci.ids all 0.0~2022.01.22-1ubuntu0.1 [251 kB]
#8 7.701 Get:30 http://archive.ubuntu.com/ubuntu jammy/main amd64 libpci3 amd64 1:3.7.0-6 [28.9 kB]
#8 7.778 Get:31 http://archive.ubuntu.com/ubuntu jammy/main amd64 libpsl5 amd64 0.21.0-1.2build2 [58.4 kB]
#8 7.779 Get:32 http://archive.ubuntu.com/ubuntu jammy/main amd64 usb.ids all 2022.04.02-1 [219 kB]
#8 7.781 Get:33 http://archive.ubuntu.com/ubuntu jammy/universe amd64 libllvm11 amd64 1:11.1.0-6 [19.6 MB]
#8 7.914 Get:34 http://archive.ubuntu.com/ubuntu jammy/universe amd64 libclang-cpp11 amd64 1:11.1.0-6 [10.5 MB]
#8 8.029 Get:35 http://archive.ubuntu.com/ubuntu jammy/universe amd64 libbpfcc amd64 0.18.0+ds-2 [661 kB]
#8 8.031 Get:36 http://archive.ubuntu.com/ubuntu jammy/universe amd64 libclang1-11 amd64 1:11.1.0-6 [6053 kB]
#8 8.101 Get:37 http://archive.ubuntu.com/ubuntu jammy/universe amd64 bpftrace amd64 0.14.0-1 [628 kB]
#8 8.105 Get:38 http://archive.ubuntu.com/ubuntu jammy/main amd64 libbrotli1 amd64 1.0.9-2build6 [315 kB]
#8 8.107 Get:39 http://archive.ubuntu.com/ubuntu jammy-updates/main amd64 libsasl2-modules-db amd64 2.1.27+dfsg2-3ubuntu1.2 [20.5 kB]
#8 8.108 Get:40 http://archive.ubuntu.com/ubuntu jammy-updates/main amd64 libsasl2-2 amd64 2.1.27+dfsg2-3ubuntu1.2 [53.8 kB]
#8 8.108 Get:41 http://archive.ubuntu.com/ubuntu jammy-updates/main amd64 libldap-2.5-0 amd64 2.5.20+dfsg-0ubuntu0.22.04.1 [184 kB]
#8 8.110 Get:42 http://archive.ubuntu.com/ubuntu jammy/main amd64 librtmp1 amd64 2.4+20151223.gitfa8646d.1-2build4 [58.2 kB]
#8 8.110 Get:43 http://archive.ubuntu.com/ubuntu jammy-updates/main amd64 libssh-4 amd64 0.9.6-2ubuntu0.22.04.8 [189 kB]
#8 8.112 Get:44 http://archive.ubuntu.com/ubuntu jammy-updates/main amd64 libcurl4 amd64 7.81.0-1ubuntu1.29 [292 kB]
#8 8.114 Get:45 http://archive.ubuntu.com/ubuntu jammy-updates/main amd64 curl amd64 7.81.0-1ubuntu1.29 [194 kB]
#8 8.128 Get:46 http://archive.ubuntu.com/ubuntu jammy/main amd64 hwdata all 0.357-1 [26.6 kB]
#8 8.153 Get:47 http://archive.ubuntu.com/ubuntu jammy-updates/main amd64 libabsl20210324 amd64 0~20210324.2-2ubuntu0.3 [386 kB]
#8 8.156 Get:48 http://archive.ubuntu.com/ubuntu jammy-updates/main amd64 libdw1 amd64 0.186-1ubuntu0.1 [251 kB]
#8 8.158 Get:49 http://archive.ubuntu.com/ubuntu jammy-updates/main amd64 libc-ares2 amd64 1.18.1-1ubuntu0.22.04.3 [45.1 kB]
#8 8.159 Get:50 http://archive.ubuntu.com/ubuntu jammy/universe amd64 libgrpc10 amd64 1.30.2-3build6 [1470 kB]
#8 8.168 Get:51 http://archive.ubuntu.com/ubuntu jammy-updates/main amd64 libprotobuf23 amd64 3.12.4-1ubuntu7.22.04.6 [877 kB]
#8 8.175 Get:52 http://archive.ubuntu.com/ubuntu jammy/universe amd64 libgrpc++1 amd64 1.30.2-3build6 [402 kB]
#8 8.178 Get:53 http://archive.ubuntu.com/ubuntu jammy-updates/main amd64 libunwind8 amd64 1.3.2-2build2.1 [54.5 kB]
#8 8.178 Get:54 http://archive.ubuntu.com/ubuntu jammy-updates/main amd64 linux-libc-dev amd64 5.15.0-198.208 [1391 kB]
#8 8.186 Get:55 http://archive.ubuntu.com/ubuntu jammy-updates/main amd64 linux-tools-common all 5.15.0-198.208 [361 kB]
#8 8.189 Get:56 http://archive.ubuntu.com/ubuntu jammy-updates/main amd64 linux-tools-5.15.0-198 amd64 5.15.0-198.208 [8013 kB]
#8 8.239 Get:57 http://archive.ubuntu.com/ubuntu jammy-updates/main amd64 linux-tools-5.15.0-198-generic amd64 5.15.0-198.208 [1790 B]
#8 8.239 Get:58 http://archive.ubuntu.com/ubuntu jammy-updates/main amd64 linux-tools-generic amd64 5.15.0.198.171 [2314 B]
#8 8.239 Get:59 http://archive.ubuntu.com/ubuntu jammy-updates/main amd64 python3-lib2to3 all 3.10.8-1~22.04 [77.6 kB]
#8 8.240 Get:60 http://archive.ubuntu.com/ubuntu jammy-updates/main amd64 python3-distutils all 3.10.8-1~22.04 [139 kB]
#8 8.241 Get:61 http://archive.ubuntu.com/ubuntu jammy-updates/main amd64 python3-setuptools all 59.6.0-1.2ubuntu0.22.04.3 [340 kB]
#8 8.244 Get:62 http://archive.ubuntu.com/ubuntu jammy-updates/universe amd64 python3-wheel all 0.37.1-2ubuntu0.22.04.1 [32.0 kB]
#8 8.244 Get:63 http://archive.ubuntu.com/ubuntu jammy-updates/universe amd64 python3-pip all 22.0.2+dfsg-1ubuntu0.7 [1306 kB]
#8 8.357 debconf: delaying package configuration, since apt-utils is not installed
#8 8.386 Fetched 74.8 MB in 2s (31.2 MB/s)
#8 8.399 Selecting previously unselected package libpython3.10-minimal:amd64.
#8 8.399 (Reading database ... 
(Reading database ... 5%
(Reading database ... 10%
(Reading database ... 15%
(Reading database ... 20%
(Reading database ... 25%
(Reading database ... 30%
(Reading database ... 35%
(Reading database ... 40%
(Reading database ... 45%
(Reading database ... 50%
(Reading database ... 55%
(Reading database ... 60%
(Reading database ... 65%
(Reading database ... 70%
(Reading database ... 75%
(Reading database ... 80%
(Reading database ... 85%
(Reading database ... 90%
(Reading database ... 95%
(Reading database ... 100%
(Reading database ... 4393 files and directories currently installed.)
#8 8.404 Preparing to unpack .../libpython3.10-minimal_3.10.12-1~22.04.18_amd64.deb ...
#8 8.405 Unpacking libpython3.10-minimal:amd64 (3.10.12-1~22.04.18) ...
#8 8.471 Selecting previously unselected package libexpat1:amd64.
#8 8.472 Preparing to unpack .../libexpat1_2.4.7-1ubuntu0.9_amd64.deb ...
#8 8.473 Unpacking libexpat1:amd64 (2.4.7-1ubuntu0.9) ...
#8 8.488 Selecting previously unselected package python3.10-minimal.
#8 8.488 Preparing to unpack .../python3.10-minimal_3.10.12-1~22.04.18_amd64.deb ...
#8 8.491 Unpacking python3.10-minimal (3.10.12-1~22.04.18) ...
#8 8.532 Setting up libpython3.10-minimal:amd64 (3.10.12-1~22.04.18) ...
#8 8.535 Setting up libexpat1:amd64 (2.4.7-1ubuntu0.9) ...
#8 8.536 Setting up python3.10-minimal (3.10.12-1~22.04.18) ...
#8 9.110 Selecting previously unselected package python3-minimal.
#8 9.110 (Reading database ... 
(Reading database ... 5%
(Reading database ... 10%
(Reading database ... 15%
(Reading database ... 20%
(Reading database ... 25%
(Reading database ... 30%
(Reading database ... 35%
(Reading database ... 40%
(Reading database ... 45%
(Reading database ... 50%
(Reading database ... 55%
(Reading database ... 60%
(Reading database ... 65%
(Reading database ... 70%
(Reading database ... 75%
(Reading database ... 80%
(Reading database ... 85%
(Reading database ... 90%
(Reading database ... 95%
(Reading database ... 100%
(Reading database ... 4697 files and directories currently installed.)
#8 9.115 Preparing to unpack .../0-python3-minimal_3.10.6-1~22.04.1_amd64.deb ...
#8 9.116 Unpacking python3-minimal (3.10.6-1~22.04.1) ...
#8 9.130 Selecting previously unselected package media-types.
#8 9.130 Preparing to unpack .../1-media-types_7.0.0_all.deb ...
#8 9.131 Unpacking media-types (7.0.0) ...
#8 9.142 Selecting previously unselected package libmpdec3:amd64.
#8 9.143 Preparing to unpack .../2-libmpdec3_2.5.1-2build2_amd64.deb ...
#8 9.143 Unpacking libmpdec3:amd64 (2.5.1-2build2) ...
#8 9.155 Selecting previously unselected package readline-common.
#8 9.156 Preparing to unpack .../3-readline-common_8.1.2-1_all.deb ...
#8 9.157 Unpacking readline-common (8.1.2-1) ...
#8 9.169 Selecting previously unselected package libreadline8:amd64.
#8 9.170 Preparing to unpack .../4-libreadline8_8.1.2-1_amd64.deb ...
#8 9.171 Unpacking libreadline8:amd64 (8.1.2-1) ...
#8 9.185 Selecting previously unselected package libsqlite3-0:amd64.
#8 9.186 Preparing to unpack .../5-libsqlite3-0_3.37.2-2ubuntu0.8_amd64.deb ...
#8 9.186 Unpacking libsqlite3-0:amd64 (3.37.2-2ubuntu0.8) ...
#8 9.204 Selecting previously unselected package libpython3.10-stdlib:amd64.
#8 9.205 Preparing to unpack .../6-libpython3.10-stdlib_3.10.12-1~22.04.18_amd64.deb ...
#8 9.206 Unpacking libpython3.10-stdlib:amd64 (3.10.12-1~22.04.18) ...
#8 9.286 Selecting previously unselected package python3.10.
#8 9.288 Preparing to unpack .../7-python3.10_3.10.12-1~22.04.18_amd64.deb ...
#8 9.288 Unpacking python3.10 (3.10.12-1~22.04.18) ...
#8 9.302 Selecting previously unselected package libpython3-stdlib:amd64.
#8 9.303 Preparing to unpack .../8-libpython3-stdlib_3.10.6-1~22.04.1_amd64.deb ...
#8 9.304 Unpacking libpython3-stdlib:amd64 (3.10.6-1~22.04.1) ...
#8 9.349 Setting up python3-minimal (3.10.6-1~22.04.1) ...
#8 9.471 Selecting previously unselected package python3.
#8 9.471 (Reading database ... 
(Reading database ... 5%
(Reading database ... 10%
(Reading database ... 15%
(Reading database ... 20%
(Reading database ... 25%
(Reading database ... 30%
(Reading database ... 35%
(Reading database ... 40%
(Reading database ... 45%
(Reading database ... 50%
(Reading database ... 55%
(Reading database ... 60%
(Reading database ... 65%
(Reading database ... 70%
(Reading database ... 75%
(Reading database ... 80%
(Reading database ... 85%
(Reading database ... 90%
(Reading database ... 95%
(Reading database ... 100%
(Reading database ... 5127 files and directories currently installed.)
#8 9.476 Preparing to unpack .../00-python3_3.10.6-1~22.04.1_amd64.deb ...
#8 9.479 Unpacking python3 (3.10.6-1~22.04.1) ...
#8 9.492 Selecting previously unselected package openssl.
#8 9.493 Preparing to unpack .../01-openssl_3.0.2-0ubuntu1.30_amd64.deb ...
#8 9.493 Unpacking openssl (3.0.2-0ubuntu1.30) ...
#8 9.524 Selecting previously unselected package ca-certificates.
#8 9.525 Preparing to unpack .../02-ca-certificates_20260601~22.04.1_all.deb ...
#8 9.527 Unpacking ca-certificates (20260601~22.04.1) ...
#8 9.560 Selecting previously unselected package distro-info-data.
#8 9.561 Preparing to unpack .../03-distro-info-data_0.72-0ubuntu0.22.04.1_all.deb ...
#8 9.562 Unpacking distro-info-data (0.72-0ubuntu0.22.04.1) ...
#8 9.573 Selecting previously unselected package libelf1:amd64.
#8 9.574 Preparing to unpack .../04-libelf1_0.186-1ubuntu0.1_amd64.deb ...
#8 9.575 Unpacking libelf1:amd64 (0.186-1ubuntu0.1) ...
#8 9.587 Selecting previously unselected package libbpf0:amd64.
#8 9.588 Preparing to unpack .../05-libbpf0_1%3a0.5.0-1ubuntu22.04.1_amd64.deb ...
#8 9.589 Unpacking libbpf0:amd64 (1:0.5.0-1ubuntu22.04.1) ...
#8 9.603 Selecting previously unselected package libmd0:amd64.
#8 9.604 Preparing to unpack .../06-libmd0_1.0.4-1build1_amd64.deb ...
#8 9.605 Unpacking libmd0:amd64 (1.0.4-1build1) ...
#8 9.619 Selecting previously unselected package libbsd0:amd64.
#8 9.620 Preparing to unpack .../07-libbsd0_0.11.5-1_amd64.deb ...
#8 9.620 Unpacking libbsd0:amd64 (0.11.5-1) ...
#8 9.641 Selecting previously unselected package libicu70:amd64.
#8 9.643 Preparing to unpack .../08-libicu70_70.1-2_amd64.deb ...
#8 9.643 Unpacking libicu70:amd64 (70.1-2) ...
#8 9.822 Selecting previously unselected package libslang2:amd64.
#8 9.823 Preparing to unpack .../09-libslang2_2.3.2-5build4_amd64.deb ...
#8 9.824 Unpacking libslang2:amd64 (2.3.2-5build4) ...
#8 9.841 Selecting previously unselected package libxml2:amd64.
#8 9.842 Preparing to unpack .../10-libxml2_2.9.13+dfsg-1ubuntu0.13_amd64.deb ...
#8 9.843 Unpacking libxml2:amd64 (2.9.13+dfsg-1ubuntu0.13) ...
#8 9.892 Selecting previously unselected package lsb-release.
#8 9.893 Preparing to unpack .../11-lsb-release_11.1.0ubuntu4_all.deb ...
#8 9.894 Unpacking lsb-release (11.1.0ubuntu4) ...
#8 9.906 Selecting previously unselected package python3-pkg-resources.
#8 9.907 Preparing to unpack .../12-python3-pkg-resources_59.6.0-1.2ubuntu0.22.04.3_all.deb ...
#8 9.908 Unpacking python3-pkg-resources (59.6.0-1.2ubuntu0.22.04.3) ...
#8 9.931 Selecting previously unselected package libedit2:amd64.
#8 9.932 Preparing to unpack .../13-libedit2_3.1-20210910-1build1_amd64.deb ...
#8 9.932 Unpacking libedit2:amd64 (3.1-20210910-1build1) ...
#8 9.947 Selecting previously unselected package libnghttp2-14:amd64.
#8 9.948 Preparing to unpack .../14-libnghttp2-14_1.43.0-1ubuntu0.4_amd64.deb ...
#8 9.949 Unpacking libnghttp2-14:amd64 (1.43.0-1ubuntu0.4) ...
#8 9.962 Selecting previously unselected package libnuma1:amd64.
#8 9.963 Preparing to unpack .../15-libnuma1_2.0.14-3ubuntu2_amd64.deb ...
#8 9.964 Unpacking libnuma1:amd64 (2.0.14-3ubuntu2) ...
#8 9.979 Selecting previously unselected package pci.ids.
#8 9.980 Preparing to unpack .../16-pci.ids_0.0~2022.01.22-1ubuntu0.1_all.deb ...
#8 9.981 Unpacking pci.ids (0.0~2022.01.22-1ubuntu0.1) ...
#8 9.996 Selecting previously unselected package libpci3:amd64.
#8 9.997 Preparing to unpack .../17-libpci3_1%3a3.7.0-6_amd64.deb ...
#8 9.998 Unpacking libpci3:amd64 (1:3.7.0-6) ...
#8 10.01 Selecting previously unselected package libpsl5:amd64.
#8 10.01 Preparing to unpack .../18-libpsl5_0.21.0-1.2build2_amd64.deb ...
#8 10.01 Unpacking libpsl5:amd64 (0.21.0-1.2build2) ...
#8 10.03 Selecting previously unselected package usb.ids.
#8 10.03 Preparing to unpack .../19-usb.ids_2022.04.02-1_all.deb ...
#8 10.03 Unpacking usb.ids (2022.04.02-1) ...
#8 10.05 Selecting previously unselected package libllvm11:amd64.
#8 10.05 Preparing to unpack .../20-libllvm11_1%3a11.1.0-6_amd64.deb ...
#8 10.05 Unpacking libllvm11:amd64 (1:11.1.0-6) ...
#8 ...

#7 [builder 2/8] RUN sed -i     -e "s|http://archive.ubuntu.com/ubuntu|http://archive.ubuntu.com/ubuntu|g"     -e "s|http://security.ubuntu.com/ubuntu|http://archive.ubuntu.com/ubuntu|g"     /etc/apt/sources.list     && apt-get update && apt-get install -y --no-install-recommends     build-essential     cmake     libgrpc++-dev     libprotobuf-dev     pkg-config     protobuf-compiler     protobuf-compiler-grpc     && rm -rf /var/lib/apt/lists/*
#7 10.26 Selecting previously unselected package cmake.
#7 10.26 Preparing to unpack .../67-cmake_3.22.1-1ubuntu1.22.04.2_amd64.deb ...
#7 10.26 Unpacking cmake (3.22.1-1ubuntu1.22.04.2) ...
#7 10.35 Selecting previously unselected package libabsl20210324:amd64.
#7 10.35 Preparing to unpack .../68-libabsl20210324_0~20210324.2-2ubuntu0.3_amd64.deb ...
#7 10.35 Unpacking libabsl20210324:amd64 (0~20210324.2-2ubuntu0.3) ...
#7 10.41 Selecting previously unselected package libc-ares2:amd64.
#7 10.41 Preparing to unpack .../69-libc-ares2_1.18.1-1ubuntu0.22.04.3_amd64.deb ...
#7 10.41 Unpacking libc-ares2:amd64 (1.18.1-1ubuntu0.22.04.3) ...
#7 10.43 Selecting previously unselected package libgrpc10:amd64.
#7 10.43 Preparing to unpack .../70-libgrpc10_1.30.2-3build6_amd64.deb ...
#7 10.43 Unpacking libgrpc10:amd64 (1.30.2-3build6) ...
#7 10.47 Selecting previously unselected package libprotobuf23:amd64.
#7 10.47 Preparing to unpack .../71-libprotobuf23_3.12.4-1ubuntu7.22.04.6_amd64.deb ...
#7 10.47 Unpacking libprotobuf23:amd64 (3.12.4-1ubuntu7.22.04.6) ...
#7 10.50 Selecting previously unselected package libgrpc++1:amd64.
#7 10.50 Preparing to unpack .../72-libgrpc++1_1.30.2-3build6_amd64.deb ...
#7 10.50 Unpacking libgrpc++1:amd64 (1.30.2-3build6) ...
#7 10.52 Selecting previously unselected package libgrpc-dev:amd64.
#7 10.52 Preparing to unpack .../73-libgrpc-dev_1.30.2-3build6_amd64.deb ...
#7 10.52 Unpacking libgrpc-dev:amd64 (1.30.2-3build6) ...
#7 10.57 Selecting previously unselected package libgrpc++-dev:amd64.
#7 10.58 Preparing to unpack .../74-libgrpc++-dev_1.30.2-3build6_amd64.deb ...
#7 10.58 Unpacking libgrpc++-dev:amd64 (1.30.2-3build6) ...
#7 10.64 Selecting previously unselected package libprotobuf-lite23:amd64.
#7 10.64 Preparing to unpack .../75-libprotobuf-lite23_3.12.4-1ubuntu7.22.04.6_amd64.deb ...
#7 10.64 Unpacking libprotobuf-lite23:amd64 (3.12.4-1ubuntu7.22.04.6) ...
#7 10.66 Selecting previously unselected package libprotoc23:amd64.
#7 10.66 Preparing to unpack .../76-libprotoc23_3.12.4-1ubuntu7.22.04.6_amd64.deb ...
#7 10.66 Unpacking libprotoc23:amd64 (3.12.4-1ubuntu7.22.04.6) ...
#7 10.68 Selecting previously unselected package pkg-config.
#7 10.68 Preparing to unpack .../77-pkg-config_0.29.2-1ubuntu3_amd64.deb ...
#7 10.68 Unpacking pkg-config (0.29.2-1ubuntu3) ...
#7 10.70 Selecting previously unselected package protobuf-compiler.
#7 10.70 Preparing to unpack .../78-protobuf-compiler_3.12.4-1ubuntu7.22.04.6_amd64.deb ...
#7 10.70 Unpacking protobuf-compiler (3.12.4-1ubuntu7.22.04.6) ...
#7 10.71 Selecting previously unselected package protobuf-compiler-grpc.
#7 10.71 Preparing to unpack .../79-protobuf-compiler-grpc_1.30.2-3build6_amd64.deb ...
#7 10.72 Unpacking protobuf-compiler-grpc (1.30.2-3build6) ...
#7 10.73 Selecting previously unselected package zlib1g-dev:amd64.
#7 10.73 Preparing to unpack .../80-zlib1g-dev_1%3a1.2.11.dfsg-2ubuntu9.2_amd64.deb ...
#7 10.73 Unpacking zlib1g-dev:amd64 (1:1.2.11.dfsg-2ubuntu9.2) ...
#7 10.75 Selecting previously unselected package libprotobuf-dev:amd64.
#7 10.75 Preparing to unpack .../81-libprotobuf-dev_3.12.4-1ubuntu7.22.04.6_amd64.deb ...
#7 10.75 Unpacking libprotobuf-dev:amd64 (3.12.4-1ubuntu7.22.04.6) ...
#7 10.86 Setting up libexpat1:amd64 (2.4.7-1ubuntu0.9) ...
#7 10.86 Setting up gcc-11-base:amd64 (11.4.0-1ubuntu1~22.04.3) ...
#7 10.86 Setting up lto-disabled-list (24) ...
#7 10.87 Setting up libpsl5:amd64 (0.21.0-1.2build2) ...
#7 10.87 Setting up libglib2.0-0:amd64 (2.72.4-0ubuntu2.10) ...
#7 10.87 No schema files found: doing nothing.
#7 10.88 Setting up libbrotli1:amd64 (1.0.9-2build6) ...
#7 10.88 Setting up binutils-common:amd64 (2.38-4ubuntu2.12) ...
#7 10.88 Setting up libnghttp2-14:amd64 (1.43.0-1ubuntu0.4) ...
#7 10.88 Setting up linux-libc-dev:amd64 (5.15.0-198.208) ...
#7 10.88 Setting up libctf-nobfd0:amd64 (2.38-4ubuntu2.12) ...
#7 10.89 Setting up libprotobuf23:amd64 (3.12.4-1ubuntu7.22.04.6) ...
#7 10.90 Setting up libc-ares2:amd64 (1.18.1-1ubuntu0.22.04.3) ...
#7 10.90 Setting up libgomp1:amd64 (12.3.0-1ubuntu1~22.04.3) ...
#7 10.90 Setting up perl-modules-5.34 (5.34.0-3ubuntu1.9) ...
#7 10.90 Setting up bzip2 (1.0.8-5ubuntu0.1) ...
#7 10.90 Setting up libasan6:amd64 (11.4.0-1ubuntu1~22.04.3) ...
#7 10.91 Setting up libsasl2-modules-db:amd64 (2.1.27+dfsg2-3ubuntu1.2) ...
#7 10.91 Setting up libprotobuf-lite23:amd64 (3.12.4-1ubuntu7.22.04.6) ...
#7 10.91 Setting up libtirpc-dev:amd64 (1.3.2-2ubuntu0.1) ...
#7 10.91 Setting up libuv1:amd64 (1.43.0-1ubuntu0.1) ...
#7 10.92 Setting up rpcsvc-proto (1.4.2-0ubuntu6) ...
#7 10.92 Setting up emacsen-common (3.0.4) ...
#7 10.94 Setting up make (4.3-4.1build1) ...
#7 10.94 Setting up libmpfr6:amd64 (4.1.0-3build3) ...
#7 10.94 Setting up librtmp1:amd64 (2.4+20151223.gitfa8646d.1-2build4) ...
#7 10.94 Setting up dh-elpa-helper (2.0.9ubuntu1) ...
#7 10.95 Setting up libprotoc23:amd64 (3.12.4-1ubuntu7.22.04.6) ...
#7 10.95 Setting up xz-utils (5.2.5-2ubuntu1.1) ...
#7 10.95 update-alternatives: using /usr/bin/xz to provide /usr/bin/lzma (lzma) in auto mode
#7 10.95 update-alternatives: warning: skip creation of /usr/share/man/man1/lzma.1.gz because associated file /usr/share/man/man1/xz.1.gz (of link group lzma) doesn't exist
#7 10.95 update-alternatives: warning: skip creation of /usr/share/man/man1/unlzma.1.gz because associated file /usr/share/man/man1/unxz.1.gz (of link group lzma) doesn't exist
#7 10.95 update-alternatives: warning: skip creation of /usr/share/man/man1/lzcat.1.gz because associated file /usr/share/man/man1/xzcat.1.gz (of link group lzma) doesn't exist
#7 10.95 update-alternatives: warning: skip creation of /usr/share/man/man1/lzmore.1.gz because associated file /usr/share/man/man1/xzmore.1.gz (of link group lzma) doesn't exist
#7 10.95 update-alternatives: warning: skip creation of /usr/share/man/man1/lzless.1.gz because associated file /usr/share/man/man1/xzless.1.gz (of link group lzma) doesn't exist
#7 10.95 update-alternatives: warning: skip creation of /usr/share/man/man1/lzdiff.1.gz because associated file /usr/share/man/man1/xzdiff.1.gz (of link group lzma) doesn't exist
#7 10.95 update-alternatives: warning: skip creation of /usr/share/man/man1/lzcmp.1.gz because associated file /usr/share/man/man1/xzcmp.1.gz (of link group lzma) doesn't exist
#7 10.95 update-alternatives: warning: skip creation of /usr/share/man/man1/lzgrep.1.gz because associated file /usr/share/man/man1/xzgrep.1.gz (of link group lzma) doesn't exist
#7 10.95 update-alternatives: warning: skip creation of /usr/share/man/man1/lzegrep.1.gz because associated file /usr/share/man/man1/xzegrep.1.gz (of link group lzma) doesn't exist
#7 10.95 update-alternatives: warning: skip creation of /usr/share/man/man1/lzfgrep.1.gz because associated file /usr/share/man/man1/xzfgrep.1.gz (of link group lzma) doesn't exist
#7 10.96 Setting up libquadmath0:amd64 (12.3.0-1ubuntu1~22.04.3) ...
#7 10.96 Setting up libmpc3:amd64 (1.2.1-2build1) ...
#7 10.96 Setting up libatomic1:amd64 (12.3.0-1ubuntu1~22.04.3) ...
#7 10.96 Setting up patch (2.7.6-7build2) ...
#7 10.96 Setting up libjsoncpp25:amd64 (1.9.5-3) ...
#7 10.97 Setting up libabsl20210324:amd64 (0~20210324.2-2ubuntu0.3) ...
#7 10.97 Setting up libsasl2-2:amd64 (2.1.27+dfsg2-3ubuntu1.2) ...
#7 10.97 Setting up libssh-4:amd64 (0.9.6-2ubuntu0.22.04.8) ...
#7 10.97 Setting up libubsan1:amd64 (12.3.0-1ubuntu1~22.04.3) ...
#7 10.97 Setting up libnsl-dev:amd64 (1.3.0-2build2) ...
#7 10.97 Setting up librhash0:amd64 (1.4.2-1ubuntu1) ...
#7 10.98 Setting up libcrypt-dev:amd64 (1:4.4.27-1) ...
#7 10.98 Setting up cmake-data (3.22.1-1ubuntu1.22.04.2) ...
#7 11.00 Setting up libbinutils:amd64 (2.38-4ubuntu2.12) ...
#7 11.01 Setting up libisl23:amd64 (0.24-2build1) ...
#7 11.01 Setting up libc-dev-bin (2.35-0ubuntu3.15) ...
#7 11.01 Setting up libcc1-0:amd64 (12.3.0-1ubuntu1~22.04.3) ...
#7 11.01 Setting up liblsan0:amd64 (12.3.0-1ubuntu1~22.04.3) ...
#7 11.01 Setting up libitm1:amd64 (12.3.0-1ubuntu1~22.04.3) ...
#7 11.02 Setting up libgdbm6:amd64 (1.23-1) ...
#7 11.02 Setting up libicu70:amd64 (70.1-2) ...
#7 11.02 Setting up libtsan0:amd64 (11.4.0-1ubuntu1~22.04.3) ...
#7 11.02 Setting up libctf0:amd64 (2.38-4ubuntu2.12) ...
#7 11.02 Setting up cpp-11 (11.4.0-1ubuntu1~22.04.3) ...
#7 11.02 Setting up protobuf-compiler (3.12.4-1ubuntu7.22.04.6) ...
#7 11.03 Setting up libldap-2.5-0:amd64 (2.5.20+dfsg-0ubuntu0.22.04.1) ...
#7 11.03 Setting up protobuf-compiler-grpc (1.30.2-3build6) ...
#7 11.03 Setting up libgrpc10:amd64 (1.30.2-3build6) ...
#7 11.03 Setting up libgdbm-compat4:amd64 (1.23-1) ...
#7 11.03 Setting up libgcc-11-dev:amd64 (11.4.0-1ubuntu1~22.04.3) ...
#7 11.03 Setting up cpp (4:11.2.0-1ubuntu1) ...
#7 11.04 Setting up libcurl4:amd64 (7.81.0-1ubuntu1.29) ...
#7 11.04 Setting up libc6-dev:amd64 (2.35-0ubuntu3.15) ...
#7 11.04 Setting up libgrpc++1:amd64 (1.30.2-3build6) ...
#7 11.04 Setting up libxml2:amd64 (2.9.13+dfsg-1ubuntu0.13) ...
#7 11.05 Setting up binutils-x86-64-linux-gnu (2.38-4ubuntu2.12) ...
#7 11.05 Setting up libperl5.34:amd64 (5.34.0-3ubuntu1.9) ...
#7 11.05 Setting up libarchive13:amd64 (3.6.0-1ubuntu1.8) ...
#7 11.05 Setting up binutils (2.38-4ubuntu2.12) ...
#7 11.06 Setting up libgrpc-dev:amd64 (1.30.2-3build6) ...
#7 11.06 Setting up perl (5.34.0-3ubuntu1.9) ...
#7 11.07 Setting up libdpkg-perl (1.21.1ubuntu2.6) ...
#7 11.07 Setting up libstdc++-11-dev:amd64 (11.4.0-1ubuntu1~22.04.3) ...
#7 11.07 Setting up zlib1g-dev:amd64 (1:1.2.11.dfsg-2ubuntu9.2) ...
#7 11.07 Setting up gcc-11 (11.4.0-1ubuntu1~22.04.3) ...
#7 11.07 Setting up libgrpc++-dev:amd64 (1.30.2-3build6) ...
#7 11.08 Setting up cmake (3.22.1-1ubuntu1.22.04.2) ...
#7 11.08 Setting up g++-11 (11.4.0-1ubuntu1~22.04.3) ...
#7 11.08 Setting up gcc (4:11.2.0-1ubuntu1) ...
#7 11.09 Setting up dpkg-dev (1.21.1ubuntu2.6) ...
#7 11.09 Setting up libprotobuf-dev:amd64 (3.12.4-1ubuntu7.22.04.6) ...
#7 11.09 Setting up pkg-config (0.29.2-1ubuntu3) ...
#7 11.11 Setting up g++ (4:11.2.0-1ubuntu1) ...
#7 11.13 update-alternatives: using /usr/bin/g++ to provide /usr/bin/c++ (c++) in auto mode
#7 11.13 update-alternatives: warning: skip creation of /usr/share/man/man1/c++.1.gz because associated file /usr/share/man/man1/g++.1.gz (of link group c++) doesn't exist
#7 11.13 Setting up build-essential (12.9ubuntu3) ...
#7 11.13 Processing triggers for libc-bin (2.35-0ubuntu3.15) ...
#7 DONE 15.0s

#9 [builder 3/8] WORKDIR /src
#9 DONE 0.1s

#10 [builder 4/8] COPY proto/ ./proto/
#10 DONE 0.0s

#11 [builder 5/8] COPY native/agent/ ./native/agent/
#11 DONE 0.0s

#12 [builder 6/8] COPY native/gperftools_bridge/ ./native/gperftools_bridge/
#12 DONE 0.0s

#13 [builder 7/8] COPY native/generated/ ./native/generated/
#13 DONE 0.0s

#8 [stage-1 2/9] RUN sed -i     -e "s|http://archive.ubuntu.com/ubuntu|http://archive.ubuntu.com/ubuntu|g"     -e "s|http://security.ubuntu.com/ubuntu|http://archive.ubuntu.com/ubuntu|g"     /etc/apt/sources.list     && apt-get update && apt-get install -y --no-install-recommends     ca-certificates     bpftrace     curl     python3     python3-pip     libgrpc++1     libprotobuf23     linux-libc-dev     linux-tools-generic     gzip     tar     util-linux     && rm -rf /var/lib/apt/lists/*     && cp "$(find /usr/lib -path '*/linux-tools-*/perf'        -type f | head -n 1)"        /usr/local/bin/perf
#8 10.32 Selecting previously unselected package libclang-cpp11.
#8 10.32 Preparing to unpack .../21-libclang-cpp11_1%3a11.1.0-6_amd64.deb ...
#8 10.32 Unpacking libclang-cpp11 (1:11.1.0-6) ...
#8 10.47 Selecting previously unselected package libbpfcc.
#8 10.47 Preparing to unpack .../22-libbpfcc_0.18.0+ds-2_amd64.deb ...
#8 10.47 Unpacking libbpfcc (0.18.0+ds-2) ...
#8 10.53 Selecting previously unselected package libclang1-11.
#8 10.53 Preparing to unpack .../23-libclang1-11_1%3a11.1.0-6_amd64.deb ...
#8 10.53 Unpacking libclang1-11 (1:11.1.0-6) ...
#8 10.62 Selecting previously unselected package bpftrace.
#8 10.62 Preparing to unpack .../24-bpftrace_0.14.0-1_amd64.deb ...
#8 10.62 Unpacking bpftrace (0.14.0-1) ...
#8 10.65 Selecting previously unselected package libbrotli1:amd64.
#8 10.65 Preparing to unpack .../25-libbrotli1_1.0.9-2build6_amd64.deb ...
#8 10.65 Unpacking libbrotli1:amd64 (1.0.9-2build6) ...
#8 10.66 Selecting previously unselected package libsasl2-modules-db:amd64.
#8 10.67 Preparing to unpack .../26-libsasl2-modules-db_2.1.27+dfsg2-3ubuntu1.2_amd64.deb ...
#8 10.67 Unpacking libsasl2-modules-db:amd64 (2.1.27+dfsg2-3ubuntu1.2) ...
#8 10.68 Selecting previously unselected package libsasl2-2:amd64.
#8 10.68 Preparing to unpack .../27-libsasl2-2_2.1.27+dfsg2-3ubuntu1.2_amd64.deb ...
#8 10.68 Unpacking libsasl2-2:amd64 (2.1.27+dfsg2-3ubuntu1.2) ...
#8 10.69 Selecting previously unselected package libldap-2.5-0:amd64.
#8 10.69 Preparing to unpack .../28-libldap-2.5-0_2.5.20+dfsg-0ubuntu0.22.04.1_amd64.deb ...
#8 10.69 Unpacking libldap-2.5-0:amd64 (2.5.20+dfsg-0ubuntu0.22.04.1) ...
#8 10.71 Selecting previously unselected package librtmp1:amd64.
#8 10.71 Preparing to unpack .../29-librtmp1_2.4+20151223.gitfa8646d.1-2build4_amd64.deb ...
#8 10.71 Unpacking librtmp1:amd64 (2.4+20151223.gitfa8646d.1-2build4) ...
#8 10.72 Selecting previously unselected package libssh-4:amd64.
#8 10.72 Preparing to unpack .../30-libssh-4_0.9.6-2ubuntu0.22.04.8_amd64.deb ...
#8 10.73 Unpacking libssh-4:amd64 (0.9.6-2ubuntu0.22.04.8) ...
#8 10.74 Selecting previously unselected package libcurl4:amd64.
#8 10.74 Preparing to unpack .../31-libcurl4_7.81.0-1ubuntu1.29_amd64.deb ...
#8 10.74 Unpacking libcurl4:amd64 (7.81.0-1ubuntu1.29) ...
#8 10.76 Selecting previously unselected package curl.
#8 10.76 Preparing to unpack .../32-curl_7.81.0-1ubuntu1.29_amd64.deb ...
#8 10.76 Unpacking curl (7.81.0-1ubuntu1.29) ...
#8 10.77 Selecting previously unselected package hwdata.
#8 10.77 Preparing to unpack .../33-hwdata_0.357-1_all.deb ...
#8 10.77 Unpacking hwdata (0.357-1) ...
#8 10.78 Selecting previously unselected package libabsl20210324:amd64.
#8 10.78 Preparing to unpack .../34-libabsl20210324_0~20210324.2-2ubuntu0.3_amd64.deb ...
#8 10.78 Unpacking libabsl20210324:amd64 (0~20210324.2-2ubuntu0.3) ...
#8 10.82 Selecting previously unselected package libdw1:amd64.
#8 10.82 Preparing to unpack .../35-libdw1_0.186-1ubuntu0.1_amd64.deb ...
#8 10.82 Unpacking libdw1:amd64 (0.186-1ubuntu0.1) ...
#8 10.84 Selecting previously unselected package libc-ares2:amd64.
#8 10.84 Preparing to unpack .../36-libc-ares2_1.18.1-1ubuntu0.22.04.3_amd64.deb ...
#8 10.84 Unpacking libc-ares2:amd64 (1.18.1-1ubuntu0.22.04.3) ...
#8 10.85 Selecting previously unselected package libgrpc10:amd64.
#8 10.85 Preparing to unpack .../37-libgrpc10_1.30.2-3build6_amd64.deb ...
#8 10.85 Unpacking libgrpc10:amd64 (1.30.2-3build6) ...
#8 10.90 Selecting previously unselected package libprotobuf23:amd64.
#8 10.90 Preparing to unpack .../38-libprotobuf23_3.12.4-1ubuntu7.22.04.6_amd64.deb ...
#8 10.90 Unpacking libprotobuf23:amd64 (3.12.4-1ubuntu7.22.04.6) ...
#8 10.92 Selecting previously unselected package libgrpc++1:amd64.
#8 10.92 Preparing to unpack .../39-libgrpc++1_1.30.2-3build6_amd64.deb ...
#8 10.92 Unpacking libgrpc++1:amd64 (1.30.2-3build6) ...
#8 10.94 Selecting previously unselected package libunwind8:amd64.
#8 10.95 Preparing to unpack .../40-libunwind8_1.3.2-2build2.1_amd64.deb ...
#8 10.95 Unpacking libunwind8:amd64 (1.3.2-2build2.1) ...
#8 10.96 Selecting previously unselected package linux-libc-dev:amd64.
#8 10.96 Preparing to unpack .../41-linux-libc-dev_5.15.0-198.208_amd64.deb ...
#8 10.96 Unpacking linux-libc-dev:amd64 (5.15.0-198.208) ...
#8 11.17 Selecting previously unselected package linux-tools-common.
#8 11.17 Preparing to unpack .../42-linux-tools-common_5.15.0-198.208_all.deb ...
#8 11.17 Unpacking linux-tools-common (5.15.0-198.208) ...
#8 11.19 Selecting previously unselected package linux-tools-5.15.0-198.
#8 11.19 Preparing to unpack .../43-linux-tools-5.15.0-198_5.15.0-198.208_amd64.deb ...
#8 11.19 Unpacking linux-tools-5.15.0-198 (5.15.0-198.208) ...
#8 11.29 Selecting previously unselected package linux-tools-5.15.0-198-generic.
#8 11.29 Preparing to unpack .../44-linux-tools-5.15.0-198-generic_5.15.0-198.208_amd64.deb ...
#8 11.29 Unpacking linux-tools-5.15.0-198-generic (5.15.0-198.208) ...
#8 11.68 Selecting previously unselected package linux-tools-generic.
#8 11.68 Preparing to unpack .../45-linux-tools-generic_5.15.0.198.171_amd64.deb ...
#8 11.74 Unpacking linux-tools-generic (5.15.0.198.171) ...
#8 11.85 Selecting previously unselected package python3-lib2to3.
#8 11.85 Preparing to unpack .../46-python3-lib2to3_3.10.8-1~22.04_all.deb ...
#8 11.85 Unpacking python3-lib2to3 (3.10.8-1~22.04) ...
#8 11.97 Selecting previously unselected package python3-distutils.
#8 11.97 Preparing to unpack .../47-python3-distutils_3.10.8-1~22.04_all.deb ...
#8 12.00 Unpacking python3-distutils (3.10.8-1~22.04) ...
#8 12.48 Selecting previously unselected package python3-setuptools.
#8 12.49 Preparing to unpack .../48-python3-setuptools_59.6.0-1.2ubuntu0.22.04.3_all.deb ...
#8 12.49 Unpacking python3-setuptools (59.6.0-1.2ubuntu0.22.04.3) ...
#8 12.55 Selecting previously unselected package python3-wheel.
#8 12.55 Preparing to unpack .../49-python3-wheel_0.37.1-2ubuntu0.22.04.1_all.deb ...
#8 12.55 Unpacking python3-wheel (0.37.1-2ubuntu0.22.04.1) ...
#8 13.87 Selecting previously unselected package python3-pip.
#8 13.87 Preparing to unpack .../50-python3-pip_22.0.2+dfsg-1ubuntu0.7_all.deb ...
#8 14.00 Unpacking python3-pip (22.0.2+dfsg-1ubuntu0.7) ...
#8 14.27 Setting up media-types (7.0.0) ...
#8 14.37 Setting up pci.ids (0.0~2022.01.22-1ubuntu0.1) ...
#8 14.38 Setting up libpsl5:amd64 (0.21.0-1.2build2) ...
#8 14.50 Setting up distro-info-data (0.72-0ubuntu0.22.04.1) ...
#8 14.55 Setting up libbrotli1:amd64 (1.0.9-2build6) ...
#8 14.56 Setting up libsqlite3-0:amd64 (3.37.2-2ubuntu0.8) ...
#8 14.57 Setting up libnghttp2-14:amd64 (1.43.0-1ubuntu0.4) ...
#8 14.58 Setting up linux-libc-dev:amd64 (5.15.0-198.208) ...
#8 14.58 Setting up libprotobuf23:amd64 (3.12.4-1ubuntu7.22.04.6) ...
#8 14.59 Setting up libc-ares2:amd64 (1.18.1-1ubuntu0.22.04.3) ...
#8 14.59 Setting up libunwind8:amd64 (1.3.2-2build2.1) ...
#8 14.60 Setting up libsasl2-modules-db:amd64 (2.1.27+dfsg2-3ubuntu1.2) ...
#8 14.60 Setting up libslang2:amd64 (2.3.2-5build4) ...
#8 14.60 Setting up librtmp1:amd64 (2.4+20151223.gitfa8646d.1-2build4) ...
#8 14.61 Setting up usb.ids (2022.04.02-1) ...
#8 14.61 Setting up libabsl20210324:amd64 (0~20210324.2-2ubuntu0.3) ...
#8 14.62 Setting up libsasl2-2:amd64 (2.1.27+dfsg2-3ubuntu1.2) ...
#8 14.62 Setting up libssh-4:amd64 (0.9.6-2ubuntu0.22.04.8) ...
#8 14.63 Setting up libpci3:amd64 (1:3.7.0-6) ...
#8 14.64 Setting up libnuma1:amd64 (2.0.14-3ubuntu2) ...
#8 14.64 Setting up libmd0:amd64 (1.0.4-1build1) ...
#8 14.65 Setting up libmpdec3:amd64 (2.5.1-2build2) ...
#8 14.65 Setting up openssl (3.0.2-0ubuntu1.30) ...
#8 14.66 Setting up libbsd0:amd64 (0.11.5-1) ...
#8 14.78 Setting up libelf1:amd64 (0.186-1ubuntu0.1) ...
#8 14.83 Setting up readline-common (8.1.2-1) ...
#8 14.90 Setting up libicu70:amd64 (70.1-2) ...
#8 14.91 Setting up libdw1:amd64 (0.186-1ubuntu0.1) ...
#8 14.97 Setting up libedit2:amd64 (3.1-20210910-1build1) ...
#8 14.99 Setting up libreadline8:amd64 (8.1.2-1) ...
#8 15.04 Setting up libldap-2.5-0:amd64 (2.5.20+dfsg-0ubuntu0.22.04.1) ...
#8 15.04 Setting up hwdata (0.357-1) ...
#8 15.04 Setting up libpython3.10-stdlib:amd64 (3.10.12-1~22.04.18) ...
#8 15.04 Setting up ca-certificates (20260601~22.04.1) ...
#8 15.10 debconf: unable to initialize frontend: Dialog
#8 15.10 debconf: (TERM is not set, so the dialog frontend is not usable.)
#8 15.10 debconf: falling back to frontend: Readline
#8 15.10 debconf: unable to initialize frontend: Readline
#8 15.10 debconf: (Can't locate Term/ReadLine.pm in @INC (you may need to install the Term::ReadLine module) (@INC contains: /etc/perl /usr/local/lib/x86_64-linux-gnu/perl/5.34.0 /usr/local/share/perl/5.34.0 /usr/lib/x86_64-linux-gnu/perl5/5.34 /usr/share/perl5 /usr/lib/x86_64-linux-gnu/perl-base /usr/lib/x86_64-linux-gnu/perl/5.34 /usr/share/perl/5.34 /usr/local/lib/site_perl) at /usr/share/perl5/Debconf/FrontEnd/Readline.pm line 7.)
#8 15.10 debconf: falling back to frontend: Teletype
#8 15.45 Updating certificates in /etc/ssl/certs...
#8 15.90 121 added, 0 removed; done.
#8 15.92 Setting up libgrpc10:amd64 (1.30.2-3build6) ...
#8 15.92 Setting up libcurl4:amd64 (7.81.0-1ubuntu1.29) ...
#8 15.92 Setting up curl (7.81.0-1ubuntu1.29) ...
#8 15.92 Setting up libbpf0:amd64 (1:0.5.0-1ubuntu22.04.1) ...
#8 15.92 Setting up libgrpc++1:amd64 (1.30.2-3build6) ...
#8 15.93 Setting up libxml2:amd64 (2.9.13+dfsg-1ubuntu0.13) ...
#8 15.93 Setting up libpython3-stdlib:amd64 (3.10.6-1~22.04.1) ...
#8 15.93 Setting up python3.10 (3.10.12-1~22.04.18) ...
#8 16.37 Setting up python3 (3.10.6-1~22.04.1) ...
#8 16.37 running python rtupdate hooks for python3.10...
#8 16.37 running python post-rtupdate hooks for python3.10...
#8 16.43 Setting up libllvm11:amd64 (1:11.1.0-6) ...
#8 16.43 Setting up libclang1-11 (1:11.1.0-6) ...
#8 16.43 Setting up lsb-release (11.1.0ubuntu4) ...
#8 16.44 Setting up python3-lib2to3 (3.10.8-1~22.04) ...
#8 16.51 Setting up linux-tools-common (5.15.0-198.208) ...
#8 16.51 Setting up python3-pkg-resources (59.6.0-1.2ubuntu0.22.04.3) ...
#8 16.64 Setting up python3-distutils (3.10.8-1~22.04) ...
#8 16.72 Setting up python3-setuptools (59.6.0-1.2ubuntu0.22.04.3) ...
#8 16.95 Setting up python3-wheel (0.37.1-2ubuntu0.22.04.1) ...
#8 17.05 Setting up libclang-cpp11 (1:11.1.0-6) ...
#8 17.05 Setting up python3-pip (22.0.2+dfsg-1ubuntu0.7) ...
#8 17.79 Setting up linux-tools-5.15.0-198 (5.15.0-198.208) ...
#8 17.79 Setting up libbpfcc (0.18.0+ds-2) ...
#8 17.79 Setting up linux-tools-5.15.0-198-generic (5.15.0-198.208) ...
#8 17.80 Setting up bpftrace (0.14.0-1) ...
#8 17.80 Setting up linux-tools-generic (5.15.0.198.171) ...
#8 17.80 Processing triggers for libc-bin (2.35-0ubuntu3.15) ...
#8 17.81 Processing triggers for ca-certificates (20260601~22.04.1) ...
#8 17.82 Updating certificates in /etc/ssl/certs...
#8 18.18 0 added, 0 removed; done.
#8 18.18 Running hooks in /etc/ca-certificates/update.d...
#8 18.19 done.
#8 DONE 18.5s

#14 [builder 8/8] RUN cmake -S native/agent -B /build -DCMAKE_BUILD_TYPE=Release     && cmake --build /build --parallel "1"     && ctest --test-dir /build --output-on-failure     && cmake -S native/gperftools_bridge -B /bridge-build -DCMAKE_BUILD_TYPE=Release     && cmake --build /bridge-build --parallel "1"
#14 0.171 -- The CXX compiler identification is GNU 11.4.0
#14 0.179 -- Detecting CXX compiler ABI info
#14 0.251 -- Detecting CXX compiler ABI info - done
#14 0.257 -- Check for working CXX compiler: /usr/bin/c++ - skipped
#14 0.257 -- Detecting CXX compile features
#14 0.258 -- Detecting CXX compile features - done
#14 0.262 -- Found PkgConfig: /usr/bin/pkg-config (found version "0.29.2") 
#14 0.263 -- Checking for module 'grpc++'
#14 0.273 --   Found grpc++, version 1.30.2
#14 0.302 -- Checking for module 'protobuf'
#14 0.312 --   Found protobuf, version 3.12.4
#14 0.338 -- Configuring done
#14 0.350 -- Generating done
#14 0.351 -- Build files have been written to: /build
#14 0.388 [  2%] Generating generated/common.pb.cc, generated/common.grpc.pb.cc, generated/errorcode.pb.cc, generated/errorcode.grpc.pb.cc, generated/taskkind.pb.cc, generated/taskkind.grpc.pb.cc, generated/hotmethod.pb.cc, generated/hotmethod.grpc.pb.cc, generated/healthcheck.pb.cc, generated/healthcheck.grpc.pb.cc, generated/init.pb.cc, generated/init.grpc.pb.cc
#14 0.439 [  5%] Building CXX object CMakeFiles/mini-drop-native-agent.dir/src/main.cpp.o
#14 1.232 In file included from /build/generated/healthcheck.pb.h:37,
#14 1.232                  from /build/generated/healthcheck.grpc.pb.h:15,
#14 1.232                  from /src/native/agent/src/main.cpp:10:
#14 1.232 /build/generated/hotmethod.pb.h: In member function 'mini_drop::RecordArgv* mini_drop::TaskDesc::release_sample_argv()':
#14 1.232 /build/generated/hotmethod.pb.h:3159:47: warning: 'mini_drop::RecordArgv* mini_drop::TaskDesc::unsafe_arena_release_sample_argv()' is deprecated [-Wdeprecated-declarations]
#14 1.232  3159 |   auto temp = unsafe_arena_release_sample_argv();
#14 1.232       |               ~~~~~~~~~~~~~~~~~~~~~~~~~~~~~~~~^~
#14 1.232 /build/generated/hotmethod.pb.h:449:48: note: declared here
#14 1.232   449 |   PROTOBUF_DEPRECATED ::mini_drop::RecordArgv* unsafe_arena_release_sample_argv();
#14 1.232       |                                                ^~~~~~~~~~~~~~~~~~~~~~~~~~~~~~~~
#14 1.234 /build/generated/hotmethod.pb.h: In member function 'mini_drop::CosConfig* mini_drop::TaskDesc::release_cos_config()':
#14 1.234 /build/generated/hotmethod.pb.h:3355:46: warning: 'mini_drop::CosConfig* mini_drop::TaskDesc::unsafe_arena_release_cos_config()' is deprecated [-Wdeprecated-declarations]
#14 1.234  3355 |   auto temp = unsafe_arena_release_cos_config();
#14 1.234       |               ~~~~~~~~~~~~~~~~~~~~~~~~~~~~~~~^~
#14 1.234 /build/generated/hotmethod.pb.h:467:47: note: declared here
#14 1.234   467 |   PROTOBUF_DEPRECATED ::mini_drop::CosConfig* unsafe_arena_release_cos_config();
#14 1.234       |                                               ^~~~~~~~~~~~~~~~~~~~~~~~~~~~~~~
#14 1.689 /src/native/agent/src/main.cpp: In function 'mini_drop_native::Task {anonymous}::task_from_proto(const mini_drop::TaskDesc&)':
#14 1.689 /src/native/agent/src/main.cpp:570:27: warning: 'bool mini_drop::TaskDesc::has_sample_argv() const' is deprecated [-Wdeprecated-declarations]
#14 1.689   570 |   if (desc.has_sample_argv()) {
#14 1.689       |       ~~~~~~~~~~~~~~~~~~~~^~
#14 1.689 In file included from /build/generated/healthcheck.pb.h:37,
#14 1.689                  from /build/generated/healthcheck.grpc.pb.h:15,
#14 1.689                  from /src/native/agent/src/main.cpp:10:
#14 1.689 /build/generated/hotmethod.pb.h:3127:13: note: declared here
#14 1.689  3127 | inline bool TaskDesc::has_sample_argv() const {
#14 1.689       |             ^~~~~~~~
#14 1.690 /src/native/agent/src/main.cpp:571:32: warning: 'const mini_drop::RecordArgv& mini_drop::TaskDesc::sample_argv() const' is deprecated [-Wdeprecated-declarations]
#14 1.690   571 |     task.pid = desc.sample_argv().pid();
#14 1.690       |                ~~~~~~~~~~~~~~~~^~
#14 1.690 In file included from /build/generated/healthcheck.pb.h:37,
#14 1.690                  from /build/generated/healthcheck.grpc.pb.h:15,
#14 1.690                  from /src/native/agent/src/main.cpp:10:
#14 1.690 /build/generated/hotmethod.pb.h:3141:39: note: declared here
#14 1.690  3141 | inline const ::mini_drop::RecordArgv& TaskDesc::sample_argv() const {
#14 1.690       |                                       ^~~~~~~~
#14 1.690 /src/native/agent/src/main.cpp:572:48: warning: 'const mini_drop::RecordArgv& mini_drop::TaskDesc::sample_argv() const' is deprecated [-Wdeprecated-declarations]
#14 1.690   572 |     task.hz = static_cast<int>(desc.sample_argv().hz());
#14 1.690       |                                ~~~~~~~~~~~~~~~~^~
#14 1.690 In file included from /build/generated/healthcheck.pb.h:37,
#14 1.690                  from /build/generated/healthcheck.grpc.pb.h:15,
#14 1.690                  from /src/native/agent/src/main.cpp:10:
#14 1.690 /build/generated/hotmethod.pb.h:3141:39: note: declared here
#14 1.690  3141 | inline const ::mini_drop::RecordArgv& TaskDesc::sample_argv() const {
#14 1.690       |                                       ^~~~~~~~
#14 1.690 /src/native/agent/src/main.cpp:573:54: warning: 'const mini_drop::RecordArgv& mini_drop::TaskDesc::sample_argv() const' is deprecated [-Wdeprecated-declarations]
#14 1.690   573 |     task.duration = static_cast<int>(desc.sample_argv().duration());
#14 1.690       |                                      ~~~~~~~~~~~~~~~~^~
#14 1.690 In file included from /build/generated/healthcheck.pb.h:37,
#14 1.690                  from /build/generated/healthcheck.grpc.pb.h:15,
#14 1.690                  from /src/native/agent/src/main.cpp:10:
#14 1.690 /build/generated/hotmethod.pb.h:3141:39: note: declared here
#14 1.690  3141 | inline const ::mini_drop::RecordArgv& TaskDesc::sample_argv() const {
#14 1.690       |                                       ^~~~~~~~
#14 1.690 /src/native/agent/src/main.cpp:574:38: warning: 'const mini_drop::RecordArgv& mini_drop::TaskDesc::sample_argv() const' is deprecated [-Wdeprecated-declarations]
#14 1.690   574 |     task.callgraph = desc.sample_argv().callgraph();
#14 1.690       |                      ~~~~~~~~~~~~~~~~^~
#14 1.690 In file included from /build/generated/healthcheck.pb.h:37,
#14 1.690                  from /build/generated/healthcheck.grpc.pb.h:15,
#14 1.690                  from /src/native/agent/src/main.cpp:10:
#14 1.690 /build/generated/hotmethod.pb.h:3141:39: note: declared here
#14 1.690  3141 | inline const ::mini_drop::RecordArgv& TaskDesc::sample_argv() const {
#14 1.690       |                                       ^~~~~~~~
#14 1.690 /src/native/agent/src/main.cpp:575:34: warning: 'const mini_drop::RecordArgv& mini_drop::TaskDesc::sample_argv() const' is deprecated [-Wdeprecated-declarations]
#14 1.690   575 |     task.event = desc.sample_argv().event();
#14 1.690       |                  ~~~~~~~~~~~~~~~~^~
#14 1.690 In file included from /build/generated/healthcheck.pb.h:37,
#14 1.690                  from /build/generated/healthcheck.grpc.pb.h:15,
#14 1.690                  from /src/native/agent/src/main.cpp:10:
#14 1.690 /build/generated/hotmethod.pb.h:3141:39: note: declared here
#14 1.690  3141 | inline const ::mini_drop::RecordArgv& TaskDesc::sample_argv() const {
#14 1.690       |                                       ^~~~~~~~
#14 ...

#15 [stage-1 3/9] COPY deploy/vendor/async-profiler-4.4-linux-x64.tar.gz /tmp/async-profiler.tar.gz
#15 DONE 0.0s

#16 [stage-1 4/9] RUN echo "1233f26fc95753e75ce32733bbcaf8f0bedc2c098b0e798af87935b08a63b24e  /tmp/async-profiler.tar.gz" | sha256sum -c -     && mkdir -p /opt/async-profiler     && tar -xzf /tmp/async-profiler.tar.gz -C /opt/async-profiler --strip-components=1     && test -x /opt/async-profiler/bin/asprof     && rm -f /tmp/async-profiler.tar.gz
#16 0.124 /tmp/async-profiler.tar.gz: OK
#16 DONE 0.2s

#14 [builder 8/8] RUN cmake -S native/agent -B /build -DCMAKE_BUILD_TYPE=Release     && cmake --build /build --parallel "1"     && ctest --test-dir /build --output-on-failure     && cmake -S native/gperftools_bridge -B /bridge-build -DCMAKE_BUILD_TYPE=Release     && cmake --build /bridge-build --parallel "1"
#14 3.641 [  8%] Building CXX object CMakeFiles/mini-drop-native-agent.dir/src/config.cpp.o
#14 3.948 [ 10%] Building CXX object CMakeFiles/mini-drop-native-agent.dir/src/process_runner.cpp.o
#14 ...

#17 [stage-1 5/9] RUN pip3 install --no-cache-dir py-spy==0.4.2
#17 0.493 Collecting py-spy==0.4.2
#17 0.529   Downloading py_spy-0.4.2-py2.py3-none-manylinux_2_5_x86_64.manylinux1_x86_64.whl (2.9 MB)
#17 0.561      ━━━━━━━━━━━━━━━━━━━━━━━━━━━━━━━━━━━━━━━━ 2.9/2.9 MB 95.6 MB/s eta 0:00:00
#17 0.569 Installing collected packages: py-spy
#17 0.610 Successfully installed py-spy-0.4.2
#17 0.611 WARNING: Running pip as the 'root' user can result in broken permissions and conflicting behaviour with the system package manager. It is recommended to use a virtual environment instead: https://pip.pypa.io/warnings/venv
#17 DONE 0.7s

#14 [builder 8/8] RUN cmake -S native/agent -B /build -DCMAKE_BUILD_TYPE=Release     && cmake --build /build --parallel "1"     && ctest --test-dir /build --output-on-failure     && cmake -S native/gperftools_bridge -B /bridge-build -DCMAKE_BUILD_TYPE=Release     && cmake --build /bridge-build --parallel "1"
#14 4.393 [ 13%] Building CXX object CMakeFiles/mini-drop-native-agent.dir/src/process_snapshot.cpp.o
#14 5.825 [ 16%] Building CXX object CMakeFiles/mini-drop-native-agent.dir/src/artifact_uploader.cpp.o
#14 6.394 [ 18%] Building CXX object CMakeFiles/mini-drop-native-agent.dir/src/collector_registry.cpp.o
#14 6.771 [ 21%] Building CXX object CMakeFiles/mini-drop-native-agent.dir/src/perf_collector.cpp.o
#14 7.660 [ 24%] Building CXX object CMakeFiles/mini-drop-native-agent.dir/src/ebpf_io_collector.cpp.o
#14 10.64 [ 27%] Building CXX object CMakeFiles/mini-drop-native-agent.dir/src/language_collectors.cpp.o
#14 11.04 /src/native/agent/src/language_collectors.cpp: In member function 'virtual mini_drop_native::TaskResult mini_drop_native::{anonymous}::PySpyCollector::collect(const mini_drop_native::Config&, const mini_drop_native::Task&, const std::atomic<bool>&, std::atomic<bool>&) const':
#14 11.04 /src/native/agent/src/language_collectors.cpp:176:82: warning: missing initializer for member 'mini_drop_native::TaskResult::task_attempt_authority' [-Wmissing-field-initializers]
#14 11.04   176 |       return {task.id, false, "py-spy is not installed in native Agent image", ""};
#14 11.04       |                                                                                  ^
#14 11.04 /src/native/agent/src/language_collectors.cpp:176:82: warning: missing initializer for member 'mini_drop_native::TaskResult::task_attempt_id' [-Wmissing-field-initializers]
#14 11.04 /src/native/agent/src/language_collectors.cpp:176:82: warning: missing initializer for member 'mini_drop_native::TaskResult::error_code' [-Wmissing-field-initializers]
#14 11.04 /src/native/agent/src/language_collectors.cpp: In member function 'virtual mini_drop_native::TaskResult mini_drop_native::{anonymous}::AsyncProfilerCollector::collect(const mini_drop_native::Config&, const mini_drop_native::Task&, const std::atomic<bool>&, std::atomic<bool>&) const':
#14 11.04 /src/native/agent/src/language_collectors.cpp:202:17: warning: missing initializer for member 'mini_drop_native::TaskResult::task_attempt_authority' [-Wmissing-field-initializers]
#14 11.04   202 |               ""};
#14 11.04       |                 ^
#14 11.04 /src/native/agent/src/language_collectors.cpp:202:17: warning: missing initializer for member 'mini_drop_native::TaskResult::task_attempt_id' [-Wmissing-field-initializers]
#14 11.04 /src/native/agent/src/language_collectors.cpp:202:17: warning: missing initializer for member 'mini_drop_native::TaskResult::error_code' [-Wmissing-field-initializers]
#14 11.04 /src/native/agent/src/language_collectors.cpp:209:17: warning: missing initializer for member 'mini_drop_native::TaskResult::task_attempt_authority' [-Wmissing-field-initializers]
#14 11.04   209 |               ""};
#14 11.04       |                 ^
#14 11.04 /src/native/agent/src/language_collectors.cpp:209:17: warning: missing initializer for member 'mini_drop_native::TaskResult::task_attempt_id' [-Wmissing-field-initializers]
#14 11.04 /src/native/agent/src/language_collectors.cpp:209:17: warning: missing initializer for member 'mini_drop_native::TaskResult::error_code' [-Wmissing-field-initializers]
#14 12.07 [ 29%] Building CXX object CMakeFiles/mini-drop-native-agent.dir/src/proc_collectors.cpp.o
#14 13.89 [ 32%] Building CXX object CMakeFiles/mini-drop-native-agent.dir/src/result_outbox.cpp.o
#14 15.13 [ 35%] Building CXX object CMakeFiles/mini-drop-native-agent.dir/generated/common.pb.cc.o
#14 15.65 /build/generated/common.pb.cc: In member function 'virtual google::protobuf::uint8* mini_drop::CosConfig::_InternalSerialize(google::protobuf::uint8*, google::protobuf::io::EpsCopyOutputStream*) const':
#14 15.65 /build/generated/common.pb.cc:664:23: warning: 'const string& mini_drop::CosConfig::access_key() const' is deprecated [-Wdeprecated-declarations]
#14 15.65   664 |   if (this->access_key().size() > 0) {
#14 15.65       |       ~~~~~~~~~~~~~~~~^~
#14 15.65 In file included from /build/generated/common.pb.cc:4:
#14 15.65 /build/generated/common.pb.h:1130:27: note: declared here
#14 15.65  1130 | inline const std::string& CosConfig::access_key() const {
#14 15.65       |                           ^~~~~~~~~
#14 15.65 /build/generated/common.pb.cc:674:23: warning: 'const string& mini_drop::CosConfig::secret_key() const' is deprecated [-Wdeprecated-declarations]
#14 15.65   674 |   if (this->secret_key().size() > 0) {
#14 15.65       |       ~~~~~~~~~~~~~~~~^~
#14 15.65 In file included from /build/generated/common.pb.cc:4:
#14 15.65 /build/generated/common.pb.h:1211:27: note: declared here
#14 15.65  1211 | inline const std::string& CosConfig::secret_key() const {
#14 15.65       |                           ^~~~~~~~~
#14 15.65 /build/generated/common.pb.cc: In member function 'virtual size_t mini_drop::CosConfig::ByteSizeLong() const':
#14 15.65 /build/generated/common.pb.cc:727:23: warning: 'const string& mini_drop::CosConfig::access_key() const' is deprecated [-Wdeprecated-declarations]
#14 15.65   727 |   if (this->access_key().size() > 0) {
#14 15.65       |       ~~~~~~~~~~~~~~~~^~
#14 15.65 In file included from /build/generated/common.pb.cc:4:
#14 15.65 /build/generated/common.pb.h:1130:27: note: declared here
#14 15.65  1130 | inline const std::string& CosConfig::access_key() const {
#14 15.65       |                           ^~~~~~~~~
#14 15.65 /build/generated/common.pb.cc:734:23: warning: 'const string& mini_drop::CosConfig::secret_key() const' is deprecated [-Wdeprecated-declarations]
#14 15.65   734 |   if (this->secret_key().size() > 0) {
#14 15.65       |       ~~~~~~~~~~~~~~~~^~
#14 15.65 In file included from /build/generated/common.pb.cc:4:
#14 15.65 /build/generated/common.pb.h:1211:27: note: declared here
#14 15.65  1211 | inline const std::string& CosConfig::secret_key() const {
#14 15.65       |                           ^~~~~~~~~
#14 15.65 /build/generated/common.pb.cc: In member function 'void mini_drop::CosConfig::MergeFrom(const mini_drop::CosConfig&)':
#14 15.65 /build/generated/common.pb.cc:788:22: warning: 'const string& mini_drop::CosConfig::access_key() const' is deprecated [-Wdeprecated-declarations]
#14 15.65   788 |   if (from.access_key().size() > 0) {
#14 15.65       |       ~~~~~~~~~~~~~~~^~
#14 15.65 In file included from /build/generated/common.pb.cc:4:
#14 15.65 /build/generated/common.pb.h:1130:27: note: declared here
#14 15.65  1130 | inline const std::string& CosConfig::access_key() const {
#14 15.65       |                           ^~~~~~~~~
#14 15.65 /build/generated/common.pb.cc:791:22: warning: 'const string& mini_drop::CosConfig::secret_key() const' is deprecated [-Wdeprecated-declarations]
#14 15.65   791 |   if (from.secret_key().size() > 0) {
#14 15.65       |       ~~~~~~~~~~~~~~~^~
#14 15.65 In file included from /build/generated/common.pb.cc:4:
#14 15.65 /build/generated/common.pb.h:1211:27: note: declared here
#14 15.65  1211 | inline const std::string& CosConfig::secret_key() const {
#14 15.65       |                           ^~~~~~~~~
#14 16.15 [ 37%] Building CXX object CMakeFiles/mini-drop-native-agent.dir/generated/common.grpc.pb.cc.o
#14 17.17 [ 40%] Building CXX object CMakeFiles/mini-drop-native-agent.dir/generated/errorcode.pb.cc.o
#14 17.74 [ 43%] Building CXX object CMakeFiles/mini-drop-native-agent.dir/generated/errorcode.grpc.pb.cc.o
#14 18.72 [ 45%] Building CXX object CMakeFiles/mini-drop-native-agent.dir/generated/taskkind.pb.cc.o
#14 19.29 [ 48%] Building CXX object CMakeFiles/mini-drop-native-agent.dir/generated/taskkind.grpc.pb.cc.o
#14 20.29 [ 51%] Building CXX object CMakeFiles/mini-drop-native-agent.dir/generated/hotmethod.pb.cc.o
#14 20.83 In file included from /build/generated/hotmethod.pb.cc:4:
#14 20.83 /build/generated/hotmethod.pb.h: In member function 'mini_drop::RecordArgv* mini_drop::TaskDesc::release_sample_argv()':
#14 20.83 /build/generated/hotmethod.pb.h:3159:47: warning: 'mini_drop::RecordArgv* mini_drop::TaskDesc::unsafe_arena_release_sample_argv()' is deprecated [-Wdeprecated-declarations]
#14 20.83  3159 |   auto temp = unsafe_arena_release_sample_argv();
#14 20.83       |               ~~~~~~~~~~~~~~~~~~~~~~~~~~~~~~~~^~
#14 20.83 /build/generated/hotmethod.pb.h:449:48: note: declared here
#14 20.83   449 |   PROTOBUF_DEPRECATED ::mini_drop::RecordArgv* unsafe_arena_release_sample_argv();
#14 20.83       |                                                ^~~~~~~~~~~~~~~~~~~~~~~~~~~~~~~~
#14 20.83 /build/generated/hotmethod.pb.h: In member function 'mini_drop::CosConfig* mini_drop::TaskDesc::release_cos_config()':
#14 20.83 /build/generated/hotmethod.pb.h:3355:46: warning: 'mini_drop::CosConfig* mini_drop::TaskDesc::unsafe_arena_release_cos_config()' is deprecated [-Wdeprecated-declarations]
#14 20.83  3355 |   auto temp = unsafe_arena_release_cos_config();
#14 20.83       |               ~~~~~~~~~~~~~~~~~~~~~~~~~~~~~~~^~
#14 20.83 /build/generated/hotmethod.pb.h:467:47: note: declared here
#14 20.83   467 |   PROTOBUF_DEPRECATED ::mini_drop::CosConfig* unsafe_arena_release_cos_config();
#14 20.83       |                                               ^~~~~~~~~~~~~~~~~~~~~~~~~~~~~~~
#14 20.86 /build/generated/hotmethod.pb.cc: In member function 'virtual google::protobuf::uint8* mini_drop::TaskDesc::_InternalSerialize(google::protobuf::uint8*, google::protobuf::io::EpsCopyOutputStream*) const':
#14 20.86 /build/generated/hotmethod.pb.cc:1228:28: warning: 'bool mini_drop::TaskDesc::has_sample_argv() const' is deprecated [-Wdeprecated-declarations]
#14 20.86  1228 |   if (this->has_sample_argv()) {
#14 20.86       |       ~~~~~~~~~~~~~~~~~~~~~^~
#14 20.86 In file included from /build/generated/hotmethod.pb.cc:4:
#14 20.86 /build/generated/hotmethod.pb.h:3127:13: note: declared here
#14 20.86  3127 | inline bool TaskDesc::has_sample_argv() const {
#14 20.86       |             ^~~~~~~~
#14 20.86 /build/generated/hotmethod.pb.cc:1258:27: warning: 'bool mini_drop::TaskDesc::has_cos_config() const' is deprecated [-Wdeprecated-declarations]
#14 20.86  1258 |   if (this->has_cos_config()) {
#14 20.86       |       ~~~~~~~~~~~~~~~~~~~~^~
#14 20.86 In file included from /build/generated/hotmethod.pb.cc:4:
#14 20.86 /build/generated/hotmethod.pb.h:3329:13: note: declared here
#14 20.86  3329 | inline bool TaskDesc::has_cos_config() const {
#14 20.86       |             ^~~~~~~~
#14 20.86 /build/generated/hotmethod.pb.cc: In member function 'virtual size_t mini_drop::TaskDesc::ByteSizeLong() const':
#14 20.86 /build/generated/hotmethod.pb.cc:1451:28: warning: 'bool mini_drop::TaskDesc::has_sample_argv() const' is deprecated [-Wdeprecated-declarations]
#14 20.86  1451 |   if (this->has_sample_argv()) {
#14 20.86       |       ~~~~~~~~~~~~~~~~~~~~~^~
#14 20.86 In file included from /build/generated/hotmethod.pb.cc:4:
#14 20.86 /build/generated/hotmethod.pb.h:3127:13: note: declared here
#14 20.86  3127 | inline bool TaskDesc::has_sample_argv() const {
#14 20.86       |             ^~~~~~~~
#14 20.86 /build/generated/hotmethod.pb.cc:1458:27: warning: 'bool mini_drop::TaskDesc::has_cos_config() const' is deprecated [-Wdeprecated-declarations]
#14 20.86  1458 |   if (this->has_cos_config()) {
#14 20.86       |       ~~~~~~~~~~~~~~~~~~~~^~
#14 20.86 In file included from /build/generated/hotmethod.pb.cc:4:
#14 20.86 /build/generated/hotmethod.pb.h:3329:13: note: declared here
#14 20.86  3329 | inline bool TaskDesc::has_cos_config() const {
#14 20.86       |             ^~~~~~~~
#14 20.86 /build/generated/hotmethod.pb.cc: In member function 'void mini_drop::TaskDesc::MergeFrom(const mini_drop::TaskDesc&)':
#14 20.86 /build/generated/hotmethod.pb.cc:1609:27: warning: 'bool mini_drop::TaskDesc::has_sample_argv() const' is deprecated [-Wdeprecated-declarations]
#14 20.86  1609 |   if (from.has_sample_argv()) {
#14 20.86       |       ~~~~~~~~~~~~~~~~~~~~^~
#14 20.86 In file included from /build/generated/hotmethod.pb.cc:4:
#14 20.86 /build/generated/hotmethod.pb.h:3127:13: note: declared here
#14 20.86  3127 | inline bool TaskDesc::has_sample_argv() const {
#14 20.86       |             ^~~~~~~~
#14 20.87 /build/generated/hotmethod.pb.cc:1612:26: warning: 'bool mini_drop::TaskDesc::has_cos_config() const' is deprecated [-Wdeprecated-declarations]
#14 20.87  1612 |   if (from.has_cos_config()) {
#14 20.87       |       ~~~~~~~~~~~~~~~~~~~^~
#14 20.87 In file included from /build/generated/hotmethod.pb.cc:4:
#14 20.87 /build/generated/hotmethod.pb.h:3329:13: note: declared here
#14 20.87  3329 | inline bool TaskDesc::has_cos_config() const {
#14 20.87       |             ^~~~~~~~
#14 22.34 [ 54%] Building CXX object CMakeFiles/mini-drop-native-agent.dir/generated/hotmethod.grpc.pb.cc.o
#14 22.89 In file included from /build/generated/hotmethod.grpc.pb.cc:5:
#14 22.89 /build/generated/hotmethod.pb.h: In member function 'mini_drop::RecordArgv* mini_drop::TaskDesc::release_sample_argv()':
#14 22.89 /build/generated/hotmethod.pb.h:3159:47: warning: 'mini_drop::RecordArgv* mini_drop::TaskDesc::unsafe_arena_release_sample_argv()' is deprecated [-Wdeprecated-declarations]
#14 22.89  3159 |   auto temp = unsafe_arena_release_sample_argv();
#14 22.89       |               ~~~~~~~~~~~~~~~~~~~~~~~~~~~~~~~~^~
#14 22.89 /build/generated/hotmethod.pb.h:449:48: note: declared here
#14 22.89   449 |   PROTOBUF_DEPRECATED ::mini_drop::RecordArgv* unsafe_arena_release_sample_argv();
#14 22.89       |                                                ^~~~~~~~~~~~~~~~~~~~~~~~~~~~~~~~
#14 22.89 /build/generated/hotmethod.pb.h: In member function 'mini_drop::CosConfig* mini_drop::TaskDesc::release_cos_config()':
#14 22.89 /build/generated/hotmethod.pb.h:3355:46: warning: 'mini_drop::CosConfig* mini_drop::TaskDesc::unsafe_arena_release_cos_config()' is deprecated [-Wdeprecated-declarations]
#14 22.89  3355 |   auto temp = unsafe_arena_release_cos_config();
#14 22.89       |               ~~~~~~~~~~~~~~~~~~~~~~~~~~~~~~~^~
#14 22.89 /build/generated/hotmethod.pb.h:467:47: note: declared here
#14 22.89   467 |   PROTOBUF_DEPRECATED ::mini_drop::CosConfig* unsafe_arena_release_cos_config();
#14 22.89       |                                               ^~~~~~~~~~~~~~~~~~~~~~~~~~~~~~~
#14 24.55 [ 56%] Building CXX object CMakeFiles/mini-drop-native-agent.dir/generated/healthcheck.pb.cc.o
#14 25.09 In file included from /build/generated/healthcheck.pb.h:37,
#14 25.09                  from /build/generated/healthcheck.pb.cc:4:
#14 25.09 /build/generated/hotmethod.pb.h: In member function 'mini_drop::RecordArgv* mini_drop::TaskDesc::release_sample_argv()':
#14 25.09 /build/generated/hotmethod.pb.h:3159:47: warning: 'mini_drop::RecordArgv* mini_drop::TaskDesc::unsafe_arena_release_sample_argv()' is deprecated [-Wdeprecated-declarations]
#14 25.09  3159 |   auto temp = unsafe_arena_release_sample_argv();
#14 25.09       |               ~~~~~~~~~~~~~~~~~~~~~~~~~~~~~~~~^~
#14 25.09 /build/generated/hotmethod.pb.h:449:48: note: declared here
#14 25.09   449 |   PROTOBUF_DEPRECATED ::mini_drop::RecordArgv* unsafe_arena_release_sample_argv();
#14 25.09       |                                                ^~~~~~~~~~~~~~~~~~~~~~~~~~~~~~~~
#14 25.09 /build/generated/hotmethod.pb.h: In member function 'mini_drop::CosConfig* mini_drop::TaskDesc::release_cos_config()':
#14 25.09 /build/generated/hotmethod.pb.h:3355:46: warning: 'mini_drop::CosConfig* mini_drop::TaskDesc::unsafe_arena_release_cos_config()' is deprecated [-Wdeprecated-declarations]
#14 25.09  3355 |   auto temp = unsafe_arena_release_cos_config();
#14 25.09       |               ~~~~~~~~~~~~~~~~~~~~~~~~~~~~~~~^~
#14 25.09 /build/generated/hotmethod.pb.h:467:47: note: declared here
#14 25.09   467 |   PROTOBUF_DEPRECATED ::mini_drop::CosConfig* unsafe_arena_release_cos_config();
#14 25.09       |                                               ^~~~~~~~~~~~~~~~~~~~~~~~~~~~~~~
#14 25.85 [ 59%] Building CXX object CMakeFiles/mini-drop-native-agent.dir/generated/healthcheck.grpc.pb.cc.o
#14 26.40 In file included from /build/generated/healthcheck.pb.h:37,
#14 26.40                  from /build/generated/healthcheck.grpc.pb.cc:5:
#14 26.40 /build/generated/hotmethod.pb.h: In member function 'mini_drop::RecordArgv* mini_drop::TaskDesc::release_sample_argv()':
#14 26.40 /build/generated/hotmethod.pb.h:3159:47: warning: 'mini_drop::RecordArgv* mini_drop::TaskDesc::unsafe_arena_release_sample_argv()' is deprecated [-Wdeprecated-declarations]
#14 26.40  3159 |   auto temp = unsafe_arena_release_sample_argv();
#14 26.40       |               ~~~~~~~~~~~~~~~~~~~~~~~~~~~~~~~~^~
#14 26.40 /build/generated/hotmethod.pb.h:449:48: note: declared here
#14 26.40   449 |   PROTOBUF_DEPRECATED ::mini_drop::RecordArgv* unsafe_arena_release_sample_argv();
#14 26.40       |                                                ^~~~~~~~~~~~~~~~~~~~~~~~~~~~~~~~
#14 26.41 /build/generated/hotmethod.pb.h: In member function 'mini_drop::CosConfig* mini_drop::TaskDesc::release_cos_config()':
#14 26.41 /build/generated/hotmethod.pb.h:3355:46: warning: 'mini_drop::CosConfig* mini_drop::TaskDesc::unsafe_arena_release_cos_config()' is deprecated [-Wdeprecated-declarations]
#14 26.41  3355 |   auto temp = unsafe_arena_release_cos_config();
#14 26.41       |               ~~~~~~~~~~~~~~~~~~~~~~~~~~~~~~~^~
#14 26.41 /build/generated/hotmethod.pb.h:467:47: note: declared here
#14 26.41   467 |   PROTOBUF_DEPRECATED ::mini_drop::CosConfig* unsafe_arena_release_cos_config();
#14 26.41       |                                               ^~~~~~~~~~~~~~~~~~~~~~~~~~~~~~~
#14 28.15 [ 62%] Building CXX object CMakeFiles/mini-drop-native-agent.dir/generated/init.pb.cc.o
#14 29.15 [ 64%] Building CXX object CMakeFiles/mini-drop-native-agent.dir/generated/init.grpc.pb.cc.o
#14 31.68 [ 67%] Linking CXX executable mini-drop-native-agent
#14 31.80 [ 67%] Built target mini-drop-native-agent
#14 31.82 [ 70%] Building CXX object CMakeFiles/self-metrics-test.dir/tests/self_metrics_test.cpp.o
#14 32.20 [ 72%] Linking CXX executable self-metrics-test
#14 32.26 [ 72%] Built target self-metrics-test
#14 32.28 [ 75%] Building CXX object CMakeFiles/result-outbox-test.dir/tests/result_outbox_test.cpp.o
#14 33.13 [ 78%] Building CXX object CMakeFiles/result-outbox-test.dir/src/result_outbox.cpp.o
#14 34.34 [ 81%] Linking CXX executable result-outbox-test
#14 34.40 [ 81%] Built target result-outbox-test
#14 34.42 [ 83%] Building CXX object CMakeFiles/process-snapshot-test.dir/tests/process_snapshot_test.cpp.o
#14 35.13 [ 86%] Building CXX object CMakeFiles/process-snapshot-test.dir/src/process_snapshot.cpp.o
#14 36.56 [ 89%] Linking CXX executable process-snapshot-test
#14 36.63 [ 89%] Built target process-snapshot-test
#14 36.64 [ 91%] Building CXX object CMakeFiles/perf-samples-test.dir/tests/perf_samples_test.cpp.o
#14 37.08 [ 94%] Linking CXX executable perf-samples-test
#14 37.14 [ 94%] Built target perf-samples-test
#14 37.16 [ 97%] Building CXX object CMakeFiles/runtime-guard-test.dir/tests/runtime_guard_test.cpp.o
#14 37.65 [100%] Linking CXX executable runtime-guard-test
#14 37.71 [100%] Built target runtime-guard-test
#14 37.73 Internal ctest changing into directory: /build
#14 37.73 Test project /build
#14 37.73     Start 1: self-metrics-test
#14 37.74 1/5 Test #1: self-metrics-test ................   Passed    0.00 sec
#14 37.74     Start 2: result-outbox-test
#14 37.75 2/5 Test #2: result-outbox-test ...............   Passed    0.01 sec
#14 37.75     Start 3: process-snapshot-test
#14 37.76 3/5 Test #3: process-snapshot-test ............   Passed    0.01 sec
#14 37.76     Start 4: perf-samples-test
#14 37.76 4/5 Test #4: perf-samples-test ................   Passed    0.00 sec
#14 37.76     Start 5: runtime-guard-test
#14 37.77 5/5 Test #5: runtime-guard-test ...............   Passed    0.00 sec
#14 37.77 
#14 37.77 100% tests passed, 0 tests failed out of 5
#14 37.77 
#14 37.77 Total Test time (real) =   0.03 sec
#14 37.82 -- The CXX compiler identification is GNU 11.4.0
#14 37.83 -- Detecting CXX compiler ABI info
#14 37.90 -- Detecting CXX compiler ABI info - done
#14 37.90 -- Check for working CXX compiler: /usr/bin/c++ - skipped
#14 37.90 -- Detecting CXX compile features
#14 37.90 -- Detecting CXX compile features - done
#14 37.90 -- Configuring done
#14 37.91 -- Generating done
#14 37.91 -- Build files have been written to: /bridge-build
#14 37.95 [ 50%] Building CXX object CMakeFiles/mini-drop-gperftools-bridge.dir/src/main.cpp.o
#14 38.48 [100%] Linking CXX executable mini-drop-gperftools-bridge
#14 38.54 [100%] Built target mini-drop-gperftools-bridge
#14 DONE 38.6s

#18 [stage-1 6/9] COPY --from=builder /build/mini-drop-native-agent /usr/local/bin/
#18 DONE 0.0s

#19 [stage-1 7/9] COPY --from=builder /bridge-build/mini-drop-gperftools-bridge /usr/local/bin/
#19 DONE 0.0s

#20 [stage-1 8/9] COPY native/agent/io_latency.bt /opt/mini-drop/io_latency.bt
#20 DONE 0.0s

#21 [stage-1 9/9] COPY native/agent/bpftrace_compat.h /opt/mini-drop/bpftrace_compat.h
#21 DONE 0.0s

#22 exporting to image
#22 exporting layers
#22 exporting layers 1.5s done
#22 writing image sha256:db592c5cc292780d4574d50b26dc627fb87b12415c4bc04c67cdb5926d5a86c2 done
#22 naming to docker.io/mini-drop-clean-1282cdf72b9dd084/native-agent:exact-git done
#22 DONE 1.5s

#23 resolving provenance for metadata file
#23 DONE 0.0s

 native-agent  Built
