2026-10-02T12:00:17.9717490Z Current runner version: '2.337.0'
2026-10-02T12:00:17.9754888Z ##[group]Runner Image Provisioner
2026-10-02T12:00:17.9756281Z Hosted Compute Agent
2026-10-02T12:00:17.9757543Z Version: 20260901.588
2026-10-02T12:00:17.9758753Z Commit: f88ec8081b781fac6c440065ac7ff9e710ce3d0b
2026-10-02T12:00:17.9760052Z Build Date: 2026-09-01T19:56:44Z
2026-10-02T12:00:17.9761554Z Worker ID: {eb42bdf9-8de4-4e0e-bd94-8f3dcad9deea}
2026-10-02T12:00:17.9762922Z Azure Region: eastus2
2026-10-02T12:00:17.9764254Z ##[endgroup]
2026-10-02T12:00:17.9766632Z ##[group]Operating System
2026-10-02T12:00:17.9767703Z Ubuntu
2026-10-02T12:00:17.9768812Z 22.04.5
2026-10-02T12:00:17.9769709Z LTS
2026-10-02T12:00:17.9770709Z ##[endgroup]
2026-10-02T12:00:17.9771705Z ##[group]Runner Image
2026-10-02T12:00:17.9773191Z Image: ubuntu-22.04
2026-10-02T12:00:17.9774690Z Version: 20260927.309.1
2026-10-02T12:00:17.9777160Z Included Software: https://github.com/actions/runner-images/blob/ubuntu22/20260927.309/images/ubuntu/Ubuntu2204-Readme.md
2026-10-02T12:00:17.9779774Z Image Release: https://github.com/actions/runner-images/releases/tag/ubuntu22%2F20260927.309
2026-10-02T12:00:17.9781518Z ##[endgroup]
2026-10-02T12:00:17.9783457Z ##[group]GITHUB_TOKEN Permissions
2026-10-02T12:00:17.9786880Z Contents: read
2026-10-02T12:00:17.9787876Z Metadata: read
2026-10-02T12:00:17.9788864Z Packages: read
2026-10-02T12:00:17.9790082Z ##[endgroup]
2026-10-02T12:00:17.9793083Z Secret source: Actions
2026-10-02T12:00:17.9795314Z Cache mode: write
2026-10-02T12:00:17.9796599Z Prepare workflow directory
2026-10-02T12:00:18.0286182Z Prepare all required actions
2026-10-02T12:00:18.0359516Z Getting action download info
2026-10-02T12:00:18.2856958Z Download action repository 'actions/checkout@v4' (SHA:11d5960a326750d5838078e36cf38b85af677262)
2026-10-02T12:00:18.3993288Z Download action repository 'actions/setup-python@v5' (SHA:a26af69be951a213d495a4c3e4e4022e16d87065)
2026-10-02T12:00:18.4829740Z Download action repository 'actions/upload-artifact@v4' (SHA:ea165f8d65b6e75b540449e92b4886f43607fa02)
2026-10-02T12:00:18.7032062Z Complete job name: Business HTTP acceptance and test-plan traceability
2026-10-02T12:00:18.7846401Z ##[group]Run actions/checkout@v4
2026-10-02T12:00:18.7847281Z with:
2026-10-02T12:00:18.7847713Z   fetch-depth: 0
2026-10-02T12:00:18.7848190Z   repository: llongwang751-arch/mini-drop
2026-10-02T12:00:18.7852136Z   token: ***
2026-10-02T12:00:18.7852558Z   ssh-strict: true
2026-10-02T12:00:18.7852988Z   ssh-user: git
2026-10-02T12:00:18.7853427Z   persist-credentials: true
2026-10-02T12:00:18.7853906Z   clean: true
2026-10-02T12:00:18.7854711Z   sparse-checkout-cone-mode: true
2026-10-02T12:00:18.7855233Z   fetch-tags: false
2026-10-02T12:00:18.7855666Z   show-progress: true
2026-10-02T12:00:18.7856098Z   lfs: false
2026-10-02T12:00:18.7856492Z   submodules: false
2026-10-02T12:00:18.7856930Z   set-safe-directory: true
2026-10-02T12:00:18.7857423Z   allow-unsafe-pr-checkout: false
2026-10-02T12:00:18.7858229Z ##[endgroup]
2026-10-02T12:00:18.8935800Z Syncing repository: llongwang751-arch/mini-drop
2026-10-02T12:00:18.8938797Z ##[group]Getting Git version info
2026-10-02T12:00:18.8940123Z Working directory is '/home/runner/work/mini-drop/mini-drop'
2026-10-02T12:00:18.8941922Z [command]/usr/bin/git version
2026-10-02T12:00:18.9017011Z git version 2.55.0
2026-10-02T12:00:18.9040548Z ##[endgroup]
2026-10-02T12:00:18.9057932Z Temporarily overriding HOME='/home/runner/work/_temp/d1e84ff3-f27b-471e-9278-9c97bc4f3808' before making global git config changes
2026-10-02T12:00:18.9060564Z Adding repository directory to the temporary git global config as a safe directory
2026-10-02T12:00:18.9063874Z [command]/usr/bin/git config --global --add safe.directory /home/runner/work/mini-drop/mini-drop
2026-10-02T12:00:18.9115126Z Deleting the contents of '/home/runner/work/mini-drop/mini-drop'
2026-10-02T12:00:18.9121220Z ##[group]Initializing the repository
2026-10-02T12:00:18.9126546Z [command]/usr/bin/git init /home/runner/work/mini-drop/mini-drop
2026-10-02T12:00:18.9274220Z hint: Using 'master' as the name for the initial branch. This default branch name
2026-10-02T12:00:18.9276500Z hint: will change to "main" in Git 3.0. To configure the initial branch name
2026-10-02T12:00:18.9278471Z hint: to use in all of your new repositories, which will suppress this warning,
2026-10-02T12:00:18.9280468Z hint: call:
2026-10-02T12:00:18.9281365Z hint:
2026-10-02T12:00:18.9282440Z hint: 	git config --global init.defaultBranch <name>
2026-10-02T12:00:18.9283753Z hint:
2026-10-02T12:00:18.9285594Z hint: Names commonly chosen instead of 'master' are 'main', 'trunk' and
2026-10-02T12:00:18.9287105Z hint: 'development'. The just-created branch can be renamed via this command:
2026-10-02T12:00:18.9288168Z hint:
2026-10-02T12:00:18.9288995Z hint: 	git branch -m <name>
2026-10-02T12:00:18.9289806Z hint:
2026-10-02T12:00:18.9290902Z hint: Disable this message with "git config set advice.defaultBranchName false"
2026-10-02T12:00:18.9292311Z Initialized empty Git repository in /home/runner/work/mini-drop/mini-drop/.git/
2026-10-02T12:00:18.9295404Z [command]/usr/bin/git remote add origin https://github.com/llongwang751-arch/mini-drop
2026-10-02T12:00:18.9357219Z ##[endgroup]
2026-10-02T12:00:18.9358694Z ##[group]Disabling automatic garbage collection
2026-10-02T12:00:18.9359947Z [command]/usr/bin/git config --local gc.auto 0
2026-10-02T12:00:18.9426035Z ##[endgroup]
2026-10-02T12:00:18.9427762Z ##[group]Setting up auth
2026-10-02T12:00:18.9429397Z [command]/usr/bin/git config --local --name-only --get-regexp core\.sshCommand
2026-10-02T12:00:18.9474385Z [command]/usr/bin/git submodule foreach --recursive sh -c "git config --local --name-only --get-regexp 'core\.sshCommand' && git config --local --unset-all 'core.sshCommand' || :"
2026-10-02T12:00:18.9958819Z [command]/usr/bin/git config --local --name-only --get-regexp http\.https\:\/\/github\.com\/\.extraheader
2026-10-02T12:00:19.0009101Z [command]/usr/bin/git submodule foreach --recursive sh -c "git config --local --name-only --get-regexp 'http\.https\:\/\/github\.com\/\.extraheader' && git config --local --unset-all 'http.https://github.com/.extraheader' || :"
2026-10-02T12:00:19.0321324Z [command]/usr/bin/git config --local --name-only --get-regexp ^includeIf\.gitdir:
2026-10-02T12:00:19.0376467Z [command]/usr/bin/git submodule foreach --recursive git config --local --show-origin --name-only --get-regexp remote.origin.url
2026-10-02T12:00:19.0662513Z [command]/usr/bin/git config --local http.https://github.com/.extraheader AUTHORIZATION: basic ***
2026-10-02T12:00:19.0712787Z ##[endgroup]
2026-10-02T12:00:19.0713918Z ##[group]Fetching the repository
2026-10-02T12:00:19.0724523Z [command]/usr/bin/git -c protocol.version=2 fetch --prune --no-recurse-submodules origin +refs/heads/*:refs/remotes/origin/* +refs/tags/*:refs/tags/* +7abe089ae9bfc9705b56c73a5b1dd19dd3bad7ea:refs/remotes/pull/1/merge
2026-10-02T12:00:22.2626076Z From https://github.com/llongwang751-arch/mini-drop
2026-10-02T12:00:22.2628239Z  * [new branch]      legacy-screening-20260621                -> origin/legacy-screening-20260621
2026-10-02T12:00:22.2630263Z  * [new branch]      master                                   -> origin/master
2026-10-02T12:00:22.2633666Z  * [new branch]      release/unified-ai-diagnosis-20260821    -> origin/release/unified-ai-diagnosis-20260821
2026-10-02T12:00:22.2636032Z  * [new tag]         interview-20261002-rc1                   -> interview-20261002-rc1
2026-10-02T12:00:22.2637668Z  * [new ref]         7abe089ae9bfc9705b56c73a5b1dd19dd3bad7ea -> pull/1/merge
2026-10-02T12:00:22.2641873Z ##[endgroup]
2026-10-02T12:00:22.2643300Z ##[group]Determining the checkout info
2026-10-02T12:00:22.2645147Z ##[endgroup]
2026-10-02T12:00:22.2646059Z [command]/usr/bin/git sparse-checkout disable
2026-10-02T12:00:22.2708089Z [command]/usr/bin/git config --local --unset-all extensions.worktreeConfig
2026-10-02T12:00:22.2752465Z ##[group]Checking out the ref
2026-10-02T12:00:22.2753634Z [command]/usr/bin/git checkout --progress --force refs/remotes/pull/1/merge
2026-10-02T12:00:23.2891955Z Updating files:  57% (3540/6162)
2026-10-02T12:00:23.2950578Z Updating files:  58% (3574/6162)
2026-10-02T12:00:23.3020245Z Updating files:  59% (3636/6162)
2026-10-02T12:00:23.3076617Z Updating files:  60% (3698/6162)
2026-10-02T12:00:23.3128215Z Updating files:  61% (3759/6162)
2026-10-02T12:00:23.3200687Z Updating files:  62% (3821/6162)
2026-10-02T12:00:23.3398338Z Updating files:  63% (3883/6162)
2026-10-02T12:00:23.3534398Z Updating files:  64% (3944/6162)
2026-10-02T12:00:23.3730123Z Updating files:  65% (4006/6162)
2026-10-02T12:00:23.3802287Z Updating files:  66% (4067/6162)
2026-10-02T12:00:23.3865972Z Updating files:  67% (4129/6162)
2026-10-02T12:00:23.3910345Z Updating files:  68% (4191/6162)
2026-10-02T12:00:23.3977604Z Updating files:  69% (4252/6162)
2026-10-02T12:00:23.4020015Z Updating files:  70% (4314/6162)
2026-10-02T12:00:23.4062390Z Updating files:  71% (4376/6162)
2026-10-02T12:00:23.4116654Z Updating files:  72% (4437/6162)
2026-10-02T12:00:23.4352851Z Updating files:  73% (4499/6162)
2026-10-02T12:00:23.4913386Z Updating files:  74% (4560/6162)
2026-10-02T12:00:23.4971687Z Updating files:  75% (4622/6162)
2026-10-02T12:00:23.5036803Z Updating files:  76% (4684/6162)
2026-10-02T12:00:23.5082699Z Updating files:  77% (4745/6162)
2026-10-02T12:00:23.5469045Z Updating files:  78% (4807/6162)
2026-10-02T12:00:23.5790482Z Updating files:  79% (4868/6162)
2026-10-02T12:00:23.5853036Z Updating files:  80% (4930/6162)
2026-10-02T12:00:23.5967462Z Updating files:  81% (4992/6162)
2026-10-02T12:00:23.6065329Z Updating files:  82% (5053/6162)
2026-10-02T12:00:23.6155093Z Updating files:  83% (5115/6162)
2026-10-02T12:00:23.6183380Z Updating files:  84% (5177/6162)
2026-10-02T12:00:23.6252508Z Updating files:  85% (5238/6162)
2026-10-02T12:00:23.6303710Z Updating files:  86% (5300/6162)
2026-10-02T12:00:23.6393115Z Updating files:  87% (5361/6162)
2026-10-02T12:00:23.6446381Z Updating files:  88% (5423/6162)
2026-10-02T12:00:23.6590167Z Updating files:  89% (5485/6162)
2026-10-02T12:00:23.6674276Z Updating files:  90% (5546/6162)
2026-10-02T12:00:23.6719821Z Updating files:  91% (5608/6162)
2026-10-02T12:00:23.6757836Z Updating files:  92% (5670/6162)
2026-10-02T12:00:23.6819920Z Updating files:  93% (5731/6162)
2026-10-02T12:00:23.6855287Z Updating files:  94% (5793/6162)
2026-10-02T12:00:23.6895220Z Updating files:  95% (5854/6162)
2026-10-02T12:00:23.6943017Z Updating files:  96% (5916/6162)
2026-10-02T12:00:23.7095421Z Updating files:  97% (5978/6162)
2026-10-02T12:00:23.7134779Z Updating files:  98% (6039/6162)
2026-10-02T12:00:23.7173844Z Updating files:  99% (6101/6162)
2026-10-02T12:00:23.7174683Z Updating files: 100% (6162/6162)
2026-10-02T12:00:23.7175167Z Updating files: 100% (6162/6162), done.
2026-10-02T12:00:23.7261232Z Note: switching to 'refs/remotes/pull/1/merge'.
2026-10-02T12:00:23.7261775Z 
2026-10-02T12:00:23.7262168Z You are in 'detached HEAD' state. You can look around, make experimental
2026-10-02T12:00:23.7263109Z changes and commit them, and you can discard any commits you make in this
2026-10-02T12:00:23.7264263Z state without impacting any branches by switching back to a branch.
2026-10-02T12:00:23.7264858Z 
2026-10-02T12:00:23.7265186Z If you want to create a new branch to retain commits you create, you may
2026-10-02T12:00:23.7265945Z do so (now or later) by using -c with the switch command. Example:
2026-10-02T12:00:23.7266384Z 
2026-10-02T12:00:23.7266569Z   git switch -c <new-branch-name>
2026-10-02T12:00:23.7266869Z 
2026-10-02T12:00:23.7267046Z Or undo this operation with:
2026-10-02T12:00:23.7267320Z 
2026-10-02T12:00:23.7267470Z   git switch -
2026-10-02T12:00:23.7267677Z 
2026-10-02T12:00:23.7268044Z Turn off this advice by setting config variable advice.detachedHead to false
2026-10-02T12:00:23.7268587Z 
2026-10-02T12:00:23.7269190Z HEAD is now at 7abe089 Merge cfea6744fc2395d5392440b2404ee275ada0a69f into 609ea8a73f845b496b59b5cae181f515c5919850
2026-10-02T12:00:23.7390527Z ##[endgroup]
2026-10-02T12:00:23.7438697Z [command]/usr/bin/git log -1 --format=%H
2026-10-02T12:00:23.7471317Z 7abe089ae9bfc9705b56c73a5b1dd19dd3bad7ea
2026-10-02T12:00:23.7739877Z ##[group]Run actions/setup-python@v5
2026-10-02T12:00:23.7740201Z with:
2026-10-02T12:00:23.7740407Z   python-version: 3.11
2026-10-02T12:00:23.7740642Z   check-latest: false
2026-10-02T12:00:23.7743284Z   token: ***
2026-10-02T12:00:23.7743503Z   update-environment: true
2026-10-02T12:00:23.7743751Z   allow-prereleases: false
2026-10-02T12:00:23.7744173Z   freethreaded: false
2026-10-02T12:00:23.7744396Z ##[endgroup]
2026-10-02T12:00:23.9201924Z ##[group]Installed versions
2026-10-02T12:00:23.9313731Z (node:2113) [DEP0040] DeprecationWarning: The `punycode` module is deprecated. Please use a userland alternative instead.
2026-10-02T12:00:23.9314941Z (Use `node --trace-deprecation ...` to show where the warning was created)
2026-10-02T12:00:23.9315677Z Successfully set up CPython (3.11.16)
2026-10-02T12:00:23.9316432Z ##[endgroup]
2026-10-02T12:00:23.9472071Z ##[group]Run pip install 'pydantic>=2,<3'
2026-10-02T12:00:23.9472509Z [36;1mpip install 'pydantic>=2,<3'[0m
2026-10-02T12:00:23.9882256Z shell: /usr/bin/bash -e {0}
2026-10-02T12:00:23.9882580Z env:
2026-10-02T12:00:23.9882891Z   pythonLocation: /opt/hostedtoolcache/Python/3.11.16/x64
2026-10-02T12:00:23.9883377Z   PKG_CONFIG_PATH: /opt/hostedtoolcache/Python/3.11.16/x64/lib/pkgconfig
2026-10-02T12:00:23.9883844Z   Python_ROOT_DIR: /opt/hostedtoolcache/Python/3.11.16/x64
2026-10-02T12:00:23.9884516Z   Python2_ROOT_DIR: /opt/hostedtoolcache/Python/3.11.16/x64
2026-10-02T12:00:23.9884937Z   Python3_ROOT_DIR: /opt/hostedtoolcache/Python/3.11.16/x64
2026-10-02T12:00:23.9885354Z   LD_LIBRARY_PATH: /opt/hostedtoolcache/Python/3.11.16/x64/lib
2026-10-02T12:00:23.9885709Z ##[endgroup]
2026-10-02T12:00:26.9543905Z Collecting pydantic<3,>=2
2026-10-02T12:00:27.0010074Z   Downloading pydantic-2.13.5-py3-none-any.whl.metadata (110 kB)
2026-10-02T12:00:27.0343117Z Collecting annotated-types>=0.6.0 (from pydantic<3,>=2)
2026-10-02T12:00:27.0419289Z   Downloading annotated_types-0.8.0-py3-none-any.whl.metadata (15 kB)
2026-10-02T12:00:27.7059722Z Collecting pydantic-core==2.46.5 (from pydantic<3,>=2)
2026-10-02T12:00:27.7141142Z   Downloading pydantic_core-2.46.5-cp311-cp311-manylinux_2_17_x86_64.manylinux2014_x86_64.whl.metadata (6.6 kB)
2026-10-02T12:00:27.7328139Z Collecting typing-extensions>=4.14.1 (from pydantic<3,>=2)
2026-10-02T12:00:27.7407387Z   Downloading typing_extensions-4.16.0-py3-none-any.whl.metadata (3.3 kB)
2026-10-02T12:00:27.7553555Z Collecting typing-inspection>=0.4.2 (from pydantic<3,>=2)
2026-10-02T12:00:27.7630112Z   Downloading typing_inspection-0.4.4-py3-none-any.whl.metadata (2.6 kB)
2026-10-02T12:00:27.7755185Z Downloading pydantic-2.13.5-py3-none-any.whl (472 kB)
2026-10-02T12:00:27.8169479Z Downloading pydantic_core-2.46.5-cp311-cp311-manylinux_2_17_x86_64.manylinux2014_x86_64.whl (2.1 MB)
2026-10-02T12:00:27.9075131Z    ━━━━━━━━━━━━━━━━━━━━━━━━━━━━━━━━━━━━━━━━ 2.1/2.1 MB 24.5 MB/s  0:00:00
2026-10-02T12:00:27.9163069Z Downloading annotated_types-0.8.0-py3-none-any.whl (13 kB)
2026-10-02T12:00:27.9259879Z Downloading typing_extensions-4.16.0-py3-none-any.whl (45 kB)
2026-10-02T12:00:27.9357759Z Downloading typing_inspection-0.4.4-py3-none-any.whl (14 kB)
2026-10-02T12:00:28.1402009Z Installing collected packages: typing-extensions, annotated-types, typing-inspection, pydantic-core, pydantic
2026-10-02T12:00:28.4875578Z 
2026-10-02T12:00:28.4885649Z Successfully installed annotated-types-0.8.0 pydantic-2.13.5 pydantic-core-2.46.5 typing-extensions-4.16.0 typing-inspection-0.4.4
2026-10-02T12:00:28.5602594Z ##[group]Run python scripts/generate_business_contracts.py --check
2026-10-02T12:00:28.5603149Z [36;1mpython scripts/generate_business_contracts.py --check[0m
2026-10-02T12:00:28.5679640Z shell: /usr/bin/bash -e {0}
2026-10-02T12:00:28.5679913Z env:
2026-10-02T12:00:28.5680203Z   pythonLocation: /opt/hostedtoolcache/Python/3.11.16/x64
2026-10-02T12:00:28.5680686Z   PKG_CONFIG_PATH: /opt/hostedtoolcache/Python/3.11.16/x64/lib/pkgconfig
2026-10-02T12:00:28.5681413Z   Python_ROOT_DIR: /opt/hostedtoolcache/Python/3.11.16/x64
2026-10-02T12:00:28.5681839Z   Python2_ROOT_DIR: /opt/hostedtoolcache/Python/3.11.16/x64
2026-10-02T12:00:28.5682265Z   Python3_ROOT_DIR: /opt/hostedtoolcache/Python/3.11.16/x64
2026-10-02T12:00:28.5682692Z   LD_LIBRARY_PATH: /opt/hostedtoolcache/Python/3.11.16/x64/lib
2026-10-02T12:00:28.5683052Z ##[endgroup]
2026-10-02T12:00:28.8235662Z ##[group]Run python scripts/check_business_test_plan.py --output output/business-plan.json
2026-10-02T12:00:28.8236348Z [36;1mpython scripts/check_business_test_plan.py --output output/business-plan.json[0m
2026-10-02T12:00:28.8313684Z shell: /usr/bin/bash -e {0}
2026-10-02T12:00:28.8314203Z env:
2026-10-02T12:00:28.8314500Z   pythonLocation: /opt/hostedtoolcache/Python/3.11.16/x64
2026-10-02T12:00:28.8314993Z   PKG_CONFIG_PATH: /opt/hostedtoolcache/Python/3.11.16/x64/lib/pkgconfig
2026-10-02T12:00:28.8315469Z   Python_ROOT_DIR: /opt/hostedtoolcache/Python/3.11.16/x64
2026-10-02T12:00:28.8315906Z   Python2_ROOT_DIR: /opt/hostedtoolcache/Python/3.11.16/x64
2026-10-02T12:00:28.8316332Z   Python3_ROOT_DIR: /opt/hostedtoolcache/Python/3.11.16/x64
2026-10-02T12:00:28.8316761Z   LD_LIBRARY_PATH: /opt/hostedtoolcache/Python/3.11.16/x64/lib
2026-10-02T12:00:28.8317119Z ##[endgroup]
2026-10-02T12:00:29.1237886Z {"plan_valid": true, "affected_cases": ["RAG-01", "RAG-02", "RAG-03", "RAG-ACTUAL-01"], "external_execution": "NOT_RUN_BY_PLAN_VALIDATION; requires frozen RAG sources", "changed_paths": [], "scope": "selection aid; full business smoke remains required"}
2026-10-02T12:00:29.1491173Z ##[group]Run python scripts/check_business_test_plan.py --base "$BASE_SHA" --head "$HEAD_SHA" --output output/business-impact.json
2026-10-02T12:00:29.1492103Z [36;1mpython scripts/check_business_test_plan.py --base "$BASE_SHA" --head "$HEAD_SHA" --output output/business-impact.json[0m
2026-10-02T12:00:29.1566809Z shell: /usr/bin/bash -e {0}
2026-10-02T12:00:29.1567076Z env:
2026-10-02T12:00:29.1567360Z   pythonLocation: /opt/hostedtoolcache/Python/3.11.16/x64
2026-10-02T12:00:29.1567836Z   PKG_CONFIG_PATH: /opt/hostedtoolcache/Python/3.11.16/x64/lib/pkgconfig
2026-10-02T12:00:29.1568294Z   Python_ROOT_DIR: /opt/hostedtoolcache/Python/3.11.16/x64
2026-10-02T12:00:29.1568708Z   Python2_ROOT_DIR: /opt/hostedtoolcache/Python/3.11.16/x64
2026-10-02T12:00:29.1569113Z   Python3_ROOT_DIR: /opt/hostedtoolcache/Python/3.11.16/x64
2026-10-02T12:00:29.1569529Z   LD_LIBRARY_PATH: /opt/hostedtoolcache/Python/3.11.16/x64/lib
2026-10-02T12:00:29.1569941Z   BASE_SHA: 609ea8a73f845b496b59b5cae181f515c5919850
2026-10-02T12:00:29.1570285Z   HEAD_SHA: 7abe089ae9bfc9705b56c73a5b1dd19dd3bad7ea
2026-10-02T12:00:29.1570585Z ##[endgroup]
2026-10-02T12:00:29.5824494Z {"plan_valid": true, "affected_cases": ["RAG-01", "RAG-02", "RAG-03", "RAG-ACTUAL-01"], "external_execution": "NOT_RUN_BY_PLAN_VALIDATION; requires frozen RAG sources", "changed_paths": [".dockerignore", ".gitattributes", ".github/workflows/ci.yml", ".github/workflows/clean-stack.yml", ".gitignore", "Makefile", "README.md", "analyzer/mini_drop_analyzer/hotmethod_analyzer.py", "apiserver/go.mod", "apiserver/go.sum", "apiserver/internal/cron/cron.go", "apiserver/internal/httpapi/server.go", "apiserver/internal/httpapi/server_test.go", "benchmarks/evaluation-suite/dataset.json", "benchmarks/evaluation-suite/dataset.xlsx", "benchmarks/retrieval/heldout_20261002_frozen_inputs.json", "benchmarks/retrieval/heldout_20261002_manifest.json", "benchmarks/retrieval/heldout_20261002_private.json", "benchmarks/retrieval/heldout_20261002_public.json", "benchmarks/retrieval/planning_boundary_v3_manifest.json", "benchmarks/retrieval/planning_boundary_v3_private.json", "benchmarks/retrieval/planning_boundary_v3_public.json", "benchmarks/retrieval/planning_retrieval_v2_manifest.json", "benchmarks/retrieval/planning_retrieval_v2_private.json", "benchmarks/retrieval/planning_retrieval_v2_public.json", "benchmarks/retrieval/sre_queries.json", "benchmarks/root-cause-v1/manifest.json", "benchmarks/root-cause-v1/public/cases.json", "contracts/business_test_plan.json", "contracts/engineering_cases.json", "contracts/engineering_diagnosis.json", "contracts/interview_delivery.json", "contracts/performance_audit.json", "contracts/quality_plan.json", "demo/cpp-hotspot/main.cpp", "demo/go-hotspot/Dockerfile", "demo/go-hotspot/go.mod", "demo/go-hotspot/main.go", "demo/go-hotspot/main_test.go", "demo/java-hotspot/Hotspot.java", "demo/python-hotspot/app.py", "demo/rag_service/app.py", "deploy/dockerfiles/apiserver.Dockerfile", "deploy/dockerfiles/local-sre-api.Dockerfile", "deploy/dockerfiles/local-sre-python.Dockerfile", "deploy/dockerfiles/minio-source.Dockerfile", "deploy/dockerfiles/python-worker.Dockerfile", "deploy/dockerfiles/sre-release-python.Dockerfile", "deploy/env/control.env.example", "deploy/env/interview-demo.env", "deploy/env/retrieval.env.example", "deploy/nginx/control-tls.conf", "docker-compose.control.yml", "docker-compose.local-sre.yml", "docker-compose.retrieval.yml", "docker-compose.yml", "docs/AGENT_RUNTIME.md", "docs/AI_DIAGNOSIS.md", "docs/BUSINESS_ACCEPTANCE.md", "docs/BUSINESS_ONBOARDING_DESIGN.md", "docs/CLEAN_STACK_ACCEPTANCE.md", "docs/CURRENT_DELIVERY.md", "docs/DEMO_WALKTHROUGH.md", "docs/DIAGNOSIS_ACCEPTANCE.md", "docs/DISTRIBUTED_LOAD.md", "docs/ENGINEERING_CASES.md", "docs/ENGINEERING_DELIVERY.md", "docs/FAULT_PLAZA_21_BENCHMARK_REPORT.md", "docs/FAULT_PLAZA_ACCEPTANCE.md", "docs/FULL_CHAIN_ACCEPTANCE.md", "docs/HELDOUT_EVALUATION.md", "docs/INTERVIEW_DEEP_DIVE.md", "docs/INTERVIEW_DEMO_GUIDE.md", "docs/PERFORMANCE_DIAGNOSIS.md", "docs/PLANNING_BOUNDARY_V3.md", "docs/PLANNING_RETRIEVAL_V2.md", "docs/PROJECT_CONTEXT.md", "docs/PROJECT_LEARNING_GUIDE.md", "docs/README.md", "docs/REMAINING_WORK_20260930.md", "docs/REPLICATION.md", "docs/RESTART_HANDOFF.md", "docs/SERVICE_INTEGRATION.md", "docs/SKILLS.md", "docs/TEST_ENGINEERING.md", "docs/assets/demo-walkthrough-20260924/01-service.png", "docs/assets/demo-walkthrough-20260924/02-upload.png", "docs/assets/demo-walkthrough-20260924/03-chat.png", "docs/assets/demo-walkthrough-20260924/04-request.png", "docs/assets/demo-walkthrough-20260924/05-report.png", "docs/assets/demo-walkthrough-20260924/07-fault-results.png", "docs/assets/demo-walkthrough-20260924/08-tree.png", "docs/assets/demo-walkthrough-20260924/09-million-historical.png", "docs/assets/demo-walkthrough-20260924/10-fault-plaza.png", "docs/contracts/drop-insight-api.md", "docs/contracts/openapi.v1.json", "docs/demo/generate_demo_text.py", "docs/demo/mini-drop-demo-20k.txt", "integrations/agi_saber/agi-office-backend.service", "integrations/agi_saber/application_metrics.py", "integrations/agi_saber/backend_entry.py", "integrations/agi_saber/patches/README.md", "integrations/agi_saber/patches/long-ingest-batch.patch", "integrations/agi_saber/patches/milvus-lite.patch", "integrations/agi_saber/query_extraction_cache.py", "integrations/agi_saber/request_observations.py", "integrations/agi_saber/requirements-vector.txt", "knowledge/agent_experiments.md", "knowledge/agent_tool_governance.md", "knowledge/catalog.json", "knowledge/cgroup_cpu.md", "knowledge/distributed_attribution.md", "knowledge/go_profiles.md", "knowledge/java_thread_cpu.md", "knowledge/latency_measurement.md", "knowledge/linux_cpu.md", "knowledge/linux_iowait.md", "knowledge/memory_pressure.md", "knowledge/postgres_waits.md", "knowledge/python_sampling.md", "knowledge/rag_quality.md", "knowledge/sre_recovery.md", "knowledge/synchronous_io.md", "native/agent/src/main.cpp", "native/agent/src/proc_collectors.cpp", "native/control/src/main.cpp", "pyproject.toml", "reports/ai-diagnosis/fault-plaza-acceptance-index.json", "reports/ai-diagnosis/fault-plaza-instance-scope-1-after-race-deployed-20260930-cases/java-gc-pressure.json", "reports/ai-diagnosis/fault-plaza-instance-scope-1-after-race-deployed-20260930.json", "reports/ai-diagnosis/fault-plaza-instance-scope-1-bounded-deployed-20260930-cases/java-gc-pressure.json", "reports/ai-diagnosis/fault-plaza-instance-scope-1-bounded-deployed-20260930.json", "reports/ai-diagnosis/fault-plaza-instance-scope-1-bounded-retry-deployed-20260930-cases/java-gc-pressure.json", "reports/ai-diagnosis/fault-plaza-instance-scope-1-bounded-retry-deployed-20260930.json", "reports/ai-diagnosis/fault-plaza-instance-scope-3-deployed-20260930-cases/java-file-io.json", "reports/ai-diagnosis/fault-plaza-instance-scope-3-deployed-20260930-cases/java-gc-pressure.json", "reports/ai-diagnosis/fault-plaza-instance-scope-3-deployed-20260930-cases/java-lock-contention.json", "reports/ai-diagnosis/fault-plaza-instance-scope-3-deployed-20260930.json", "reports/ai-diagnosis/fault-plaza-java-direct-deployed-20260930-cases/java-gc-pressure.json", "reports/ai-diagnosis/fault-plaza-java-direct-deployed-20260930.json", "reports/ai-diagnosis/fault-plaza-strict-21-deployed-20260928-cases/cpu-hotspot.json", "reports/ai-diagnosis/fault-plaza-strict-21-deployed-20260928-cases/go-cpu-hotspot.json", "reports/ai-diagnosis/fault-plaza-strict-21-deployed-20260928-cases/go-network-latency.json", "reports/ai-diagnosis/fault-plaza-strict-21-deployed-20260928-cases/io-write-latency.json", "reports/ai-diagnosis/fault-plaza-strict-21-deployed-20260928-cases/load-saturation.json", "reports/ai-diagnosis/fault-plaza-strict-21-deployed-20260928-cases/memory-pressure.json", "reports/ai-diagnosis/fault-plaza-strict-21-deployed-20260928-cases/noisy-neighbor.json", "reports/ai-diagnosis/fault-plaza-strict-21-deployed-20260928-cases/queue-backlog.json", "reports/ai-diagnosis/fault-plaza-strict-21-deployed-20260928-cases/source-hotspot.json", "reports/ai-diagnosis/fault-plaza-strict-21-deployed-20260928.json", "reports/ai-diagnosis/fault-plaza-strict-21-deployed-20260930-cases/cpp-cpu-hotspot.json", "reports/ai-diagnosis/fault-plaza-strict-21-deployed-20260930-cases/cpp-downstream-latency.json", "reports/ai-diagnosis/fault-plaza-strict-21-deployed-20260930-cases/cpp-file-io.json", "reports/ai-diagnosis/fault-plaza-strict-21-deployed-20260930-cases/cpp-lock-contention.json", "reports/ai-diagnosis/fault-plaza-strict-21-deployed-20260930-cases/cpp-memory-growth.json", "reports/ai-diagnosis/fault-plaza-strict-21-deployed-20260930-cases/cpu-hotspot.json", "reports/ai-diagnosis/fault-plaza-strict-21-deployed-20260930-cases/go-cpu-hotspot.json", "reports/ai-diagnosis/fault-plaza-strict-21-deployed-20260930-cases/go-file-io.json", "reports/ai-diagnosis/fault-plaza-strict-21-deployed-20260930-cases/go-memory-growth.json", "reports/ai-diagnosis/fault-plaza-strict-21-deployed-20260930-cases/go-network-latency.json", "reports/ai-diagnosis/fault-plaza-strict-21-deployed-20260930-cases/io-write-latency.json", "reports/ai-diagnosis/fault-plaza-strict-21-deployed-20260930-cases/java-downstream-latency.json", "reports/ai-diagnosis/fault-plaza-strict-21-deployed-20260930-cases/java-file-io.json", "reports/ai-diagnosis/fault-plaza-strict-21-deployed-20260930-cases/java-gc-pressure.json", "reports/ai-diagnosis/fault-plaza-strict-21-deployed-20260930-cases/java-lock-contention.json", "reports/ai-diagnosis/fault-plaza-strict-21-deployed-20260930-cases/java-offheap-growth.json", "reports/ai-diagnosis/fault-plaza-strict-21-deployed-20260930-cases/load-saturation.json", "reports/ai-diagnosis/fault-plaza-strict-21-deployed-20260930-cases/memory-pressure.json", "reports/ai-diagnosis/fault-plaza-strict-21-deployed-20260930-cases/noisy-neighbor.json", "reports/ai-diagnosis/fault-plaza-strict-21-deployed-20260930-cases/queue-backlog.json", "reports/ai-diagnosis/fault-plaza-strict-21-deployed-20260930-cases/source-hotspot.json", "reports/ai-diagnosis/fault-plaza-strict-21-deployed-20260930.json", "reports/ai-diagnosis/fault-plaza-strict-pilot-20260928-cases/go-cpu-hotspot.json", "reports/ai-diagnosis/fault-plaza-strict-pilot-20260928-cases/source-hotspot.json", "reports/ai-diagnosis/fault-plaza-strict-pilot-20260928.json", "reports/architecture/acceptance-transport-20260930.md", "reports/architecture/agent-deadline-20260919.md", "reports/architecture/agi-saber-rag-release-20260923.md", "reports/architecture/cloud-deployment-and-strict-retest-20260928.md", "reports/architecture/cloud-recovery-20260919.md", "reports/architecture/cloud-release-20260919.md", "reports/architecture/conclusion-integrity-20260928.md", "reports/architecture/deployment-validation-20260930.md", "reports/architecture/engineering-diagnosis-20261001.md", "reports/architecture/engineering-score-only-20261002.md", "reports/architecture/health-check-flow-20261001.md", "reports/architecture/instance-scope-fix-20260930.md", "reports/architecture/interview-completion-20261001.md", "reports/architecture/interview-release-20261002.md", "reports/architecture/load-endurance-20260927.md", "reports/architecture/local-sre-run-20260919.md", "reports/architecture/observability-release-20260922.md", "reports/architecture/performance-diagnosis-20261001.md", "reports/architecture/performance-fix-20260930.md", "reports/architecture/performance-localization-20261001.md", "reports/architecture/performance-sre-agent-implementation-20260919.md", "reports/architecture/performance-sre-agent-research-20260919.md", "reports/architecture/planning-retrieval-v2-20261002.md", "reports/architecture/resource-controls-20260927.md", "reports/architecture/security-cancel-delivery-20260930.md", "reports/architecture/service-exam-release-20260923.md", "reports/architecture/seven-gaps-20261002.md", "reports/architecture/sre-agent-chroma-20260919-r2.xml", "reports/architecture/sre-agent-chroma-20260919.xml", "reports/architecture/sre-agent-final-validation-20260919.xml", "reports/architecture/sre-agent-python-20260919-r2.xml", "reports/architecture/sre-agent-python-20260919.xml", "reports/architecture/sre-agent-targeted-final-20260919.xml", "reports/architecture/sre-diagnosis-agent-design-20260919.md", "reports/architecture/sre-quality-roadmap-20260919.md", "reports/architecture/test-engineering-ci-20260927.json", "reports/architecture/test-engineering-ci-20260927.md", "reports/architecture/test-engineering-review-20260926.md", "reports/business-acceptance/actual-rag-regression-20260927/http-report.json", "reports/business-acceptance/actual-rag-regression-20260927/search-after.json", "reports/business-acceptance/actual-rag-regression-20260927/search-before.json", "reports/business-acceptance/cloud-data-cleanup-20260924.md", "reports/business-acceptance/conclusion-integrity-20260928/before-after.json", "reports/business-acceptance/conclusion-integrity-20260928/ci-artifact-source.json", "reports/business-acceptance/conclusion-integrity-20260928/ci-python-evidence.zip", "reports/business-acceptance/conclusion-integrity-20260928/ci-python-report.json", "reports/business-acceptance/conclusion-integrity-20260928/ci.json", "reports/business-acceptance/conclusion-integrity-20260928/regression-evidence.zip", "reports/business-acceptance/deployment-20260928/ci-artifact-source.json", "reports/business-acceptance/deployment-20260928/ci-followup-artifact-source.json", "reports/business-acceptance/deployment-20260928/ci-followup-python-evidence.zip", "reports/business-acceptance/deployment-20260928/ci-followup-python-report.json", "reports/business-acceptance/deployment-20260928/ci-followup-run.json", "reports/business-acceptance/deployment-20260928/ci-python-evidence.zip", "reports/business-acceptance/deployment-20260928/ci-python-report.json", "reports/business-acceptance/deployment-20260928/ci-run.json", "reports/business-acceptance/deployment-20260928/cpu-plan-after.json", "reports/business-acceptance/deployment-20260928/cpu-plan-before.json", "reports/business-acceptance/deployment-20260928/deployment-source-evidence.zip", "reports/business-acceptance/deployment-20260928/deployment.json", "reports/business-acceptance/deployment-20260928/distributed-hour/evidence.zip", "reports/business-acceptance/deployment-20260928/distributed-hour/manifest.json", "reports/business-acceptance/deployment-20260928/distributed-hour/render-v2-manifest.json", "reports/business-acceptance/deployment-20260928/distributed-hour/render-v2-source.zip", "reports/business-acceptance/deployment-20260928/distributed-hour/report-v2.html", "reports/business-acceptance/deployment-20260928/distributed-hour/report.html", "reports/business-acceptance/deployment-20260928/distributed-hour/report.json", "reports/business-acceptance/deployment-20260928/distributed-hour/timing-analysis.json", "reports/business-acceptance/deployment-20260928/distributed-quick/evidence.zip", "reports/business-acceptance/deployment-20260928/distributed-quick/manifest.json", "reports/business-acceptance/deployment-20260928/distributed-quick/report.json", "reports/business-acceptance/deployment-20260928/health-after.json", "reports/business-acceptance/deployment-20260928/historical-matrix.json", "reports/business-acceptance/deployment-20260928/historical-matrix.md", "reports/business-acceptance/deployment-20260928/local-artifacts.json", "reports/business-acceptance/deployment-20260928/local-regression-evidence.zip", "reports/business-acceptance/deployment-20260928/manifest.json", "reports/business-acceptance/deployment-20260928/pilot-analysis.json", "reports/business-acceptance/deployment-20260928/pilot-followup-regression.zip", "reports/business-acceptance/deployment-20260928/runtime-source-verification.json", "reports/business-acceptance/deployment-20260928/runtime-v2-deployment.json", "reports/business-acceptance/deployment-20260928/runtime-v2-health-after.json", "reports/business-acceptance/deployment-20260928/runtime-v2-manifest.json", "reports/business-acceptance/deployment-20260928/runtime-v2-runtime-source-verification.json", "reports/business-acceptance/deployment-20260928/runtime-v2-source-evidence.zip", "reports/business-acceptance/deployment-20260930/browser-case-after.json", "reports/business-acceptance/deployment-20260930/browser-case-after.png", "reports/business-acceptance/deployment-20260930/browser-case-before.json", "reports/business-acceptance/deployment-20260930/browser-case-before.png", "reports/business-acceptance/deployment-20260930/browser-real-local.png", "reports/business-acceptance/deployment-20260930/browser-result.json", "reports/business-acceptance/deployment-20260930/called-vulnerabilities.json", "reports/business-acceptance/deployment-20260930/campaign-analysis.json", "reports/business-acceptance/deployment-20260930/ci-jobs.json", "reports/business-acceptance/deployment-20260930/dependency-findings.json", "reports/business-acceptance/deployment-20260930/deployment-web.json", "reports/business-acceptance/deployment-20260930/deployment.json", "reports/business-acceptance/deployment-20260930/distributed-hour/evidence.zip", "reports/business-acceptance/deployment-20260930/distributed-hour/manifest.json", "reports/business-acceptance/deployment-20260930/distributed-hour/report.html", "reports/business-acceptance/deployment-20260930/distributed-hour/report.json", "reports/business-acceptance/deployment-20260930/distributed-hour/timing-analysis.json", "reports/business-acceptance/deployment-20260930/distributed-quick/evidence.zip", "reports/business-acceptance/deployment-20260930/distributed-quick/manifest.json", "reports/business-acceptance/deployment-20260930/distributed-quick/report.html", "reports/business-acceptance/deployment-20260930/distributed-quick/report.json", "reports/business-acceptance/deployment-20260930/fault-artifacts.json", "reports/business-acceptance/deployment-20260930/fault-artifacts.zip", "reports/business-acceptance/deployment-20260930/final-safety.json", "reports/business-acceptance/deployment-20260930/govulncheck-summary.json", "reports/business-acceptance/deployment-20260930/health-before-campaign.json", "reports/business-acceptance/deployment-20260930/manifest.json", "reports/business-acceptance/deployment-20260930/plaza-after-publication.json", "reports/business-acceptance/deployment-20260930/security-audit-manifest.json", "reports/business-acceptance/deployment-20260930/security-audit.zip", "reports/business-acceptance/deployment-20260930/source-verification-backend-after-web.json", "reports/business-acceptance/deployment-20260930/source-verification-web.json", "reports/business-acceptance/deployment-20260930/source-verification.json", "reports/business-acceptance/deployment-20260930/supply-chain-summary.json", "reports/business-acceptance/deployment-20260930/web-ci-artifacts.json", "reports/business-acceptance/deployment-20260930/web-ci-browser.zip", "reports/business-acceptance/deployment-20260930/web-ci-business.zip", "reports/business-acceptance/deployment-20260930/web-ci-jobs.json", "reports/business-acceptance/deployment-20260930/web-ci-log.zip", "reports/business-acceptance/deployment-20260930/web-ci-manifest.json", "reports/business-acceptance/deployment-20260930/web-ci-run.json", "reports/business-acceptance/deployment-20260930/web-regression-manifest.json", "reports/business-acceptance/deployment-20260930/web-regression.zip", "reports/business-acceptance/endurance-20260927/ci-short-report.json", "reports/business-acceptance/endurance-20260927/ci.json", "reports/business-acceptance/endurance-20260927/report.json", "reports/business-acceptance/endurance-20260927/requests.zip", "reports/business-acceptance/long-document-ingest-20260923.md", "reports/business-acceptance/resource-controls-20260927/ci-artifact-source.json", "reports/business-acceptance/resource-controls-20260927/ci-python-report.json", "reports/business-acceptance/resource-controls-20260927/ci.json", "reports/business-acceptance/resource-controls-20260927/hotspot-controls/go/cleanup-snapshot.json", "reports/business-acceptance/resource-controls-20260927/hotspot-controls/go/cpu.pprof", "reports/business-acceptance/resource-controls-20260927/hotspot-controls/go/fault-snapshots.json", "reports/business-acceptance/resource-controls-20260927/hotspot-controls/go/pprof-top.txt", "reports/business-acceptance/resource-controls-20260927/hotspot-controls/go/recovery-snapshot.json", "reports/business-acceptance/resource-controls-20260927/hotspot-controls/go/report.json", "reports/business-acceptance/resource-controls-20260927/hotspot-controls/go/target.log", "reports/business-acceptance/resource-controls-20260927/hotspot-controls/python/cleanup-snapshot.json", "reports/business-acceptance/resource-controls-20260927/hotspot-controls/python/fault-snapshots.json", "reports/business-acceptance/resource-controls-20260927/hotspot-controls/python/recovery-snapshot.json", "reports/business-acceptance/resource-controls-20260927/hotspot-controls/python/report.json", "reports/business-acceptance/resource-controls-20260927/hotspot-controls/python/target.log", "reports/business-acceptance/resource-controls-20260927/hotspot-controls/report.json", "reports/business-acceptance/resource-controls-20260927/hotspot-controls/source.json", "reports/business-acceptance/resource-controls-20260927/long/chart.png", "reports/business-acceptance/resource-controls-20260927/long/measurement-sources.zip", "reports/business-acceptance/resource-controls-20260927/long/report.html", "reports/business-acceptance/resource-controls-20260927/long/report.json", "reports/business-acceptance/resource-controls-20260927/long/requests.zip", "reports/business-acceptance/resource-controls-20260927/refined/chart.png", "reports/business-acceptance/resource-controls-20260927/refined/measurement-sources.zip", "reports/business-acceptance/resource-controls-20260927/refined/report.html", "reports/business-acceptance/resource-controls-20260927/refined/report.json", "reports/business-acceptance/resource-controls-20260927/refined/requests.zip", "reports/business-acceptance/resource-controls-20260927/resource-gap-before.log", "reports/evaluation/evaluation_report.xlsx", "reports/quality/engineering-cases-20261001/browser.log", "reports/quality/engineering-cases-20261001/browser/cases-1024.png", "reports/quality/engineering-cases-20261001/browser/cases-1440.png", "reports/quality/engineering-cases-20261001/browser/cases-375.png", "reports/quality/engineering-cases-20261001/browser/cases-768.png", "reports/quality/engineering-cases-20261001/browser/historical.png", "reports/quality/engineering-cases-20261001/browser/result.json", "reports/quality/engineering-cases-20261001/browser_cases.mjs", "reports/quality/engineering-cases-20261001/catalog-tests.xml", "reports/quality/engineering-cases-20261001/ci-artifacts.json", "reports/quality/engineering-cases-20261001/ci-jobs.json", "reports/quality/engineering-cases-20261001/ci-postgres-concurrency-2ace4b448d1be1016370c7139a5776f4649dbc79-1.zip", "reports/quality/engineering-cases-20261001/ci-python-quality-2ace4b448d1be1016370c7139a5776f4649dbc79-1.zip", "reports/quality/engineering-cases-20261001/ci-run.json", "reports/quality/engineering-cases-20261001/ci-web-browser-2ace4b448d1be1016370c7139a5776f4649dbc79-1.zip", "reports/quality/engineering-cases-20261001/completed-manifest.json", "reports/quality/engineering-cases-20261001/coverage.json", "reports/quality/engineering-cases-20261001/credential-scan.json", "reports/quality/engineering-cases-20261001/delivery-manifest.json", "reports/quality/engineering-cases-20261001/deploy_runtime.py", "reports/quality/engineering-cases-20261001/evidence-manifest.json", "reports/quality/engineering-cases-20261001/final-runtime-verification.json", "reports/quality/engineering-cases-20261001/local-validation.json", "reports/quality/engineering-cases-20261001/manifest.json", "reports/quality/engineering-cases-20261001/notification-after.xml", "reports/quality/engineering-cases-20261001/parallel-timing.json", "reports/quality/engineering-cases-20261001/platform-deployment.json", "reports/quality/engineering-cases-20261001/platform-deployment.log", "reports/quality/engineering-cases-20261001/python-full.log", "reports/quality/engineering-cases-20261001/python-full.xml", "reports/quality/engineering-cases-20261001/python-quality-report.html", "reports/quality/engineering-cases-20261001/python-quality-report.json", "reports/quality/engineering-cases-20261001/source-link-update/browser.log", "reports/quality/engineering-cases-20261001/source-link-update/browser/cases-1024.png", "reports/quality/engineering-cases-20261001/source-link-update/browser/cases-1440.png", "reports/quality/engineering-cases-20261001/source-link-update/browser/cases-375.png", "reports/quality/engineering-cases-20261001/source-link-update/browser/cases-768.png", "reports/quality/engineering-cases-20261001/source-link-update/browser/historical.png", "reports/quality/engineering-cases-20261001/source-link-update/browser/result.json", "reports/quality/engineering-cases-20261001/source-link-update/browser_cases.mjs", "reports/quality/engineering-cases-20261001/source-link-update/ci-jobs.json", "reports/quality/engineering-cases-20261001/source-link-update/ci-run.json", "reports/quality/engineering-cases-20261001/source-link-update/deploy_runtime.py", "reports/quality/engineering-cases-20261001/source-link-update/final-runtime-verification.json", "reports/quality/engineering-cases-20261001/source-link-update/manifest.json", "reports/quality/engineering-cases-20261001/source-link-update/platform-deployment.json", "reports/quality/engineering-cases-20261001/source-link-update/platform-deployment.log", "reports/quality/engineering-cases-20261001/source-link-update/published-index.json", "reports/quality/engineering-cases-20261001/timing-after.py", "reports/quality/engineering-cases-20261001/timing-before.py", "reports/quality/engineering-cases-20261001/verify_archive.py", "reports/quality/engineering-cases-20261001/verify_completed.py", "reports/quality/engineering-cases-20261001/verify_delivery.py", "reports/quality/engineering-cases-20261001/verify_runtime.py", "reports/quality/engineering-cases-20261001/web-audit.log", "reports/quality/engineering-cases-20261001/web-build.log", "reports/quality/engineering-cases-20261001/web-full.log", "reports/quality/engineering-cases-20261001/web-full.xml", "reports/quality/engineering-cases-20261001/web-targeted.xml", "reports/quality/engineering-diagnosis-20261001/deployed/archive_delivery.py", "reports/quality/engineering-diagnosis-20261001/deployed/browser.log", "reports/quality/engineering-diagnosis-20261001/deployed/browser/current-engineering-acceptance.png", "reports/quality/engineering-diagnosis-20261001/deployed/browser/engineering-cpu-button.png", "reports/quality/engineering-diagnosis-20261001/deployed/browser/engineering.png", "reports/quality/engineering-diagnosis-20261001/deployed/browser/failure-audit.png", "reports/quality/engineering-diagnosis-20261001/deployed/browser/go-cpu-hotspot.png", "reports/quality/engineering-diagnosis-20261001/deployed/browser/go-file-io.png", "reports/quality/engineering-diagnosis-20261001/deployed/browser/go-network-latency.png", "reports/quality/engineering-diagnosis-20261001/deployed/browser/health-normal.png", "reports/quality/engineering-diagnosis-20261001/deployed/browser/history-back-network.png", "reports/quality/engineering-diagnosis-20261001/deployed/browser/history-forward-io.png", "reports/quality/engineering-diagnosis-20261001/deployed/browser/network.json", "reports/quality/engineering-diagnosis-20261001/deployed/browser/performance-1024.png", "reports/quality/engineering-diagnosis-20261001/deployed/browser/performance-1440.png", "reports/quality/engineering-diagnosis-20261001/deployed/browser/performance-375.png", "reports/quality/engineering-diagnosis-20261001/deployed/browser/performance-768.png", "reports/quality/engineering-diagnosis-20261001/deployed/browser/result.json", "reports/quality/engineering-diagnosis-20261001/deployed/browser_engineering.mjs", "reports/quality/engineering-diagnosis-20261001/deployed/build_web.py", "reports/quality/engineering-diagnosis-20261001/deployed/ci-artifacts/artifacts.json", "reports/quality/engineering-diagnosis-20261001/deployed/ci-artifacts/download-manifest.json", "reports/quality/engineering-diagnosis-20261001/deployed/ci-artifacts/hotspot-controls-d44ec6de1951d45471ca129f0a90c2df964ca219-1.zip", "reports/quality/engineering-diagnosis-20261001/deployed/ci-artifacts/hotspot-controls-d44ec6de1951d45471ca129f0a90c2df964ca219-1/go-io-window/report.json", "reports/quality/engineering-diagnosis-20261001/deployed/ci-artifacts/hotspot-controls-d44ec6de1951d45471ca129f0a90c2df964ca219-1/hotspot-controls/measurement/go/report.json", "reports/quality/engineering-diagnosis-20261001/deployed/ci-artifacts/hotspot-controls-d44ec6de1951d45471ca129f0a90c2df964ca219-1/hotspot-controls/measurement/python/report.json", "reports/quality/engineering-diagnosis-20261001/deployed/ci-artifacts/hotspot-controls-d44ec6de1951d45471ca129f0a90c2df964ca219-1/hotspot-controls/measurement/report.json", "reports/quality/engineering-diagnosis-20261001/deployed/ci-artifacts/hotspot-controls-d44ec6de1951d45471ca129f0a90c2df964ca219-1/report.json", "reports/quality/engineering-diagnosis-20261001/deployed/ci-artifacts/postgres-concurrency-d44ec6de1951d45471ca129f0a90c2df964ca219-1.zip", "reports/quality/engineering-diagnosis-20261001/deployed/ci-artifacts/postgres-concurrency-d44ec6de1951d45471ca129f0a90c2df964ca219-1/python.junit.xml", "reports/quality/engineering-diagnosis-20261001/deployed/ci-artifacts/postgres-concurrency-d44ec6de1951d45471ca129f0a90c2df964ca219-1/runtime.json", "reports/quality/engineering-diagnosis-20261001/deployed/ci-artifacts/python-quality-d44ec6de1951d45471ca129f0a90c2df964ca219-1.zip", "reports/quality/engineering-diagnosis-20261001/deployed/ci-artifacts/python-quality-d44ec6de1951d45471ca129f0a90c2df964ca219-1/python-all/coverage.json", "reports/quality/engineering-diagnosis-20261001/deployed/ci-artifacts/python-quality-d44ec6de1951d45471ca129f0a90c2df964ca219-1/python-all/junit.xml", "reports/quality/engineering-diagnosis-20261001/deployed/ci-artifacts/python-quality-d44ec6de1951d45471ca129f0a90c2df964ca219-1/report.json", "reports/quality/engineering-diagnosis-20261001/deployed/ci-artifacts/web-browser-d44ec6de1951d45471ca129f0a90c2df964ca219-1.zip", "reports/quality/engineering-diagnosis-20261001/deployed/ci-logs/110367891631.log", "reports/quality/engineering-diagnosis-20261001/deployed/ci-logs/110367891727.log", "reports/quality/engineering-diagnosis-20261001/deployed/collect_ci.py", "reports/quality/engineering-diagnosis-20261001/deployed/collect_ci_logs.py", "reports/quality/engineering-diagnosis-20261001/deployed/final-runtime-verification.json", "reports/quality/engineering-diagnosis-20261001/deployed/index-before-domain-validation.json", "reports/quality/engineering-diagnosis-20261001/deployed/live-index-before.json", "reports/quality/engineering-diagnosis-20261001/deployed/live-release/build.log", "reports/quality/engineering-diagnosis-20261001/deployed/live-release/deployment.json", "reports/quality/engineering-diagnosis-20261001/deployed/live-release/manifest.json", "reports/quality/engineering-diagnosis-20261001/deployed/live-release/public-verification.json", "reports/quality/engineering-diagnosis-20261001/deployed/live-release/source-manifest.json", "reports/quality/engineering-diagnosis-20261001/deployed/live-source-comparison.json", "reports/quality/engineering-diagnosis-20261001/deployed/release-review.json", "reports/quality/engineering-diagnosis-20261001/deployed/release/activate_platform.py", "reports/quality/engineering-diagnosis-20261001/deployed/release/check_web_bundle.mjs", "reports/quality/engineering-diagnosis-20261001/deployed/release/ci-jobs.json", "reports/quality/engineering-diagnosis-20261001/deployed/release/ci-run.json", "reports/quality/engineering-diagnosis-20261001/deployed/release/ci_status.py", "reports/quality/engineering-diagnosis-20261001/deployed/release/deploy_runtime.py", "reports/quality/engineering-diagnosis-20261001/deployed/release/prepare_release.py", "reports/quality/engineering-diagnosis-20261001/deployed/release/source-head.txt", "reports/quality/engineering-diagnosis-20261001/deployed/release/source-verification.json", "reports/quality/engineering-diagnosis-20261001/deployed/run_browser.py", "reports/quality/engineering-diagnosis-20261001/deployed/setup_browser.py", "reports/quality/engineering-diagnosis-20261001/deployed/setup_release.py", "reports/quality/engineering-diagnosis-20261001/deployed/stage_learning_index.py", "reports/quality/engineering-diagnosis-20261001/deployed/stage_source.py", "reports/quality/engineering-diagnosis-20261001/deployed/targeted-python-r2.xml", "reports/quality/engineering-diagnosis-20261001/deployed/targeted-python-r3.xml", "reports/quality/engineering-diagnosis-20261001/deployed/targeted-python.xml", "reports/quality/engineering-diagnosis-20261001/deployed/verify_live_source.py", "reports/quality/engineering-diagnosis-20261001/deployed/verify_runtime.py", "reports/quality/engineering-diagnosis-20261001/deployed/web-engineering-clean-build.log", "reports/quality/engineering-diagnosis-20261001/deployed/web-engineering-clean-bundle.log", "reports/quality/engineering-diagnosis-20261001/deployed/web-engineering-clean-junit.xml", "reports/quality/engineering-diagnosis-20261001/deployed/web-engineering-clean-provenance.json", "reports/quality/engineering-diagnosis-20261001/deployed/web-engineering-clean-test.log", "reports/quality/engineering-diagnosis-20261001/deployed/web-full.xml", "reports/quality/engineering-diagnosis-20261001/local/contracts/command-1.log", "reports/quality/engineering-diagnosis-20261001/local/contracts/command-2.log", "reports/quality/engineering-diagnosis-20261001/local/contracts/command-3.log", "reports/quality/engineering-diagnosis-20261001/local/contracts/command-4.log", "reports/quality/engineering-diagnosis-20261001/local/contracts/command-5.log", "reports/quality/engineering-diagnosis-20261001/local/contracts/command-6.log", "reports/quality/engineering-diagnosis-20261001/local/contracts/command-7.log", "reports/quality/engineering-diagnosis-20261001/local/contracts/command-8.log", "reports/quality/engineering-diagnosis-20261001/local/contracts/command-9.log", "reports/quality/engineering-diagnosis-20261001/local/python-all/.coverage", "reports/quality/engineering-diagnosis-20261001/local/python-all/command-1.log", "reports/quality/engineering-diagnosis-20261001/local/python-all/coverage.json", "reports/quality/engineering-diagnosis-20261001/local/python-all/junit.xml", "reports/quality/engineering-diagnosis-20261001/local/report.html", "reports/quality/engineering-diagnosis-20261001/local/report.json", "reports/quality/engineering-diagnosis-20261001/manifest.json", "reports/quality/engineering-score-only-20261002/browser-initial/browser.log", "reports/quality/engineering-score-only-20261002/browser-initial/expected-public.json", "reports/quality/engineering-score-only-20261002/browser-initial/network.json", "reports/quality/engineering-score-only-20261002/browser-initial/result.json", "reports/quality/engineering-score-only-20261002/browser/browser.log", "reports/quality/engineering-score-only-20261002/browser/expected-public.json", "reports/quality/engineering-score-only-20261002/browser/network.json", "reports/quality/engineering-score-only-20261002/browser/result.json", "reports/quality/engineering-score-only-20261002/browser/retired-score-current-overview.png", "reports/quality/engineering-score-only-20261002/ci/logs/job-110710210891.log", "reports/quality/engineering-score-only-20261002/ci/logs/job-110710210934.log", "reports/quality/engineering-score-only-20261002/ci/logs/job-110710210948.log", "reports/quality/engineering-score-only-20261002/ci/logs/job-110710210964.log", "reports/quality/engineering-score-only-20261002/ci/logs/job-110710210993.log", "reports/quality/engineering-score-only-20261002/ci/logs/job-110710211009.log", "reports/quality/engineering-score-only-20261002/ci/logs/job-110710211014.log", "reports/quality/engineering-score-only-20261002/ci/logs/job-110710211029.log", "reports/quality/engineering-score-only-20261002/ci/logs/job-110710211035.log", "reports/quality/engineering-score-only-20261002/ci/logs/job-110710211037.log", "reports/quality/engineering-score-only-20261002/ci/logs/job-110710211041.log", "reports/quality/engineering-score-only-20261002/ci/logs/job-110710211077.log", "reports/quality/engineering-score-only-20261002/ci/logs/job-110710211113.log", "reports/quality/engineering-score-only-20261002/ci/logs/job-110710211123.log", "reports/quality/engineering-score-only-20261002/ci/official-artifacts.json", "reports/quality/engineering-score-only-20261002/ci/official-ci-merge-commit.json", "reports/quality/engineering-score-only-20261002/ci/official-jobs.json", "reports/quality/engineering-score-only-20261002/ci/official-run.json", "reports/quality/engineering-score-only-20261002/ci/official-source-commit.json", "reports/quality/engineering-score-only-20261002/ci/reports/hotspot-controls-4106ef148573cc39036eb099b4ac1f7757f9f645-1/go-io-window/report.json", "reports/quality/engineering-score-only-20261002/ci/reports/hotspot-controls-4106ef148573cc39036eb099b4ac1f7757f9f645-1/hotspot-controls/measurement/go/report.json", "reports/quality/engineering-score-only-20261002/ci/reports/hotspot-controls-4106ef148573cc39036eb099b4ac1f7757f9f645-1/hotspot-controls/measurement/python/report.json", "reports/quality/engineering-score-only-20261002/ci/reports/hotspot-controls-4106ef148573cc39036eb099b4ac1f7757f9f645-1/hotspot-controls/measurement/report.json", "reports/quality/engineering-score-only-20261002/ci/reports/hotspot-controls-4106ef148573cc39036eb099b4ac1f7757f9f645-1/report.json", "reports/quality/engineering-score-only-20261002/ci/reports/native-agent-binary-4106ef148573cc39036eb099b4ac1f7757f9f645-1/ctest.xml", "reports/quality/engineering-score-only-20261002/ci/reports/observation-controls-4106ef148573cc39036eb099b4ac1f7757f9f645-1/cpp/report.json", "reports/quality/engineering-score-only-20261002/ci/reports/observation-controls-4106ef148573cc39036eb099b4ac1f7757f9f645-1/java/report.json", "reports/quality/engineering-score-only-20261002/ci/reports/observation-controls-4106ef148573cc39036eb099b4ac1f7757f9f645-1/perf-source-toolchain/report.json", "reports/quality/engineering-score-only-20261002/ci/reports/observation-controls-4106ef148573cc39036eb099b4ac1f7757f9f645-1/python/report.json", "reports/quality/engineering-score-only-20261002/ci/reports/postgres-concurrency-4106ef148573cc39036eb099b4ac1f7757f9f645-1/gate.json", "reports/quality/engineering-score-only-20261002/ci/reports/postgres-concurrency-4106ef148573cc39036eb099b4ac1f7757f9f645-1/go-version.txt", "reports/quality/engineering-score-only-20261002/ci/reports/postgres-concurrency-4106ef148573cc39036eb099b4ac1f7757f9f645-1/python.junit.xml", "reports/quality/engineering-score-only-20261002/ci/reports/postgres-concurrency-4106ef148573cc39036eb099b4ac1f7757f9f645-1/runtime.json", "reports/quality/engineering-score-only-20261002/ci/reports/python-quality-4106ef148573cc39036eb099b4ac1f7757f9f645-1/python-all/junit.xml", "reports/quality/engineering-score-only-20261002/ci/reports/python-quality-4106ef148573cc39036eb099b4ac1f7757f9f645-1/report.json", "reports/quality/engineering-score-only-20261002/ci/reports/web-browser-4106ef148573cc39036eb099b4ac1f7757f9f645-1/result.json", "reports/quality/engineering-score-only-20261002/ci/source-equivalence.json", "reports/quality/engineering-score-only-20261002/ci/summary.json", "reports/quality/engineering-score-only-20261002/ci/summary.md", "reports/quality/engineering-score-only-20261002/local/backend-regression.xml", "reports/quality/engineering-score-only-20261002/local/browser-result.json", "reports/quality/engineering-score-only-20261002/local/web-tests-full.json", "reports/quality/engineering-score-only-20261002/manifest.json", "reports/quality/engineering-score-only-20261002/publication/backend-review.json", "reports/quality/engineering-score-only-20261002/publication/browser-lineage.json", "reports/quality/engineering-score-only-20261002/publication/documentation-generator-verification.json", "reports/quality/engineering-score-only-20261002/publication/final-publication-verification.json", "reports/quality/engineering-score-only-20261002/publication/final-runtime-predeployment.json", "reports/quality/engineering-score-only-20261002/release/ci-jobs.json", "reports/quality/engineering-score-only-20261002/release/ci-run.json", "reports/quality/engineering-score-only-20261002/release/manifest.json", "reports/quality/engineering-score-only-20261002/release/platform-deployment.json", "reports/quality/engineering-score-only-20261002/release/platform-deployment.log", "reports/quality/engineering-score-only-20261002/release/release-tag.txt", "reports/quality/engineering-score-only-20261002/release/source-head.txt", "reports/quality/engineering-score-only-20261002/release/web-build.log", "reports/quality/engineering-score-only-20261002/tools/activate_platform.py", "reports/quality/engineering-score-only-20261002/tools/archive_delivery.py", "reports/quality/engineering-score-only-20261002/tools/browser_verify.mjs", "reports/quality/engineering-score-only-20261002/tools/browser_verify.py", "reports/quality/engineering-score-only-20261002/tools/ci_status.py", "reports/quality/engineering-score-only-20261002/tools/collect_ci_evidence.py", "reports/quality/engineering-score-only-20261002/tools/deploy_runtime.py", "reports/quality/engineering-score-only-20261002/tools/final_preflight.py", "reports/quality/engineering-score-only-20261002/tools/prepare_final_release.py", "reports/quality/engineering-score-only-20261002/tools/verify_final_runtime.py", "reports/quality/focused-delivery-20260929/ci-business-evidence.zip", "reports/quality/focused-delivery-20260929/ci-hotspot-failure.zip", "reports/quality/focused-delivery-20260929/ci-hotspot-fixed.zip", "reports/quality/focused-delivery-20260929/ci-initial-run.json", "reports/quality/focused-delivery-20260929/ci-manifest.json", "reports/quality/focused-delivery-20260929/ci-postgres-concurrency.zip", "reports/quality/focused-delivery-20260929/ci-python-evidence.zip", "reports/quality/focused-delivery-20260929/ci-python-report.json", "reports/quality/focused-delivery-20260929/ci-python-source.json", "reports/quality/focused-delivery-20260929/ci-retrieval-quality.zip", "reports/quality/focused-delivery-20260929/ci-run.json", "reports/quality/focused-delivery-20260929/cpu-roundoff-fix.json", "reports/quality/focused-delivery-20260929/cpu-roundoff-regression.zip", "reports/quality/focused-delivery-20260929/local-python.json", "reports/quality/focused-delivery-20260929/local-smoke.json", "reports/quality/focused-delivery-20260929/manifest.json", "reports/quality/focused-delivery-20260929/regression-evidence.zip", "reports/quality/focused-delivery-20260929/scope-before-after.json", "reports/quality/health-check-flow-20261001/README.md", "reports/quality/health-check-flow-20261001/browser-check-live/manifest.raw", "reports/quality/health-check-flow-20261001/browser-check-live/records.json", "reports/quality/health-check-flow-20261001/browser-check-live/selected-existing-case.json", "reports/quality/health-check-flow-20261001/browser-check-live/sys_metrics.raw", "reports/quality/health-check-flow-20261001/browser/browser-created-id.txt", "reports/quality/health-check-flow-20261001/browser/browser-created-normal-check.png", "reports/quality/health-check-flow-20261001/browser/completed-check-1440.png", "reports/quality/health-check-flow-20261001/browser/completed-check-375.png", "reports/quality/health-check-flow-20261001/browser/current-engineering-acceptance.png", "reports/quality/health-check-flow-20261001/browser/engineering-cpu-button.png", "reports/quality/health-check-flow-20261001/browser/engineering.png", "reports/quality/health-check-flow-20261001/browser/failure-audit.png", "reports/quality/health-check-flow-20261001/browser/go-cpu-hotspot.png", "reports/quality/health-check-flow-20261001/browser/go-file-io.png", "reports/quality/health-check-flow-20261001/browser/go-network-latency.png", "reports/quality/health-check-flow-20261001/browser/health-normal.png", "reports/quality/health-check-flow-20261001/browser/history-back-network.png", "reports/quality/health-check-flow-20261001/browser/history-forward-io.png", "reports/quality/health-check-flow-20261001/browser/network.json", "reports/quality/health-check-flow-20261001/browser/performance-1024.png", "reports/quality/health-check-flow-20261001/browser/performance-1440.png", "reports/quality/health-check-flow-20261001/browser/performance-375.png", "reports/quality/health-check-flow-20261001/browser/performance-768.png", "reports/quality/health-check-flow-20261001/browser/result.json", "reports/quality/health-check-flow-20261001/ci-logs/110406958393.log", "reports/quality/health-check-flow-20261001/ci-logs/110406958567.log", "reports/quality/health-check-flow-20261001/ci-summary.json", "reports/quality/health-check-flow-20261001/ci/artifacts.json", "reports/quality/health-check-flow-20261001/ci/download-manifest.json", "reports/quality/health-check-flow-20261001/ci/hotspot-controls-5e40ad367f6e33563e9591c4862c28a61adc3ed7-1/report.json", "reports/quality/health-check-flow-20261001/ci/postgres-concurrency-5e40ad367f6e33563e9591c4862c28a61adc3ed7-1/python.junit.xml", "reports/quality/health-check-flow-20261001/ci/postgres-concurrency-5e40ad367f6e33563e9591c4862c28a61adc3ed7-1/runtime.json", "reports/quality/health-check-flow-20261001/ci/python-quality-5e40ad367f6e33563e9591c4862c28a61adc3ed7-1/python-all/coverage.json", "reports/quality/health-check-flow-20261001/ci/python-quality-5e40ad367f6e33563e9591c4862c28a61adc3ed7-1/python-all/junit.xml", "reports/quality/health-check-flow-20261001/ci/python-quality-5e40ad367f6e33563e9591c4862c28a61adc3ed7-1/report.json", "reports/quality/health-check-flow-20261001/final-runtime-verification.json", "reports/quality/health-check-flow-20261001/health-live/created.json", "reports/quality/health-check-flow-20261001/health-live/manifest.raw", "reports/quality/health-check-flow-20261001/health-live/records.json", "reports/quality/health-check-flow-20261001/health-live/sys_metrics.raw", "reports/quality/health-check-flow-20261001/helpers/browser_engineering.mjs", "reports/quality/health-check-flow-20261001/helpers/collect_browser_check.py", "reports/quality/health-check-flow-20261001/helpers/live-health-first-validator.py", "reports/quality/health-check-flow-20261001/helpers/live_health.py", "reports/quality/health-check-flow-20261001/helpers/prepare_release.py", "reports/quality/health-check-flow-20261001/helpers/prepare_web.py", "reports/quality/health-check-flow-20261001/helpers/run_browser.py", "reports/quality/health-check-flow-20261001/helpers/update_release_contract.py", "reports/quality/health-check-flow-20261001/helpers/verify_runtime.py", "reports/quality/health-check-flow-20261001/live-check-summary.json", "reports/quality/health-check-flow-20261001/manifest.json", "reports/quality/health-check-flow-20261001/release/ci-first-jobs.json", "reports/quality/health-check-flow-20261001/release/ci-first-run.json", "reports/quality/health-check-flow-20261001/release/ci-jobs.json", "reports/quality/health-check-flow-20261001/release/ci-run.json", "reports/quality/health-check-flow-20261001/release/ci-web-first-failure.log", "reports/quality/health-check-flow-20261001/release/manifest.json", "reports/quality/health-check-flow-20261001/release/platform-deployment.json", "reports/quality/health-check-flow-20261001/release/platform-deployment.log", "reports/quality/health-check-flow-20261001/resample-live/created.json", "reports/quality/health-check-flow-20261001/resample-live/manifest.raw", "reports/quality/health-check-flow-20261001/resample-live/records.json", "reports/quality/health-check-flow-20261001/resample-live/sys_metrics.raw", "reports/quality/health-check-flow-20261001/runtime-before.json", "reports/quality/health-check-flow-20261001/source/docs/contracts/openapi.v1.json", "reports/quality/health-check-flow-20261001/source/server/app/drop_insight/health_assessment.py", "reports/quality/health-check-flow-20261001/source/server/app/drop_insight/managed_services.py", "reports/quality/health-check-flow-20261001/source/tests/test_health_check_flow.py", "reports/quality/health-check-flow-20261001/source/tests/test_managed_services.py", "reports/quality/health-check-flow-20261001/tests/backend-contract.xml", "reports/quality/health-check-flow-20261001/tests/backend-r1.xml", "reports/quality/health-check-flow-20261001/tests/backend-r2.xml", "reports/quality/health-check-flow-20261001/tests/backend-r3.xml", "reports/quality/health-check-flow-20261001/tests/backend-r4.xml", "reports/quality/health-check-flow-20261001/tests/baseline.json", "reports/quality/health-check-flow-20261001/tests/web-frozen-build.log", "reports/quality/health-check-flow-20261001/tests/web-frozen-selector-tests.json", "reports/quality/health-check-flow-20261001/tests/web-frozen-selector-tests.log", "reports/quality/health-check-flow-20261001/tests/web-frozen-tests.json", "reports/quality/health-check-flow-20261001/tests/web-frozen-tests.log", "reports/quality/health-check-flow-20261001/tests/web-r1.json", "reports/quality/health-check-flow-20261001/tests/web-r2.json", "reports/quality/health-check-flow-20261001/tests/web-r2.log", "reports/quality/health-check-flow-20261001/tests/web-r3.json", "reports/quality/health-check-flow-20261001/validator-first-failure.json", "reports/quality/health-check-flow-20261001/web-source-manifest.json", "reports/quality/health-check-flow-20261001/web-source/web/src/components/HealthCheckActions.jsx", "reports/quality/health-check-flow-20261001/web-source/web/src/components/HealthCheckActions.test.jsx", "reports/quality/health-check-flow-20261001/web-source/web/src/components/ManagedServicesPanel.jsx", "reports/quality/health-check-flow-20261001/web-source/web/src/components/ManagedServicesPanel.test.jsx", "reports/quality/health-check-flow-20261001/web-source/web/src/components/ObservabilityOverview.jsx", "reports/quality/health-check-flow-20261001/web-source/web/src/components/ObservabilityOverview.test.jsx", "reports/quality/health-check-flow-20261001/web-source/web/src/pages/AIDiagnosis.jsx", "reports/quality/health-check-flow-20261001/web-source/web/src/pages/AIDiagnosis.test.jsx", "reports/quality/instance-scope-20260930/business-measurements.zip", "reports/quality/instance-scope-20260930/campaign-analysis.json", "reports/quality/instance-scope-20260930/ci-archive-manifest.json", "reports/quality/instance-scope-20260930/ci-artifacts.json", "reports/quality/instance-scope-20260930/ci-first-failure-summary.json", "reports/quality/instance-scope-20260930/ci-jobs.json", "reports/quality/instance-scope-20260930/ci-run.json", "reports/quality/instance-scope-20260930/deployment.json", "reports/quality/instance-scope-20260930/fault-3-artifacts.json", "reports/quality/instance-scope-20260930/fault-3-artifacts.zip", "reports/quality/instance-scope-20260930/fault-after-race-artifacts.json", "reports/quality/instance-scope-20260930/fault-after-race-artifacts.zip", "reports/quality/instance-scope-20260930/final-evidence-manifest.json", "reports/quality/instance-scope-20260930/harness-after.log", "reports/quality/instance-scope-20260930/harness-before.log", "reports/quality/instance-scope-20260930/instance-scope-after.log", "reports/quality/instance-scope-20260930/instance-scope-before.log", "reports/quality/instance-scope-20260930/instance-scope-full.log", "reports/quality/instance-scope-20260930/instance-scope-full.xml", "reports/quality/instance-scope-20260930/instance-scope-race.log", "reports/quality/instance-scope-20260930/java-scope-after.log", "reports/quality/instance-scope-20260930/java-scope-before.log", "reports/quality/instance-scope-20260930/java-scope-browser.json", "reports/quality/instance-scope-20260930/java-scope-browser.png", "reports/quality/instance-scope-20260930/java-scope-business-measurements.zip", "reports/quality/instance-scope-20260930/java-scope-campaign-summary.json", "reports/quality/instance-scope-20260930/java-scope-ci-archive-manifest.json", "reports/quality/instance-scope-20260930/java-scope-ci-artifacts.json", "reports/quality/instance-scope-20260930/java-scope-ci-jobs.json", "reports/quality/instance-scope-20260930/java-scope-ci-run.json", "reports/quality/instance-scope-20260930/java-scope-deployment.json", "reports/quality/instance-scope-20260930/java-scope-final-health.json", "reports/quality/instance-scope-20260930/java-scope-final-source-verification.json", "reports/quality/instance-scope-20260930/java-scope-first-campaign.log", "reports/quality/instance-scope-20260930/java-scope-independent-safety-recovery.json", "reports/quality/instance-scope-20260930/java-scope-postgres-concurrency.zip", "reports/quality/instance-scope-20260930/java-scope-python-quality.zip", "reports/quality/instance-scope-20260930/java-scope-quality.zip", "reports/quality/instance-scope-20260930/java-scope-recovered-session.json", "reports/quality/instance-scope-20260930/java-scope-retry-campaign.log", "reports/quality/instance-scope-20260930/java-scope-retry-independent-safety.json", "reports/quality/instance-scope-20260930/java-scope-retry-tools.json", "reports/quality/instance-scope-20260930/java-scope-source-manifest.json", "reports/quality/instance-scope-20260930/java-scope-source-verification.json", "reports/quality/instance-scope-20260930/java-scope-web-browser.zip", "reports/quality/instance-scope-20260930/manifest.json", "reports/quality/instance-scope-20260930/postgres-concurrency.zip", "reports/quality/instance-scope-20260930/postgres-race-after-initial.log", "reports/quality/instance-scope-20260930/postgres-race-after-initial.xml", "reports/quality/instance-scope-20260930/postgres-race-after.log", "reports/quality/instance-scope-20260930/postgres-race-after.xml", "reports/quality/instance-scope-20260930/postgres-race-before.log", "reports/quality/instance-scope-20260930/postgres-race-before.xml", "reports/quality/instance-scope-20260930/postgres-race-final-cleanup.json", "reports/quality/instance-scope-20260930/postgres_race_runner.py", "reports/quality/instance-scope-20260930/python-quality.zip", "reports/quality/instance-scope-20260930/runtime-source-manifest.json", "reports/quality/instance-scope-20260930/skill-race-business-measurements.zip", "reports/quality/instance-scope-20260930/skill-race-campaign-analysis.json", "reports/quality/instance-scope-20260930/skill-race-ci-archive-manifest.json", "reports/quality/instance-scope-20260930/skill-race-ci-artifacts.json", "reports/quality/instance-scope-20260930/skill-race-ci-jobs.json", "reports/quality/instance-scope-20260930/skill-race-ci-run.json", "reports/quality/instance-scope-20260930/skill-race-deployment.json", "reports/quality/instance-scope-20260930/skill-race-postgres-concurrency.zip", "reports/quality/instance-scope-20260930/skill-race-python-quality.zip", "reports/quality/instance-scope-20260930/skill-race-quality.zip", "reports/quality/instance-scope-20260930/skill-race-runtime-source-manifest.json", "reports/quality/instance-scope-20260930/skill-race-source-verification.json", "reports/quality/instance-scope-20260930/skill-race-unit-final.log", "reports/quality/instance-scope-20260930/skill-race-web-browser.zip", "reports/quality/instance-scope-20260930/source-verification.json", "reports/quality/instance-scope-20260930/web-browser.zip", "reports/quality/instance-scope-20260930/worker-rpc-errors.jsonl", "reports/quality/interview-completion-20261001/baseline.json", "reports/quality/interview-completion-20261001/browser.log", "reports/quality/interview-completion-20261001/browser/business-similarity-path.png", "reports/quality/interview-completion-20261001/browser/current-engineering-acceptance.png", "reports/quality/interview-completion-20261001/browser/engineering-cpu-button.png", "reports/quality/interview-completion-20261001/browser/engineering.png", "reports/quality/interview-completion-20261001/browser/failure-audit.png", "reports/quality/interview-completion-20261001/browser/go-cpu-hotspot.png", "reports/quality/interview-completion-20261001/browser/go-file-io.png", "reports/quality/interview-completion-20261001/browser/go-network-latency.png", "reports/quality/interview-completion-20261001/browser/health-anomaly-1440.png", "reports/quality/interview-completion-20261001/browser/health-anomaly-375.png", "reports/quality/interview-completion-20261001/browser/health-anomaly.png", "reports/quality/interview-completion-20261001/browser/health-normal.png", "reports/quality/interview-completion-20261001/browser/health-recovery.png", "reports/quality/interview-completion-20261001/browser/health-resampled.png", "reports/quality/interview-completion-20261001/browser/health-unknown-1440.png", "reports/quality/interview-completion-20261001/browser/health-unknown-375.png", "reports/quality/interview-completion-20261001/browser/health-unknown.png", "reports/quality/interview-completion-20261001/browser/history-back-network.png", "reports/quality/interview-completion-20261001/browser/history-forward-io.png", "reports/quality/interview-completion-20261001/browser/network.json", "reports/quality/interview-completion-20261001/browser/performance-1024.png", "reports/quality/interview-completion-20261001/browser/performance-1440.png", "reports/quality/interview-completion-20261001/browser/performance-375.png", "reports/quality/interview-completion-20261001/browser/performance-768.png", "reports/quality/interview-completion-20261001/browser/result.json", "reports/quality/interview-completion-20261001/browser_engineering.mjs", "reports/quality/interview-completion-20261001/business-all-cleanup.json", "reports/quality/interview-completion-20261001/business-fix-r2/baseline-started.json", "reports/quality/interview-completion-20261001/business-fix-r2/baseline.json", "reports/quality/interview-completion-20261001/business-fix-r2/before-started.json", "reports/quality/interview-completion-20261001/business-fix-r2/diagnosis-created.json", "reports/quality/interview-completion-20261001/business-fix-r2/fixture-exit.json", "reports/quality/interview-completion-20261001/business-fix-r2/ready.json", "reports/quality/interview-completion-20261001/business-fix-r2/source-manifest.json", "reports/quality/interview-completion-20261001/business-fix-r3/after-started.json", "reports/quality/interview-completion-20261001/business-fix-r3/after.json", "reports/quality/interview-completion-20261001/business-fix-r3/artifacts/task_20261001_154358_6e8a30-flamegraph_json.raw", "reports/quality/interview-completion-20261001/business-fix-r3/artifacts/task_20261001_154358_6e8a30-manifest.raw", "reports/quality/interview-completion-20261001/business-fix-r3/artifacts/task_20261001_154358_6e8a30-raw.raw", "reports/quality/interview-completion-20261001/business-fix-r3/artifacts/task_20261001_154358_6e8a30-top_json.raw", "reports/quality/interview-completion-20261001/business-fix-r3/artifacts/task_20261001_154358_b600d6-manifest.raw", "reports/quality/interview-completion-20261001/business-fix-r3/artifacts/task_20261001_154358_b600d6-sys_metrics.raw", "reports/quality/interview-completion-20261001/business-fix-r3/baseline-started.json", "reports/quality/interview-completion-20261001/business-fix-r3/baseline.json", "reports/quality/interview-completion-20261001/business-fix-r3/before-started.json", "reports/quality/interview-completion-20261001/business-fix-r3/before.json", "reports/quality/interview-completion-20261001/business-fix-r3/comparison.json", "reports/quality/interview-completion-20261001/business-fix-r3/diagnosis-created.json", "reports/quality/interview-completion-20261001/business-fix-r3/diagnosis-records.json", "reports/quality/interview-completion-20261001/business-fix-r3/downloads.json", "reports/quality/interview-completion-20261001/business-fix-r3/fixture-exit.json", "reports/quality/interview-completion-20261001/business-fix-r3/human-hypothesis.json", "reports/quality/interview-completion-20261001/business-fix-r3/os-probe-requested.json", "reports/quality/interview-completion-20261001/business-fix-r3/probe-approved.json", "reports/quality/interview-completion-20261001/business-fix-r3/probe-requested.json", "reports/quality/interview-completion-20261001/business-fix-r3/ready.json", "reports/quality/interview-completion-20261001/business-fix-r3/remote-cleanup.json", "reports/quality/interview-completion-20261001/business-fix-r3/source-manifest.json", "reports/quality/interview-completion-20261001/business-fix-r3/source/after.py", "reports/quality/interview-completion-20261001/business-fix-r3/source/before.py", "reports/quality/interview-completion-20261001/business-fix-r3/source/fixture.py", "reports/quality/interview-completion-20261001/business-fix-r3/validated-comparison.json", "reports/quality/interview-completion-20261001/business-fix/after-started.json", "reports/quality/interview-completion-20261001/business-fix/after.json", "reports/quality/interview-completion-20261001/business-fix/baseline-started.json", "reports/quality/interview-completion-20261001/business-fix/baseline.json", "reports/quality/interview-completion-20261001/business-fix/before-started.json", "reports/quality/interview-completion-20261001/business-fix/before.json", "reports/quality/interview-completion-20261001/business-fix/comparison.json", "reports/quality/interview-completion-20261001/business-fix/diagnosis-created.json", "reports/quality/interview-completion-20261001/business-fix/diagnosis-records.json", "reports/quality/interview-completion-20261001/business-fix/downloads.json", "reports/quality/interview-completion-20261001/business-fix/fixture-exit.json", "reports/quality/interview-completion-20261001/business-fix/ready.json", "reports/quality/interview-completion-20261001/business-fix/source-manifest.json", "reports/quality/interview-completion-20261001/business-grade-tests.xml", "reports/quality/interview-completion-20261001/campaign-runner-frozen.py", "reports/quality/interview-completion-20261001/checkout-line-ending-verification.json", "reports/quality/interview-completion-20261001/ci-artifacts/artifacts.json", "reports/quality/interview-completion-20261001/ci-artifacts/browser-fixture-result.json", "reports/quality/interview-completion-20261001/ci-artifacts/download-manifest.json", "reports/quality/interview-completion-20261001/ci-artifacts/hotspot-controls-7cfa9e7034e390f178d110712ae156fe1e3a7879-1.zip", "reports/quality/interview-completion-20261001/ci-artifacts/hotspot-controls-7cfa9e7034e390f178d110712ae156fe1e3a7879-1/go-io-window/report.json", "reports/quality/interview-completion-20261001/ci-artifacts/hotspot-controls-7cfa9e7034e390f178d110712ae156fe1e3a7879-1/hotspot-controls/measurement/go/report.json", "reports/quality/interview-completion-20261001/ci-artifacts/hotspot-controls-7cfa9e7034e390f178d110712ae156fe1e3a7879-1/hotspot-controls/measurement/python/report.json", "reports/quality/interview-completion-20261001/ci-artifacts/hotspot-controls-7cfa9e7034e390f178d110712ae156fe1e3a7879-1/hotspot-controls/measurement/report.json", "reports/quality/interview-completion-20261001/ci-artifacts/hotspot-controls-7cfa9e7034e390f178d110712ae156fe1e3a7879-1/report.json", "reports/quality/interview-completion-20261001/ci-artifacts/postgres-concurrency-7cfa9e7034e390f178d110712ae156fe1e3a7879-1.zip", "reports/quality/interview-completion-20261001/ci-artifacts/postgres-concurrency-7cfa9e7034e390f178d110712ae156fe1e3a7879-1/python.junit.xml", "reports/quality/interview-completion-20261001/ci-artifacts/postgres-concurrency-7cfa9e7034e390f178d110712ae156fe1e3a7879-1/runtime.json", "reports/quality/interview-completion-20261001/ci-artifacts/python-quality-7cfa9e7034e390f178d110712ae156fe1e3a7879-1.zip", "reports/quality/interview-completion-20261001/ci-artifacts/python-quality-7cfa9e7034e390f178d110712ae156fe1e3a7879-1/python-all/coverage.json", "reports/quality/interview-completion-20261001/ci-artifacts/python-quality-7cfa9e7034e390f178d110712ae156fe1e3a7879-1/python-all/junit.xml", "reports/quality/interview-completion-20261001/ci-artifacts/python-quality-7cfa9e7034e390f178d110712ae156fe1e3a7879-1/python-all/tmp/test_after_skips_and_failures_0/after.xml", "reports/quality/interview-completion-20261001/ci-artifacts/python-quality-7cfa9e7034e390f178d110712ae156fe1e3a7879-1/python-all/tmp/test_after_skips_and_failures_0/before.xml", "reports/quality/interview-completion-20261001/ci-artifacts/python-quality-7cfa9e7034e390f178d110712ae156fe1e3a7879-1/python-all/tmp/test_after_skips_and_failures_1/after.xml", "reports/quality/interview-completion-20261001/ci-artifacts/python-quality-7cfa9e7034e390f178d110712ae156fe1e3a7879-1/python-all/tmp/test_after_skips_and_failures_1/before.xml", "reports/quality/interview-completion-20261001/ci-artifacts/python-quality-7cfa9e7034e390f178d110712ae156fe1e3a7879-1/python-all/tmp/test_after_skips_and_failures_2/after.xml", "reports/quality/interview-completion-20261001/ci-artifacts/python-quality-7cfa9e7034e390f178d110712ae156fe1e3a7879-1/python-all/tmp/test_after_skips_and_failures_2/before.xml", "reports/quality/interview-completion-20261001/ci-artifacts/python-quality-7cfa9e7034e390f178d110712ae156fe1e3a7879-1/python-all/tmp/test_after_skips_and_failures_current/after.xml", "reports/quality/interview-completion-20261001/ci-artifacts/python-quality-7cfa9e7034e390f178d110712ae156fe1e3a7879-1/python-all/tmp/test_after_skips_and_failures_current/before.xml", "reports/quality/interview-completion-20261001/ci-artifacts/python-quality-7cfa9e7034e390f178d110712ae156fe1e3a7879-1/python-all/tmp/test_all_skipped_is_failed_eve0/junit.xml", "reports/quality/interview-completion-20261001/ci-artifacts/python-quality-7cfa9e7034e390f178d110712ae156fe1e3a7879-1/python-all/tmp/test_all_skipped_is_failed_evecurrent/junit.xml", "reports/quality/interview-completion-20261001/ci-artifacts/python-quality-7cfa9e7034e390f178d110712ae156fe1e3a7879-1/python-all/tmp/test_artifact_path_cannot_esca0/report.json", "reports/quality/interview-completion-20261001/ci-artifacts/python-quality-7cfa9e7034e390f178d110712ae156fe1e3a7879-1/python-all/tmp/test_artifact_path_cannot_escacurrent/report.json", "reports/quality/interview-completion-20261001/ci-artifacts/python-quality-7cfa9e7034e390f178d110712ae156fe1e3a7879-1/python-all/tmp/test_campaign_error_preserves_0/failed/report.json", "reports/quality/interview-completion-20261001/ci-artifacts/python-quality-7cfa9e7034e390f178d110712ae156fe1e3a7879-1/python-all/tmp/test_campaign_error_preserves_current/failed/report.json", "reports/quality/interview-completion-20261001/ci-artifacts/python-quality-7cfa9e7034e390f178d110712ae156fe1e3a7879-1/python-all/tmp/test_complete_raw_evidence_is_0/report.json", "reports/quality/interview-completion-20261001/ci-artifacts/python-quality-7cfa9e7034e390f178d110712ae156fe1e3a7879-1/python-all/tmp/test_complete_raw_evidence_is_current/report.json", "reports/quality/interview-completion-20261001/ci-artifacts/python-quality-7cfa9e7034e390f178d110712ae156fe1e3a7879-1/python-all/tmp/test_critical_coverage_at_or_a0/critical/coverage.json", "reports/quality/interview-completion-20261001/ci-artifacts/python-quality-7cfa9e7034e390f178d110712ae156fe1e3a7879-1/python-all/tmp/test_critical_coverage_at_or_acurrent/critical/coverage.json", "reports/quality/interview-completion-20261001/ci-artifacts/python-quality-7cfa9e7034e390f178d110712ae156fe1e3a7879-1/python-all/tmp/test_critical_coverage_below_f0/critical/coverage.json", "reports/quality/interview-completion-20261001/ci-artifacts/python-quality-7cfa9e7034e390f178d110712ae156fe1e3a7879-1/python-all/tmp/test_critical_coverage_below_fcurrent/critical/coverage.json", "reports/quality/interview-completion-20261001/ci-artifacts/python-quality-7cfa9e7034e390f178d110712ae156fe1e3a7879-1/python-all/tmp/test_critical_coverage_names_o0/critical/coverage.json", "reports/quality/interview-completion-20261001/ci-artifacts/python-quality-7cfa9e7034e390f178d110712ae156fe1e3a7879-1/python-all/tmp/test_critical_coverage_names_ocurrent/critical/coverage.json", "reports/quality/interview-completion-20261001/ci-artifacts/python-quality-7cfa9e7034e390f178d110712ae156fe1e3a7879-1/python-all/tmp/test_critical_module_missing_f0/critical/coverage.json", "reports/quality/interview-completion-20261001/ci-artifacts/python-quality-7cfa9e7034e390f178d110712ae156fe1e3a7879-1/python-all/tmp/test_critical_module_missing_fcurrent/critical/coverage.json", "reports/quality/interview-completion-20261001/ci-artifacts/python-quality-7cfa9e7034e390f178d110712ae156fe1e3a7879-1/python-all/tmp/test_distributed_render_requir0/report.json", "reports/quality/interview-completion-20261001/ci-artifacts/python-quality-7cfa9e7034e390f178d110712ae156fe1e3a7879-1/python-all/tmp/test_distributed_render_requircurrent/report.json", "reports/quality/interview-completion-20261001/ci-artifacts/python-quality-7cfa9e7034e390f178d110712ae156fe1e3a7879-1/python-all/tmp/test_empty_or_collection_error0/junit.xml", "reports/quality/interview-completion-20261001/ci-artifacts/python-quality-7cfa9e7034e390f178d110712ae156fe1e3a7879-1/python-all/tmp/test_empty_or_collection_error1/junit.xml", "reports/quality/interview-completion-20261001/ci-artifacts/python-quality-7cfa9e7034e390f178d110712ae156fe1e3a7879-1/python-all/tmp/test_empty_or_collection_errorcurrent/junit.xml", "reports/quality/interview-completion-20261001/ci-artifacts/python-quality-7cfa9e7034e390f178d110712ae156fe1e3a7879-1/python-all/tmp/test_existing_evidence_directo0/report.json", "reports/quality/interview-completion-20261001/ci-artifacts/python-quality-7cfa9e7034e390f178d110712ae156fe1e3a7879-1/python-all/tmp/test_existing_evidence_directocurrent/report.json", "reports/quality/interview-completion-20261001/ci-artifacts/python-quality-7cfa9e7034e390f178d110712ae156fe1e3a7879-1/python-all/tmp/test_generated_index_and_downl0/empty-query-cache/cache-empty-before.xml", "reports/quality/interview-completion-20261001/ci-artifacts/python-quality-7cfa9e7034e390f178d110712ae156fe1e3a7879-1/python-all/tmp/test_generated_index_and_downl0/empty-query-cache/cache-empty-targeted.xml", "reports/quality/interview-completion-20261001/ci-artifacts/python-quality-7cfa9e7034e390f178d110712ae156fe1e3a7879-1/python-all/tmp/test_generated_index_and_downl0/notification-lifecycle/notification-after.xml", "reports/quality/interview-completion-20261001/ci-artifacts/python-quality-7cfa9e7034e390f178d110712ae156fe1e3a7879-1/python-all/tmp/test_generated_index_and_downl0/skill-first-insert-race/postgres-race-after.xml", "reports/quality/interview-completion-20261001/ci-artifacts/python-quality-7cfa9e7034e390f178d110712ae156fe1e3a7879-1/python-all/tmp/test_generated_index_and_downl0/skill-first-insert-race/postgres-race-before.xml", "reports/quality/interview-completion-20261001/ci-artifacts/python-quality-7cfa9e7034e390f178d110712ae156fe1e3a7879-1/python-all/tmp/test_generated_index_and_downlcurrent/empty-query-cache/cache-empty-before.xml", "reports/quality/interview-completion-20261001/ci-artifacts/python-quality-7cfa9e7034e390f178d110712ae156fe1e3a7879-1/python-all/tmp/test_generated_index_and_downlcurrent/empty-query-cache/cache-empty-targeted.xml", "reports/quality/interview-completion-20261001/ci-artifacts/python-quality-7cfa9e7034e390f178d110712ae156fe1e3a7879-1/python-all/tmp/test_generated_index_and_downlcurrent/notification-lifecycle/notification-after.xml", "reports/quality/interview-completion-20261001/ci-artifacts/python-quality-7cfa9e7034e390f178d110712ae156fe1e3a7879-1/python-all/tmp/test_generated_index_and_downlcurrent/skill-first-insert-race/postgres-race-after.xml", "reports/quality/interview-completion-20261001/ci-artifacts/python-quality-7cfa9e7034e390f178d110712ae156fe1e3a7879-1/python-all/tmp/test_generated_index_and_downlcurrent/skill-first-insert-race/postgres-race-before.xml", "reports/quality/interview-completion-20261001/ci-artifacts/python-quality-7cfa9e7034e390f178d110712ae156fe1e3a7879-1/python-all/tmp/test_hash_tampering_is_rejecte0/after.xml", "reports/quality/interview-completion-20261001/ci-artifacts/python-quality-7cfa9e7034e390f178d110712ae156fe1e3a7879-1/python-all/tmp/test_hash_tampering_is_rejecte0/before.xml", "reports/quality/interview-completion-20261001/ci-artifacts/python-quality-7cfa9e7034e390f178d110712ae156fe1e3a7879-1/python-all/tmp/test_hash_tampering_is_rejectecurrent/after.xml", "reports/quality/interview-completion-20261001/ci-artifacts/python-quality-7cfa9e7034e390f178d110712ae156fe1e3a7879-1/python-all/tmp/test_hash_tampering_is_rejectecurrent/before.xml", "reports/quality/interview-completion-20261001/ci-artifacts/python-quality-7cfa9e7034e390f178d110712ae156fe1e3a7879-1/python-all/tmp/test_html_escapes_logs_and_tes0/report.json", "reports/quality/interview-completion-20261001/ci-artifacts/python-quality-7cfa9e7034e390f178d110712ae156fe1e3a7879-1/python-all/tmp/test_html_escapes_logs_and_tescurrent/report.json", "reports/quality/interview-completion-20261001/ci-artifacts/python-quality-7cfa9e7034e390f178d110712ae156fe1e3a7879-1/python-all/tmp/test_junit_uses_executed_cases0/junit.xml", "reports/quality/interview-completion-20261001/ci-artifacts/python-quality-7cfa9e7034e390f178d110712ae156fe1e3a7879-1/python-all/tmp/test_junit_uses_executed_casescurrent/junit.xml", "reports/quality/interview-completion-20261001/ci-artifacts/python-quality-7cfa9e7034e390f178d110712ae156fe1e3a7879-1/python-all/tmp/test_manifest_hash_and_running0/report.json", "reports/quality/interview-completion-20261001/ci-artifacts/python-quality-7cfa9e7034e390f178d110712ae156fe1e3a7879-1/python-all/tmp/test_manifest_hash_and_runningcurrent/report.json", "reports/quality/interview-completion-20261001/ci-artifacts/python-quality-7cfa9e7034e390f178d110712ae156fe1e3a7879-1/python-all/tmp/test_raw_corruption_is_rejecte0/report.json", "reports/quality/interview-completion-20261001/ci-artifacts/python-quality-7cfa9e7034e390f178d110712ae156fe1e3a7879-1/python-all/tmp/test_raw_corruption_is_rejectecurrent/report.json", "reports/quality/interview-completion-20261001/ci-artifacts/python-quality-7cfa9e7034e390f178d110712ae156fe1e3a7879-1/python-all/tmp/test_rehashed_manifest_cannot_0/report.json", "reports/quality/interview-completion-20261001/ci-artifacts/python-quality-7cfa9e7034e390f178d110712ae156fe1e3a7879-1/python-all/tmp/test_rehashed_manifest_cannot_1/report.json", "reports/quality/interview-completion-20261001/ci-artifacts/python-quality-7cfa9e7034e390f178d110712ae156fe1e3a7879-1/python-all/tmp/test_rehashed_manifest_cannot_2/report.json", "reports/quality/interview-completion-20261001/ci-artifacts/python-quality-7cfa9e7034e390f178d110712ae156fe1e3a7879-1/python-all/tmp/test_rehashed_manifest_cannot_3/report.json", "reports/quality/interview-completion-20261001/ci-artifacts/python-quality-7cfa9e7034e390f178d110712ae156fe1e3a7879-1/python-all/tmp/test_rehashed_manifest_cannot_4/report.json", "reports/quality/interview-completion-20261001/ci-artifacts/python-quality-7cfa9e7034e390f178d110712ae156fe1e3a7879-1/python-all/tmp/test_rehashed_manifest_cannot_5/report.json", "reports/quality/interview-completion-20261001/ci-artifacts/python-quality-7cfa9e7034e390f178d110712ae156fe1e3a7879-1/python-all/tmp/test_rehashed_manifest_cannot_current/report.json", "reports/quality/interview-completion-20261001/ci-artifacts/python-quality-7cfa9e7034e390f178d110712ae156fe1e3a7879-1/python-all/tmp/test_rehashed_raw_records_stil0/report.json", "reports/quality/interview-completion-20261001/ci-artifacts/python-quality-7cfa9e7034e390f178d110712ae156fe1e3a7879-1/python-all/tmp/test_rehashed_raw_records_stil1/report.json", "reports/quality/interview-completion-20261001/ci-artifacts/python-quality-7cfa9e7034e390f178d110712ae156fe1e3a7879-1/python-all/tmp/test_rehashed_raw_records_stil2/report.json", "reports/quality/interview-completion-20261001/ci-artifacts/python-quality-7cfa9e7034e390f178d110712ae156fe1e3a7879-1/python-all/tmp/test_rehashed_raw_records_stil3/report.json", "reports/quality/interview-completion-20261001/ci-artifacts/python-quality-7cfa9e7034e390f178d110712ae156fe1e3a7879-1/python-all/tmp/test_rehashed_raw_records_stil4/report.json", "reports/quality/interview-completion-20261001/ci-artifacts/python-quality-7cfa9e7034e390f178d110712ae156fe1e3a7879-1/python-all/tmp/test_rehashed_raw_records_stil5/report.json", "reports/quality/interview-completion-20261001/ci-artifacts/python-quality-7cfa9e7034e390f178d110712ae156fe1e3a7879-1/python-all/tmp/test_rehashed_raw_records_stilcurrent/report.json", "reports/quality/interview-completion-20261001/ci-artifacts/python-quality-7cfa9e7034e390f178d110712ae156fe1e3a7879-1/python-all/tmp/test_resource_data_must_belong0/report.json", "reports/quality/interview-completion-20261001/ci-artifacts/python-quality-7cfa9e7034e390f178d110712ae156fe1e3a7879-1/python-all/tmp/test_resource_data_must_belong1/report.json", "reports/quality/interview-completion-20261001/ci-artifacts/python-quality-7cfa9e7034e390f178d110712ae156fe1e3a7879-1/python-all/tmp/test_resource_data_must_belong2/report.json", "reports/quality/interview-completion-20261001/ci-artifacts/python-quality-7cfa9e7034e390f178d110712ae156fe1e3a7879-1/python-all/tmp/test_resource_data_must_belong3/report.json", "reports/quality/interview-completion-20261001/ci-artifacts/python-quality-7cfa9e7034e390f178d110712ae156fe1e3a7879-1/python-all/tmp/test_resource_data_must_belongcurrent/report.json", "reports/quality/interview-completion-20261001/ci-artifacts/python-quality-7cfa9e7034e390f178d110712ae156fe1e3a7879-1/python-all/tmp/test_resource_summary_is_recom0/report.json", "reports/quality/interview-completion-20261001/ci-artifacts/python-quality-7cfa9e7034e390f178d110712ae156fe1e3a7879-1/python-all/tmp/test_resource_summary_is_recomcurrent/report.json", "reports/quality/interview-completion-20261001/ci-artifacts/python-quality-7cfa9e7034e390f178d110712ae156fe1e3a7879-1/python-all/tmp/test_skip_allowlist_requires_c0/junit.xml", "reports/quality/interview-completion-20261001/ci-artifacts/python-quality-7cfa9e7034e390f178d110712ae156fe1e3a7879-1/python-all/tmp/test_skip_allowlist_requires_ccurrent/junit.xml", "reports/quality/interview-completion-20261001/ci-artifacts/python-quality-7cfa9e7034e390f178d110712ae156fe1e3a7879-1/python-all/tmp/test_source_edit_during_run_in0/run/report.json", "reports/quality/interview-completion-20261001/ci-artifacts/python-quality-7cfa9e7034e390f178d110712ae156fe1e3a7879-1/python-all/tmp/test_source_edit_during_run_incurrent/run/report.json", "reports/quality/interview-completion-20261001/ci-artifacts/python-quality-7cfa9e7034e390f178d110712ae156fe1e3a7879-1/report.json", "reports/quality/interview-completion-20261001/ci-artifacts/web-browser-7cfa9e7034e390f178d110712ae156fe1e3a7879-1.zip", "reports/quality/interview-completion-20261001/ci-source-equivalence.json", "reports/quality/interview-completion-20261001/ci/dabed840dc58936bb4204582e74e137ce6e54b25/jobs.json", "reports/quality/interview-completion-20261001/ci/dabed840dc58936bb4204582e74e137ce6e54b25/run.json", "reports/quality/interview-completion-20261001/ci/job-110438703628.log", "reports/quality/interview-completion-20261001/collect_ci.py", "reports/quality/interview-completion-20261001/exact-head-build.log", "reports/quality/interview-completion-20261001/final-domain-tests.xml", "reports/quality/interview-completion-20261001/final-runtime-verification.json", "reports/quality/interview-completion-20261001/final-web-0.log", "reports/quality/interview-completion-20261001/final-web-1.log", "reports/quality/interview-completion-20261001/final-web-2.log", "reports/quality/interview-completion-20261001/final-web.xml", "reports/quality/interview-completion-20261001/go-anomaly/created.json", "reports/quality/interview-completion-20261001/go-anomaly/downloads.json", "reports/quality/interview-completion-20261001/go-anomaly/records.json", "reports/quality/interview-completion-20261001/go-anomaly/task_20261001_145941_a298c4-manifest.raw", "reports/quality/interview-completion-20261001/go-anomaly/task_20261001_145941_a298c4-sys_metrics.raw", "reports/quality/interview-completion-20261001/go-anomaly/verified.json", "reports/quality/interview-completion-20261001/go-interrupted/created.json", "reports/quality/interview-completion-20261001/go-interrupted/downloads.json", "reports/quality/interview-completion-20261001/go-interrupted/records.json", "reports/quality/interview-completion-20261001/go-interrupted/task-cancel.json", "reports/quality/interview-completion-20261001/go-interrupted/verified.json", "reports/quality/interview-completion-20261001/go-normal/created.json", "reports/quality/interview-completion-20261001/go-normal/downloads.json", "reports/quality/interview-completion-20261001/go-normal/records.json", "reports/quality/interview-completion-20261001/go-normal/task_20261001_145919_fa1f47-manifest.raw", "reports/quality/interview-completion-20261001/go-normal/task_20261001_145919_fa1f47-sys_metrics.raw", "reports/quality/interview-completion-20261001/go-normal/verified.json", "reports/quality/interview-completion-20261001/go-postrelease-trace/created.json", "reports/quality/interview-completion-20261001/go-postrelease-trace/downloads.json", "reports/quality/interview-completion-20261001/go-postrelease-trace/records.json", "reports/quality/interview-completion-20261001/go-postrelease-trace/task_20261001_161348_537a51-manifest.raw", "reports/quality/interview-completion-20261001/go-postrelease-trace/task_20261001_161348_537a51-sys_metrics.raw", "reports/quality/interview-completion-20261001/go-postrelease-trace/verified.json", "reports/quality/interview-completion-20261001/go-recovery/created.json", "reports/quality/interview-completion-20261001/go-recovery/downloads.json", "reports/quality/interview-completion-20261001/go-recovery/records.json", "reports/quality/interview-completion-20261001/go-recovery/task_20261001_150021_35193a-manifest.raw", "reports/quality/interview-completion-20261001/go-recovery/task_20261001_150021_35193a-sys_metrics.raw", "reports/quality/interview-completion-20261001/go-recovery/verified.json", "reports/quality/interview-completion-20261001/go-resampled/created.json", "reports/quality/interview-completion-20261001/go-resampled/downloads.json", "reports/quality/interview-completion-20261001/go-resampled/records.json", "reports/quality/interview-completion-20261001/go-resampled/task_20261001_150050_2f3461-manifest.raw", "reports/quality/interview-completion-20261001/go-resampled/task_20261001_150050_2f3461-sys_metrics.raw", "reports/quality/interview-completion-20261001/go-resampled/verified.json", "reports/quality/interview-completion-20261001/grade_business_fix_r3.py", "reports/quality/interview-completion-20261001/health-business-manifest.json", "reports/quality/interview-completion-20261001/manifest.json", "reports/quality/interview-completion-20261001/performance-18-cases/cpp-cpu-hotspot-artifacts/task_20261001_153006_86606f-callgraph_json.raw", "reports/quality/interview-completion-20261001/performance-18-cases/cpp-cpu-hotspot-artifacts/task_20261001_153006_86606f-flamegraph_json.raw", "reports/quality/interview-completion-20261001/performance-18-cases/cpp-cpu-hotspot-artifacts/task_20261001_153006_86606f-flamegraph_svg.raw", "reports/quality/interview-completion-20261001/performance-18-cases/cpp-cpu-hotspot-artifacts/task_20261001_153006_86606f-manifest.raw", "reports/quality/interview-completion-20261001/performance-18-cases/cpp-cpu-hotspot-artifacts/task_20261001_153006_86606f-raw.raw", "reports/quality/interview-completion-20261001/performance-18-cases/cpp-cpu-hotspot-artifacts/task_20261001_153006_86606f-suggestions_md.raw", "reports/quality/interview-completion-20261001/performance-18-cases/cpp-cpu-hotspot-artifacts/task_20261001_153006_86606f-top_json.raw", "reports/quality/interview-completion-20261001/performance-18-cases/cpp-cpu-hotspot-artifacts/task_20261001_153057_749c8c-manifest.raw", "reports/quality/interview-completion-20261001/performance-18-cases/cpp-cpu-hotspot-artifacts/task_20261001_153057_749c8c-sys_metrics.raw", "reports/quality/interview-completion-20261001/performance-18-cases/cpp-cpu-hotspot.json", "reports/quality/interview-completion-20261001/performance-18-cases/cpp-downstream-latency-artifacts/task_20261001_153419_c147f4-manifest.raw", "reports/quality/interview-completion-20261001/performance-18-cases/cpp-downstream-latency-artifacts/task_20261001_153419_c147f4-sys_metrics.raw", "reports/quality/interview-completion-20261001/performance-18-cases/cpp-downstream-latency.json", "reports/quality/interview-completion-20261001/performance-18-cases/cpp-file-io-artifacts/task_20261001_154158_b64c7a-manifest.raw", "reports/quality/interview-completion-20261001/performance-18-cases/cpp-file-io-artifacts/task_20261001_154158_b64c7a-sys_metrics.raw", "reports/quality/interview-completion-20261001/performance-18-cases/cpp-file-io-artifacts/task_20261001_154318_f53343-ebpf_metrics.raw", "reports/quality/interview-completion-20261001/performance-18-cases/cpp-file-io-artifacts/task_20261001_154318_f53343-ebpf_raw.raw", "reports/quality/interview-completion-20261001/performance-18-cases/cpp-file-io-artifacts/task_20261001_154318_f53343-manifest.raw", "reports/quality/interview-completion-20261001/performance-18-cases/cpp-file-io.json", "reports/quality/interview-completion-20261001/performance-18-cases/cpp-lock-contention-artifacts/task_20261001_151930_d09227-manifest.raw", "reports/quality/interview-completion-20261001/performance-18-cases/cpp-lock-contention-artifacts/task_20261001_151930_d09227-sys_metrics.raw", "reports/quality/interview-completion-20261001/performance-18-cases/cpp-lock-contention-artifacts/task_20261001_152047_7cf3c0-callgraph_json.raw", "reports/quality/interview-completion-20261001/performance-18-cases/cpp-lock-contention-artifacts/task_20261001_152047_7cf3c0-flamegraph_json.raw", "reports/quality/interview-completion-20261001/performance-18-cases/cpp-lock-contention-artifacts/task_20261001_152047_7cf3c0-flamegraph_svg.raw", "reports/quality/interview-completion-20261001/performance-18-cases/cpp-lock-contention-artifacts/task_20261001_152047_7cf3c0-manifest.raw", "reports/quality/interview-completion-20261001/performance-18-cases/cpp-lock-contention-artifacts/task_20261001_152047_7cf3c0-raw.raw", "reports/quality/interview-completion-20261001/performance-18-cases/cpp-lock-contention-artifacts/task_20261001_152047_7cf3c0-suggestions_md.raw", "reports/quality/interview-completion-20261001/performance-18-cases/cpp-lock-contention-artifacts/task_20261001_152047_7cf3c0-top_json.raw", "reports/quality/interview-completion-20261001/performance-18-cases/cpp-lock-contention.json", "reports/quality/interview-completion-20261001/performance-18-cases/cpp-memory-growth-artifacts/task_20261001_152201_0fe7da-manifest.raw", "reports/quality/interview-completion-20261001/performance-18-cases/cpp-memory-growth-artifacts/task_20261001_152201_0fe7da-sys_metrics.raw", "reports/quality/interview-completion-20261001/performance-18-cases/cpp-memory-growth.json", "reports/quality/interview-completion-20261001/performance-18-cases/cpu-hotspot-artifacts/task_20261001_152812_6a6699-flamegraph_json.raw", "reports/quality/interview-completion-20261001/performance-18-cases/cpu-hotspot-artifacts/task_20261001_152812_6a6699-manifest.raw", "reports/quality/interview-completion-20261001/performance-18-cases/cpu-hotspot-artifacts/task_20261001_152812_6a6699-raw.raw", "reports/quality/interview-completion-20261001/performance-18-cases/cpu-hotspot-artifacts/task_20261001_152812_6a6699-top_json.raw", "reports/quality/interview-completion-20261001/performance-18-cases/cpu-hotspot-artifacts/task_20261001_152830_022778-manifest.raw", "reports/quality/interview-completion-20261001/performance-18-cases/cpu-hotspot-artifacts/task_20261001_152830_022778-sys_metrics.raw", "reports/quality/interview-completion-20261001/performance-18-cases/cpu-hotspot.json", "reports/quality/interview-completion-20261001/performance-18-cases/go-memory-growth-artifacts/task_20261001_150444_fe277b-manifest.raw", "reports/quality/interview-completion-20261001/performance-18-cases/go-memory-growth-artifacts/task_20261001_150444_fe277b-sys_metrics.raw", "reports/quality/interview-completion-20261001/performance-18-cases/go-memory-growth.json", "reports/quality/interview-completion-20261001/performance-18-cases/io-write-latency-artifacts/task_20261001_153610_66eea6-manifest.raw", "reports/quality/interview-completion-20261001/performance-18-cases/io-write-latency-artifacts/task_20261001_153610_66eea6-sys_metrics.raw", "reports/quality/interview-completion-20261001/performance-18-cases/io-write-latency-artifacts/task_20261001_153727_7fa136-ebpf_metrics.raw", "reports/quality/interview-completion-20261001/performance-18-cases/io-write-latency-artifacts/task_20261001_153727_7fa136-ebpf_raw.raw", "reports/quality/interview-completion-20261001/performance-18-cases/io-write-latency-artifacts/task_20261001_153727_7fa136-manifest.raw", "reports/quality/interview-completion-20261001/performance-18-cases/io-write-latency.json", "reports/quality/interview-completion-20261001/performance-18-cases/java-downstream-latency-artifacts/task_20261001_153239_8f6e0b-manifest.raw", "reports/quality/interview-completion-20261001/performance-18-cases/java-downstream-latency-artifacts/task_20261001_153239_8f6e0b-sys_metrics.raw", "reports/quality/interview-completion-20261001/performance-18-cases/java-downstream-latency.json", "reports/quality/interview-completion-20261001/performance-18-cases/java-file-io-artifacts/task_20261001_153917_5220b9-manifest.raw", "reports/quality/interview-completion-20261001/performance-18-cases/java-file-io-artifacts/task_20261001_153917_5220b9-sys_metrics.raw", "reports/quality/interview-completion-20261001/performance-18-cases/java-file-io-artifacts/task_20261001_154021_15e903-ebpf_metrics.raw", "reports/quality/interview-completion-20261001/performance-18-cases/java-file-io-artifacts/task_20261001_154021_15e903-ebpf_raw.raw", "reports/quality/interview-completion-20261001/performance-18-cases/java-file-io-artifacts/task_20261001_154021_15e903-manifest.raw", "reports/quality/interview-completion-20261001/performance-18-cases/java-file-io.json", "reports/quality/interview-completion-20261001/performance-18-cases/java-gc-pressure-artifacts/task_20261001_150644_e12dc1-manifest.raw", "reports/quality/interview-completion-20261001/performance-18-cases/java-gc-pressure-artifacts/task_20261001_150644_e12dc1-sys_metrics.raw", "reports/quality/interview-completion-20261001/performance-18-cases/java-gc-pressure-artifacts/task_20261001_150732_f5f8d0-java_flamegraph_html.raw", "reports/quality/interview-completion-20261001/performance-18-cases/java-gc-pressure-artifacts/task_20261001_150732_f5f8d0-jvm_gc_metrics.raw", "reports/quality/interview-completion-20261001/performance-18-cases/java-gc-pressure-artifacts/task_20261001_150732_f5f8d0-manifest.raw", "reports/quality/interview-completion-20261001/performance-18-cases/java-gc-pressure.json", "reports/quality/interview-completion-20261001/performance-18-cases/java-lock-contention-artifacts/task_20261001_150914_550969-manifest.raw", "reports/quality/interview-completion-20261001/performance-18-cases/java-lock-contention-artifacts/task_20261001_150914_550969-sys_metrics.raw", "reports/quality/interview-completion-20261001/performance-18-cases/java-lock-contention-artifacts/task_20261001_151002_8f5655-java_flamegraph_html.raw", "reports/quality/interview-completion-20261001/performance-18-cases/java-lock-contention-artifacts/task_20261001_151002_8f5655-jvm_gc_metrics.raw", "reports/quality/interview-completion-20261001/performance-18-cases/java-lock-contention-artifacts/task_20261001_151002_8f5655-manifest.raw", "reports/quality/interview-completion-20261001/performance-18-cases/java-lock-contention.json", "reports/quality/interview-completion-20261001/performance-18-cases/java-offheap-growth-artifacts/task_20261001_151708_261dce-manifest.raw", "reports/quality/interview-completion-20261001/performance-18-cases/java-offheap-growth-artifacts/task_20261001_151708_261dce-sys_metrics.raw", "reports/quality/interview-completion-20261001/performance-18-cases/java-offheap-growth.json", "reports/quality/interview-completion-20261001/performance-18-cases/load-saturation-artifacts/task_20261001_151518_99f19e-manifest.raw", "reports/quality/interview-completion-20261001/performance-18-cases/load-saturation-artifacts/task_20261001_151518_99f19e-sys_metrics.raw", "reports/quality/interview-completion-20261001/performance-18-cases/load-saturation.json", "reports/quality/interview-completion-20261001/performance-18-cases/memory-pressure-artifacts/task_20261001_151225_d32695-manifest.raw", "reports/quality/interview-completion-20261001/performance-18-cases/memory-pressure-artifacts/task_20261001_151225_d32695-sys_metrics.raw", "reports/quality/interview-completion-20261001/performance-18-cases/memory-pressure-artifacts/task_20261001_151332_58bde5-flamegraph_json.raw", "reports/quality/interview-completion-20261001/performance-18-cases/memory-pressure-artifacts/task_20261001_151332_58bde5-manifest.raw", "reports/quality/interview-completion-20261001/performance-18-cases/memory-pressure-artifacts/task_20261001_151332_58bde5-raw.raw", "reports/quality/interview-completion-20261001/performance-18-cases/memory-pressure-artifacts/task_20261001_151332_58bde5-top_json.raw", "reports/quality/interview-completion-20261001/performance-18-cases/memory-pressure.json", "reports/quality/interview-completion-20261001/performance-18-cases/noisy-neighbor-artifacts/task_20261001_154458_92fe98-flamegraph_json.raw", "reports/quality/interview-completion-20261001/performance-18-cases/noisy-neighbor-artifacts/task_20261001_154458_92fe98-manifest.raw", "reports/quality/interview-completion-20261001/performance-18-cases/noisy-neighbor-artifacts/task_20261001_154458_92fe98-raw.raw", "reports/quality/interview-completion-20261001/performance-18-cases/noisy-neighbor-artifacts/task_20261001_154458_92fe98-top_json.raw", "reports/quality/interview-completion-20261001/performance-18-cases/noisy-neighbor-artifacts/task_20261001_154621_3441bd-manifest.raw", "reports/quality/interview-completion-20261001/performance-18-cases/noisy-neighbor-artifacts/task_20261001_154621_3441bd-sys_metrics.raw", "reports/quality/interview-completion-20261001/performance-18-cases/noisy-neighbor.json", "reports/quality/interview-completion-20261001/performance-18-cases/queue-backlog-artifacts/task_20261001_151109_4d71a5-manifest.raw", "reports/quality/interview-completion-20261001/performance-18-cases/queue-backlog-artifacts/task_20261001_151109_4d71a5-sys_metrics.raw", "reports/quality/interview-completion-20261001/performance-18-cases/queue-backlog.json", "reports/quality/interview-completion-20261001/performance-18-cases/source-hotspot-artifacts/task_20261001_152529_3a1dd1-flamegraph_json.raw", "reports/quality/interview-completion-20261001/performance-18-cases/source-hotspot-artifacts/task_20261001_152529_3a1dd1-manifest.raw", "reports/quality/interview-completion-20261001/performance-18-cases/source-hotspot-artifacts/task_20261001_152529_3a1dd1-raw.raw", "reports/quality/interview-completion-20261001/performance-18-cases/source-hotspot-artifacts/task_20261001_152529_3a1dd1-top_json.raw", "reports/quality/interview-completion-20261001/performance-18-cases/source-hotspot.json", "reports/quality/interview-completion-20261001/performance-18.json", "reports/quality/interview-completion-20261001/performance-manifest.json", "reports/quality/interview-completion-20261001/postrelease-correlation.json", "reports/quality/interview-completion-20261001/postrelease_trace_check.py", "reports/quality/interview-completion-20261001/prepare_release.py", "reports/quality/interview-completion-20261001/profile-cpu-tests-final.xml", "reports/quality/interview-completion-20261001/profile-cpu-tests-fixed.xml", "reports/quality/interview-completion-20261001/profile-cpu-tests.xml", "reports/quality/interview-completion-20261001/profile-tests-fixed.xml", "reports/quality/interview-completion-20261001/profile-tests.xml", "reports/quality/interview-completion-20261001/release/activate_platform.py", "reports/quality/interview-completion-20261001/release/ci-jobs.json", "reports/quality/interview-completion-20261001/release/ci-run.json", "reports/quality/interview-completion-20261001/release/deploy_runtime.py", "reports/quality/interview-completion-20261001/release/manifest.json", "reports/quality/interview-completion-20261001/release/platform-deployment.json", "reports/quality/interview-completion-20261001/release/platform-deployment.log", "reports/quality/interview-completion-20261001/release/release-tag.txt", "reports/quality/interview-completion-20261001/release/source-head.txt", "reports/quality/interview-completion-20261001/run_browser.py", "reports/quality/interview-completion-20261001/run_business_fix.py", "reports/quality/interview-completion-20261001/run_business_fix_r2.py", "reports/quality/interview-completion-20261001/run_business_fix_r3.py", "reports/quality/interview-completion-20261001/run_health_states.py", "reports/quality/interview-completion-20261001/run_performance.py", "reports/quality/interview-completion-20261001/runner-tests.xml", "reports/quality/interview-completion-20261001/runtime-after-trials.json", "reports/quality/interview-completion-20261001/runtime-before.json", "reports/quality/interview-completion-20261001/runtime-predeployment.json", "reports/quality/interview-completion-20261001/trace-after.xml", "reports/quality/interview-completion-20261001/trace-before.xml", "reports/quality/interview-completion-20261001/verify_runtime.py", "reports/quality/interview-release-20261002/clean-ci/36971688615/artifact-11211229732.zip", "reports/quality/interview-release-20261002/clean-ci/36971688615/logs/job-110726795925.log", "reports/quality/interview-release-20261002/clean-ci/36971688615/official-artifacts.json", "reports/quality/interview-release-20261002/clean-ci/36971688615/official-checkout-commit.json", "reports/quality/interview-release-20261002/clean-ci/36971688615/official-jobs.json", "reports/quality/interview-release-20261002/clean-ci/36971688615/official-run.json", "reports/quality/interview-release-20261002/clean-ci/36971688615/official-source-commit.json", "reports/quality/interview-release-20261002/clean-ci/36971688615/reports/clean-stack-gates.xml", "reports/quality/interview-release-20261002/clean-ci/36971688615/reports/clean-stack/command-001.log", "reports/quality/interview-release-20261002/clean-ci/36971688615/reports/clean-stack/command-002.log", "reports/quality/interview-release-20261002/clean-ci/36971688615/reports/clean-stack/command-003.log", "reports/quality/interview-release-20261002/clean-ci/36971688615/reports/clean-stack/command-005.log", "reports/quality/interview-release-20261002/clean-ci/36971688615/reports/clean-stack/command-006.log", "reports/quality/interview-release-20261002/clean-ci/36971688615/reports/clean-stack/command-007.log", "reports/quality/interview-release-20261002/clean-ci/36971688615/reports/clean-stack/command-008.log", "reports/quality/interview-release-20261002/clean-ci/36971688615/reports/clean-stack/command-009.log", "reports/quality/interview-release-20261002/clean-ci/36971688615/reports/clean-stack/command-010.log", "reports/quality/interview-release-20261002/clean-ci/36971688615/reports/clean-stack/command-011.log", "reports/quality/interview-release-20261002/clean-ci/36971688615/reports/clean-stack/command-012.log", "reports/quality/interview-release-20261002/clean-ci/36971688615/reports/clean-stack/command-013.log", "reports/quality/interview-release-20261002/clean-ci/36971688615/reports/clean-stack/command-015.log", "reports/quality/interview-release-20261002/clean-ci/36971688615/reports/clean-stack/command-016.log", "reports/quality/interview-release-20261002/clean-ci/36971688615/reports/clean-stack/command-017.log", "reports/quality/interview-release-20261002/clean-ci/36971688615/reports/clean-stack/compose-sanitized.json", "reports/quality/interview-release-20261002/clean-ci/36971688615/reports/clean-stack/report.json", "reports/quality/interview-release-20261002/clean-ci/36971688615/summary.json", "reports/quality/interview-release-20261002/clean-ci/36971943853/artifact-11212057929.zip", "reports/quality/interview-release-20261002/clean-ci/36971943853/logs/job-110727546387.log", "reports/quality/interview-release-20261002/clean-ci/36971943853/minio-registry-public-probe.json", "reports/quality/interview-release-20261002/clean-ci/36971943853/official-artifacts.json", "reports/quality/interview-release-20261002/clean-ci/36971943853/official-checkout-commit.json", "reports/quality/interview-release-20261002/clean-ci/36971943853/official-jobs.json", "reports/quality/interview-release-20261002/clean-ci/36971943853/official-run.json", "reports/quality/interview-release-20261002/clean-ci/36971943853/official-source-commit.json", "reports/quality/interview-release-20261002/clean-ci/36971943853/reports/clean-stack-gates.xml", "reports/quality/interview-release-20261002/clean-ci/36971943853/reports/clean-stack/command-001.log", "reports/quality/interview-release-20261002/clean-ci/36971943853/reports/clean-stack/command-002.log", "reports/quality/interview-release-20261002/clean-ci/36971943853/reports/clean-stack/command-003.log", "reports/quality/interview-release-20261002/clean-ci/36971943853/reports/clean-stack/command-005.log", "reports/quality/interview-release-20261002/clean-ci/36971943853/reports/clean-stack/command-006.log", "reports/quality/interview-release-20261002/clean-ci/36971943853/reports/clean-stack/command-007.log", "reports/quality/interview-release-20261002/clean-ci/36971943853/reports/clean-stack/command-008.log", "reports/quality/interview-release-20261002/clean-ci/36971943853/reports/clean-stack/command-009.log", "reports/quality/interview-release-20261002/clean-ci/36971943853/reports/clean-stack/command-010.log", "reports/quality/interview-release-20261002/clean-ci/36971943853/reports/clean-stack/command-011.log", "reports/quality/interview-release-20261002/clean-ci/36971943853/reports/clean-stack/command-012.log", "reports/quality/interview-release-20261002/clean-ci/36971943853/reports/clean-stack/command-013.log", "reports/quality/interview-release-20261002/clean-ci/36971943853/reports/clean-stack/command-015.log", "reports/quality/interview-release-20261002/clean-ci/36971943853/reports/clean-stack/command-016.log", "reports/quality/interview-release-20261002/clean-ci/36971943853/reports/clean-stack/command-017.log", "reports/quality/interview-release-20261002/clean-ci/36971943853/reports/clean-stack/command-018.log", "reports/quality/interview-release-20261002/clean-ci/36971943853/reports/clean-stack/command-019.log", "reports/quality/interview-release-20261002/clean-ci/36971943853/reports/clean-stack/command-020.log", "reports/quality/interview-release-20261002/clean-ci/36971943853/reports/clean-stack/command-021.log", "reports/quality/interview-release-20261002/clean-ci/36971943853/reports/clean-stack/command-022.log", "reports/quality/interview-release-20261002/clean-ci/36971943853/reports/clean-stack/command-023.log", "reports/quality/interview-release-20261002/clean-ci/36971943853/reports/clean-stack/command-024.log", "reports/quality/interview-release-20261002/clean-ci/36971943853/reports/clean-stack/command-025.log", "reports/quality/interview-release-20261002/clean-ci/36971943853/reports/clean-stack/command-026.log", "reports/quality/interview-release-20261002/clean-ci/36971943853/reports/clean-stack/command-027.log", "reports/quality/interview-release-20261002/clean-ci/36971943853/reports/clean-stack/command-028.log", "reports/quality/interview-release-20261002/clean-ci/36971943853/reports/clean-stack/compose-sanitized.json", "reports/quality/interview-release-20261002/clean-ci/36971943853/reports/clean-stack/report.json", "reports/quality/interview-release-20261002/clean-ci/36971943853/snapshots/000.json", "reports/quality/interview-release-20261002/clean-ci/36971943853/snapshots/001.json", "reports/quality/interview-release-20261002/clean-ci/36971943853/summary.json", "reports/quality/interview-release-20261002/clean-ci/36973371776/artifact-11211639618.zip", "reports/quality/interview-release-20261002/clean-ci/36973371776/logs/job-110731883622.log", "reports/quality/interview-release-20261002/clean-ci/36973371776/official-artifacts.json", "reports/quality/interview-release-20261002/clean-ci/36973371776/official-checkout-commit.json", "reports/quality/interview-release-20261002/clean-ci/36973371776/official-jobs.json", "reports/quality/interview-release-20261002/clean-ci/36973371776/official-run.json", "reports/quality/interview-release-20261002/clean-ci/36973371776/official-source-commit.json", "reports/quality/interview-release-20261002/clean-ci/36973371776/reports/clean-stack-gates.xml", "reports/quality/interview-release-20261002/clean-ci/36973371776/reports/clean-stack/command-001.log", "reports/quality/interview-release-20261002/clean-ci/36973371776/reports/clean-stack/command-002.log", "reports/quality/interview-release-20261002/clean-ci/36973371776/reports/clean-stack/command-003.log", "reports/quality/interview-release-20261002/clean-ci/36973371776/reports/clean-stack/command-005.log", "reports/quality/interview-release-20261002/clean-ci/36973371776/reports/clean-stack/command-006.log", "reports/quality/interview-release-20261002/clean-ci/36973371776/reports/clean-stack/command-007.log", "reports/quality/interview-release-20261002/clean-ci/36973371776/reports/clean-stack/command-008.log", "reports/quality/interview-release-20261002/clean-ci/36973371776/reports/clean-stack/command-009.log", "reports/quality/interview-release-20261002/clean-ci/36973371776/reports/clean-stack/command-010.log", "reports/quality/interview-release-20261002/clean-ci/36973371776/reports/clean-stack/command-011.log", "reports/quality/interview-release-20261002/clean-ci/36973371776/reports/clean-stack/command-012.log", "reports/quality/interview-release-20261002/clean-ci/36973371776/reports/clean-stack/command-013.log", "reports/quality/interview-release-20261002/clean-ci/36973371776/reports/clean-stack/command-015.log", "reports/quality/interview-release-20261002/clean-ci/36973371776/reports/clean-stack/report.json", "reports/quality/interview-release-20261002/clean-ci/36973371776/snapshots/20261002T062924Z-000.json", "reports/quality/interview-release-20261002/clean-ci/36973371776/summary.json", "reports/quality/interview-release-20261002/clean-ci/36973829122/artifact-11212852466.zip", "reports/quality/interview-release-20261002/clean-ci/36973829122/logs/job-110733269470.log", "reports/quality/interview-release-20261002/clean-ci/36973829122/official-artifacts.json", "reports/quality/interview-release-20261002/clean-ci/36973829122/official-checkout-commit.json", "reports/quality/interview-release-20261002/clean-ci/36973829122/official-jobs.json", "reports/quality/interview-release-20261002/clean-ci/36973829122/official-run.json", "reports/quality/interview-release-20261002/clean-ci/36973829122/official-source-commit.json", "reports/quality/interview-release-20261002/clean-ci/36973829122/reports/clean-stack-gates.xml", "reports/quality/interview-release-20261002/clean-ci/36973829122/reports/clean-stack/agent-heartbeat.json", "reports/quality/interview-release-20261002/clean-ci/36973829122/reports/clean-stack/agent-runtime-permissions.json", "reports/quality/interview-release-20261002/clean-ci/36973829122/reports/clean-stack/built-images.json", "reports/quality/interview-release-20261002/clean-ci/36973829122/reports/clean-stack/command-001.log", "reports/quality/interview-release-20261002/clean-ci/36973829122/reports/clean-stack/command-002.log", "reports/quality/interview-release-20261002/clean-ci/36973829122/reports/clean-stack/command-003.log", "reports/quality/interview-release-20261002/clean-ci/36973829122/reports/clean-stack/command-005.log", "reports/quality/interview-release-20261002/clean-ci/36973829122/reports/clean-stack/command-006.log", "reports/quality/interview-release-20261002/clean-ci/36973829122/reports/clean-stack/command-007.log", "reports/quality/interview-release-20261002/clean-ci/36973829122/reports/clean-stack/command-008.log", "reports/quality/interview-release-20261002/clean-ci/36973829122/reports/clean-stack/command-009.log", "reports/quality/interview-release-20261002/clean-ci/36973829122/reports/clean-stack/command-010.log", "reports/quality/interview-release-20261002/clean-ci/36973829122/reports/clean-stack/command-011.log", "reports/quality/interview-release-20261002/clean-ci/36973829122/reports/clean-stack/command-012.log", "reports/quality/interview-release-20261002/clean-ci/36973829122/reports/clean-stack/command-013.log", "reports/quality/interview-release-20261002/clean-ci/36973829122/reports/clean-stack/command-015.log", "reports/quality/interview-release-20261002/clean-ci/36973829122/reports/clean-stack/command-016.log", "reports/quality/interview-release-20261002/clean-ci/36973829122/reports/clean-stack/command-017.log", "reports/quality/interview-release-20261002/clean-ci/36973829122/reports/clean-stack/command-018.log", "reports/quality/interview-release-20261002/clean-ci/36973829122/reports/clean-stack/command-019.log", "reports/quality/interview-release-20261002/clean-ci/36973829122/reports/clean-stack/command-020.log", "reports/quality/interview-release-20261002/clean-ci/36973829122/reports/clean-stack/command-021.log", "reports/quality/interview-release-20261002/clean-ci/36973829122/reports/clean-stack/command-022.log", "reports/quality/interview-release-20261002/clean-ci/36973829122/reports/clean-stack/command-023.log", "reports/quality/interview-release-20261002/clean-ci/36973829122/reports/clean-stack/command-024.log", "reports/quality/interview-release-20261002/clean-ci/36973829122/reports/clean-stack/command-025.log", "reports/quality/interview-release-20261002/clean-ci/36973829122/reports/clean-stack/command-026.log", "reports/quality/interview-release-20261002/clean-ci/36973829122/reports/clean-stack/command-027.log", "reports/quality/interview-release-20261002/clean-ci/36973829122/reports/clean-stack/command-028.log", "reports/quality/interview-release-20261002/clean-ci/36973829122/reports/clean-stack/command-029.log", "reports/quality/interview-release-20261002/clean-ci/36973829122/reports/clean-stack/command-040.log", "reports/quality/interview-release-20261002/clean-ci/36973829122/reports/clean-stack/command-051.log", "reports/quality/interview-release-20261002/clean-ci/36973829122/reports/clean-stack/command-052.log", "reports/quality/interview-release-20261002/clean-ci/36973829122/reports/clean-stack/command-053.log", "reports/quality/interview-release-20261002/clean-ci/36973829122/reports/clean-stack/command-054.log", "reports/quality/interview-release-20261002/clean-ci/36973829122/reports/clean-stack/command-056.log", "reports/quality/interview-release-20261002/clean-ci/36973829122/reports/clean-stack/command-057.log", "reports/quality/interview-release-20261002/clean-ci/36973829122/reports/clean-stack/command-060.log", "reports/quality/interview-release-20261002/clean-ci/36973829122/reports/clean-stack/command-061.log", "reports/quality/interview-release-20261002/clean-ci/36973829122/reports/clean-stack/command-064.log", "reports/quality/interview-release-20261002/clean-ci/36973829122/reports/clean-stack/compose-sanitized.json", "reports/quality/interview-release-20261002/clean-ci/36973829122/reports/clean-stack/minio-source-version.json", "reports/quality/interview-release-20261002/clean-ci/36973829122/reports/clean-stack/process-snapshot.json", "reports/quality/interview-release-20261002/clean-ci/36973829122/reports/clean-stack/report.json", "reports/quality/interview-release-20261002/clean-ci/36973829122/reports/clean-stack/service-readiness.json", "reports/quality/interview-release-20261002/clean-ci/36973829122/reports/clean-stack/sys_metrics.raw.json", "reports/quality/interview-release-20261002/clean-ci/36973829122/reports/clean-stack/task-admission.json", "reports/quality/interview-release-20261002/clean-ci/36973829122/reports/clean-stack/task-artifacts.json", "reports/quality/interview-release-20261002/clean-ci/36973829122/reports/clean-stack/task-final.json", "reports/quality/interview-release-20261002/clean-ci/36973829122/snapshots/20261002T063202Z-000.json", "reports/quality/interview-release-20261002/clean-ci/36973829122/snapshots/20261002T063249Z-001.json", "reports/quality/interview-release-20261002/clean-ci/36973829122/snapshots/20261002T063335Z-002.json", "reports/quality/interview-release-20261002/clean-ci/36973829122/snapshots/20261002T063422Z-003.json", "reports/quality/interview-release-20261002/clean-ci/36973829122/snapshots/20261002T063509Z-004.json", "reports/quality/interview-release-20261002/clean-ci/36973829122/snapshots/20261002T063555Z-005.json", "reports/quality/interview-release-20261002/clean-ci/36973829122/snapshots/20261002T063642Z-006.json", "reports/quality/interview-release-20261002/clean-ci/36973829122/snapshots/20261002T063729Z-007.json", "reports/quality/interview-release-20261002/clean-ci/36973829122/snapshots/20261002T063815Z-008.json", "reports/quality/interview-release-20261002/clean-ci/36973829122/snapshots/20261002T063901Z-009.json", "reports/quality/interview-release-20261002/clean-ci/36973829122/snapshots/20261002T063948Z-010.json", "reports/quality/interview-release-20261002/clean-ci/36973829122/summary.json", "reports/quality/interview-release-20261002/clean-ci/36975451670/artifact-11213283014.zip", "reports/quality/interview-release-20261002/clean-ci/36975451670/logs/job-110738183575.log", "reports/quality/interview-release-20261002/clean-ci/36975451670/official-artifacts.json", "reports/quality/interview-release-20261002/clean-ci/36975451670/official-checkout-commit.json", "reports/quality/interview-release-20261002/clean-ci/36975451670/official-jobs.json", "reports/quality/interview-release-20261002/clean-ci/36975451670/official-run.json", "reports/quality/interview-release-20261002/clean-ci/36975451670/official-source-commit.json", "reports/quality/interview-release-20261002/clean-ci/36975451670/reports/clean-stack-gates.xml", "reports/quality/interview-release-20261002/clean-ci/36975451670/reports/clean-stack/agent-heartbeat.json", "reports/quality/interview-release-20261002/clean-ci/36975451670/reports/clean-stack/agent-runtime-permissions.json", "reports/quality/interview-release-20261002/clean-ci/36975451670/reports/clean-stack/built-images.json", "reports/quality/interview-release-20261002/clean-ci/36975451670/reports/clean-stack/command-001.log", "reports/quality/interview-release-20261002/clean-ci/36975451670/reports/clean-stack/command-002.log", "reports/quality/interview-release-20261002/clean-ci/36975451670/reports/clean-stack/command-003.log", "reports/quality/interview-release-20261002/clean-ci/36975451670/reports/clean-stack/command-005.log", "reports/quality/interview-release-20261002/clean-ci/36975451670/reports/clean-stack/command-006.log", "reports/quality/interview-release-20261002/clean-ci/36975451670/reports/clean-stack/command-007.log", "reports/quality/interview-release-20261002/clean-ci/36975451670/reports/clean-stack/command-008.log", "reports/quality/interview-release-20261002/clean-ci/36975451670/reports/clean-stack/command-009.log", "reports/quality/interview-release-20261002/clean-ci/36975451670/reports/clean-stack/command-010.log", "reports/quality/interview-release-20261002/clean-ci/36975451670/reports/clean-stack/command-011.log", "reports/quality/interview-release-20261002/clean-ci/36975451670/reports/clean-stack/command-012.log", "reports/quality/interview-release-20261002/clean-ci/36975451670/reports/clean-stack/command-013.log", "reports/quality/interview-release-20261002/clean-ci/36975451670/reports/clean-stack/command-015.log", "reports/quality/interview-release-20261002/clean-ci/36975451670/reports/clean-stack/command-016.log", "reports/quality/interview-release-20261002/clean-ci/36975451670/reports/clean-stack/command-017.log", "reports/quality/interview-release-20261002/clean-ci/36975451670/reports/clean-stack/command-018.log", "reports/quality/interview-release-20261002/clean-ci/36975451670/reports/clean-stack/command-019.log", "reports/quality/interview-release-20261002/clean-ci/36975451670/reports/clean-stack/command-020.log", "reports/quality/interview-release-20261002/clean-ci/36975451670/reports/clean-stack/command-021.log", "reports/quality/interview-release-20261002/clean-ci/36975451670/reports/clean-stack/command-022.log", "reports/quality/interview-release-20261002/clean-ci/36975451670/reports/clean-stack/command-023.log", "reports/quality/interview-release-20261002/clean-ci/36975451670/reports/clean-stack/command-024.log", "reports/quality/interview-release-20261002/clean-ci/36975451670/reports/clean-stack/command-025.log", "reports/quality/interview-release-20261002/clean-ci/36975451670/reports/clean-stack/command-026.log", "reports/quality/interview-release-20261002/clean-ci/36975451670/reports/clean-stack/command-027.log", "reports/quality/interview-release-20261002/clean-ci/36975451670/reports/clean-stack/command-028.log", "reports/quality/interview-release-20261002/clean-ci/36975451670/reports/clean-stack/command-029.log", "reports/quality/interview-release-20261002/clean-ci/36975451670/reports/clean-stack/command-040.log", "reports/quality/interview-release-20261002/clean-ci/36975451670/reports/clean-stack/command-051.log", "reports/quality/interview-release-20261002/clean-ci/36975451670/reports/clean-stack/command-052.log", "reports/quality/interview-release-20261002/clean-ci/36975451670/reports/clean-stack/command-053.log", "reports/quality/interview-release-20261002/clean-ci/36975451670/reports/clean-stack/command-054.log", "reports/quality/interview-release-20261002/clean-ci/36975451670/reports/clean-stack/command-058.log", "reports/quality/interview-release-20261002/clean-ci/36975451670/reports/clean-stack/command-062.log", "reports/quality/interview-release-20261002/clean-ci/36975451670/reports/clean-stack/command-063.log", "reports/quality/interview-release-20261002/clean-ci/36975451670/reports/clean-stack/command-064.log", "reports/quality/interview-release-20261002/clean-ci/36975451670/reports/clean-stack/command-065.log", "reports/quality/interview-release-20261002/clean-ci/36975451670/reports/clean-stack/command-068.log", "reports/quality/interview-release-20261002/clean-ci/36975451670/reports/clean-stack/command-069.log", "reports/quality/interview-release-20261002/clean-ci/36975451670/reports/clean-stack/command-072.log", "reports/quality/interview-release-20261002/clean-ci/36975451670/reports/clean-stack/compose-sanitized.json", "reports/quality/interview-release-20261002/clean-ci/36975451670/reports/clean-stack/minio-source-version.json", "reports/quality/interview-release-20261002/clean-ci/36975451670/reports/clean-stack/persisted-chain.json", "reports/quality/interview-release-20261002/clean-ci/36975451670/reports/clean-stack/process-snapshot.json", "reports/quality/interview-release-20261002/clean-ci/36975451670/reports/clean-stack/report.json", "reports/quality/interview-release-20261002/clean-ci/36975451670/reports/clean-stack/service-readiness.json", "reports/quality/interview-release-20261002/clean-ci/36975451670/reports/clean-stack/sys_metrics.raw.json", "reports/quality/interview-release-20261002/clean-ci/36975451670/reports/clean-stack/target-identity-after.json", "reports/quality/interview-release-20261002/clean-ci/36975451670/reports/clean-stack/target-identity-before.json", "reports/quality/interview-release-20261002/clean-ci/36975451670/reports/clean-stack/task-admission.json", "reports/quality/interview-release-20261002/clean-ci/36975451670/reports/clean-stack/task-artifacts.json", "reports/quality/interview-release-20261002/clean-ci/36975451670/reports/clean-stack/task-events.json", "reports/quality/interview-release-20261002/clean-ci/36975451670/reports/clean-stack/task-final.json", "reports/quality/interview-release-20261002/clean-ci/36975451670/reports/clean-stack/web-http-contract.json", "reports/quality/interview-release-20261002/clean-ci/36975451670/snapshots/20261002T065138Z-000.json", "reports/quality/interview-release-20261002/clean-ci/36975451670/snapshots/20261002T065224Z-001.json", "reports/quality/interview-release-20261002/clean-ci/36975451670/snapshots/20261002T065311Z-002.json", "reports/quality/interview-release-20261002/clean-ci/36975451670/snapshots/20261002T065357Z-003.json", "reports/quality/interview-release-20261002/clean-ci/36975451670/snapshots/20261002T065444Z-004.json", "reports/quality/interview-release-20261002/clean-ci/36975451670/snapshots/20261002T065531Z-005.json", "reports/quality/interview-release-20261002/clean-ci/36975451670/snapshots/20261002T065617Z-006.json", "reports/quality/interview-release-20261002/clean-ci/36975451670/snapshots/20261002T065703Z-007.json", "reports/quality/interview-release-20261002/clean-ci/36975451670/snapshots/20261002T065750Z-008.json", "reports/quality/interview-release-20261002/clean-ci/36975451670/snapshots/20261002T065836Z-009.json", "reports/quality/interview-release-20261002/clean-ci/36975451670/snapshots/20261002T065922Z-010.json", "reports/quality/interview-release-20261002/clean-ci/36975451670/snapshots/20261002T070009Z-011.json", "reports/quality/interview-release-20261002/clean-ci/36975451670/summary.json", "reports/quality/interview-release-20261002/heldout/first-run/evaluator-source.py", "reports/quality/interview-release-20261002/heldout/first-run/freeze.json", "reports/quality/interview-release-20261002/heldout/first-run/provider.json", "reports/quality/interview-release-20261002/heldout/first-run/records/h01.json", "reports/quality/interview-release-20261002/heldout/first-run/records/h02.json", "reports/quality/interview-release-20261002/heldout/first-run/records/h03.json", "reports/quality/interview-release-20261002/heldout/first-run/records/h04.json", "reports/quality/interview-release-20261002/heldout/first-run/records/h05.json", "reports/quality/interview-release-20261002/heldout/first-run/records/h06.json", "reports/quality/interview-release-20261002/heldout/first-run/records/h07.json", "reports/quality/interview-release-20261002/heldout/first-run/records/h08.json", "reports/quality/interview-release-20261002/heldout/first-run/records/h09.json", "reports/quality/interview-release-20261002/heldout/first-run/records/h10.json", "reports/quality/interview-release-20261002/heldout/first-run/records/h11.json", "reports/quality/interview-release-20261002/heldout/first-run/records/h12.json", "reports/quality/interview-release-20261002/heldout/first-run/records/h13.json", "reports/quality/interview-release-20261002/heldout/first-run/records/h14.json", "reports/quality/interview-release-20261002/heldout/first-run/records/h15.json", "reports/quality/interview-release-20261002/heldout/first-run/records/h16.json", "reports/quality/interview-release-20261002/heldout/first-run/records/h17.json", "reports/quality/interview-release-20261002/heldout/first-run/records/h18.json", "reports/quality/interview-release-20261002/heldout/first-run/records/h19.json", "reports/quality/interview-release-20261002/heldout/first-run/records/h20.json", "reports/quality/interview-release-20261002/heldout/first-run/records/h21.json", "reports/quality/interview-release-20261002/heldout/first-run/records/h22.json", "reports/quality/interview-release-20261002/heldout/first-run/records/h23.json", "reports/quality/interview-release-20261002/heldout/first-run/records/h24.json", "reports/quality/interview-release-20261002/heldout/first-run/report.json", "reports/quality/interview-release-20261002/heldout/first-run/requests/h01.json", "reports/quality/interview-release-20261002/heldout/first-run/requests/h02.json", "reports/quality/interview-release-20261002/heldout/first-run/requests/h03.json", "reports/quality/interview-release-20261002/heldout/first-run/requests/h04.json", "reports/quality/interview-release-20261002/heldout/first-run/requests/h05.json", "reports/quality/interview-release-20261002/heldout/first-run/requests/h06.json", "reports/quality/interview-release-20261002/heldout/first-run/requests/h07.json", "reports/quality/interview-release-20261002/heldout/first-run/requests/h08.json", "reports/quality/interview-release-20261002/heldout/first-run/requests/h09.json", "reports/quality/interview-release-20261002/heldout/first-run/requests/h10.json", "reports/quality/interview-release-20261002/heldout/first-run/requests/h11.json", "reports/quality/interview-release-20261002/heldout/first-run/requests/h12.json", "reports/quality/interview-release-20261002/heldout/first-run/requests/h13.json", "reports/quality/interview-release-20261002/heldout/first-run/requests/h14.json", "reports/quality/interview-release-20261002/heldout/first-run/requests/h15.json", "reports/quality/interview-release-20261002/heldout/first-run/requests/h16.json", "reports/quality/interview-release-20261002/heldout/first-run/requests/h17.json", "reports/quality/interview-release-20261002/heldout/first-run/requests/h18.json", "reports/quality/interview-release-20261002/heldout/first-run/requests/h19.json", "reports/quality/interview-release-20261002/heldout/first-run/requests/h20.json", "reports/quality/interview-release-20261002/heldout/first-run/requests/h21.json", "reports/quality/interview-release-20261002/heldout/first-run/requests/h22.json", "reports/quality/interview-release-20261002/heldout/first-run/requests/h23.json", "reports/quality/interview-release-20261002/heldout/first-run/requests/h24.json", "reports/quality/interview-release-20261002/heldout/independent-review-r2/audit.json", "reports/quality/interview-release-20261002/heldout/independent-review-r2/clean-git.log", "reports/quality/interview-release-20261002/heldout/independent-review-r2/negative-adapter.log", "reports/quality/interview-release-20261002/heldout/independent-review-r2/negative-author.log", "reports/quality/interview-release-20261002/heldout/independent-review-r2/negative-backend.log", "reports/quality/interview-release-20261002/heldout/independent-review-r2/negative-bool_wrong_type.log", "reports/quality/interview-release-20261002/heldout/independent-review-r2/negative-cost.log", "reports/quality/interview-release-20261002/heldout/independent-review-r2/negative-extra_causal_accuracy.log", "reports/quality/interview-release-20261002/heldout/independent-review-r2/negative-parallel_budget.log", "reports/quality/interview-release-20261002/heldout/independent-review-r2/negative-same_three_fields.log", "reports/quality/interview-release-20261002/heldout/independent-review-r2/negative-scope.log", "reports/quality/interview-release-20261002/heldout/independent-review-r2/negative-truth.log", "reports/quality/interview-release-20261002/heldout/independent-review-r2/negative-tuned.log", "reports/quality/interview-release-20261002/heldout/independent-review-r2/worktree.log", "reports/quality/interview-release-20261002/heldout/initial-header-negative.json", "reports/quality/interview-release-20261002/heldout/pre-implementation-freeze.json", "reports/quality/interview-release-20261002/main-ci-34b74e7b/logs/job-110738184029.log", "reports/quality/interview-release-20261002/main-ci-34b74e7b/logs/job-110738184211.log", "reports/quality/interview-release-20261002/main-ci-34b74e7b/logs/job-110738184213.log", "reports/quality/interview-release-20261002/main-ci-34b74e7b/logs/job-110738184216.log", "reports/quality/interview-release-20261002/main-ci-34b74e7b/logs/job-110738184220.log", "reports/quality/interview-release-20261002/main-ci-34b74e7b/logs/job-110738184234.log", "reports/quality/interview-release-20261002/main-ci-34b74e7b/logs/job-110738184259.log", "reports/quality/interview-release-20261002/main-ci-34b74e7b/logs/job-110738184271.log", "reports/quality/interview-release-20261002/main-ci-34b74e7b/logs/job-110738184273.log", "reports/quality/interview-release-20261002/main-ci-34b74e7b/logs/job-110738184294.log", "reports/quality/interview-release-20261002/main-ci-34b74e7b/logs/job-110738184303.log", "reports/quality/interview-release-20261002/main-ci-34b74e7b/logs/job-110738184312.log", "reports/quality/interview-release-20261002/main-ci-34b74e7b/logs/job-110738184345.log", "reports/quality/interview-release-20261002/main-ci-34b74e7b/logs/job-110738184354.log", "reports/quality/interview-release-20261002/main-ci-34b74e7b/official-artifacts.json", "reports/quality/interview-release-20261002/main-ci-34b74e7b/official-ci-merge-commit.json", "reports/quality/interview-release-20261002/main-ci-34b74e7b/official-jobs.json", "reports/quality/interview-release-20261002/main-ci-34b74e7b/official-run.json", "reports/quality/interview-release-20261002/main-ci-34b74e7b/official-source-commit.json", "reports/quality/interview-release-20261002/main-ci-34b74e7b/reports/hotspot-controls-72d452542007e1a01cfb2f923c6fa72471b6fb39-1/go-io-window/report.json", "reports/quality/interview-release-20261002/main-ci-34b74e7b/reports/hotspot-controls-72d452542007e1a01cfb2f923c6fa72471b6fb39-1/hotspot-controls/measurement/go/report.json", "reports/quality/interview-release-20261002/main-ci-34b74e7b/reports/hotspot-controls-72d452542007e1a01cfb2f923c6fa72471b6fb39-1/hotspot-controls/measurement/python/report.json", "reports/quality/interview-release-20261002/main-ci-34b74e7b/reports/hotspot-controls-72d452542007e1a01cfb2f923c6fa72471b6fb39-1/hotspot-controls/measurement/report.json", "reports/quality/interview-release-20261002/main-ci-34b74e7b/reports/hotspot-controls-72d452542007e1a01cfb2f923c6fa72471b6fb39-1/report.json", "reports/quality/interview-release-20261002/main-ci-34b74e7b/reports/native-agent-binary-72d452542007e1a01cfb2f923c6fa72471b6fb39-1/ctest.xml", "reports/quality/interview-release-20261002/main-ci-34b74e7b/reports/observation-controls-72d452542007e1a01cfb2f923c6fa72471b6fb39-1/cpp/report.json", "reports/quality/interview-release-20261002/main-ci-34b74e7b/reports/observation-controls-72d452542007e1a01cfb2f923c6fa72471b6fb39-1/java/report.json", "reports/quality/interview-release-20261002/main-ci-34b74e7b/reports/observation-controls-72d452542007e1a01cfb2f923c6fa72471b6fb39-1/perf-source-toolchain/report.json", "reports/quality/interview-release-20261002/main-ci-34b74e7b/reports/observation-controls-72d452542007e1a01cfb2f923c6fa72471b6fb39-1/python/report.json", "reports/quality/interview-release-20261002/main-ci-34b74e7b/reports/postgres-concurrency-72d452542007e1a01cfb2f923c6fa72471b6fb39-1/gate.json", "reports/quality/interview-release-20261002/main-ci-34b74e7b/reports/postgres-concurrency-72d452542007e1a01cfb2f923c6fa72471b6fb39-1/go-version.txt", "reports/quality/interview-release-20261002/main-ci-34b74e7b/reports/postgres-concurrency-72d452542007e1a01cfb2f923c6fa72471b6fb39-1/python.junit.xml", "reports/quality/interview-release-20261002/main-ci-34b74e7b/reports/postgres-concurrency-72d452542007e1a01cfb2f923c6fa72471b6fb39-1/runtime.json", "reports/quality/interview-release-20261002/main-ci-34b74e7b/reports/python-quality-72d452542007e1a01cfb2f923c6fa72471b6fb39-1/python-all/junit.xml", "reports/quality/interview-release-20261002/main-ci-34b74e7b/reports/python-quality-72d452542007e1a01cfb2f923c6fa72471b6fb39-1/report.json", "reports/quality/interview-release-20261002/main-ci-34b74e7b/reports/web-browser-72d452542007e1a01cfb2f923c6fa72471b6fb39-1/result.json", "reports/quality/interview-release-20261002/main-ci-34b74e7b/source-equivalence.json", "reports/quality/interview-release-20261002/main-ci-34b74e7b/summary.json", "reports/quality/interview-release-20261002/main-ci-34b74e7b/summary.md", "reports/quality/interview-release-20261002/main-ci-first-failure/job-110731884000.log", "reports/quality/interview-release-20261002/main-ci/logs/job-110733269175.log", "reports/quality/interview-release-20261002/main-ci/logs/job-110733269293.log", "reports/quality/interview-release-20261002/main-ci/logs/job-110733269306.log", "reports/quality/interview-release-20261002/main-ci/logs/job-110733269308.log", "reports/quality/interview-release-20261002/main-ci/logs/job-110733269348.log", "reports/quality/interview-release-20261002/main-ci/logs/job-110733269352.log", "reports/quality/interview-release-20261002/main-ci/logs/job-110733269370.log", "reports/quality/interview-release-20261002/main-ci/logs/job-110733269383.log", "reports/quality/interview-release-20261002/main-ci/logs/job-110733269390.log", "reports/quality/interview-release-20261002/main-ci/logs/job-110733269417.log", "reports/quality/interview-release-20261002/main-ci/logs/job-110733269421.log", "reports/quality/interview-release-20261002/main-ci/logs/job-110733269432.log", "reports/quality/interview-release-20261002/main-ci/logs/job-110733269466.log", "reports/quality/interview-release-20261002/main-ci/logs/job-110733269540.log", "reports/quality/interview-release-20261002/main-ci/official-artifacts.json", "reports/quality/interview-release-20261002/main-ci/official-ci-merge-commit.json", "reports/quality/interview-release-20261002/main-ci/official-jobs.json", "reports/quality/interview-release-20261002/main-ci/official-run.json", "reports/quality/interview-release-20261002/main-ci/official-source-commit.json", "reports/quality/interview-release-20261002/main-ci/reports/hotspot-controls-de94beda6b03fbbdf0f5d2f619b9efe49ed3a687-1/go-io-window/report.json", "reports/quality/interview-release-20261002/main-ci/reports/hotspot-controls-de94beda6b03fbbdf0f5d2f619b9efe49ed3a687-1/hotspot-controls/measurement/go/report.json", "reports/quality/interview-release-20261002/main-ci/reports/hotspot-controls-de94beda6b03fbbdf0f5d2f619b9efe49ed3a687-1/hotspot-controls/measurement/python/report.json", "reports/quality/interview-release-20261002/main-ci/reports/hotspot-controls-de94beda6b03fbbdf0f5d2f619b9efe49ed3a687-1/hotspot-controls/measurement/report.json", "reports/quality/interview-release-20261002/main-ci/reports/hotspot-controls-de94beda6b03fbbdf0f5d2f619b9efe49ed3a687-1/report.json", "reports/quality/interview-release-20261002/main-ci/reports/native-agent-binary-de94beda6b03fbbdf0f5d2f619b9efe49ed3a687-1/ctest.xml", "reports/quality/interview-release-20261002/main-ci/reports/observation-controls-de94beda6b03fbbdf0f5d2f619b9efe49ed3a687-1/cpp/report.json", "reports/quality/interview-release-20261002/main-ci/reports/observation-controls-de94beda6b03fbbdf0f5d2f619b9efe49ed3a687-1/java/report.json", "reports/quality/interview-release-20261002/main-ci/reports/observation-controls-de94beda6b03fbbdf0f5d2f619b9efe49ed3a687-1/perf-source-toolchain/report.json", "reports/quality/interview-release-20261002/main-ci/reports/observation-controls-de94beda6b03fbbdf0f5d2f619b9efe49ed3a687-1/python/report.json", "reports/quality/interview-release-20261002/main-ci/reports/postgres-concurrency-de94beda6b03fbbdf0f5d2f619b9efe49ed3a687-1/gate.json", "reports/quality/interview-release-20261002/main-ci/reports/postgres-concurrency-de94beda6b03fbbdf0f5d2f619b9efe49ed3a687-1/go-version.txt", "reports/quality/interview-release-20261002/main-ci/reports/postgres-concurrency-de94beda6b03fbbdf0f5d2f619b9efe49ed3a687-1/python.junit.xml", "reports/quality/interview-release-20261002/main-ci/reports/postgres-concurrency-de94beda6b03fbbdf0f5d2f619b9efe49ed3a687-1/runtime.json", "reports/quality/interview-release-20261002/main-ci/reports/python-quality-de94beda6b03fbbdf0f5d2f619b9efe49ed3a687-1/python-all/junit.xml", "reports/quality/interview-release-20261002/main-ci/reports/python-quality-de94beda6b03fbbdf0f5d2f619b9efe49ed3a687-1/report.json", "reports/quality/interview-release-20261002/main-ci/reports/web-browser-de94beda6b03fbbdf0f5d2f619b9efe49ed3a687-1/result.json", "reports/quality/interview-release-20261002/main-ci/source-equivalence.json", "reports/quality/interview-release-20261002/main-ci/summary.json", "reports/quality/interview-release-20261002/main-ci/summary.md", "reports/quality/interview-release-20261002/manifest.json", "reports/quality/interview-release-20261002/materials/doc-final-review-public.json", "reports/quality/interview-release-20261002/materials/doc-review-public.json", "reports/quality/interview-release-20261002/materials/evidence-independent-review.json", "reports/quality/interview-release-20261002/materials/worktree-preservation.json", "reports/quality/interview-release-20261002/minio/source-availability.json", "reports/quality/performance-diagnosis-20261001/after-negative.xml", "reports/quality/performance-diagnosis-20261001/before-negative.xml", "reports/quality/performance-diagnosis-20261001/before-source.json", "reports/quality/performance-diagnosis-20261001/before-source/hypothesis_predicate.py", "reports/quality/performance-diagnosis-20261001/before-source/metric_analyzers.py", "reports/quality/performance-diagnosis-20261001/coverage-failure/python-all/command-1.log", "reports/quality/performance-diagnosis-20261001/coverage-failure/python-all/coverage.json", "reports/quality/performance-diagnosis-20261001/coverage-failure/python-all/junit.xml", "reports/quality/performance-diagnosis-20261001/coverage-failure/report.html", "reports/quality/performance-diagnosis-20261001/coverage-failure/report.json", "reports/quality/performance-diagnosis-20261001/deployed/browser-before-neutral.log", "reports/quality/performance-diagnosis-20261001/deployed/browser-before-neutral/engineering.png", "reports/quality/performance-diagnosis-20261001/deployed/browser-before-neutral/failure-audit.png", "reports/quality/performance-diagnosis-20261001/deployed/browser-before-neutral/performance-1024.png", "reports/quality/performance-diagnosis-20261001/deployed/browser-before-neutral/performance-1440.png", "reports/quality/performance-diagnosis-20261001/deployed/browser-before-neutral/performance-375.png", "reports/quality/performance-diagnosis-20261001/deployed/browser-before-neutral/performance-768.png", "reports/quality/performance-diagnosis-20261001/deployed/browser.log", "reports/quality/performance-diagnosis-20261001/deployed/browser/engineering.png", "reports/quality/performance-diagnosis-20261001/deployed/browser/failure-audit.png", "reports/quality/performance-diagnosis-20261001/deployed/browser/health-normal.png", "reports/quality/performance-diagnosis-20261001/deployed/browser/performance-1024.png", "reports/quality/performance-diagnosis-20261001/deployed/browser/performance-1440.png", "reports/quality/performance-diagnosis-20261001/deployed/browser/performance-375.png", "reports/quality/performance-diagnosis-20261001/deployed/browser/performance-768.png", "reports/quality/performance-diagnosis-20261001/deployed/browser/result.json", "reports/quality/performance-diagnosis-20261001/deployed/browser_performance.mjs", "reports/quality/performance-diagnosis-20261001/deployed/ci-artifacts-neutral/artifacts.json", "reports/quality/performance-diagnosis-20261001/deployed/ci-artifacts-neutral/download-manifest.json", "reports/quality/performance-diagnosis-20261001/deployed/ci-artifacts-neutral/postgres-concurrency-d7591cdd65988c0e51d363c32678c3c374b9f93c-1.zip", "reports/quality/performance-diagnosis-20261001/deployed/ci-artifacts-neutral/python-quality-d7591cdd65988c0e51d363c32678c3c374b9f93c-1.zip", "reports/quality/performance-diagnosis-20261001/deployed/ci-artifacts-neutral/web-browser-d7591cdd65988c0e51d363c32678c3c374b9f93c-1.zip", "reports/quality/performance-diagnosis-20261001/deployed/ci-artifacts/artifacts.json", "reports/quality/performance-diagnosis-20261001/deployed/ci-artifacts/download-manifest.json", "reports/quality/performance-diagnosis-20261001/deployed/ci-artifacts/postgres-concurrency-9308ced2515aa1985cfc73e6cab36a522b8b61d2-1.zip", "reports/quality/performance-diagnosis-20261001/deployed/ci-artifacts/python-quality-9308ced2515aa1985cfc73e6cab36a522b8b61d2-1.zip", "reports/quality/performance-diagnosis-20261001/deployed/ci-artifacts/web-browser-9308ced2515aa1985cfc73e6cab36a522b8b61d2-1.zip", "reports/quality/performance-diagnosis-20261001/deployed/evidence-manifest.json", "reports/quality/performance-diagnosis-20261001/deployed/final-runtime-verification.json", "reports/quality/performance-diagnosis-20261001/deployed/health-live/records.json", "reports/quality/performance-diagnosis-20261001/deployed/live_health.py", "reports/quality/performance-diagnosis-20261001/deployed/release-full-catalog/ci-jobs.json", "reports/quality/performance-diagnosis-20261001/deployed/release-full-catalog/ci-run.json", "reports/quality/performance-diagnosis-20261001/deployed/release-full-catalog/manifest.json", "reports/quality/performance-diagnosis-20261001/deployed/release-full-catalog/platform-deployment.json", "reports/quality/performance-diagnosis-20261001/deployed/release-full-catalog/platform-deployment.log", "reports/quality/performance-diagnosis-20261001/deployed/release-neutral/ci-jobs.json", "reports/quality/performance-diagnosis-20261001/deployed/release-neutral/ci-run.json", "reports/quality/performance-diagnosis-20261001/deployed/release-neutral/manifest.json", "reports/quality/performance-diagnosis-20261001/deployed/release-neutral/platform-deployment.json", "reports/quality/performance-diagnosis-20261001/deployed/release-neutral/platform-deployment.log", "reports/quality/performance-diagnosis-20261001/deployed/run_browser.py", "reports/quality/performance-diagnosis-20261001/deployed/runtime-before-neutral.json", "reports/quality/performance-diagnosis-20261001/deployed/verify_runtime.py", "reports/quality/performance-diagnosis-20261001/deployed/web-ci.log", "reports/quality/performance-diagnosis-20261001/failure-audit-v1.json", "reports/quality/performance-diagnosis-20261001/final-python/python-all/command-1.log", "reports/quality/performance-diagnosis-20261001/final-python/python-all/coverage.json", "reports/quality/performance-diagnosis-20261001/final-python/python-all/junit.xml", "reports/quality/performance-diagnosis-20261001/final-python/report.html", "reports/quality/performance-diagnosis-20261001/final-python/report.json", "reports/quality/performance-diagnosis-20261001/first-failure/python-all/command-1.log", "reports/quality/performance-diagnosis-20261001/first-failure/python-all/coverage.json", "reports/quality/performance-diagnosis-20261001/first-failure/python-all/junit.xml", "reports/quality/performance-diagnosis-20261001/first-failure/report.html", "reports/quality/performance-diagnosis-20261001/first-failure/report.json", "reports/quality/performance-diagnosis-20261001/neutral-correction/actual-health-before-after/after.mjs", "reports/quality/performance-diagnosis-20261001/neutral-correction/actual-health-before-after/before.mjs", "reports/quality/performance-diagnosis-20261001/neutral-correction/actual-health-before-after/check.mjs", "reports/quality/performance-diagnosis-20261001/neutral-correction/actual-health-before-after/input.json", "reports/quality/performance-diagnosis-20261001/neutral-correction/actual-health-before-after/result.json", "reports/quality/performance-diagnosis-20261001/neutral-correction/failure-audit.json", "reports/quality/performance-diagnosis-20261001/neutral-correction/python/python-all/command-1.log", "reports/quality/performance-diagnosis-20261001/neutral-correction/python/python-all/coverage.json", "reports/quality/performance-diagnosis-20261001/neutral-correction/python/python-all/junit.xml", "reports/quality/performance-diagnosis-20261001/neutral-correction/python/report.html", "reports/quality/performance-diagnosis-20261001/neutral-correction/python/report.json", "reports/quality/performance-diagnosis-20261001/neutral-correction/reproduce_neutral.py", "reports/quality/performance-diagnosis-20261001/neutral-correction/web-full.xml", "reports/quality/performance-diagnosis-20261001/reproduce_before.py", "reports/quality/performance-diagnosis-20261001/web-all.xml", "reports/quality/performance-diagnosis-20261001/web-full-catalog.xml", "reports/quality/performance-fix-20260930/branches/ci-run.json", "reports/quality/performance-fix-20260930/branches/manifest.json", "reports/quality/performance-fix-20260930/branches/office-deployment.json", "reports/quality/performance-fix-20260930/branches/platform-deployment.json", "reports/quality/performance-fix-20260930/cache-empty-before-result.json", "reports/quality/performance-fix-20260930/cache-empty-before-source.py", "reports/quality/performance-fix-20260930/cache-empty-before.log", "reports/quality/performance-fix-20260930/cache-empty-before.xml", "reports/quality/performance-fix-20260930/cache-empty-targeted.xml", "reports/quality/performance-fix-20260930/cache-empty/browser-diagnosis-evidence.json", "reports/quality/performance-fix-20260930/cache-empty/browser-diagnosis-final.json", "reports/quality/performance-fix-20260930/cache-empty/browser-diagnosis.json", "reports/quality/performance-fix-20260930/cache-empty/browser-exercise-session.log", "reports/quality/performance-fix-20260930/cache-empty/browser-exercise-session/exercise.png", "reports/quality/performance-fix-20260930/cache-empty/browser-exercise-session/result.json", "reports/quality/performance-fix-20260930/cache-empty/browser-exercise.log", "reports/quality/performance-fix-20260930/cache-empty/browser-exercise/exercise.png", "reports/quality/performance-fix-20260930/cache-empty/browser-exercise/result.json", "reports/quality/performance-fix-20260930/cache-empty/browser-report.log", "reports/quality/performance-fix-20260930/cache-empty/browser-report/report.png", "reports/quality/performance-fix-20260930/cache-empty/browser-report/result.json", "reports/quality/performance-fix-20260930/cache-empty/browser-report/tree.png", "reports/quality/performance-fix-20260930/cache-empty/manifest.json", "reports/quality/performance-fix-20260930/cache-empty/office-deployment.json", "reports/quality/performance-fix-20260930/cache-empty/office-three-phase-cache-1.json", "reports/quality/performance-fix-20260930/cache-empty/office-three-phase-cache-2.json", "reports/quality/performance-fix-20260930/cache-empty/runtime-verification.json", "reports/quality/performance-fix-20260930/cache/ci-run.json", "reports/quality/performance-fix-20260930/cache/manifest.json", "reports/quality/performance-fix-20260930/cache/office-deployment.json", "reports/quality/performance-fix-20260930/cache/office-three-phase-cache-1.json", "reports/quality/performance-fix-20260930/cache/office-three-phase-cache-2.json", "reports/quality/performance-fix-20260930/cache/platform-deployment.json", "reports/quality/performance-fix-20260930/cache/source-verification.json", "reports/quality/performance-fix-20260930/ci-archive-manifest.json", "reports/quality/performance-fix-20260930/ci-artifacts.json", "reports/quality/performance-fix-20260930/ci-branches-run.json", "reports/quality/performance-fix-20260930/ci-business-measurements.zip", "reports/quality/performance-fix-20260930/ci-go-job.log", "reports/quality/performance-fix-20260930/ci-jobs.json", "reports/quality/performance-fix-20260930/ci-postgres-concurrency.zip", "reports/quality/performance-fix-20260930/ci-python-quality.zip", "reports/quality/performance-fix-20260930/ci-run.json", "reports/quality/performance-fix-20260930/ci-web-browser.zip", "reports/quality/performance-fix-20260930/ci-web-job.log", "reports/quality/performance-fix-20260930/compat-ci-failed/ci-jobs.json", "reports/quality/performance-fix-20260930/compat-ci-failed/ci-run.json", "reports/quality/performance-fix-20260930/compat-ci-failed/web-job.log", "reports/quality/performance-fix-20260930/evidence-manifest.json", "reports/quality/performance-fix-20260930/final-ci/ci-archive-manifest.json", "reports/quality/performance-fix-20260930/final-ci/ci-artifacts.json", "reports/quality/performance-fix-20260930/final-ci/ci-business-measurements.zip", "reports/quality/performance-fix-20260930/final-ci/ci-jobs.json", "reports/quality/performance-fix-20260930/final-ci/ci-postgres-concurrency.zip", "reports/quality/performance-fix-20260930/final-ci/ci-python-quality.zip", "reports/quality/performance-fix-20260930/final-ci/ci-run.json", "reports/quality/performance-fix-20260930/final-ci/ci-web-browser.zip", "reports/quality/performance-fix-20260930/final-runtime-verification.json", "reports/quality/performance-fix-20260930/helpers/activate_platform.py", "reports/quality/performance-fix-20260930/helpers/archive_ci_final.py", "reports/quality/performance-fix-20260930/helpers/archive_ci_latest.py", "reports/quality/performance-fix-20260930/helpers/archive_selected.py", "reports/quality/performance-fix-20260930/helpers/branches/activate_platform.py", "reports/quality/performance-fix-20260930/helpers/branches/deploy_office_observer.py", "reports/quality/performance-fix-20260930/helpers/branches/deploy_runtime.py", "reports/quality/performance-fix-20260930/helpers/branches/prepare_deployment.py", "reports/quality/performance-fix-20260930/helpers/cache-empty-before-source.py", "reports/quality/performance-fix-20260930/helpers/cache-empty/browser_exercise.mjs", "reports/quality/performance-fix-20260930/helpers/cache-empty/browser_exercise_session.mjs", "reports/quality/performance-fix-20260930/helpers/cache-empty/browser_report.mjs", "reports/quality/performance-fix-20260930/helpers/cache-empty/check_runtime.py", "reports/quality/performance-fix-20260930/helpers/cache-empty/deploy_office_cache.py", "reports/quality/performance-fix-20260930/helpers/cache-empty/prepare_deployment.py", "reports/quality/performance-fix-20260930/helpers/cache-empty/refresh_ci.py", "reports/quality/performance-fix-20260930/helpers/cache-empty/run_browser_exercise.py", "reports/quality/performance-fix-20260930/helpers/cache-empty/run_browser_exercise_session.py", "reports/quality/performance-fix-20260930/helpers/cache-empty/run_browser_report.py", "reports/quality/performance-fix-20260930/helpers/cache-empty/verify_office_cache.py", "reports/quality/performance-fix-20260930/helpers/cache/activate_platform.py", "reports/quality/performance-fix-20260930/helpers/cache/browser_exercise.mjs", "reports/quality/performance-fix-20260930/helpers/cache/deploy_office_cache.py", "reports/quality/performance-fix-20260930/helpers/cache/deploy_runtime.py", "reports/quality/performance-fix-20260930/helpers/cache/prepare_deployment.py", "reports/quality/performance-fix-20260930/helpers/cache/refresh_ci.py", "reports/quality/performance-fix-20260930/helpers/cache/run_browser_exercise.py", "reports/quality/performance-fix-20260930/helpers/cache/verify_office_cache.py", "reports/quality/performance-fix-20260930/helpers/deploy_office_observer.py", "reports/quality/performance-fix-20260930/helpers/deploy_runtime.py", "reports/quality/performance-fix-20260930/helpers/final/archive_ci_security.py", "reports/quality/performance-fix-20260930/helpers/final/archive_ci_transport.py", "reports/quality/performance-fix-20260930/helpers/final/archive_final_supplements.py", "reports/quality/performance-fix-20260930/helpers/final/archive_load_final.py", "reports/quality/performance-fix-20260930/helpers/final/archive_multi_interrupted.py", "reports/quality/performance-fix-20260930/helpers/final/check_public_evidence.py", "reports/quality/performance-fix-20260930/helpers/final/finalize_docs.py", "reports/quality/performance-fix-20260930/helpers/final/poll_hour.py", "reports/quality/performance-fix-20260930/helpers/final/poll_web_security_ci.py", "reports/quality/performance-fix-20260930/helpers/final/prepare_web_security.py", "reports/quality/performance-fix-20260930/helpers/final/preserve_multi_interruption.py", "reports/quality/performance-fix-20260930/helpers/final/run_security_browser.py", "reports/quality/performance-fix-20260930/helpers/final/verify_final_runtime.py", "reports/quality/performance-fix-20260930/helpers/prepare_deployment.py", "reports/quality/performance-fix-20260930/helpers/verify_office_three_phase.py", "reports/quality/performance-fix-20260930/helpers/verify_office_three_phase_branches.py", "reports/quality/performance-fix-20260930/initial-observer-ci-run.json", "reports/quality/performance-fix-20260930/load-after-short/evidence.zip", "reports/quality/performance-fix-20260930/load-after-short/report.html", "reports/quality/performance-fix-20260930/load-after-short/report.json", "reports/quality/performance-fix-20260930/load-before-short/evidence.zip", "reports/quality/performance-fix-20260930/load-before-short/report.html", "reports/quality/performance-fix-20260930/load-before-short/report.json", "reports/quality/performance-fix-20260930/load-interrupted-hour/evidence.zip", "reports/quality/performance-fix-20260930/load-interrupted-hour/interruption.json", "reports/quality/performance-fix-20260930/load-interrupted-hour/report.json", "reports/quality/performance-fix-20260930/load-multi-interrupted/evidence.zip", "reports/quality/performance-fix-20260930/load-multi-interrupted/interrupted-remote-completed.json", "reports/quality/performance-fix-20260930/load-multi-interrupted/interruption.json", "reports/quality/performance-fix-20260930/load-multi-interrupted/report.json", "reports/quality/performance-fix-20260930/load-multi-short/evidence.zip", "reports/quality/performance-fix-20260930/load-multi-short/independent-verification.json", "reports/quality/performance-fix-20260930/load-multi-short/report.html", "reports/quality/performance-fix-20260930/load-multi-short/report.json", "reports/quality/performance-fix-20260930/load-single-tunnel-hour/evidence.zip", "reports/quality/performance-fix-20260930/load-single-tunnel-hour/independent-verification.json", "reports/quality/performance-fix-20260930/load-single-tunnel-hour/report.html", "reports/quality/performance-fix-20260930/load-single-tunnel-hour/report.json", "reports/quality/performance-fix-20260930/manifest.json", "reports/quality/performance-fix-20260930/multi-remote-source.json", "reports/quality/performance-fix-20260930/multi-source-manifest.json", "reports/quality/performance-fix-20260930/npm-audit-after.json", "reports/quality/performance-fix-20260930/npm-audit-before.json", "reports/quality/performance-fix-20260930/office-deployment.json", "reports/quality/performance-fix-20260930/office-three-phase-branches.json", "reports/quality/performance-fix-20260930/office-three-phase.json", "reports/quality/performance-fix-20260930/platform-deployment.json", "reports/quality/performance-fix-20260930/python-full-branches.xml", "reports/quality/performance-fix-20260930/python-full-cache-empty.xml", "reports/quality/performance-fix-20260930/python-full-cache.xml", "reports/quality/performance-fix-20260930/python-full-tunnels.xml", "reports/quality/performance-fix-20260930/python-full.xml", "reports/quality/performance-fix-20260930/security-ci/ci-archive-manifest.json", "reports/quality/performance-fix-20260930/security-ci/ci-artifacts.json", "reports/quality/performance-fix-20260930/security-ci/ci-business-measurements.zip", "reports/quality/performance-fix-20260930/security-ci/ci-jobs.json", "reports/quality/performance-fix-20260930/security-ci/ci-postgres-concurrency.zip", "reports/quality/performance-fix-20260930/security-ci/ci-python-quality.zip", "reports/quality/performance-fix-20260930/security-ci/ci-run.json", "reports/quality/performance-fix-20260930/security-ci/ci-web-browser.zip", "reports/quality/performance-fix-20260930/single-tunnel-tail-analysis.json", "reports/quality/performance-fix-20260930/targeted-after.xml", "reports/quality/performance-fix-20260930/targeted-final.xml", "reports/quality/performance-fix-20260930/targeted.xml", "reports/quality/performance-fix-20260930/toast-after-fixed.log", "reports/quality/performance-fix-20260930/toast-before.log", "reports/quality/performance-fix-20260930/transport-ci/ci-archive-manifest.json", "reports/quality/performance-fix-20260930/transport-ci/ci-artifacts.json", "reports/quality/performance-fix-20260930/transport-ci/ci-business-measurements.zip", "reports/quality/performance-fix-20260930/transport-ci/ci-jobs.json", "reports/quality/performance-fix-20260930/transport-ci/ci-postgres-concurrency.zip", "reports/quality/performance-fix-20260930/transport-ci/ci-python-quality.zip", "reports/quality/performance-fix-20260930/transport-ci/ci-run.json", "reports/quality/performance-fix-20260930/transport-ci/ci-web-browser.zip", "reports/quality/performance-fix-20260930/tunnel-default-targeted.xml", "reports/quality/performance-fix-20260930/tunnels-targeted.xml", "reports/quality/performance-fix-20260930/verify_archive.py", "reports/quality/performance-fix-20260930/web-axios-build.log", "reports/quality/performance-fix-20260930/web-axios-serial.log", "reports/quality/performance-fix-20260930/web-cache-boundary.log", "reports/quality/performance-fix-20260930/web-cache-build-deployed.log", "reports/quality/performance-fix-20260930/web-cache-final.log", "reports/quality/performance-fix-20260930/web-cache-full.log", "reports/quality/performance-fix-20260930/web-cache-serial.log", "reports/quality/performance-fix-20260930/web-cache-targeted-fixed.log", "reports/quality/performance-fix-20260930/web-cache-verified.log", "reports/quality/performance-fix-20260930/web-security/activate.py", "reports/quality/performance-fix-20260930/web-security/browser-report.log", "reports/quality/performance-fix-20260930/web-security/browser-report/report.png", "reports/quality/performance-fix-20260930/web-security/browser-report/result.json", "reports/quality/performance-fix-20260930/web-security/browser-report/tree.png", "reports/quality/performance-fix-20260930/web-security/browser_report.mjs", "reports/quality/performance-fix-20260930/web-security/deploy_runtime.py", "reports/quality/performance-fix-20260930/web-security/manifest.json", "reports/quality/performance-fix-20260930/web-security/platform-deployment.json", "reports/quality/performance-fix-20260930/web-security/platform-deployment.log", "reports/quality/performance-localization-20261001/deployed/add_refutation_tests.py", "reports/quality/performance-localization-20261001/deployed/archive_delivery.py", "reports/quality/performance-localization-20261001/deployed/browser-r10.log", "reports/quality/performance-localization-20261001/deployed/browser-r10/engineering.png", "reports/quality/performance-localization-20261001/deployed/browser-r10/failure-audit.png", "reports/quality/performance-localization-20261001/deployed/browser-r10/go-cpu-hotspot.png", "reports/quality/performance-localization-20261001/deployed/browser-r10/go-file-io.png", "reports/quality/performance-localization-20261001/deployed/browser-r10/go-network-latency.png", "reports/quality/performance-localization-20261001/deployed/browser-r10/health-normal.png", "reports/quality/performance-localization-20261001/deployed/browser-r10/history-back-network.png", "reports/quality/performance-localization-20261001/deployed/browser-r10/history-forward-io.png", "reports/quality/performance-localization-20261001/deployed/browser-r10/network.json", "reports/quality/performance-localization-20261001/deployed/browser-r10/performance-1024.png", "reports/quality/performance-localization-20261001/deployed/browser-r10/performance-1440.png", "reports/quality/performance-localization-20261001/deployed/browser-r10/performance-375.png", "reports/quality/performance-localization-20261001/deployed/browser-r10/performance-768.png", "reports/quality/performance-localization-20261001/deployed/browser-r10/result.json", "reports/quality/performance-localization-20261001/deployed/browser-r2.log", "reports/quality/performance-localization-20261001/deployed/browser-r2/engineering.png", "reports/quality/performance-localization-20261001/deployed/browser-r2/failure-audit.png", "reports/quality/performance-localization-20261001/deployed/browser-r2/health-normal.png", "reports/quality/performance-localization-20261001/deployed/browser-r2/performance-1024.png", "reports/quality/performance-localization-20261001/deployed/browser-r2/performance-1440.png", "reports/quality/performance-localization-20261001/deployed/browser-r2/performance-375.png", "reports/quality/performance-localization-20261001/deployed/browser-r2/performance-768.png", "reports/quality/performance-localization-20261001/deployed/browser-r3.log", "reports/quality/performance-localization-20261001/deployed/browser-r3/engineering.png", "reports/quality/performance-localization-20261001/deployed/browser-r3/failure-audit.png", "reports/quality/performance-localization-20261001/deployed/browser-r3/go-cpu-hotspot.png", "reports/quality/performance-localization-20261001/deployed/browser-r3/go-file-io.png", "reports/quality/performance-localization-20261001/deployed/browser-r3/go-network-latency.png", "reports/quality/performance-localization-20261001/deployed/browser-r3/health-normal.png", "reports/quality/performance-localization-20261001/deployed/browser-r3/performance-1024.png", "reports/quality/performance-localization-20261001/deployed/browser-r3/performance-1440.png", "reports/quality/performance-localization-20261001/deployed/browser-r3/performance-375.png", "reports/quality/performance-localization-20261001/deployed/browser-r3/performance-768.png", "reports/quality/performance-localization-20261001/deployed/browser-r3/result.json", "reports/quality/performance-localization-20261001/deployed/browser-r4.log", "reports/quality/performance-localization-20261001/deployed/browser-r4/engineering.png", "reports/quality/performance-localization-20261001/deployed/browser-r4/failure-audit.png", "reports/quality/performance-localization-20261001/deployed/browser-r4/go-cpu-hotspot.png", "reports/quality/performance-localization-20261001/deployed/browser-r4/health-normal.png", "reports/quality/performance-localization-20261001/deployed/browser-r4/performance-1024.png", "reports/quality/performance-localization-20261001/deployed/browser-r4/performance-1440.png", "reports/quality/performance-localization-20261001/deployed/browser-r4/performance-375.png", "reports/quality/performance-localization-20261001/deployed/browser-r4/performance-768.png", "reports/quality/performance-localization-20261001/deployed/browser-r5.log", "reports/quality/performance-localization-20261001/deployed/browser-r5/engineering.png", "reports/quality/performance-localization-20261001/deployed/browser-r5/failure-audit.png", "reports/quality/performance-localization-20261001/deployed/browser-r5/failure.json", "reports/quality/performance-localization-20261001/deployed/browser-r5/failure.png", "reports/quality/performance-localization-20261001/deployed/browser-r5/go-cpu-hotspot.png", "reports/quality/performance-localization-20261001/deployed/browser-r5/health-normal.png", "reports/quality/performance-localization-20261001/deployed/browser-r5/performance-1024.png", "reports/quality/performance-localization-20261001/deployed/browser-r5/performance-1440.png", "reports/quality/performance-localization-20261001/deployed/browser-r5/performance-375.png", "reports/quality/performance-localization-20261001/deployed/browser-r5/performance-768.png", "reports/quality/performance-localization-20261001/deployed/browser-r6.log", "reports/quality/performance-localization-20261001/deployed/browser-r6/engineering.png", "reports/quality/performance-localization-20261001/deployed/browser-r6/failure-audit.png", "reports/quality/performance-localization-20261001/deployed/browser-r6/failure.json", "reports/quality/performance-localization-20261001/deployed/browser-r6/failure.png", "reports/quality/performance-localization-20261001/deployed/browser-r6/go-cpu-hotspot.png", "reports/quality/performance-localization-20261001/deployed/browser-r6/health-normal.png", "reports/quality/performance-localization-20261001/deployed/browser-r6/performance-1024.png", "reports/quality/performance-localization-20261001/deployed/browser-r6/performance-1440.png", "reports/quality/performance-localization-20261001/deployed/browser-r6/performance-375.png", "reports/quality/performance-localization-20261001/deployed/browser-r6/performance-768.png", "reports/quality/performance-localization-20261001/deployed/browser-r7.log", "reports/quality/performance-localization-20261001/deployed/browser-r7/engineering.png", "reports/quality/performance-localization-20261001/deployed/browser-r7/failure-audit.png", "reports/quality/performance-localization-20261001/deployed/browser-r7/failure.json", "reports/quality/performance-localization-20261001/deployed/browser-r7/failure.png", "reports/quality/performance-localization-20261001/deployed/browser-r7/go-cpu-hotspot.png", "reports/quality/performance-localization-20261001/deployed/browser-r7/health-normal.png", "reports/quality/performance-localization-20261001/deployed/browser-r7/network.json", "reports/quality/performance-localization-20261001/deployed/browser-r7/performance-1024.png", "reports/quality/performance-localization-20261001/deployed/browser-r7/performance-1440.png", "reports/quality/performance-localization-20261001/deployed/browser-r7/performance-375.png", "reports/quality/performance-localization-20261001/deployed/browser-r7/performance-768.png", "reports/quality/performance-localization-20261001/deployed/browser-r8-no-bfcache.log", "reports/quality/performance-localization-20261001/deployed/browser-r8-no-bfcache/engineering.png", "reports/quality/performance-localization-20261001/deployed/browser-r8-no-bfcache/failure-audit.png", "reports/quality/performance-localization-20261001/deployed/browser-r8-no-bfcache/go-cpu-hotspot.png", "reports/quality/performance-localization-20261001/deployed/browser-r8-no-bfcache/go-file-io.png", "reports/quality/performance-localization-20261001/deployed/browser-r8-no-bfcache/go-network-latency.png", "reports/quality/performance-localization-20261001/deployed/browser-r8-no-bfcache/health-normal.png", "reports/quality/performance-localization-20261001/deployed/browser-r8-no-bfcache/network.json", "reports/quality/performance-localization-20261001/deployed/browser-r8-no-bfcache/performance-1024.png", "reports/quality/performance-localization-20261001/deployed/browser-r8-no-bfcache/performance-1440.png", "reports/quality/performance-localization-20261001/deployed/browser-r8-no-bfcache/performance-375.png", "reports/quality/performance-localization-20261001/deployed/browser-r8-no-bfcache/performance-768.png", "reports/quality/performance-localization-20261001/deployed/browser-r8-no-bfcache/result.json", "reports/quality/performance-localization-20261001/deployed/browser-r9.log", "reports/quality/performance-localization-20261001/deployed/browser-r9/engineering.png", "reports/quality/performance-localization-20261001/deployed/browser-r9/failure-audit.png", "reports/quality/performance-localization-20261001/deployed/browser-r9/go-cpu-hotspot.png", "reports/quality/performance-localization-20261001/deployed/browser-r9/go-file-io.png", "reports/quality/performance-localization-20261001/deployed/browser-r9/go-network-latency.png", "reports/quality/performance-localization-20261001/deployed/browser-r9/health-normal.png", "reports/quality/performance-localization-20261001/deployed/browser-r9/history-back-network.png", "reports/quality/performance-localization-20261001/deployed/browser-r9/history-forward-io.png", "reports/quality/performance-localization-20261001/deployed/browser-r9/instrumentation-failure.json", "reports/quality/performance-localization-20261001/deployed/browser-r9/performance-1024.png", "reports/quality/performance-localization-20261001/deployed/browser-r9/performance-1440.png", "reports/quality/performance-localization-20261001/deployed/browser-r9/performance-375.png", "reports/quality/performance-localization-20261001/deployed/browser-r9/performance-768.png", "reports/quality/performance-localization-20261001/deployed/browser-refutation-before.json", "reports/quality/performance-localization-20261001/deployed/browser.log", "reports/quality/performance-localization-20261001/deployed/browser/engineering.png", "reports/quality/performance-localization-20261001/deployed/browser/failure-audit.png", "reports/quality/performance-localization-20261001/deployed/browser/health-normal.png", "reports/quality/performance-localization-20261001/deployed/browser/performance-1024.png", "reports/quality/performance-localization-20261001/deployed/browser/performance-1440.png", "reports/quality/performance-localization-20261001/deployed/browser/performance-375.png", "reports/quality/performance-localization-20261001/deployed/browser/performance-768.png", "reports/quality/performance-localization-20261001/deployed/browser_no_bfcache.mjs", "reports/quality/performance-localization-20261001/deployed/browser_performance.mjs", "reports/quality/performance-localization-20261001/deployed/build_lifecycle_web.py", "reports/quality/performance-localization-20261001/deployed/build_refutation_web.py", "reports/quality/performance-localization-20261001/deployed/build_route_web.py", "reports/quality/performance-localization-20261001/deployed/capture_before.py", "reports/quality/performance-localization-20261001/deployed/ci-artifacts-buildfix/artifacts.json", "reports/quality/performance-localization-20261001/deployed/ci-artifacts-buildfix/download-manifest.json", "reports/quality/performance-localization-20261001/deployed/ci-artifacts-buildfix/postgres-concurrency-fc4484c33cc1862651fefdf8ab846d2d79f99022-1.zip", "reports/quality/performance-localization-20261001/deployed/ci-artifacts-buildfix/postgres-concurrency-fc4484c33cc1862651fefdf8ab846d2d79f99022-1/python.junit.xml", "reports/quality/performance-localization-20261001/deployed/ci-artifacts-buildfix/postgres-concurrency-fc4484c33cc1862651fefdf8ab846d2d79f99022-1/runtime.json", "reports/quality/performance-localization-20261001/deployed/ci-artifacts-buildfix/python-quality-fc4484c33cc1862651fefdf8ab846d2d79f99022-1.zip", "reports/quality/performance-localization-20261001/deployed/ci-artifacts-buildfix/python-quality-fc4484c33cc1862651fefdf8ab846d2d79f99022-1/python-all/coverage.json", "reports/quality/performance-localization-20261001/deployed/ci-artifacts-buildfix/python-quality-fc4484c33cc1862651fefdf8ab846d2d79f99022-1/python-all/junit.xml", "reports/quality/performance-localization-20261001/deployed/ci-artifacts-buildfix/python-quality-fc4484c33cc1862651fefdf8ab846d2d79f99022-1/report.json", "reports/quality/performance-localization-20261001/deployed/ci-artifacts-buildfix/web-browser-fc4484c33cc1862651fefdf8ab846d2d79f99022-1.zip", "reports/quality/performance-localization-20261001/deployed/ci-artifacts-final/artifacts.json", "reports/quality/performance-localization-20261001/deployed/ci-artifacts-final/download-manifest.json", "reports/quality/performance-localization-20261001/deployed/ci-artifacts-final/hotspot-controls-4f7a7d55095fac33008ef54b4ed90e8938352dd9-1.zip", "reports/quality/performance-localization-20261001/deployed/ci-artifacts-final/hotspot-controls-4f7a7d55095fac33008ef54b4ed90e8938352dd9-1/go-io-window/report.json", "reports/quality/performance-localization-20261001/deployed/ci-artifacts-final/hotspot-controls-4f7a7d55095fac33008ef54b4ed90e8938352dd9-1/hotspot-controls/measurement/go/report.json", "reports/quality/performance-localization-20261001/deployed/ci-artifacts-final/hotspot-controls-4f7a7d55095fac33008ef54b4ed90e8938352dd9-1/hotspot-controls/measurement/python/report.json", "reports/quality/performance-localization-20261001/deployed/ci-artifacts-final/hotspot-controls-4f7a7d55095fac33008ef54b4ed90e8938352dd9-1/hotspot-controls/measurement/report.json", "reports/quality/performance-localization-20261001/deployed/ci-artifacts-final/hotspot-controls-4f7a7d55095fac33008ef54b4ed90e8938352dd9-1/report.json", "reports/quality/performance-localization-20261001/deployed/ci-artifacts-final/postgres-concurrency-4f7a7d55095fac33008ef54b4ed90e8938352dd9-1.zip", "reports/quality/performance-localization-20261001/deployed/ci-artifacts-final/postgres-concurrency-4f7a7d55095fac33008ef54b4ed90e8938352dd9-1/python.junit.xml", "reports/quality/performance-localization-20261001/deployed/ci-artifacts-final/postgres-concurrency-4f7a7d55095fac33008ef54b4ed90e8938352dd9-1/runtime.json", "reports/quality/performance-localization-20261001/deployed/ci-artifacts-final/python-quality-4f7a7d55095fac33008ef54b4ed90e8938352dd9-1.zip", "reports/quality/performance-localization-20261001/deployed/ci-artifacts-final/python-quality-4f7a7d55095fac33008ef54b4ed90e8938352dd9-1/python-all/coverage.json", "reports/quality/performance-localization-20261001/deployed/ci-artifacts-final/python-quality-4f7a7d55095fac33008ef54b4ed90e8938352dd9-1/python-all/junit.xml", "reports/quality/performance-localization-20261001/deployed/ci-artifacts-final/python-quality-4f7a7d55095fac33008ef54b4ed90e8938352dd9-1/report.json", "reports/quality/performance-localization-20261001/deployed/ci-artifacts-final/web-browser-4f7a7d55095fac33008ef54b4ed90e8938352dd9-1.zip", "reports/quality/performance-localization-20261001/deployed/ci-artifacts-lifecycle/artifacts.json", "reports/quality/performance-localization-20261001/deployed/ci-artifacts-lifecycle/download-manifest.json", "reports/quality/performance-localization-20261001/deployed/ci-artifacts-lifecycle/hotspot-controls-26418639c785c171132ee39b8cc942a30a3fcc2e-1.zip", "reports/quality/performance-localization-20261001/deployed/ci-artifacts-lifecycle/hotspot-controls-26418639c785c171132ee39b8cc942a30a3fcc2e-1/go-io-window/report.json", "reports/quality/performance-localization-20261001/deployed/ci-artifacts-lifecycle/hotspot-controls-26418639c785c171132ee39b8cc942a30a3fcc2e-1/hotspot-controls/measurement/go/report.json", "reports/quality/performance-localization-20261001/deployed/ci-artifacts-lifecycle/hotspot-controls-26418639c785c171132ee39b8cc942a30a3fcc2e-1/hotspot-controls/measurement/python/report.json", "reports/quality/performance-localization-20261001/deployed/ci-artifacts-lifecycle/hotspot-controls-26418639c785c171132ee39b8cc942a30a3fcc2e-1/hotspot-controls/measurement/report.json", "reports/quality/performance-localization-20261001/deployed/ci-artifacts-lifecycle/hotspot-controls-26418639c785c171132ee39b8cc942a30a3fcc2e-1/report.json", "reports/quality/performance-localization-20261001/deployed/ci-artifacts-lifecycle/postgres-concurrency-26418639c785c171132ee39b8cc942a30a3fcc2e-1.zip", "reports/quality/performance-localization-20261001/deployed/ci-artifacts-lifecycle/postgres-concurrency-26418639c785c171132ee39b8cc942a30a3fcc2e-1/python.junit.xml", "reports/quality/performance-localization-20261001/deployed/ci-artifacts-lifecycle/postgres-concurrency-26418639c785c171132ee39b8cc942a30a3fcc2e-1/runtime.json", "reports/quality/performance-localization-20261001/deployed/ci-artifacts-lifecycle/python-quality-26418639c785c171132ee39b8cc942a30a3fcc2e-1.zip", "reports/quality/performance-localization-20261001/deployed/ci-artifacts-lifecycle/python-quality-26418639c785c171132ee39b8cc942a30a3fcc2e-1/python-all/coverage.json", "reports/quality/performance-localization-20261001/deployed/ci-artifacts-lifecycle/python-quality-26418639c785c171132ee39b8cc942a30a3fcc2e-1/python-all/junit.xml", "reports/quality/performance-localization-20261001/deployed/ci-artifacts-lifecycle/python-quality-26418639c785c171132ee39b8cc942a30a3fcc2e-1/report.json", "reports/quality/performance-localization-20261001/deployed/ci-artifacts-lifecycle/web-browser-26418639c785c171132ee39b8cc942a30a3fcc2e-1.zip", "reports/quality/performance-localization-20261001/deployed/ci-artifacts-refutation/artifacts.json", "reports/quality/performance-localization-20261001/deployed/ci-artifacts-refutation/download-manifest.json", "reports/quality/performance-localization-20261001/deployed/ci-artifacts-refutation/hotspot-controls-9d897dc22b76a22231846d875d23546d11c99fad-1.zip", "reports/quality/performance-localization-20261001/deployed/ci-artifacts-refutation/hotspot-controls-9d897dc22b76a22231846d875d23546d11c99fad-1/go-io-window/report.json", "reports/quality/performance-localization-20261001/deployed/ci-artifacts-refutation/hotspot-controls-9d897dc22b76a22231846d875d23546d11c99fad-1/hotspot-controls/measurement/go/report.json", "reports/quality/performance-localization-20261001/deployed/ci-artifacts-refutation/hotspot-controls-9d897dc22b76a22231846d875d23546d11c99fad-1/hotspot-controls/measurement/python/report.json", "reports/quality/performance-localization-20261001/deployed/ci-artifacts-refutation/hotspot-controls-9d897dc22b76a22231846d875d23546d11c99fad-1/hotspot-controls/measurement/report.json", "reports/quality/performance-localization-20261001/deployed/ci-artifacts-refutation/hotspot-controls-9d897dc22b76a22231846d875d23546d11c99fad-1/report.json", "reports/quality/performance-localization-20261001/deployed/ci-artifacts-refutation/postgres-concurrency-9d897dc22b76a22231846d875d23546d11c99fad-1.zip", "reports/quality/performance-localization-20261001/deployed/ci-artifacts-refutation/postgres-concurrency-9d897dc22b76a22231846d875d23546d11c99fad-1/python.junit.xml", "reports/quality/performance-localization-20261001/deployed/ci-artifacts-refutation/postgres-concurrency-9d897dc22b76a22231846d875d23546d11c99fad-1/runtime.json", "reports/quality/performance-localization-20261001/deployed/ci-artifacts-refutation/python-quality-9d897dc22b76a22231846d875d23546d11c99fad-1.zip", "reports/quality/performance-localization-20261001/deployed/ci-artifacts-refutation/python-quality-9d897dc22b76a22231846d875d23546d11c99fad-1/python-all/coverage.json", "reports/quality/performance-localization-20261001/deployed/ci-artifacts-refutation/python-quality-9d897dc22b76a22231846d875d23546d11c99fad-1/python-all/junit.xml", "reports/quality/performance-localization-20261001/deployed/ci-artifacts-refutation/python-quality-9d897dc22b76a22231846d875d23546d11c99fad-1/report.json", "reports/quality/performance-localization-20261001/deployed/ci-artifacts-refutation/web-browser-9d897dc22b76a22231846d875d23546d11c99fad-1.zip", "reports/quality/performance-localization-20261001/deployed/ci-artifacts-route/artifacts.json", "reports/quality/performance-localization-20261001/deployed/ci-artifacts-route/download-manifest.json", "reports/quality/performance-localization-20261001/deployed/ci-artifacts-route/hotspot-controls-d200b246ca48ed1ee7273b9e54e7bc3f842d158f-1.zip", "reports/quality/performance-localization-20261001/deployed/ci-artifacts-route/hotspot-controls-d200b246ca48ed1ee7273b9e54e7bc3f842d158f-1/go-io-window/report.json", "reports/quality/performance-localization-20261001/deployed/ci-artifacts-route/hotspot-controls-d200b246ca48ed1ee7273b9e54e7bc3f842d158f-1/hotspot-controls/measurement/go/report.json", "reports/quality/performance-localization-20261001/deployed/ci-artifacts-route/hotspot-controls-d200b246ca48ed1ee7273b9e54e7bc3f842d158f-1/hotspot-controls/measurement/python/report.json", "reports/quality/performance-localization-20261001/deployed/ci-artifacts-route/hotspot-controls-d200b246ca48ed1ee7273b9e54e7bc3f842d158f-1/hotspot-controls/measurement/report.json", "reports/quality/performance-localization-20261001/deployed/ci-artifacts-route/hotspot-controls-d200b246ca48ed1ee7273b9e54e7bc3f842d158f-1/report.json", "reports/quality/performance-localization-20261001/deployed/ci-artifacts-route/postgres-concurrency-d200b246ca48ed1ee7273b9e54e7bc3f842d158f-1.zip", "reports/quality/performance-localization-20261001/deployed/ci-artifacts-route/postgres-concurrency-d200b246ca48ed1ee7273b9e54e7bc3f842d158f-1/python.junit.xml", "reports/quality/performance-localization-20261001/deployed/ci-artifacts-route/postgres-concurrency-d200b246ca48ed1ee7273b9e54e7bc3f842d158f-1/runtime.json", "reports/quality/performance-localization-20261001/deployed/ci-artifacts-route/python-quality-d200b246ca48ed1ee7273b9e54e7bc3f842d158f-1.zip", "reports/quality/performance-localization-20261001/deployed/ci-artifacts-route/python-quality-d200b246ca48ed1ee7273b9e54e7bc3f842d158f-1/python-all/coverage.json", "reports/quality/performance-localization-20261001/deployed/ci-artifacts-route/python-quality-d200b246ca48ed1ee7273b9e54e7bc3f842d158f-1/python-all/junit.xml", "reports/quality/performance-localization-20261001/deployed/ci-artifacts-route/python-quality-d200b246ca48ed1ee7273b9e54e7bc3f842d158f-1/report.json", "reports/quality/performance-localization-20261001/deployed/ci-artifacts-route/web-browser-d200b246ca48ed1ee7273b9e54e7bc3f842d158f-1.zip", "reports/quality/performance-localization-20261001/deployed/ci-artifacts/artifacts.json", "reports/quality/performance-localization-20261001/deployed/ci-artifacts/download-manifest.json", "reports/quality/performance-localization-20261001/deployed/ci-artifacts/postgres-concurrency-e19aaf755f6dfc6994eae500534bdc0673600f22-1.zip", "reports/quality/performance-localization-20261001/deployed/ci-artifacts/postgres-concurrency-e19aaf755f6dfc6994eae500534bdc0673600f22-1/python.junit.xml", "reports/quality/performance-localization-20261001/deployed/ci-artifacts/postgres-concurrency-e19aaf755f6dfc6994eae500534bdc0673600f22-1/runtime.json", "reports/quality/performance-localization-20261001/deployed/ci-artifacts/python-quality-e19aaf755f6dfc6994eae500534bdc0673600f22-1.zip", "reports/quality/performance-localization-20261001/deployed/ci-artifacts/python-quality-e19aaf755f6dfc6994eae500534bdc0673600f22-1/python-all/coverage.json", "reports/quality/performance-localization-20261001/deployed/ci-artifacts/python-quality-e19aaf755f6dfc6994eae500534bdc0673600f22-1/python-all/junit.xml", "reports/quality/performance-localization-20261001/deployed/ci-artifacts/python-quality-e19aaf755f6dfc6994eae500534bdc0673600f22-1/report.json", "reports/quality/performance-localization-20261001/deployed/ci-artifacts/web-browser-e19aaf755f6dfc6994eae500534bdc0673600f22-1.zip", "reports/quality/performance-localization-20261001/deployed/ci-logs-final/110312100754.log", "reports/quality/performance-localization-20261001/deployed/ci-logs-final/110312100770.log", "reports/quality/performance-localization-20261001/deployed/ci-logs-lifecycle/110344051433.log", "reports/quality/performance-localization-20261001/deployed/ci-logs-lifecycle/110344051503.log", "reports/quality/performance-localization-20261001/deployed/ci-logs-refutation/110329791143.log", "reports/quality/performance-localization-20261001/deployed/ci-logs-refutation/110329791369.log", "reports/quality/performance-localization-20261001/deployed/ci-logs-route/110339497080.log", "reports/quality/performance-localization-20261001/deployed/ci-logs-route/110339497555.log", "reports/quality/performance-localization-20261001/deployed/ci-logs/110293769044.log", "reports/quality/performance-localization-20261001/deployed/ci-logs/110293769083.log", "reports/quality/performance-localization-20261001/deployed/collect_ci.py", "reports/quality/performance-localization-20261001/deployed/collect_ci_lifecycle.py", "reports/quality/performance-localization-20261001/deployed/collect_ci_logs.py", "reports/quality/performance-localization-20261001/deployed/collect_ci_logs_lifecycle.py", "reports/quality/performance-localization-20261001/deployed/collect_ci_logs_refutation.py", "reports/quality/performance-localization-20261001/deployed/collect_ci_logs_route.py", "reports/quality/performance-localization-20261001/deployed/collect_ci_refutation.py", "reports/quality/performance-localization-20261001/deployed/collect_ci_route.py", "reports/quality/performance-localization-20261001/deployed/deployment_status.py", "reports/quality/performance-localization-20261001/deployed/download_health_raw.py", "reports/quality/performance-localization-20261001/deployed/final-grade/localization-acceptance.json", "reports/quality/performance-localization-20261001/deployed/final-grade/task_20261001_100006_6fff8c-flamegraph_json.raw", "reports/quality/performance-localization-20261001/deployed/final-grade/task_20261001_100006_6fff8c-manifest.raw", "reports/quality/performance-localization-20261001/deployed/final-grade/task_20261001_100006_6fff8c-raw.raw", "reports/quality/performance-localization-20261001/deployed/final-grade/task_20261001_100006_6fff8c-top_json.raw", "reports/quality/performance-localization-20261001/deployed/final-grade/task_20261001_100023_91e27e-manifest.raw", "reports/quality/performance-localization-20261001/deployed/final-grade/task_20261001_100023_91e27e-sys_metrics.raw", "reports/quality/performance-localization-20261001/deployed/final-grade/task_20261001_100106_58e946-callgraph_json.raw", "reports/quality/performance-localization-20261001/deployed/final-grade/task_20261001_100106_58e946-flamegraph_json.raw", "reports/quality/performance-localization-20261001/deployed/final-grade/task_20261001_100106_58e946-flamegraph_svg.raw", "reports/quality/performance-localization-20261001/deployed/final-grade/task_20261001_100106_58e946-manifest.raw", "reports/quality/performance-localization-20261001/deployed/final-grade/task_20261001_100106_58e946-raw.raw", "reports/quality/performance-localization-20261001/deployed/final-grade/task_20261001_100106_58e946-suggestions_md.raw", "reports/quality/performance-localization-20261001/deployed/final-grade/task_20261001_100106_58e946-top_json.raw", "reports/quality/performance-localization-20261001/deployed/final-grade/task_20261001_100153_d06eb9-ebpf_metrics.raw", "reports/quality/performance-localization-20261001/deployed/final-grade/task_20261001_100153_d06eb9-ebpf_raw.raw", "reports/quality/performance-localization-20261001/deployed/final-grade/task_20261001_100153_d06eb9-manifest.raw", "reports/quality/performance-localization-20261001/deployed/final-grade/task_20261001_100329_fc5b72-manifest.raw", "reports/quality/performance-localization-20261001/deployed/final-grade/task_20261001_100329_fc5b72-sys_metrics.raw", "reports/quality/performance-localization-20261001/deployed/final-grade/task_20261001_100438_f87a54-flamegraph_json.raw", "reports/quality/performance-localization-20261001/deployed/final-grade/task_20261001_100438_f87a54-manifest.raw", "reports/quality/performance-localization-20261001/deployed/final-grade/task_20261001_100438_f87a54-raw.raw", "reports/quality/performance-localization-20261001/deployed/final-grade/task_20261001_100438_f87a54-top_json.raw", "reports/quality/performance-localization-20261001/deployed/final-grade/task_20261001_100541_7413e7-callgraph_json.raw", "reports/quality/performance-localization-20261001/deployed/final-grade/task_20261001_100541_7413e7-flamegraph_json.raw", "reports/quality/performance-localization-20261001/deployed/final-grade/task_20261001_100541_7413e7-flamegraph_svg.raw", "reports/quality/performance-localization-20261001/deployed/final-grade/task_20261001_100541_7413e7-manifest.raw", "reports/quality/performance-localization-20261001/deployed/final-grade/task_20261001_100541_7413e7-raw.raw", "reports/quality/performance-localization-20261001/deployed/final-grade/task_20261001_100541_7413e7-suggestions_md.raw", "reports/quality/performance-localization-20261001/deployed/final-grade/task_20261001_100541_7413e7-top_json.raw", "reports/quality/performance-localization-20261001/deployed/final-grade/task_20261001_100606_43f9c5-ebpf_metrics.raw", "reports/quality/performance-localization-20261001/deployed/final-grade/task_20261001_100606_43f9c5-ebpf_raw.raw", "reports/quality/performance-localization-20261001/deployed/final-grade/task_20261001_100606_43f9c5-manifest.raw", "reports/quality/performance-localization-20261001/deployed/final-grade/task_20261001_100754_6e0d9c-manifest.raw", "reports/quality/performance-localization-20261001/deployed/final-grade/task_20261001_100754_6e0d9c-sys_metrics.raw", "reports/quality/performance-localization-20261001/deployed/final-grade/task_20261001_100859_8dba95-ebpf_metrics.raw", "reports/quality/performance-localization-20261001/deployed/final-grade/task_20261001_100859_8dba95-ebpf_raw.raw", "reports/quality/performance-localization-20261001/deployed/final-grade/task_20261001_100859_8dba95-manifest.raw", "reports/quality/performance-localization-20261001/deployed/final-runtime-verification.json", "reports/quality/performance-localization-20261001/deployed/finalize_docs.py", "reports/quality/performance-localization-20261001/deployed/first-grade/localization-acceptance.json", "reports/quality/performance-localization-20261001/deployed/first-grade/task_20261001_090245_04cfb2-flamegraph_json.raw", "reports/quality/performance-localization-20261001/deployed/first-grade/task_20261001_090245_04cfb2-manifest.raw", "reports/quality/performance-localization-20261001/deployed/first-grade/task_20261001_090245_04cfb2-raw.raw", "reports/quality/performance-localization-20261001/deployed/first-grade/task_20261001_090245_04cfb2-top_json.raw", "reports/quality/performance-localization-20261001/deployed/first-grade/task_20261001_090304_d06cee-manifest.raw", "reports/quality/performance-localization-20261001/deployed/first-grade/task_20261001_090304_d06cee-sys_metrics.raw", "reports/quality/performance-localization-20261001/deployed/first-grade/task_20261001_090346_68c396-callgraph_json.raw", "reports/quality/performance-localization-20261001/deployed/first-grade/task_20261001_090346_68c396-flamegraph_json.raw", "reports/quality/performance-localization-20261001/deployed/first-grade/task_20261001_090346_68c396-flamegraph_svg.raw", "reports/quality/performance-localization-20261001/deployed/first-grade/task_20261001_090346_68c396-manifest.raw", "reports/quality/performance-localization-20261001/deployed/first-grade/task_20261001_090346_68c396-raw.raw", "reports/quality/performance-localization-20261001/deployed/first-grade/task_20261001_090346_68c396-suggestions_md.raw", "reports/quality/performance-localization-20261001/deployed/first-grade/task_20261001_090346_68c396-top_json.raw", "reports/quality/performance-localization-20261001/deployed/first-grade/task_20261001_090428_051ee1-ebpf_metrics.raw", "reports/quality/performance-localization-20261001/deployed/first-grade/task_20261001_090428_051ee1-ebpf_raw.raw", "reports/quality/performance-localization-20261001/deployed/first-grade/task_20261001_090428_051ee1-manifest.raw", "reports/quality/performance-localization-20261001/deployed/first-grade/task_20261001_090609_1c787c-manifest.raw", "reports/quality/performance-localization-20261001/deployed/first-grade/task_20261001_090609_1c787c-sys_metrics.raw", "reports/quality/performance-localization-20261001/deployed/first-grade/task_20261001_090728_98d87b-flamegraph_json.raw", "reports/quality/performance-localization-20261001/deployed/first-grade/task_20261001_090728_98d87b-manifest.raw", "reports/quality/performance-localization-20261001/deployed/first-grade/task_20261001_090728_98d87b-raw.raw", "reports/quality/performance-localization-20261001/deployed/first-grade/task_20261001_090728_98d87b-top_json.raw", "reports/quality/performance-localization-20261001/deployed/first-grade/task_20261001_090839_710cf9-callgraph_json.raw", "reports/quality/performance-localization-20261001/deployed/first-grade/task_20261001_090839_710cf9-flamegraph_json.raw", "reports/quality/performance-localization-20261001/deployed/first-grade/task_20261001_090839_710cf9-flamegraph_svg.raw", "reports/quality/performance-localization-20261001/deployed/first-grade/task_20261001_090839_710cf9-manifest.raw", "reports/quality/performance-localization-20261001/deployed/first-grade/task_20261001_090839_710cf9-raw.raw", "reports/quality/performance-localization-20261001/deployed/first-grade/task_20261001_090839_710cf9-suggestions_md.raw", "reports/quality/performance-localization-20261001/deployed/first-grade/task_20261001_090839_710cf9-top_json.raw", "reports/quality/performance-localization-20261001/deployed/first-grade/task_20261001_090959_c4f3bb-manifest.raw", "reports/quality/performance-localization-20261001/deployed/first-grade/task_20261001_090959_c4f3bb-sys_metrics.raw", "reports/quality/performance-localization-20261001/deployed/first-grade/task_20261001_091108_83e0ae-ebpf_metrics.raw", "reports/quality/performance-localization-20261001/deployed/first-grade/task_20261001_091108_83e0ae-ebpf_raw.raw", "reports/quality/performance-localization-20261001/deployed/first-grade/task_20261001_091108_83e0ae-manifest.raw", "reports/quality/performance-localization-20261001/deployed/first-grade/task_20261001_091206_3dbee2-callgraph_json.raw", "reports/quality/performance-localization-20261001/deployed/first-grade/task_20261001_091206_3dbee2-flamegraph_json.raw", "reports/quality/performance-localization-20261001/deployed/first-grade/task_20261001_091206_3dbee2-flamegraph_svg.raw", "reports/quality/performance-localization-20261001/deployed/first-grade/task_20261001_091206_3dbee2-manifest.raw", "reports/quality/performance-localization-20261001/deployed/first-grade/task_20261001_091206_3dbee2-raw.raw", "reports/quality/performance-localization-20261001/deployed/first-grade/task_20261001_091206_3dbee2-suggestions_md.raw", "reports/quality/performance-localization-20261001/deployed/first-grade/task_20261001_091206_3dbee2-top_json.raw", "reports/quality/performance-localization-20261001/deployed/fix_refutation_presentation.py", "reports/quality/performance-localization-20261001/deployed/go-before.json", "reports/quality/performance-localization-20261001/deployed/go-runtime-verification.json", "reports/quality/performance-localization-20261001/deployed/grade_campaign.py", "reports/quality/performance-localization-20261001/deployed/health-diagnosis-id.txt", "reports/quality/performance-localization-20261001/deployed/health-live/created.json", "reports/quality/performance-localization-20261001/deployed/health-live/raw-download-manifest.json", "reports/quality/performance-localization-20261001/deployed/health-live/raw/task_20261001_101049_bb29a0-manifest.raw", "reports/quality/performance-localization-20261001/deployed/health-live/raw/task_20261001_101049_bb29a0-sys_metrics.raw", "reports/quality/performance-localization-20261001/deployed/health-live/records.json", "reports/quality/performance-localization-20261001/deployed/inspect_case_listing.py", "reports/quality/performance-localization-20261001/deployed/inspect_go_config.py", "reports/quality/performance-localization-20261001/deployed/inspect_live_progress.py", "reports/quality/performance-localization-20261001/deployed/io-capacity-before-r2.json", "reports/quality/performance-localization-20261001/deployed/io-capacity-before.json", "reports/quality/performance-localization-20261001/deployed/lifecycle-before-useSSE.js", "reports/quality/performance-localization-20261001/deployed/lifecycle-before-useSSE.test.jsx", "reports/quality/performance-localization-20261001/deployed/live-fixes-targeted-r2.xml", "reports/quality/performance-localization-20261001/deployed/live-fixes-targeted.xml", "reports/quality/performance-localization-20261001/deployed/live-status-090428.json", "reports/quality/performance-localization-20261001/deployed/live_acceptance.py", "reports/quality/performance-localization-20261001/deployed/live_acceptance_r2.py", "reports/quality/performance-localization-20261001/deployed/live_health.py", "reports/quality/performance-localization-20261001/deployed/observation-input-replay.json", "reports/quality/performance-localization-20261001/deployed/observe_live.py", "reports/quality/performance-localization-20261001/deployed/old-ConclusionCard.jsx", "reports/quality/performance-localization-20261001/deployed/old-ObservabilityOverview.jsx", "reports/quality/performance-localization-20261001/deployed/old-ObservabilityOverview.test.jsx", "reports/quality/performance-localization-20261001/deployed/old-observationAssessment.js", "reports/quality/performance-localization-20261001/deployed/old-reportPresentation.js", "reports/quality/performance-localization-20261001/deployed/old-reportPresentation.test.js", "reports/quality/performance-localization-20261001/deployed/prepare_buildfix.py", "reports/quality/performance-localization-20261001/deployed/prepare_final.py", "reports/quality/performance-localization-20261001/deployed/prepare_livefix.py", "reports/quality/performance-localization-20261001/deployed/prepare_retry.py", "reports/quality/performance-localization-20261001/deployed/release-r2/activate_platform.py", "reports/quality/performance-localization-20261001/deployed/release-r2/ci-jobs.json", "reports/quality/performance-localization-20261001/deployed/release-r2/ci-run.json", "reports/quality/performance-localization-20261001/deployed/release-r2/ci_status.py", "reports/quality/performance-localization-20261001/deployed/release-r2/deploy_runtime.py", "reports/quality/performance-localization-20261001/deployed/release-r2/manifest.json", "reports/quality/performance-localization-20261001/deployed/release-r2/platform-deployment.log", "reports/quality/performance-localization-20261001/deployed/release-r2/prepare_release.py", "reports/quality/performance-localization-20261001/deployed/release-r2/release-tag.txt", "reports/quality/performance-localization-20261001/deployed/release-r3/activate_platform.py", "reports/quality/performance-localization-20261001/deployed/release-r3/ci-jobs.json", "reports/quality/performance-localization-20261001/deployed/release-r3/ci-run.json", "reports/quality/performance-localization-20261001/deployed/release-r3/ci_status.py", "reports/quality/performance-localization-20261001/deployed/release-r3/deploy_runtime.py", "reports/quality/performance-localization-20261001/deployed/release-r3/manifest.json", "reports/quality/performance-localization-20261001/deployed/release-r3/platform-deployment.json", "reports/quality/performance-localization-20261001/deployed/release-r3/platform-deployment.log", "reports/quality/performance-localization-20261001/deployed/release-r3/prepare_release.py", "reports/quality/performance-localization-20261001/deployed/release-r3/release-tag.txt", "reports/quality/performance-localization-20261001/deployed/release-r4/activate_platform.py", "reports/quality/performance-localization-20261001/deployed/release-r4/ci-jobs.json", "reports/quality/performance-localization-20261001/deployed/release-r4/ci-run.json", "reports/quality/performance-localization-20261001/deployed/release-r4/ci_status.py", "reports/quality/performance-localization-20261001/deployed/release-r4/deploy_runtime.py", "reports/quality/performance-localization-20261001/deployed/release-r4/manifest.json", "reports/quality/performance-localization-20261001/deployed/release-r4/prepare_release.py", "reports/quality/performance-localization-20261001/deployed/release-r4/release-tag.txt", "reports/quality/performance-localization-20261001/deployed/release-r5/activate_platform.py", "reports/quality/performance-localization-20261001/deployed/release-r5/ci-jobs.json", "reports/quality/performance-localization-20261001/deployed/release-r5/ci-run.json", "reports/quality/performance-localization-20261001/deployed/release-r5/ci_status.py", "reports/quality/performance-localization-20261001/deployed/release-r5/deploy_runtime.py", "reports/quality/performance-localization-20261001/deployed/release-r5/manifest.json", "reports/quality/performance-localization-20261001/deployed/release-r5/platform-deployment.json", "reports/quality/performance-localization-20261001/deployed/release-r5/platform-deployment.log", "reports/quality/performance-localization-20261001/deployed/release-r5/prepare_release.py", "reports/quality/performance-localization-20261001/deployed/release-r5/release-tag.txt", "reports/quality/performance-localization-20261001/deployed/release-r6/activate_platform.py", "reports/quality/performance-localization-20261001/deployed/release-r6/check_web_bundle.mjs", "reports/quality/performance-localization-20261001/deployed/release-r6/ci-jobs.json", "reports/quality/performance-localization-20261001/deployed/release-r6/ci-run.json", "reports/quality/performance-localization-20261001/deployed/release-r6/ci_status.py", "reports/quality/performance-localization-20261001/deployed/release-r6/deploy_runtime.py", "reports/quality/performance-localization-20261001/deployed/release-r6/manifest.json", "reports/quality/performance-localization-20261001/deployed/release-r6/platform-deployment.json", "reports/quality/performance-localization-20261001/deployed/release-r6/platform-deployment.log", "reports/quality/performance-localization-20261001/deployed/release-r6/prepare_release.py", "reports/quality/performance-localization-20261001/deployed/release-r6/release-tag.txt", "reports/quality/performance-localization-20261001/deployed/release-r6/source-head.txt", "reports/quality/performance-localization-20261001/deployed/release-r7/activate_platform.py", "reports/quality/performance-localization-20261001/deployed/release-r7/archive-provenance.json", "reports/quality/performance-localization-20261001/deployed/release-r7/check_web_bundle.mjs", "reports/quality/performance-localization-20261001/deployed/release-r7/ci-jobs.json", "reports/quality/performance-localization-20261001/deployed/release-r7/ci-run.json", "reports/quality/performance-localization-20261001/deployed/release-r7/ci_status.py", "reports/quality/performance-localization-20261001/deployed/release-r7/deploy_runtime.py", "reports/quality/performance-localization-20261001/deployed/release-r7/manifest.json", "reports/quality/performance-localization-20261001/deployed/release-r7/platform-deployment.json", "reports/quality/performance-localization-20261001/deployed/release-r7/platform-deployment.log", "reports/quality/performance-localization-20261001/deployed/release-r7/prepare_release.py", "reports/quality/performance-localization-20261001/deployed/release-r7/release-tag.txt", "reports/quality/performance-localization-20261001/deployed/release-r7/source-head.txt", "reports/quality/performance-localization-20261001/deployed/release-r7/source-verification.json", "reports/quality/performance-localization-20261001/deployed/release-r8/activate_platform.py", "reports/quality/performance-localization-20261001/deployed/release-r8/check_web_bundle.mjs", "reports/quality/performance-localization-20261001/deployed/release-r8/ci-jobs.json", "reports/quality/performance-localization-20261001/deployed/release-r8/ci-run.json", "reports/quality/performance-localization-20261001/deployed/release-r8/ci_status.py", "reports/quality/performance-localization-20261001/deployed/release-r8/deploy_runtime.py", "reports/quality/performance-localization-20261001/deployed/release-r8/manifest.json", "reports/quality/performance-localization-20261001/deployed/release-r8/platform-deployment.json", "reports/quality/performance-localization-20261001/deployed/release-r8/platform-deployment.log", "reports/quality/performance-localization-20261001/deployed/release-r8/prepare_release.py", "reports/quality/performance-localization-20261001/deployed/release-r8/release-tag.txt", "reports/quality/performance-localization-20261001/deployed/release-r8/source-head.txt", "reports/quality/performance-localization-20261001/deployed/release-r8/source-verification.json", "reports/quality/performance-localization-20261001/deployed/release/activate_platform.py", "reports/quality/performance-localization-20261001/deployed/release/ci-jobs.json", "reports/quality/performance-localization-20261001/deployed/release/ci-run.json", "reports/quality/performance-localization-20261001/deployed/release/ci_status.py", "reports/quality/performance-localization-20261001/deployed/release/deploy_runtime.py", "reports/quality/performance-localization-20261001/deployed/release/manifest.json", "reports/quality/performance-localization-20261001/deployed/release/platform-deployment.log", "reports/quality/performance-localization-20261001/deployed/release/prepare_release.py", "reports/quality/performance-localization-20261001/deployed/release/release-tag.txt", "reports/quality/performance-localization-20261001/deployed/replay_observation_inputs.py", "reports/quality/performance-localization-20261001/deployed/reproduce_io_capacity.py", "reports/quality/performance-localization-20261001/deployed/reproduce_io_capacity_r2.py", "reports/quality/performance-localization-20261001/deployed/reproduce_plan_loss.json", "reports/quality/performance-localization-20261001/deployed/reproduce_plan_loss.py", "reports/quality/performance-localization-20261001/deployed/route-before-AIDiagnosis.jsx", "reports/quality/performance-localization-20261001/deployed/route-before-AIDiagnosis.test.jsx", "reports/quality/performance-localization-20261001/deployed/run_browser.py", "reports/quality/performance-localization-20261001/deployed/run_browser_no_bfcache.py", "reports/quality/performance-localization-20261001/deployed/runtime-before.json", "reports/quality/performance-localization-20261001/deployed/setup_lifecycle_release.py", "reports/quality/performance-localization-20261001/deployed/setup_refutation_release.py", "reports/quality/performance-localization-20261001/deployed/setup_release.py", "reports/quality/performance-localization-20261001/deployed/setup_web_refutation.py", "reports/quality/performance-localization-20261001/deployed/sse-cache-comparison.json", "reports/quality/performance-localization-20261001/deployed/stage_learning_index_atomic.py", "reports/quality/performance-localization-20261001/deployed/stage_lifecycle_source.py", "reports/quality/performance-localization-20261001/deployed/stage_refutation_source.py", "reports/quality/performance-localization-20261001/deployed/stage_route_source.py", "reports/quality/performance-localization-20261001/deployed/strict-three-paths-cases/go-cpu-hotspot.json", "reports/quality/performance-localization-20261001/deployed/strict-three-paths-cases/go-file-io.json", "reports/quality/performance-localization-20261001/deployed/strict-three-paths-cases/go-network-latency.json", "reports/quality/performance-localization-20261001/deployed/strict-three-paths-r2-cases/go-cpu-hotspot.json", "reports/quality/performance-localization-20261001/deployed/strict-three-paths-r2-cases/go-file-io.json", "reports/quality/performance-localization-20261001/deployed/strict-three-paths-r2-cases/go-network-latency.json", "reports/quality/performance-localization-20261001/deployed/strict-three-paths-r2.json", "reports/quality/performance-localization-20261001/deployed/strict-three-paths.json", "reports/quality/performance-localization-20261001/deployed/verify_go.py", "reports/quality/performance-localization-20261001/deployed/verify_runtime.py", "reports/quality/performance-localization-20261001/deployed/web-case-route-after.xml", "reports/quality/performance-localization-20261001/deployed/web-case-route-before-r2.xml", "reports/quality/performance-localization-20261001/deployed/web-case-route-before.xml", "reports/quality/performance-localization-20261001/deployed/web-case-route-full.xml", "reports/quality/performance-localization-20261001/deployed/web-clean-build.log", "reports/quality/performance-localization-20261001/deployed/web-clean-bundle.log", "reports/quality/performance-localization-20261001/deployed/web-clean-junit.xml", "reports/quality/performance-localization-20261001/deployed/web-clean-provenance.json", "reports/quality/performance-localization-20261001/deployed/web-clean-test.log", "reports/quality/performance-localization-20261001/deployed/web-lifecycle-after.xml", "reports/quality/performance-localization-20261001/deployed/web-lifecycle-before.xml", "reports/quality/performance-localization-20261001/deployed/web-lifecycle-clean-build.log", "reports/quality/performance-localization-20261001/deployed/web-lifecycle-clean-bundle.log", "reports/quality/performance-localization-20261001/deployed/web-lifecycle-clean-junit.xml", "reports/quality/performance-localization-20261001/deployed/web-lifecycle-clean-provenance.json", "reports/quality/performance-localization-20261001/deployed/web-lifecycle-clean-test.log", "reports/quality/performance-localization-20261001/deployed/web-lifecycle-full.xml", "reports/quality/performance-localization-20261001/deployed/web-livefix.xml", "reports/quality/performance-localization-20261001/deployed/web-refutation-after.xml", "reports/quality/performance-localization-20261001/deployed/web-refutation-before-r2.xml", "reports/quality/performance-localization-20261001/deployed/web-refutation-before.xml", "reports/quality/performance-localization-20261001/deployed/web-refutation-full-r2.xml", "reports/quality/performance-localization-20261001/deployed/web-refutation-full-r3.xml", "reports/quality/performance-localization-20261001/deployed/web-refutation-full.xml", "reports/quality/performance-localization-20261001/deployed/web-route-clean-build.log", "reports/quality/performance-localization-20261001/deployed/web-route-clean-bundle.log", "reports/quality/performance-localization-20261001/deployed/web-route-clean-junit.xml", "reports/quality/performance-localization-20261001/deployed/web-route-clean-provenance.json", "reports/quality/performance-localization-20261001/deployed/web-route-clean-test.log", "reports/quality/performance-localization-20261001/local/performance-localization-20261001/contracts/command-1.log", "reports/quality/performance-localization-20261001/local/performance-localization-20261001/contracts/command-2.log", "reports/quality/performance-localization-20261001/local/performance-localization-20261001/contracts/command-3.log", "reports/quality/performance-localization-20261001/local/performance-localization-20261001/contracts/command-4.log", "reports/quality/performance-localization-20261001/local/performance-localization-20261001/contracts/command-5.log", "reports/quality/performance-localization-20261001/local/performance-localization-20261001/contracts/command-6.log", "reports/quality/performance-localization-20261001/local/performance-localization-20261001/contracts/command-7.log", "reports/quality/performance-localization-20261001/local/performance-localization-20261001/contracts/command-8.log", "reports/quality/performance-localization-20261001/local/performance-localization-20261001/python-all/.coverage", "reports/quality/performance-localization-20261001/local/performance-localization-20261001/python-all/command-1.log", "reports/quality/performance-localization-20261001/local/performance-localization-20261001/python-all/coverage.json", "reports/quality/performance-localization-20261001/local/performance-localization-20261001/python-all/junit.xml", "reports/quality/performance-localization-20261001/local/performance-localization-20261001/report.html", "reports/quality/performance-localization-20261001/local/performance-localization-20261001/report.json", "reports/quality/performance-localization-20261001/local/performance-localization-buildfix-20261001/contracts/command-1.log", "reports/quality/performance-localization-20261001/local/performance-localization-buildfix-20261001/contracts/command-2.log", "reports/quality/performance-localization-20261001/local/performance-localization-buildfix-20261001/contracts/command-3.log", "reports/quality/performance-localization-20261001/local/performance-localization-buildfix-20261001/contracts/command-4.log", "reports/quality/performance-localization-20261001/local/performance-localization-buildfix-20261001/contracts/command-5.log", "reports/quality/performance-localization-20261001/local/performance-localization-buildfix-20261001/contracts/command-6.log", "reports/quality/performance-localization-20261001/local/performance-localization-buildfix-20261001/contracts/command-7.log", "reports/quality/performance-localization-20261001/local/performance-localization-buildfix-20261001/contracts/command-8.log", "reports/quality/performance-localization-20261001/local/performance-localization-buildfix-20261001/python-all/.coverage", "reports/quality/performance-localization-20261001/local/performance-localization-buildfix-20261001/python-all/command-1.log", "reports/quality/performance-localization-20261001/local/performance-localization-buildfix-20261001/python-all/coverage.json", "reports/quality/performance-localization-20261001/local/performance-localization-buildfix-20261001/python-all/junit.xml", "reports/quality/performance-localization-20261001/local/performance-localization-buildfix-20261001/report.html", "reports/quality/performance-localization-20261001/local/performance-localization-buildfix-20261001/report.json", "reports/quality/performance-localization-20261001/local/performance-localization-iofix-20261001/contracts/command-1.log", "reports/quality/performance-localization-20261001/local/performance-localization-iofix-20261001/contracts/command-2.log", "reports/quality/performance-localization-20261001/local/performance-localization-iofix-20261001/contracts/command-3.log", "reports/quality/performance-localization-20261001/local/performance-localization-iofix-20261001/contracts/command-4.log", "reports/quality/performance-localization-20261001/local/performance-localization-iofix-20261001/contracts/command-5.log", "reports/quality/performance-localization-20261001/local/performance-localization-iofix-20261001/contracts/command-6.log", "reports/quality/performance-localization-20261001/local/performance-localization-iofix-20261001/contracts/command-7.log", "reports/quality/performance-localization-20261001/local/performance-localization-iofix-20261001/contracts/command-8.log", "reports/quality/performance-localization-20261001/local/performance-localization-iofix-20261001/python-all/.coverage", "reports/quality/performance-localization-20261001/local/performance-localization-iofix-20261001/python-all/command-1.log", "reports/quality/performance-localization-20261001/local/performance-localization-iofix-20261001/python-all/coverage.json", "reports/quality/performance-localization-20261001/local/performance-localization-iofix-20261001/python-all/junit.xml", "reports/quality/performance-localization-20261001/local/performance-localization-iofix-20261001/report.html", "reports/quality/performance-localization-20261001/local/performance-localization-iofix-20261001/report.json", "reports/quality/performance-localization-20261001/local/performance-localization-iofix-r2-20261001/contracts/command-1.log", "reports/quality/performance-localization-20261001/local/performance-localization-iofix-r2-20261001/contracts/command-2.log", "reports/quality/performance-localization-20261001/local/performance-localization-iofix-r2-20261001/contracts/command-3.log", "reports/quality/performance-localization-20261001/local/performance-localization-iofix-r2-20261001/contracts/command-4.log", "reports/quality/performance-localization-20261001/local/performance-localization-iofix-r2-20261001/contracts/command-5.log", "reports/quality/performance-localization-20261001/local/performance-localization-iofix-r2-20261001/contracts/command-6.log", "reports/quality/performance-localization-20261001/local/performance-localization-iofix-r2-20261001/contracts/command-7.log", "reports/quality/performance-localization-20261001/local/performance-localization-iofix-r2-20261001/contracts/command-8.log", "reports/quality/performance-localization-20261001/local/performance-localization-iofix-r2-20261001/python-all/.coverage", "reports/quality/performance-localization-20261001/local/performance-localization-iofix-r2-20261001/python-all/command-1.log", "reports/quality/performance-localization-20261001/local/performance-localization-iofix-r2-20261001/python-all/coverage.json", "reports/quality/performance-localization-20261001/local/performance-localization-iofix-r2-20261001/python-all/junit.xml", "reports/quality/performance-localization-20261001/local/performance-localization-iofix-r2-20261001/report.html", "reports/quality/performance-localization-20261001/local/performance-localization-iofix-r2-20261001/report.json", "reports/quality/performance-localization-20261001/local/performance-localization-livefix-20261001/contracts/command-1.log", "reports/quality/performance-localization-20261001/local/performance-localization-livefix-20261001/contracts/command-2.log", "reports/quality/performance-localization-20261001/local/performance-localization-livefix-20261001/contracts/command-3.log", "reports/quality/performance-localization-20261001/local/performance-localization-livefix-20261001/contracts/command-4.log", "reports/quality/performance-localization-20261001/local/performance-localization-livefix-20261001/contracts/command-5.log", "reports/quality/performance-localization-20261001/local/performance-localization-livefix-20261001/contracts/command-6.log", "reports/quality/performance-localization-20261001/local/performance-localization-livefix-20261001/contracts/command-7.log", "reports/quality/performance-localization-20261001/local/performance-localization-livefix-20261001/contracts/command-8.log", "reports/quality/performance-localization-20261001/local/performance-localization-livefix-20261001/python-all/.coverage", "reports/quality/performance-localization-20261001/local/performance-localization-livefix-20261001/python-all/command-1.log", "reports/quality/performance-localization-20261001/local/performance-localization-livefix-20261001/python-all/coverage.json", "reports/quality/performance-localization-20261001/local/performance-localization-livefix-20261001/python-all/junit.xml", "reports/quality/performance-localization-20261001/local/performance-localization-livefix-20261001/report.html", "reports/quality/performance-localization-20261001/local/performance-localization-livefix-20261001/report.json", "reports/quality/performance-localization-20261001/manifest.json", "reports/quality/performance-localization-20261001/regression/observation-persistence-after-r3.xml", "reports/quality/performance-localization-20261001/regression/observation-persistence-after.xml", "reports/quality/performance-localization-20261001/regression/web-localization.xml", "reports/quality/planning-retrieval-v2-20261002/ci-local-readout.json", "reports/quality/planning-retrieval-v2-20261002/ci/clean-36984571380/artifact-11217022546.zip", "reports/quality/planning-retrieval-v2-20261002/ci/clean-36984571380/logs/job-110766544195.log", "reports/quality/planning-retrieval-v2-20261002/ci/clean-36984571380/official-artifacts.json", "reports/quality/planning-retrieval-v2-20261002/ci/clean-36984571380/official-checkout-commit.json", "reports/quality/planning-retrieval-v2-20261002/ci/clean-36984571380/official-jobs.json", "reports/quality/planning-retrieval-v2-20261002/ci/clean-36984571380/official-run.json", "reports/quality/planning-retrieval-v2-20261002/ci/clean-36984571380/official-source-commit.json", "reports/quality/planning-retrieval-v2-20261002/ci/clean-36984571380/reports/clean-stack-gates.xml", "reports/quality/planning-retrieval-v2-20261002/ci/clean-36984571380/reports/clean-stack/agent-heartbeat.json", "reports/quality/planning-retrieval-v2-20261002/ci/clean-36984571380/reports/clean-stack/agent-runtime-permissions.json", "reports/quality/planning-retrieval-v2-20261002/ci/clean-36984571380/reports/clean-stack/built-images.json", "reports/quality/planning-retrieval-v2-20261002/ci/clean-36984571380/reports/clean-stack/command-001.log", "reports/quality/planning-retrieval-v2-20261002/ci/clean-36984571380/reports/clean-stack/command-002.log", "reports/quality/planning-retrieval-v2-20261002/ci/clean-36984571380/reports/clean-stack/command-003.log", "reports/quality/planning-retrieval-v2-20261002/ci/clean-36984571380/reports/clean-stack/command-005.log", "reports/quality/planning-retrieval-v2-20261002/ci/clean-36984571380/reports/clean-stack/command-006.log", "reports/quality/planning-retrieval-v2-20261002/ci/clean-36984571380/reports/clean-stack/command-007.log", "reports/quality/planning-retrieval-v2-20261002/ci/clean-36984571380/reports/clean-stack/command-008.log", "reports/quality/planning-retrieval-v2-20261002/ci/clean-36984571380/reports/clean-stack/command-009.log", "reports/quality/planning-retrieval-v2-20261002/ci/clean-36984571380/reports/clean-stack/command-010.log", "reports/quality/planning-retrieval-v2-20261002/ci/clean-36984571380/reports/clean-stack/command-011.log", "reports/quality/planning-retrieval-v2-20261002/ci/clean-36984571380/reports/clean-stack/command-012.log", "reports/quality/planning-retrieval-v2-20261002/ci/clean-36984571380/reports/clean-stack/command-013.log", "reports/quality/planning-retrieval-v2-20261002/ci/clean-36984571380/reports/clean-stack/command-015.log", "reports/quality/planning-retrieval-v2-20261002/ci/clean-36984571380/reports/clean-stack/command-016.log", "reports/quality/planning-retrieval-v2-20261002/ci/clean-36984571380/reports/clean-stack/command-017.log", "reports/quality/planning-retrieval-v2-20261002/ci/clean-36984571380/reports/clean-stack/command-018.log", "reports/quality/planning-retrieval-v2-20261002/ci/clean-36984571380/reports/clean-stack/command-019.log", "reports/quality/planning-retrieval-v2-20261002/ci/clean-36984571380/reports/clean-stack/command-020.log", "reports/quality/planning-retrieval-v2-20261002/ci/clean-36984571380/reports/clean-stack/command-021.log", "reports/quality/planning-retrieval-v2-20261002/ci/clean-36984571380/reports/clean-stack/command-022.log", "reports/quality/planning-retrieval-v2-20261002/ci/clean-36984571380/reports/clean-stack/command-023.log", "reports/quality/planning-retrieval-v2-20261002/ci/clean-36984571380/reports/clean-stack/command-024.log", "reports/quality/planning-retrieval-v2-20261002/ci/clean-36984571380/reports/clean-stack/command-025.log", "reports/quality/planning-retrieval-v2-20261002/ci/clean-36984571380/reports/clean-stack/command-026.log", "reports/quality/planning-retrieval-v2-20261002/ci/clean-36984571380/reports/clean-stack/command-027.log", "reports/quality/planning-retrieval-v2-20261002/ci/clean-36984571380/reports/clean-stack/command-028.log", "reports/quality/planning-retrieval-v2-20261002/ci/clean-36984571380/reports/clean-stack/command-029.log", "reports/quality/planning-retrieval-v2-20261002/ci/clean-36984571380/reports/clean-stack/command-040.log", "reports/quality/planning-retrieval-v2-20261002/ci/clean-36984571380/reports/clean-stack/command-051.log", "reports/quality/planning-retrieval-v2-20261002/ci/clean-36984571380/reports/clean-stack/command-052.log", "reports/quality/planning-retrieval-v2-20261002/ci/clean-36984571380/reports/clean-stack/command-053.log", "reports/quality/planning-retrieval-v2-20261002/ci/clean-36984571380/reports/clean-stack/command-054.log", "reports/quality/planning-retrieval-v2-20261002/ci/clean-36984571380/reports/clean-stack/command-058.log", "reports/quality/planning-retrieval-v2-20261002/ci/clean-36984571380/reports/clean-stack/command-062.log", "reports/quality/planning-retrieval-v2-20261002/ci/clean-36984571380/reports/clean-stack/command-063.log", "reports/quality/planning-retrieval-v2-20261002/ci/clean-36984571380/reports/clean-stack/command-064.log", "reports/quality/planning-retrieval-v2-20261002/ci/clean-36984571380/reports/clean-stack/command-065.log", "reports/quality/planning-retrieval-v2-20261002/ci/clean-36984571380/reports/clean-stack/command-068.log", "reports/quality/planning-retrieval-v2-20261002/ci/clean-36984571380/reports/clean-stack/command-069.log", "reports/quality/planning-retrieval-v2-20261002/ci/clean-36984571380/reports/clean-stack/command-072.log", "reports/quality/planning-retrieval-v2-20261002/ci/clean-36984571380/reports/clean-stack/compose-sanitized.json", "reports/quality/planning-retrieval-v2-20261002/ci/clean-36984571380/reports/clean-stack/minio-source-version.json", "reports/quality/planning-retrieval-v2-20261002/ci/clean-36984571380/reports/clean-stack/persisted-chain.json", "reports/quality/planning-retrieval-v2-20261002/ci/clean-36984571380/reports/clean-stack/process-snapshot.json", "reports/quality/planning-retrieval-v2-20261002/ci/clean-36984571380/reports/clean-stack/report.json", "reports/quality/planning-retrieval-v2-20261002/ci/clean-36984571380/reports/clean-stack/service-readiness.json", "reports/quality/planning-retrieval-v2-20261002/ci/clean-36984571380/reports/clean-stack/sys_metrics.raw.json", "reports/quality/planning-retrieval-v2-20261002/ci/clean-36984571380/reports/clean-stack/target-identity-after.json", "reports/quality/planning-retrieval-v2-20261002/ci/clean-36984571380/reports/clean-stack/target-identity-before.json", "reports/quality/planning-retrieval-v2-20261002/ci/clean-36984571380/reports/clean-stack/task-admission.json", "reports/quality/planning-retrieval-v2-20261002/ci/clean-36984571380/reports/clean-stack/task-artifacts.json", "reports/quality/planning-retrieval-v2-20261002/ci/clean-36984571380/reports/clean-stack/task-events.json", "reports/quality/planning-retrieval-v2-20261002/ci/clean-36984571380/reports/clean-stack/task-final.json", "reports/quality/planning-retrieval-v2-20261002/ci/clean-36984571380/reports/clean-stack/web-http-contract.json", "reports/quality/planning-retrieval-v2-20261002/ci/clean-36984571380/summary.json", "reports/quality/planning-retrieval-v2-20261002/ci/clean-36986031216/artifact-11217632494.zip", "reports/quality/planning-retrieval-v2-20261002/ci/clean-36986031216/logs/job-110771145576.log", "reports/quality/planning-retrieval-v2-20261002/ci/clean-36986031216/official-artifacts.json", "reports/quality/planning-retrieval-v2-20261002/ci/clean-36986031216/official-checkout-commit.json", "reports/quality/planning-retrieval-v2-20261002/ci/clean-36986031216/official-jobs.json", "reports/quality/planning-retrieval-v2-20261002/ci/clean-36986031216/official-run.json", "reports/quality/planning-retrieval-v2-20261002/ci/clean-36986031216/official-source-commit.json", "reports/quality/planning-retrieval-v2-20261002/ci/clean-36986031216/reports/clean-stack-gates.xml", "reports/quality/planning-retrieval-v2-20261002/ci/clean-36986031216/reports/clean-stack/agent-heartbeat.json", "reports/quality/planning-retrieval-v2-20261002/ci/clean-36986031216/reports/clean-stack/agent-runtime-permissions.json", "reports/quality/planning-retrieval-v2-20261002/ci/clean-36986031216/reports/clean-stack/built-images.json", "reports/quality/planning-retrieval-v2-20261002/ci/clean-36986031216/reports/clean-stack/command-001.log", "reports/quality/planning-retrieval-v2-20261002/ci/clean-36986031216/reports/clean-stack/command-002.log", "reports/quality/planning-retrieval-v2-20261002/ci/clean-36986031216/reports/clean-stack/command-003.log", "reports/quality/planning-retrieval-v2-20261002/ci/clean-36986031216/reports/clean-stack/command-005.log", "reports/quality/planning-retrieval-v2-20261002/ci/clean-36986031216/reports/clean-stack/command-006.log", "reports/quality/planning-retrieval-v2-20261002/ci/clean-36986031216/reports/clean-stack/command-007.log", "reports/quality/planning-retrieval-v2-20261002/ci/clean-36986031216/reports/clean-stack/command-008.log", "reports/quality/planning-retrieval-v2-20261002/ci/clean-36986031216/reports/clean-stack/command-009.log", "reports/quality/planning-retrieval-v2-20261002/ci/clean-36986031216/reports/clean-stack/command-010.log", "reports/quality/planning-retrieval-v2-20261002/ci/clean-36986031216/reports/clean-stack/command-011.log", "reports/quality/planning-retrieval-v2-20261002/ci/clean-36986031216/reports/clean-stack/command-012.log", "reports/quality/planning-retrieval-v2-20261002/ci/clean-36986031216/reports/clean-stack/command-013.log", "reports/quality/planning-retrieval-v2-20261002/ci/clean-36986031216/reports/clean-stack/command-015.log", "reports/quality/planning-retrieval-v2-20261002/ci/clean-36986031216/reports/clean-stack/command-016.log", "reports/quality/planning-retrieval-v2-20261002/ci/clean-36986031216/reports/clean-stack/command-017.log", "reports/quality/planning-retrieval-v2-20261002/ci/clean-36986031216/reports/clean-stack/command-018.log", "reports/quality/planning-retrieval-v2-20261002/ci/clean-36986031216/reports/clean-stack/command-019.log", "reports/quality/planning-retrieval-v2-20261002/ci/clean-36986031216/reports/clean-stack/command-020.log", "reports/quality/planning-retrieval-v2-20261002/ci/clean-36986031216/reports/clean-stack/command-021.log", "reports/quality/planning-retrieval-v2-20261002/ci/clean-36986031216/reports/clean-stack/command-022.log", "reports/quality/planning-retrieval-v2-20261002/ci/clean-36986031216/reports/clean-stack/command-023.log", "reports/quality/planning-retrieval-v2-20261002/ci/clean-36986031216/reports/clean-stack/command-024.log", "reports/quality/planning-retrieval-v2-20261002/ci/clean-36986031216/reports/clean-stack/command-025.log", "reports/quality/planning-retrieval-v2-20261002/ci/clean-36986031216/reports/clean-stack/command-026.log", "reports/quality/planning-retrieval-v2-20261002/ci/clean-36986031216/reports/clean-stack/command-027.log", "reports/quality/planning-retrieval-v2-20261002/ci/clean-36986031216/reports/clean-stack/command-028.log", "reports/quality/planning-retrieval-v2-20261002/ci/clean-36986031216/reports/clean-stack/command-029.log", "reports/quality/planning-retrieval-v2-20261002/ci/clean-36986031216/reports/clean-stack/command-040.log", "reports/quality/planning-retrieval-v2-20261002/ci/clean-36986031216/reports/clean-stack/command-051.log", "reports/quality/planning-retrieval-v2-20261002/ci/clean-36986031216/reports/clean-stack/command-052.log", "reports/quality/planning-retrieval-v2-20261002/ci/clean-36986031216/reports/clean-stack/command-053.log", "reports/quality/planning-retrieval-v2-20261002/ci/clean-36986031216/reports/clean-stack/command-054.log", "reports/quality/planning-retrieval-v2-20261002/ci/clean-36986031216/reports/clean-stack/command-058.log", "reports/quality/planning-retrieval-v2-20261002/ci/clean-36986031216/reports/clean-stack/command-062.log", "reports/quality/planning-retrieval-v2-20261002/ci/clean-36986031216/reports/clean-stack/command-063.log", "reports/quality/planning-retrieval-v2-20261002/ci/clean-36986031216/reports/clean-stack/command-064.log", "reports/quality/planning-retrieval-v2-20261002/ci/clean-36986031216/reports/clean-stack/command-065.log", "reports/quality/planning-retrieval-v2-20261002/ci/clean-36986031216/reports/clean-stack/command-068.log", "reports/quality/planning-retrieval-v2-20261002/ci/clean-36986031216/reports/clean-stack/command-069.log", "reports/quality/planning-retrieval-v2-20261002/ci/clean-36986031216/reports/clean-stack/command-072.log", "reports/quality/planning-retrieval-v2-20261002/ci/clean-36986031216/reports/clean-stack/compose-sanitized.json", "reports/quality/planning-retrieval-v2-20261002/ci/clean-36986031216/reports/clean-stack/minio-source-version.json", "reports/quality/planning-retrieval-v2-20261002/ci/clean-36986031216/reports/clean-stack/persisted-chain.json", "reports/quality/planning-retrieval-v2-20261002/ci/clean-36986031216/reports/clean-stack/process-snapshot.json", "reports/quality/planning-retrieval-v2-20261002/ci/clean-36986031216/reports/clean-stack/report.json", "reports/quality/planning-retrieval-v2-20261002/ci/clean-36986031216/reports/clean-stack/service-readiness.json", "reports/quality/planning-retrieval-v2-20261002/ci/clean-36986031216/reports/clean-stack/sys_metrics.raw.json", "reports/quality/planning-retrieval-v2-20261002/ci/clean-36986031216/reports/clean-stack/target-identity-after.json", "reports/quality/planning-retrieval-v2-20261002/ci/clean-36986031216/reports/clean-stack/target-identity-before.json", "reports/quality/planning-retrieval-v2-20261002/ci/clean-36986031216/reports/clean-stack/task-admission.json", "reports/quality/planning-retrieval-v2-20261002/ci/clean-36986031216/reports/clean-stack/task-artifacts.json", "reports/quality/planning-retrieval-v2-20261002/ci/clean-36986031216/reports/clean-stack/task-events.json", "reports/quality/planning-retrieval-v2-20261002/ci/clean-36986031216/reports/clean-stack/task-final.json", "reports/quality/planning-retrieval-v2-20261002/ci/clean-36986031216/reports/clean-stack/web-http-contract.json", "reports/quality/planning-retrieval-v2-20261002/ci/clean-36986031216/summary.json", "reports/quality/planning-retrieval-v2-20261002/ci/clean-36986787602/artifact-11217944325.zip", "reports/quality/planning-retrieval-v2-20261002/ci/clean-36986787602/logs/job-110773652174.log", "reports/quality/planning-retrieval-v2-20261002/ci/clean-36986787602/official-artifacts.json", "reports/quality/planning-retrieval-v2-20261002/ci/clean-36986787602/official-checkout-commit.json", "reports/quality/planning-retrieval-v2-20261002/ci/clean-36986787602/official-jobs.json", "reports/quality/planning-retrieval-v2-20261002/ci/clean-36986787602/official-run.json", "reports/quality/planning-retrieval-v2-20261002/ci/clean-36986787602/official-source-commit.json", "reports/quality/planning-retrieval-v2-20261002/ci/clean-36986787602/reports/clean-stack-gates.xml", "reports/quality/planning-retrieval-v2-20261002/ci/clean-36986787602/reports/clean-stack/agent-heartbeat.json", "reports/quality/planning-retrieval-v2-20261002/ci/clean-36986787602/reports/clean-stack/agent-runtime-permissions.json", "reports/quality/planning-retrieval-v2-20261002/ci/clean-36986787602/reports/clean-stack/built-images.json", "reports/quality/planning-retrieval-v2-20261002/ci/clean-36986787602/reports/clean-stack/command-001.log", "reports/quality/planning-retrieval-v2-20261002/ci/clean-36986787602/reports/clean-stack/command-002.log", "reports/quality/planning-retrieval-v2-20261002/ci/clean-36986787602/reports/clean-stack/command-003.log", "reports/quality/planning-retrieval-v2-20261002/ci/clean-36986787602/reports/clean-stack/command-005.log", "reports/quality/planning-retrieval-v2-20261002/ci/clean-36986787602/reports/clean-stack/command-006.log", "reports/quality/planning-retrieval-v2-20261002/ci/clean-36986787602/reports/clean-stack/command-007.log", "reports/quality/planning-retrieval-v2-20261002/ci/clean-36986787602/reports/clean-stack/command-008.log", "reports/quality/planning-retrieval-v2-20261002/ci/clean-36986787602/reports/clean-stack/command-009.log", "reports/quality/planning-retrieval-v2-20261002/ci/clean-36986787602/reports/clean-stack/command-010.log", "reports/quality/planning-retrieval-v2-20261002/ci/clean-36986787602/reports/clean-stack/command-011.log", "reports/quality/planning-retrieval-v2-20261002/ci/clean-36986787602/reports/clean-stack/command-012.log", "reports/quality/planning-retrieval-v2-20261002/ci/clean-36986787602/reports/clean-stack/command-013.log", "reports/quality/planning-retrieval-v2-20261002/ci/clean-36986787602/reports/clean-stack/command-015.log", "reports/quality/planning-retrieval-v2-20261002/ci/clean-36986787602/reports/clean-stack/command-016.log", "reports/quality/planning-retrieval-v2-20261002/ci/clean-36986787602/reports/clean-stack/command-017.log", "reports/quality/planning-retrieval-v2-20261002/ci/clean-36986787602/reports/clean-stack/command-018.log", "reports/quality/planning-retrieval-v2-20261002/ci/clean-36986787602/reports/clean-stack/command-019.log", "reports/quality/planning-retrieval-v2-20261002/ci/clean-36986787602/reports/clean-stack/command-020.log", "reports/quality/planning-retrieval-v2-20261002/ci/clean-36986787602/reports/clean-stack/command-021.log", "reports/quality/planning-retrieval-v2-20261002/ci/clean-36986787602/reports/clean-stack/command-022.log", "reports/quality/planning-retrieval-v2-20261002/ci/clean-36986787602/reports/clean-stack/command-023.log", "reports/quality/planning-retrieval-v2-20261002/ci/clean-36986787602/reports/clean-stack/command-024.log", "reports/quality/planning-retrieval-v2-20261002/ci/clean-36986787602/reports/clean-stack/command-025.log", "reports/quality/planning-retrieval-v2-20261002/ci/clean-36986787602/reports/clean-stack/command-026.log", "reports/quality/planning-retrieval-v2-20261002/ci/clean-36986787602/reports/clean-stack/command-027.log", "reports/quality/planning-retrieval-v2-20261002/ci/clean-36986787602/reports/clean-stack/command-028.log", "reports/quality/planning-retrieval-v2-20261002/ci/clean-36986787602/reports/clean-stack/command-029.log", "reports/quality/planning-retrieval-v2-20261002/ci/clean-36986787602/reports/clean-stack/command-040.log", "reports/quality/planning-retrieval-v2-20261002/ci/clean-36986787602/reports/clean-stack/command-051.log", "reports/quality/planning-retrieval-v2-20261002/ci/clean-36986787602/reports/clean-stack/command-052.log", "reports/quality/planning-retrieval-v2-20261002/ci/clean-36986787602/reports/clean-stack/command-053.log", "reports/quality/planning-retrieval-v2-20261002/ci/clean-36986787602/reports/clean-stack/command-054.log", "reports/quality/planning-retrieval-v2-20261002/ci/clean-36986787602/reports/clean-stack/command-058.log", "reports/quality/planning-retrieval-v2-20261002/ci/clean-36986787602/reports/clean-stack/command-062.log", "reports/quality/planning-retrieval-v2-20261002/ci/clean-36986787602/reports/clean-stack/command-063.log", "reports/quality/planning-retrieval-v2-20261002/ci/clean-36986787602/reports/clean-stack/command-064.log", "reports/quality/planning-retrieval-v2-20261002/ci/clean-36986787602/reports/clean-stack/command-065.log", "reports/quality/planning-retrieval-v2-20261002/ci/clean-36986787602/reports/clean-stack/command-068.log", "reports/quality/planning-retrieval-v2-20261002/ci/clean-36986787602/reports/clean-stack/command-069.log", "reports/quality/planning-retrieval-v2-20261002/ci/clean-36986787602/reports/clean-stack/command-072.log", "reports/quality/planning-retrieval-v2-20261002/ci/clean-36986787602/reports/clean-stack/compose-sanitized.json", "reports/quality/planning-retrieval-v2-20261002/ci/clean-36986787602/reports/clean-stack/minio-source-version.json", "reports/quality/planning-retrieval-v2-20261002/ci/clean-36986787602/reports/clean-stack/persisted-chain.json", "reports/quality/planning-retrieval-v2-20261002/ci/clean-36986787602/reports/clean-stack/process-snapshot.json", "reports/quality/planning-retrieval-v2-20261002/ci/clean-36986787602/reports/clean-stack/report.json", "reports/quality/planning-retrieval-v2-20261002/ci/clean-36986787602/reports/clean-stack/service-readiness.json", "reports/quality/planning-retrieval-v2-20261002/ci/clean-36986787602/reports/clean-stack/sys_metrics.raw.json", "reports/quality/planning-retrieval-v2-20261002/ci/clean-36986787602/reports/clean-stack/target-identity-after.json", "reports/quality/planning-retrieval-v2-20261002/ci/clean-36986787602/reports/clean-stack/target-identity-before.json", "reports/quality/planning-retrieval-v2-20261002/ci/clean-36986787602/reports/clean-stack/task-admission.json", "reports/quality/planning-retrieval-v2-20261002/ci/clean-36986787602/reports/clean-stack/task-artifacts.json", "reports/quality/planning-retrieval-v2-20261002/ci/clean-36986787602/reports/clean-stack/task-events.json", "reports/quality/planning-retrieval-v2-20261002/ci/clean-36986787602/reports/clean-stack/task-final.json", "reports/quality/planning-retrieval-v2-20261002/ci/clean-36986787602/reports/clean-stack/web-http-contract.json", "reports/quality/planning-retrieval-v2-20261002/ci/clean-36986787602/summary.json", "reports/quality/planning-retrieval-v2-20261002/ci/main-final-36986787573/logs/job-110773531713.log", "reports/quality/planning-retrieval-v2-20261002/ci/main-final-36986787573/logs/job-110773531837.log", "reports/quality/planning-retrieval-v2-20261002/ci/main-final-36986787573/logs/job-110773531894.log", "reports/quality/planning-retrieval-v2-20261002/ci/main-final-36986787573/logs/job-110773531904.log", "reports/quality/planning-retrieval-v2-20261002/ci/main-final-36986787573/logs/job-110773531915.log", "reports/quality/planning-retrieval-v2-20261002/ci/main-final-36986787573/logs/job-110773531924.log", "reports/quality/planning-retrieval-v2-20261002/ci/main-final-36986787573/logs/job-110773531935.log", "reports/quality/planning-retrieval-v2-20261002/ci/main-final-36986787573/logs/job-110773531945.log", "reports/quality/planning-retrieval-v2-20261002/ci/main-final-36986787573/logs/job-110773531975.log", "reports/quality/planning-retrieval-v2-20261002/ci/main-final-36986787573/logs/job-110773531979.log", "reports/quality/planning-retrieval-v2-20261002/ci/main-final-36986787573/logs/job-110773532007.log", "reports/quality/planning-retrieval-v2-20261002/ci/main-final-36986787573/logs/job-110773532022.log", "reports/quality/planning-retrieval-v2-20261002/ci/main-final-36986787573/logs/job-110773532037.log", "reports/quality/planning-retrieval-v2-20261002/ci/main-final-36986787573/logs/job-110773532069.log", "reports/quality/planning-retrieval-v2-20261002/ci/main-final-36986787573/official-artifacts.json", "reports/quality/planning-retrieval-v2-20261002/ci/main-final-36986787573/official-ci-merge-commit.json", "reports/quality/planning-retrieval-v2-20261002/ci/main-final-36986787573/official-jobs.json", "reports/quality/planning-retrieval-v2-20261002/ci/main-final-36986787573/official-run.json", "reports/quality/planning-retrieval-v2-20261002/ci/main-final-36986787573/official-source-commit.json", "reports/quality/planning-retrieval-v2-20261002/ci/main-final-36986787573/reports/hotspot-controls-f1e5b2106d50c06758d2b23066ab010d6f16d5de-1/go-io-window/report.json", "reports/quality/planning-retrieval-v2-20261002/ci/main-final-36986787573/reports/hotspot-controls-f1e5b2106d50c06758d2b23066ab010d6f16d5de-1/hotspot-controls/measurement/go/report.json", "reports/quality/planning-retrieval-v2-20261002/ci/main-final-36986787573/reports/hotspot-controls-f1e5b2106d50c06758d2b23066ab010d6f16d5de-1/hotspot-controls/measurement/python/report.json", "reports/quality/planning-retrieval-v2-20261002/ci/main-final-36986787573/reports/hotspot-controls-f1e5b2106d50c06758d2b23066ab010d6f16d5de-1/hotspot-controls/measurement/report.json", "reports/quality/planning-retrieval-v2-20261002/ci/main-final-36986787573/reports/hotspot-controls-f1e5b2106d50c06758d2b23066ab010d6f16d5de-1/report.json", "reports/quality/planning-retrieval-v2-20261002/ci/main-final-36986787573/reports/native-agent-binary-f1e5b2106d50c06758d2b23066ab010d6f16d5de-1/ctest.xml", "reports/quality/planning-retrieval-v2-20261002/ci/main-final-36986787573/reports/observation-controls-f1e5b2106d50c06758d2b23066ab010d6f16d5de-1/cpp/report.json", "reports/quality/planning-retrieval-v2-20261002/ci/main-final-36986787573/reports/observation-controls-f1e5b2106d50c06758d2b23066ab010d6f16d5de-1/java/report.json", "reports/quality/planning-retrieval-v2-20261002/ci/main-final-36986787573/reports/observation-controls-f1e5b2106d50c06758d2b23066ab010d6f16d5de-1/perf-source-toolchain/report.json", "reports/quality/planning-retrieval-v2-20261002/ci/main-final-36986787573/reports/observation-controls-f1e5b2106d50c06758d2b23066ab010d6f16d5de-1/python/report.json", "reports/quality/planning-retrieval-v2-20261002/ci/main-final-36986787573/reports/postgres-concurrency-f1e5b2106d50c06758d2b23066ab010d6f16d5de-1/gate.json", "reports/quality/planning-retrieval-v2-20261002/ci/main-final-36986787573/reports/postgres-concurrency-f1e5b2106d50c06758d2b23066ab010d6f16d5de-1/go-version.txt", "reports/quality/planning-retrieval-v2-20261002/ci/main-final-36986787573/reports/postgres-concurrency-f1e5b2106d50c06758d2b23066ab010d6f16d5de-1/python.junit.xml", "reports/quality/planning-retrieval-v2-20261002/ci/main-final-36986787573/reports/postgres-concurrency-f1e5b2106d50c06758d2b23066ab010d6f16d5de-1/runtime.json", "reports/quality/planning-retrieval-v2-20261002/ci/main-final-36986787573/reports/python-quality-f1e5b2106d50c06758d2b23066ab010d6f16d5de-1/python-all/junit.xml", "reports/quality/planning-retrieval-v2-20261002/ci/main-final-36986787573/reports/python-quality-f1e5b2106d50c06758d2b23066ab010d6f16d5de-1/report.json", "reports/quality/planning-retrieval-v2-20261002/ci/main-final-36986787573/reports/web-browser-f1e5b2106d50c06758d2b23066ab010d6f16d5de-1/result.json", "reports/quality/planning-retrieval-v2-20261002/ci/main-final-36986787573/source-equivalence.json", "reports/quality/planning-retrieval-v2-20261002/ci/main-final-36986787573/summary.json", "reports/quality/planning-retrieval-v2-20261002/ci/main-final-36986787573/summary.md", "reports/quality/planning-retrieval-v2-20261002/ci/main-first-failure-36984571199/logs/job-110766543706.log", "reports/quality/planning-retrieval-v2-20261002/ci/main-first-failure-36984571199/logs/job-110766543791.log", "reports/quality/planning-retrieval-v2-20261002/ci/main-first-failure-36984571199/logs/job-110766543826.log", "reports/quality/planning-retrieval-v2-20261002/ci/main-first-failure-36984571199/logs/job-110766543888.log", "reports/quality/planning-retrieval-v2-20261002/ci/main-first-failure-36984571199/logs/job-110766543932.log", "reports/quality/planning-retrieval-v2-20261002/ci/main-first-failure-36984571199/logs/job-110766543950.log", "reports/quality/planning-retrieval-v2-20261002/ci/main-first-failure-36984571199/logs/job-110766543956.log", "reports/quality/planning-retrieval-v2-20261002/ci/main-first-failure-36984571199/logs/job-110766543965.log", "reports/quality/planning-retrieval-v2-20261002/ci/main-first-failure-36984571199/logs/job-110766543974.log", "reports/quality/planning-retrieval-v2-20261002/ci/main-first-failure-36984571199/logs/job-110766543997.log", "reports/quality/planning-retrieval-v2-20261002/ci/main-first-failure-36984571199/logs/job-110766544017.log", "reports/quality/planning-retrieval-v2-20261002/ci/main-first-failure-36984571199/logs/job-110766544025.log", "reports/quality/planning-retrieval-v2-20261002/ci/main-first-failure-36984571199/logs/job-110766544048.log", "reports/quality/planning-retrieval-v2-20261002/ci/main-first-failure-36984571199/logs/job-110766544107.log", "reports/quality/planning-retrieval-v2-20261002/ci/main-first-failure-36984571199/official-artifacts.json", "reports/quality/planning-retrieval-v2-20261002/ci/main-first-failure-36984571199/official-ci-merge-commit.json", "reports/quality/planning-retrieval-v2-20261002/ci/main-first-failure-36984571199/official-jobs.json", "reports/quality/planning-retrieval-v2-20261002/ci/main-first-failure-36984571199/official-run.json", "reports/quality/planning-retrieval-v2-20261002/ci/main-first-failure-36984571199/official-source-commit.json", "reports/quality/planning-retrieval-v2-20261002/ci/main-first-failure-36984571199/reports/hotspot-controls-56788a921762abb5a409f608089d6d04ff1e4031-1/go-io-window/report.json", "reports/quality/planning-retrieval-v2-20261002/ci/main-first-failure-36984571199/reports/hotspot-controls-56788a921762abb5a409f608089d6d04ff1e4031-1/hotspot-controls/measurement/go/report.json", "reports/quality/planning-retrieval-v2-20261002/ci/main-first-failure-36984571199/reports/hotspot-controls-56788a921762abb5a409f608089d6d04ff1e4031-1/hotspot-controls/measurement/python/report.json", "reports/quality/planning-retrieval-v2-20261002/ci/main-first-failure-36984571199/reports/hotspot-controls-56788a921762abb5a409f608089d6d04ff1e4031-1/hotspot-controls/measurement/report.json", "reports/quality/planning-retrieval-v2-20261002/ci/main-first-failure-36984571199/reports/hotspot-controls-56788a921762abb5a409f608089d6d04ff1e4031-1/report.json", "reports/quality/planning-retrieval-v2-20261002/ci/main-first-failure-36984571199/reports/native-agent-binary-56788a921762abb5a409f608089d6d04ff1e4031-1/ctest.xml", "reports/quality/planning-retrieval-v2-20261002/ci/main-first-failure-36984571199/reports/observation-controls-56788a921762abb5a409f608089d6d04ff1e4031-1/cpp/report.json", "reports/quality/planning-retrieval-v2-20261002/ci/main-first-failure-36984571199/reports/observation-controls-56788a921762abb5a409f608089d6d04ff1e4031-1/java/report.json", "reports/quality/planning-retrieval-v2-20261002/ci/main-first-failure-36984571199/reports/observation-controls-56788a921762abb5a409f608089d6d04ff1e4031-1/perf-source-toolchain/report.json", "reports/quality/planning-retrieval-v2-20261002/ci/main-first-failure-36984571199/reports/observation-controls-56788a921762abb5a409f608089d6d04ff1e4031-1/python/report.json", "reports/quality/planning-retrieval-v2-20261002/ci/main-first-failure-36984571199/reports/postgres-concurrency-56788a921762abb5a409f608089d6d04ff1e4031-1/gate.json", "reports/quality/planning-retrieval-v2-20261002/ci/main-first-failure-36984571199/reports/postgres-concurrency-56788a921762abb5a409f608089d6d04ff1e4031-1/go-version.txt", "reports/quality/planning-retrieval-v2-20261002/ci/main-first-failure-36984571199/reports/postgres-concurrency-56788a921762abb5a409f608089d6d04ff1e4031-1/python.junit.xml", "reports/quality/planning-retrieval-v2-20261002/ci/main-first-failure-36984571199/reports/postgres-concurrency-56788a921762abb5a409f608089d6d04ff1e4031-1/runtime.json", "reports/quality/planning-retrieval-v2-20261002/ci/main-first-failure-36984571199/reports/python-quality-56788a921762abb5a409f608089d6d04ff1e4031-1/python-all/junit.xml", "reports/quality/planning-retrieval-v2-20261002/ci/main-first-failure-36984571199/reports/python-quality-56788a921762abb5a409f608089d6d04ff1e4031-1/report.json", "reports/quality/planning-retrieval-v2-20261002/ci/main-first-failure-36984571199/reports/web-browser-56788a921762abb5a409f608089d6d04ff1e4031-1/result.json", "reports/quality/planning-retrieval-v2-20261002/ci/main-first-failure-36984571199/source-equivalence.json", "reports/quality/planning-retrieval-v2-20261002/ci/main-first-failure-36984571199/summary.json", "reports/quality/planning-retrieval-v2-20261002/ci/main-first-failure-36984571199/summary.md", "reports/quality/planning-retrieval-v2-20261002/ci/main-second-failure-36986031236/logs/job-110771145357.log", "reports/quality/planning-retrieval-v2-20261002/ci/main-second-failure-36986031236/logs/job-110771145527.log", "reports/quality/planning-retrieval-v2-20261002/ci/main-second-failure-36986031236/logs/job-110771145553.log", "reports/quality/planning-retrieval-v2-20261002/ci/main-second-failure-36986031236/logs/job-110771145589.log", "reports/quality/planning-retrieval-v2-20261002/ci/main-second-failure-36986031236/logs/job-110771145591.log", "reports/quality/planning-retrieval-v2-20261002/ci/main-second-failure-36986031236/logs/job-110771145602.log", "reports/quality/planning-retrieval-v2-20261002/ci/main-second-failure-36986031236/logs/job-110771145640.log", "reports/quality/planning-retrieval-v2-20261002/ci/main-second-failure-36986031236/logs/job-110771145711.log", "reports/quality/planning-retrieval-v2-20261002/ci/main-second-failure-36986031236/logs/job-110771145717.log", "reports/quality/planning-retrieval-v2-20261002/ci/main-second-failure-36986031236/logs/job-110771145743.log", "reports/quality/planning-retrieval-v2-20261002/ci/main-second-failure-36986031236/logs/job-110771145744.log", "reports/quality/planning-retrieval-v2-20261002/ci/main-second-failure-36986031236/logs/job-110771145763.log", "reports/quality/planning-retrieval-v2-20261002/ci/main-second-failure-36986031236/logs/job-110771145770.log", "reports/quality/planning-retrieval-v2-20261002/ci/main-second-failure-36986031236/logs/job-110771145974.log", "reports/quality/planning-retrieval-v2-20261002/ci/main-second-failure-36986031236/official-artifacts.json", "reports/quality/planning-retrieval-v2-20261002/ci/main-second-failure-36986031236/official-ci-merge-commit.json", "reports/quality/planning-retrieval-v2-20261002/ci/main-second-failure-36986031236/official-jobs.json", "reports/quality/planning-retrieval-v2-20261002/ci/main-second-failure-36986031236/official-run.json", "reports/quality/planning-retrieval-v2-20261002/ci/main-second-failure-36986031236/official-source-commit.json", "reports/quality/planning-retrieval-v2-20261002/ci/main-second-failure-36986031236/reports/hotspot-controls-11143452ae4062491ba619890ddc48e579a3f364-1/go-io-window/report.json", "reports/quality/planning-retrieval-v2-20261002/ci/main-second-failure-36986031236/reports/hotspot-controls-11143452ae4062491ba619890ddc48e579a3f364-1/hotspot-controls/measurement/go/report.json", "reports/quality/planning-retrieval-v2-20261002/ci/main-second-failure-36986031236/reports/hotspot-controls-11143452ae4062491ba619890ddc48e579a3f364-1/hotspot-controls/measurement/python/report.json", "reports/quality/planning-retrieval-v2-20261002/ci/main-second-failure-36986031236/reports/hotspot-controls-11143452ae4062491ba619890ddc48e579a3f364-1/hotspot-controls/measurement/report.json", "reports/quality/planning-retrieval-v2-20261002/ci/main-second-failure-36986031236/reports/hotspot-controls-11143452ae4062491ba619890ddc48e579a3f364-1/report.json", "reports/quality/planning-retrieval-v2-20261002/ci/main-second-failure-36986031236/reports/native-agent-binary-11143452ae4062491ba619890ddc48e579a3f364-1/ctest.xml", "reports/quality/planning-retrieval-v2-20261002/ci/main-second-failure-36986031236/reports/observation-controls-11143452ae4062491ba619890ddc48e579a3f364-1/cpp/report.json", "reports/quality/planning-retrieval-v2-20261002/ci/main-second-failure-36986031236/reports/observation-controls-11143452ae4062491ba619890ddc48e579a3f364-1/java/report.json", "reports/quality/planning-retrieval-v2-20261002/ci/main-second-failure-36986031236/reports/observation-controls-11143452ae4062491ba619890ddc48e579a3f364-1/perf-source-toolchain/report.json", "reports/quality/planning-retrieval-v2-20261002/ci/main-second-failure-36986031236/reports/observation-controls-11143452ae4062491ba619890ddc48e579a3f364-1/python/report.json", "reports/quality/planning-retrieval-v2-20261002/ci/main-second-failure-36986031236/reports/postgres-concurrency-11143452ae4062491ba619890ddc48e579a3f364-1/gate.json", "reports/quality/planning-retrieval-v2-20261002/ci/main-second-failure-36986031236/reports/postgres-concurrency-11143452ae4062491ba619890ddc48e579a3f364-1/go-version.txt", "reports/quality/planning-retrieval-v2-20261002/ci/main-second-failure-36986031236/reports/postgres-concurrency-11143452ae4062491ba619890ddc48e579a3f364-1/python.junit.xml", "reports/quality/planning-retrieval-v2-20261002/ci/main-second-failure-36986031236/reports/postgres-concurrency-11143452ae4062491ba619890ddc48e579a3f364-1/runtime.json", "reports/quality/planning-retrieval-v2-20261002/ci/main-second-failure-36986031236/reports/python-quality-11143452ae4062491ba619890ddc48e579a3f364-1/python-all/junit.xml", "reports/quality/planning-retrieval-v2-20261002/ci/main-second-failure-36986031236/reports/python-quality-11143452ae4062491ba619890ddc48e579a3f364-1/report.json", "reports/quality/planning-retrieval-v2-20261002/ci/main-second-failure-36986031236/reports/web-browser-11143452ae4062491ba619890ddc48e579a3f364-1/result.json", "reports/quality/planning-retrieval-v2-20261002/ci/main-second-failure-36986031236/source-equivalence.json", "reports/quality/planning-retrieval-v2-20261002/ci/main-second-failure-36986031236/summary.json", "reports/quality/planning-retrieval-v2-20261002/ci/main-second-failure-36986031236/summary.md", "reports/quality/planning-retrieval-v2-20261002/ci/manifest.json", "reports/quality/planning-retrieval-v2-20261002/ci/prompt-boundaries/clean-final-36996499257/artifact-11222302932.zip", "reports/quality/planning-retrieval-v2-20261002/ci/prompt-boundaries/clean-final-36996499257/logs/job-110804324906.log", "reports/quality/planning-retrieval-v2-20261002/ci/prompt-boundaries/clean-final-36996499257/official-artifacts.json", "reports/quality/planning-retrieval-v2-20261002/ci/prompt-boundaries/clean-final-36996499257/official-checkout-commit.json", "reports/quality/planning-retrieval-v2-20261002/ci/prompt-boundaries/clean-final-36996499257/official-jobs.json", "reports/quality/planning-retrieval-v2-20261002/ci/prompt-boundaries/clean-final-36996499257/official-run.json", "reports/quality/planning-retrieval-v2-20261002/ci/prompt-boundaries/clean-final-36996499257/official-source-commit.json", "reports/quality/planning-retrieval-v2-20261002/ci/prompt-boundaries/clean-final-36996499257/reports/clean-stack-gates.xml", "reports/quality/planning-retrieval-v2-20261002/ci/prompt-boundaries/clean-final-36996499257/reports/clean-stack/agent-heartbeat.json", "reports/quality/planning-retrieval-v2-20261002/ci/prompt-boundaries/clean-final-36996499257/reports/clean-stack/agent-runtime-permissions.json", "reports/quality/planning-retrieval-v2-20261002/ci/prompt-boundaries/clean-final-36996499257/reports/clean-stack/built-images.json", "reports/quality/planning-retrieval-v2-20261002/ci/prompt-boundaries/clean-final-36996499257/reports/clean-stack/command-001.log", "reports/quality/planning-retrieval-v2-20261002/ci/prompt-boundaries/clean-final-36996499257/reports/clean-stack/command-002.log", "reports/quality/planning-retrieval-v2-20261002/ci/prompt-boundaries/clean-final-36996499257/reports/clean-stack/command-003.log", "reports/quality/planning-retrieval-v2-20261002/ci/prompt-boundaries/clean-final-36996499257/reports/clean-stack/command-005.log", "reports/quality/planning-retrieval-v2-20261002/ci/prompt-boundaries/clean-final-36996499257/reports/clean-stack/command-006.log", "reports/quality/planning-retrieval-v2-20261002/ci/prompt-boundaries/clean-final-36996499257/reports/clean-stack/command-007.log", "reports/quality/planning-retrieval-v2-20261002/ci/prompt-boundaries/clean-final-36996499257/reports/clean-stack/command-008.log", "reports/quality/planning-retrieval-v2-20261002/ci/prompt-boundaries/clean-final-36996499257/reports/clean-stack/command-009.log", "reports/quality/planning-retrieval-v2-20261002/ci/prompt-boundaries/clean-final-36996499257/reports/clean-stack/command-010.log", "reports/quality/planning-retrieval-v2-20261002/ci/prompt-boundaries/clean-final-36996499257/reports/clean-stack/command-011.log", "reports/quality/planning-retrieval-v2-20261002/ci/prompt-boundaries/clean-final-36996499257/reports/clean-stack/command-012.log", "reports/quality/planning-retrieval-v2-20261002/ci/prompt-boundaries/clean-final-36996499257/reports/clean-stack/command-013.log", "reports/quality/planning-retrieval-v2-20261002/ci/prompt-boundaries/clean-final-36996499257/reports/clean-stack/command-015.log", "reports/quality/planning-retrieval-v2-20261002/ci/prompt-boundaries/clean-final-36996499257/reports/clean-stack/command-016.log", "reports/quality/planning-retrieval-v2-20261002/ci/prompt-boundaries/clean-final-36996499257/reports/clean-stack/command-017.log", "reports/quality/planning-retrieval-v2-20261002/ci/prompt-boundaries/clean-final-36996499257/reports/clean-stack/command-018.log", "reports/quality/planning-retrieval-v2-20261002/ci/prompt-boundaries/clean-final-36996499257/reports/clean-stack/command-019.log", "reports/quality/planning-retrieval-v2-20261002/ci/prompt-boundaries/clean-final-36996499257/reports/clean-stack/command-020.log", "reports/quality/planning-retrieval-v2-20261002/ci/prompt-boundaries/clean-final-36996499257/reports/clean-stack/command-021.log", "reports/quality/planning-retrieval-v2-20261002/ci/prompt-boundaries/clean-final-36996499257/reports/clean-stack/command-022.log", "reports/quality/planning-retrieval-v2-20261002/ci/prompt-boundaries/clean-final-36996499257/reports/clean-stack/command-023.log", "reports/quality/planning-retrieval-v2-20261002/ci/prompt-boundaries/clean-final-36996499257/reports/clean-stack/command-024.log", "reports/quality/planning-retrieval-v2-20261002/ci/prompt-boundaries/clean-final-36996499257/reports/clean-stack/command-025.log", "reports/quality/planning-retrieval-v2-20261002/ci/prompt-boundaries/clean-final-36996499257/reports/clean-stack/command-026.log", "reports/quality/planning-retrieval-v2-20261002/ci/prompt-boundaries/clean-final-36996499257/reports/clean-stack/command-027.log", "reports/quality/planning-retrieval-v2-20261002/ci/prompt-boundaries/clean-final-36996499257/reports/clean-stack/command-028.log", "reports/quality/planning-retrieval-v2-20261002/ci/prompt-boundaries/clean-final-36996499257/reports/clean-stack/command-029.log", "reports/quality/planning-retrieval-v2-20261002/ci/prompt-boundaries/clean-final-36996499257/reports/clean-stack/command-040.log", "reports/quality/planning-retrieval-v2-20261002/ci/prompt-boundaries/clean-final-36996499257/reports/clean-stack/command-051.log", "reports/quality/planning-retrieval-v2-20261002/ci/prompt-boundaries/clean-final-36996499257/reports/clean-stack/command-052.log", "reports/quality/planning-retrieval-v2-20261002/ci/prompt-boundaries/clean-final-36996499257/reports/clean-stack/command-053.log", "reports/quality/planning-retrieval-v2-20261002/ci/prompt-boundaries/clean-final-36996499257/reports/clean-stack/command-054.log", "reports/quality/planning-retrieval-v2-20261002/ci/prompt-boundaries/clean-final-36996499257/reports/clean-stack/command-058.log", "reports/quality/planning-retrieval-v2-20261002/ci/prompt-boundaries/clean-final-36996499257/reports/clean-stack/command-062.log", "reports/quality/planning-retrieval-v2-20261002/ci/prompt-boundaries/clean-final-36996499257/reports/clean-stack/command-063.log", "reports/quality/planning-retrieval-v2-20261002/ci/prompt-boundaries/clean-final-36996499257/reports/clean-stack/command-064.log", "reports/quality/planning-retrieval-v2-20261002/ci/prompt-boundaries/clean-final-36996499257/reports/clean-stack/command-065.log", "reports/quality/planning-retrieval-v2-20261002/ci/prompt-boundaries/clean-final-36996499257/reports/clean-stack/command-068.log", "reports/quality/planning-retrieval-v2-20261002/ci/prompt-boundaries/clean-final-36996499257/reports/clean-stack/command-069.log", "reports/quality/planning-retrieval-v2-20261002/ci/prompt-boundaries/clean-final-36996499257/reports/clean-stack/command-072.log", "reports/quality/planning-retrieval-v2-20261002/ci/prompt-boundaries/clean-final-36996499257/reports/clean-stack/compose-sanitized.json", "reports/quality/planning-retrieval-v2-20261002/ci/prompt-boundaries/clean-final-36996499257/reports/clean-stack/minio-source-version.json", "reports/quality/planning-retrieval-v2-20261002/ci/prompt-boundaries/clean-final-36996499257/reports/clean-stack/persisted-chain.json", "reports/quality/planning-retrieval-v2-20261002/ci/prompt-boundaries/clean-final-36996499257/reports/clean-stack/process-snapshot.json", "reports/quality/planning-retrieval-v2-20261002/ci/prompt-boundaries/clean-final-36996499257/reports/clean-stack/report.json", "reports/quality/planning-retrieval-v2-20261002/ci/prompt-boundaries/clean-final-36996499257/reports/clean-stack/service-readiness.json", "reports/quality/planning-retrieval-v2-20261002/ci/prompt-boundaries/clean-final-36996499257/reports/clean-stack/sys_metrics.raw.json", "reports/quality/planning-retrieval-v2-20261002/ci/prompt-boundaries/clean-final-36996499257/reports/clean-stack/target-identity-after.json", "reports/quality/planning-retrieval-v2-20261002/ci/prompt-boundaries/clean-final-36996499257/reports/clean-stack/target-identity-before.json", "reports/quality/planning-retrieval-v2-20261002/ci/prompt-boundaries/clean-final-36996499257/reports/clean-stack/task-admission.json", "reports/quality/planning-retrieval-v2-20261002/ci/prompt-boundaries/clean-final-36996499257/reports/clean-stack/task-artifacts.json", "reports/quality/planning-retrieval-v2-20261002/ci/prompt-boundaries/clean-final-36996499257/reports/clean-stack/task-events.json", "reports/quality/planning-retrieval-v2-20261002/ci/prompt-boundaries/clean-final-36996499257/reports/clean-stack/task-final.json", "reports/quality/planning-retrieval-v2-20261002/ci/prompt-boundaries/clean-final-36996499257/reports/clean-stack/web-http-contract.json", "reports/quality/planning-retrieval-v2-20261002/ci/prompt-boundaries/clean-final-36996499257/summary.json", "reports/quality/planning-retrieval-v2-20261002/ci/prompt-boundaries/clean-first-36995708512/artifact-11222365313.zip", "reports/quality/planning-retrieval-v2-20261002/ci/prompt-boundaries/clean-first-36995708512/logs/job-110801822296.log", "reports/quality/planning-retrieval-v2-20261002/ci/prompt-boundaries/clean-first-36995708512/official-artifacts.json", "reports/quality/planning-retrieval-v2-20261002/ci/prompt-boundaries/clean-first-36995708512/official-checkout-commit.json", "reports/quality/planning-retrieval-v2-20261002/ci/prompt-boundaries/clean-first-36995708512/official-jobs.json", "reports/quality/planning-retrieval-v2-20261002/ci/prompt-boundaries/clean-first-36995708512/official-run.json", "reports/quality/planning-retrieval-v2-20261002/ci/prompt-boundaries/clean-first-36995708512/official-source-commit.json", "reports/quality/planning-retrieval-v2-20261002/ci/prompt-boundaries/clean-first-36995708512/reports/clean-stack-gates.xml", "reports/quality/planning-retrieval-v2-20261002/ci/prompt-boundaries/clean-first-36995708512/reports/clean-stack/agent-heartbeat.json", "reports/quality/planning-retrieval-v2-20261002/ci/prompt-boundaries/clean-first-36995708512/reports/clean-stack/agent-runtime-permissions.json", "reports/quality/planning-retrieval-v2-20261002/ci/prompt-boundaries/clean-first-36995708512/reports/clean-stack/built-images.json", "reports/quality/planning-retrieval-v2-20261002/ci/prompt-boundaries/clean-first-36995708512/reports/clean-stack/command-001.log", "reports/quality/planning-retrieval-v2-20261002/ci/prompt-boundaries/clean-first-36995708512/reports/clean-stack/command-002.log", "reports/quality/planning-retrieval-v2-20261002/ci/prompt-boundaries/clean-first-36995708512/reports/clean-stack/command-003.log", "reports/quality/planning-retrieval-v2-20261002/ci/prompt-boundaries/clean-first-36995708512/reports/clean-stack/command-005.log", "reports/quality/planning-retrieval-v2-20261002/ci/prompt-boundaries/clean-first-36995708512/reports/clean-stack/command-006.log", "reports/quality/planning-retrieval-v2-20261002/ci/prompt-boundaries/clean-first-36995708512/reports/clean-stack/command-007.log", "reports/quality/planning-retrieval-v2-20261002/ci/prompt-boundaries/clean-first-36995708512/reports/clean-stack/command-008.log", "reports/quality/planning-retrieval-v2-20261002/ci/prompt-boundaries/clean-first-36995708512/reports/clean-stack/command-009.log", "reports/quality/planning-retrieval-v2-20261002/ci/prompt-boundaries/clean-first-36995708512/reports/clean-stack/command-010.log", "reports/quality/planning-retrieval-v2-20261002/ci/prompt-boundaries/clean-first-36995708512/reports/clean-stack/command-011.log", "reports/quality/planning-retrieval-v2-20261002/ci/prompt-boundaries/clean-first-36995708512/reports/clean-stack/command-012.log", "reports/quality/planning-retrieval-v2-20261002/ci/prompt-boundaries/clean-first-36995708512/reports/clean-stack/command-013.log", "reports/quality/planning-retrieval-v2-20261002/ci/prompt-boundaries/clean-first-36995708512/reports/clean-stack/command-015.log", "reports/quality/planning-retrieval-v2-20261002/ci/prompt-boundaries/clean-first-36995708512/reports/clean-stack/command-016.log", "reports/quality/planning-retrieval-v2-20261002/ci/prompt-boundaries/clean-first-36995708512/reports/clean-stack/command-017.log", "reports/quality/planning-retrieval-v2-20261002/ci/prompt-boundaries/clean-first-36995708512/reports/clean-stack/command-018.log", "reports/quality/planning-retrieval-v2-20261002/ci/prompt-boundaries/clean-first-36995708512/reports/clean-stack/command-019.log", "reports/quality/planning-retrieval-v2-20261002/ci/prompt-boundaries/clean-first-36995708512/reports/clean-stack/command-020.log", "reports/quality/planning-retrieval-v2-20261002/ci/prompt-boundaries/clean-first-36995708512/reports/clean-stack/command-021.log", "reports/quality/planning-retrieval-v2-20261002/ci/prompt-boundaries/clean-first-36995708512/reports/clean-stack/command-022.log", "reports/quality/planning-retrieval-v2-20261002/ci/prompt-boundaries/clean-first-36995708512/reports/clean-stack/command-023.log", "reports/quality/planning-retrieval-v2-20261002/ci/prompt-boundaries/clean-first-36995708512/reports/clean-stack/command-024.log", "reports/quality/planning-retrieval-v2-20261002/ci/prompt-boundaries/clean-first-36995708512/reports/clean-stack/command-025.log", "reports/quality/planning-retrieval-v2-20261002/ci/prompt-boundaries/clean-first-36995708512/reports/clean-stack/command-026.log", "reports/quality/planning-retrieval-v2-20261002/ci/prompt-boundaries/clean-first-36995708512/reports/clean-stack/command-027.log", "reports/quality/planning-retrieval-v2-20261002/ci/prompt-boundaries/clean-first-36995708512/reports/clean-stack/command-028.log", "reports/quality/planning-retrieval-v2-20261002/ci/prompt-boundaries/clean-first-36995708512/reports/clean-stack/command-029.log", "reports/quality/planning-retrieval-v2-20261002/ci/prompt-boundaries/clean-first-36995708512/reports/clean-stack/command-040.log", "reports/quality/planning-retrieval-v2-20261002/ci/prompt-boundaries/clean-first-36995708512/reports/clean-stack/command-051.log", "reports/quality/planning-retrieval-v2-20261002/ci/prompt-boundaries/clean-first-36995708512/reports/clean-stack/command-052.log", "reports/quality/planning-retrieval-v2-20261002/ci/prompt-boundaries/clean-first-36995708512/reports/clean-stack/command-053.log", "reports/quality/planning-retrieval-v2-20261002/ci/prompt-boundaries/clean-first-36995708512/reports/clean-stack/command-054.log", "reports/quality/planning-retrieval-v2-20261002/ci/prompt-boundaries/clean-first-36995708512/reports/clean-stack/command-058.log", "reports/quality/planning-retrieval-v2-20261002/ci/prompt-boundaries/clean-first-36995708512/reports/clean-stack/command-062.log", "reports/quality/planning-retrieval-v2-20261002/ci/prompt-boundaries/clean-first-36995708512/reports/clean-stack/command-063.log", "reports/quality/planning-retrieval-v2-20261002/ci/prompt-boundaries/clean-first-36995708512/reports/clean-stack/command-064.log", "reports/quality/planning-retrieval-v2-20261002/ci/prompt-boundaries/clean-first-36995708512/reports/clean-stack/command-065.log", "reports/quality/planning-retrieval-v2-20261002/ci/prompt-boundaries/clean-first-36995708512/reports/clean-stack/command-068.log", "reports/quality/planning-retrieval-v2-20261002/ci/prompt-boundaries/clean-first-36995708512/reports/clean-stack/command-069.log", "reports/quality/planning-retrieval-v2-20261002/ci/prompt-boundaries/clean-first-36995708512/reports/clean-stack/command-072.log", "reports/quality/planning-retrieval-v2-20261002/ci/prompt-boundaries/clean-first-36995708512/reports/clean-stack/compose-sanitized.json", "reports/quality/planning-retrieval-v2-20261002/ci/prompt-boundaries/clean-first-36995708512/reports/clean-stack/minio-source-version.json", "reports/quality/planning-retrieval-v2-20261002/ci/prompt-boundaries/clean-first-36995708512/reports/clean-stack/persisted-chain.json", "reports/quality/planning-retrieval-v2-20261002/ci/prompt-boundaries/clean-first-36995708512/reports/clean-stack/process-snapshot.json", "reports/quality/planning-retrieval-v2-20261002/ci/prompt-boundaries/clean-first-36995708512/reports/clean-stack/report.json", "reports/quality/planning-retrieval-v2-20261002/ci/prompt-boundaries/clean-first-36995708512/reports/clean-stack/service-readiness.json", "reports/quality/planning-retrieval-v2-20261002/ci/prompt-boundaries/clean-first-36995708512/reports/clean-stack/sys_metrics.raw.json", "reports/quality/planning-retrieval-v2-20261002/ci/prompt-boundaries/clean-first-36995708512/reports/clean-stack/target-identity-after.json", "reports/quality/planning-retrieval-v2-20261002/ci/prompt-boundaries/clean-first-36995708512/reports/clean-stack/target-identity-before.json", "reports/quality/planning-retrieval-v2-20261002/ci/prompt-boundaries/clean-first-36995708512/reports/clean-stack/task-admission.json", "reports/quality/planning-retrieval-v2-20261002/ci/prompt-boundaries/clean-first-36995708512/reports/clean-stack/task-artifacts.json", "reports/quality/planning-retrieval-v2-20261002/ci/prompt-boundaries/clean-first-36995708512/reports/clean-stack/task-events.json", "reports/quality/planning-retrieval-v2-20261002/ci/prompt-boundaries/clean-first-36995708512/reports/clean-stack/task-final.json", "reports/quality/planning-retrieval-v2-20261002/ci/prompt-boundaries/clean-first-36995708512/reports/clean-stack/web-http-contract.json", "reports/quality/planning-retrieval-v2-20261002/ci/prompt-boundaries/clean-first-36995708512/summary.json", "reports/quality/planning-retrieval-v2-20261002/ci/prompt-boundaries/main-final-36996499159/logs/job-110804324269.log", "reports/quality/planning-retrieval-v2-20261002/ci/prompt-boundaries/main-final-36996499159/logs/job-110804324490.log", "reports/quality/planning-retrieval-v2-20261002/ci/prompt-boundaries/main-final-36996499159/logs/job-110804324504.log", "reports/quality/planning-retrieval-v2-20261002/ci/prompt-boundaries/main-final-36996499159/logs/job-110804324518.log", "reports/quality/planning-retrieval-v2-20261002/ci/prompt-boundaries/main-final-36996499159/logs/job-110804324551.log", "reports/quality/planning-retrieval-v2-20261002/ci/prompt-boundaries/main-final-36996499159/logs/job-110804324567.log", "reports/quality/planning-retrieval-v2-20261002/ci/prompt-boundaries/main-final-36996499159/logs/job-110804324571.log", "reports/quality/planning-retrieval-v2-20261002/ci/prompt-boundaries/main-final-36996499159/logs/job-110804324596.log", "reports/quality/planning-retrieval-v2-20261002/ci/prompt-boundaries/main-final-36996499159/logs/job-110804324634.log", "reports/quality/planning-retrieval-v2-20261002/ci/prompt-boundaries/main-final-36996499159/logs/job-110804324644.log", "reports/quality/planning-retrieval-v2-20261002/ci/prompt-boundaries/main-final-36996499159/logs/job-110804324657.log", "reports/quality/planning-retrieval-v2-20261002/ci/prompt-boundaries/main-final-36996499159/logs/job-110804324718.log", "reports/quality/planning-retrieval-v2-20261002/ci/prompt-boundaries/main-final-36996499159/logs/job-110804324739.log", "reports/quality/planning-retrieval-v2-20261002/ci/prompt-boundaries/main-final-36996499159/logs/job-110804324796.log", "reports/quality/planning-retrieval-v2-20261002/ci/prompt-boundaries/main-final-36996499159/official-artifacts.json", "reports/quality/planning-retrieval-v2-20261002/ci/prompt-boundaries/main-final-36996499159/official-ci-merge-commit.json", "reports/quality/planning-retrieval-v2-20261002/ci/prompt-boundaries/main-final-36996499159/official-jobs.json", "reports/quality/planning-retrieval-v2-20261002/ci/prompt-boundaries/main-final-36996499159/official-run.json", "reports/quality/planning-retrieval-v2-20261002/ci/prompt-boundaries/main-final-36996499159/official-source-commit.json", "reports/quality/planning-retrieval-v2-20261002/ci/prompt-boundaries/main-final-36996499159/reports/hotspot-controls-4321aba043be6c2eb36580cf3b00d56c50bda914-1/go-io-window/report.json", "reports/quality/planning-retrieval-v2-20261002/ci/prompt-boundaries/main-final-36996499159/reports/hotspot-controls-4321aba043be6c2eb36580cf3b00d56c50bda914-1/hotspot-controls/measurement/go/report.json", "reports/quality/planning-retrieval-v2-20261002/ci/prompt-boundaries/main-final-36996499159/reports/hotspot-controls-4321aba043be6c2eb36580cf3b00d56c50bda914-1/hotspot-controls/measurement/python/report.json", "reports/quality/planning-retrieval-v2-20261002/ci/prompt-boundaries/main-final-36996499159/reports/hotspot-controls-4321aba043be6c2eb36580cf3b00d56c50bda914-1/hotspot-controls/measurement/report.json", "reports/quality/planning-retrieval-v2-20261002/ci/prompt-boundaries/main-final-36996499159/reports/hotspot-controls-4321aba043be6c2eb36580cf3b00d56c50bda914-1/report.json", "reports/quality/planning-retrieval-v2-20261002/ci/prompt-boundaries/main-final-36996499159/reports/native-agent-binary-4321aba043be6c2eb36580cf3b00d56c50bda914-1/ctest.xml", "reports/quality/planning-retrieval-v2-20261002/ci/prompt-boundaries/main-final-36996499159/reports/observation-controls-4321aba043be6c2eb36580cf3b00d56c50bda914-1/cpp/report.json", "reports/quality/planning-retrieval-v2-20261002/ci/prompt-boundaries/main-final-36996499159/reports/observation-controls-4321aba043be6c2eb36580cf3b00d56c50bda914-1/java/report.json", "reports/quality/planning-retrieval-v2-20261002/ci/prompt-boundaries/main-final-36996499159/reports/observation-controls-4321aba043be6c2eb36580cf3b00d56c50bda914-1/perf-source-toolchain/report.json", "reports/quality/planning-retrieval-v2-20261002/ci/prompt-boundaries/main-final-36996499159/reports/observation-controls-4321aba043be6c2eb36580cf3b00d56c50bda914-1/python/report.json", "reports/quality/planning-retrieval-v2-20261002/ci/prompt-boundaries/main-final-36996499159/reports/postgres-concurrency-4321aba043be6c2eb36580cf3b00d56c50bda914-1/gate.json", "reports/quality/planning-retrieval-v2-20261002/ci/prompt-boundaries/main-final-36996499159/reports/postgres-concurrency-4321aba043be6c2eb36580cf3b00d56c50bda914-1/go-version.txt", "reports/quality/planning-retrieval-v2-20261002/ci/prompt-boundaries/main-final-36996499159/reports/postgres-concurrency-4321aba043be6c2eb36580cf3b00d56c50bda914-1/python.junit.xml", "reports/quality/planning-retrieval-v2-20261002/ci/prompt-boundaries/main-final-36996499159/reports/postgres-concurrency-4321aba043be6c2eb36580cf3b00d56c50bda914-1/runtime.json", "reports/quality/planning-retrieval-v2-20261002/ci/prompt-boundaries/main-final-36996499159/reports/python-quality-4321aba043be6c2eb36580cf3b00d56c50bda914-1/python-all/junit.xml", "reports/quality/planning-retrieval-v2-20261002/ci/prompt-boundaries/main-final-36996499159/reports/python-quality-4321aba043be6c2eb36580cf3b00d56c50bda914-1/report.json", "reports/quality/planning-retrieval-v2-20261002/ci/prompt-boundaries/main-final-36996499159/reports/web-browser-4321aba043be6c2eb36580cf3b00d56c50bda914-1/result.json", "reports/quality/planning-retrieval-v2-20261002/ci/prompt-boundaries/main-final-36996499159/source-equivalence.json", "reports/quality/planning-retrieval-v2-20261002/ci/prompt-boundaries/main-final-36996499159/summary.json", "reports/quality/planning-retrieval-v2-20261002/ci/prompt-boundaries/main-final-36996499159/summary.md", "reports/quality/planning-retrieval-v2-20261002/ci/prompt-boundaries/main-first-failure-36995708503/logs/job-110801822445.log", "reports/quality/planning-retrieval-v2-20261002/ci/prompt-boundaries/main-first-failure-36995708503/logs/job-110801822647.log", "reports/quality/planning-retrieval-v2-20261002/ci/prompt-boundaries/main-first-failure-36995708503/logs/job-110801822728.log", "reports/quality/planning-retrieval-v2-20261002/ci/prompt-boundaries/main-first-failure-36995708503/logs/job-110801822766.log", "reports/quality/planning-retrieval-v2-20261002/ci/prompt-boundaries/main-first-failure-36995708503/logs/job-110801822767.log", "reports/quality/planning-retrieval-v2-20261002/ci/prompt-boundaries/main-first-failure-36995708503/logs/job-110801822770.log", "reports/quality/planning-retrieval-v2-20261002/ci/prompt-boundaries/main-first-failure-36995708503/logs/job-110801822795.log", "reports/quality/planning-retrieval-v2-20261002/ci/prompt-boundaries/main-first-failure-36995708503/logs/job-110801822797.log", "reports/quality/planning-retrieval-v2-20261002/ci/prompt-boundaries/main-first-failure-36995708503/logs/job-110801822808.log", "reports/quality/planning-retrieval-v2-20261002/ci/prompt-boundaries/main-first-failure-36995708503/logs/job-110801822819.log", "reports/quality/planning-retrieval-v2-20261002/ci/prompt-boundaries/main-first-failure-36995708503/logs/job-110801822842.log", "reports/quality/planning-retrieval-v2-20261002/ci/prompt-boundaries/main-first-failure-36995708503/logs/job-110801822847.log", "reports/quality/planning-retrieval-v2-20261002/ci/prompt-boundaries/main-first-failure-36995708503/logs/job-110801822889.log", "reports/quality/planning-retrieval-v2-20261002/ci/prompt-boundaries/main-first-failure-36995708503/logs/job-110801822966.log", "reports/quality/planning-retrieval-v2-20261002/ci/prompt-boundaries/main-first-failure-36995708503/official-artifacts.json", "reports/quality/planning-retrieval-v2-20261002/ci/prompt-boundaries/main-first-failure-36995708503/official-ci-merge-commit.json", "reports/quality/planning-retrieval-v2-20261002/ci/prompt-boundaries/main-first-failure-36995708503/official-jobs.json", "reports/quality/planning-retrieval-v2-20261002/ci/prompt-boundaries/main-first-failure-36995708503/official-run.json", "reports/quality/planning-retrieval-v2-20261002/ci/prompt-boundaries/main-first-failure-36995708503/official-source-commit.json", "reports/quality/planning-retrieval-v2-20261002/ci/prompt-boundaries/main-first-failure-36995708503/reports/hotspot-controls-4b09a6ec0f593cd54027f0980993dda3969d5cfc-1/go-io-window/report.json", "reports/quality/planning-retrieval-v2-20261002/ci/prompt-boundaries/main-first-failure-36995708503/reports/hotspot-controls-4b09a6ec0f593cd54027f0980993dda3969d5cfc-1/hotspot-controls/measurement/go/report.json", "reports/quality/planning-retrieval-v2-20261002/ci/prompt-boundaries/main-first-failure-36995708503/reports/hotspot-controls-4b09a6ec0f593cd54027f0980993dda3969d5cfc-1/hotspot-controls/measurement/python/report.json", "reports/quality/planning-retrieval-v2-20261002/ci/prompt-boundaries/main-first-failure-36995708503/reports/hotspot-controls-4b09a6ec0f593cd54027f0980993dda3969d5cfc-1/hotspot-controls/measurement/report.json", "reports/quality/planning-retrieval-v2-20261002/ci/prompt-boundaries/main-first-failure-36995708503/reports/hotspot-controls-4b09a6ec0f593cd54027f0980993dda3969d5cfc-1/report.json", "reports/quality/planning-retrieval-v2-20261002/ci/prompt-boundaries/main-first-failure-36995708503/reports/native-agent-binary-4b09a6ec0f593cd54027f0980993dda3969d5cfc-1/ctest.xml", "reports/quality/planning-retrieval-v2-20261002/ci/prompt-boundaries/main-first-failure-36995708503/reports/observation-controls-4b09a6ec0f593cd54027f0980993dda3969d5cfc-1/cpp/report.json", "reports/quality/planning-retrieval-v2-20261002/ci/prompt-boundaries/main-first-failure-36995708503/reports/observation-controls-4b09a6ec0f593cd54027f0980993dda3969d5cfc-1/java/report.json", "reports/quality/planning-retrieval-v2-20261002/ci/prompt-boundaries/main-first-failure-36995708503/reports/observation-controls-4b09a6ec0f593cd54027f0980993dda3969d5cfc-1/perf-source-toolchain/report.json", "reports/quality/planning-retrieval-v2-20261002/ci/prompt-boundaries/main-first-failure-36995708503/reports/observation-controls-4b09a6ec0f593cd54027f0980993dda3969d5cfc-1/python/report.json", "reports/quality/planning-retrieval-v2-20261002/ci/prompt-boundaries/main-first-failure-36995708503/reports/postgres-concurrency-4b09a6ec0f593cd54027f0980993dda3969d5cfc-1/gate.json", "reports/quality/planning-retrieval-v2-20261002/ci/prompt-boundaries/main-first-failure-36995708503/reports/postgres-concurrency-4b09a6ec0f593cd54027f0980993dda3969d5cfc-1/go-version.txt", "reports/quality/planning-retrieval-v2-20261002/ci/prompt-boundaries/main-first-failure-36995708503/reports/postgres-concurrency-4b09a6ec0f593cd54027f0980993dda3969d5cfc-1/python.junit.xml", "reports/quality/planning-retrieval-v2-20261002/ci/prompt-boundaries/main-first-failure-36995708503/reports/postgres-concurrency-4b09a6ec0f593cd54027f0980993dda3969d5cfc-1/runtime.json", "reports/quality/planning-retrieval-v2-20261002/ci/prompt-boundaries/main-first-failure-36995708503/reports/python-quality-4b09a6ec0f593cd54027f0980993dda3969d5cfc-1/python-all/junit.xml", "reports/quality/planning-retrieval-v2-20261002/ci/prompt-boundaries/main-first-failure-36995708503/reports/python-quality-4b09a6ec0f593cd54027f0980993dda3969d5cfc-1/report.json", "reports/quality/planning-retrieval-v2-20261002/ci/prompt-boundaries/main-first-failure-36995708503/reports/web-browser-4b09a6ec0f593cd54027f0980993dda3969d5cfc-1/result.json", "reports/quality/planning-retrieval-v2-20261002/ci/prompt-boundaries/main-first-failure-36995708503/source-equivalence.json", "reports/quality/planning-retrieval-v2-20261002/ci/prompt-boundaries/main-first-failure-36995708503/summary.json", "reports/quality/planning-retrieval-v2-20261002/ci/prompt-boundaries/main-first-failure-36995708503/summary.md", "reports/quality/planning-retrieval-v2-20261002/ci/prompt-boundaries/manifest.json", "reports/quality/planning-retrieval-v2-20261002/ci/subject-boundaries/clean-final-36992014612/artifact-11220526519.zip", "reports/quality/planning-retrieval-v2-20261002/ci/subject-boundaries/clean-final-36992014612/logs/job-110791470099.log", "reports/quality/planning-retrieval-v2-20261002/ci/subject-boundaries/clean-final-36992014612/official-artifacts.json", "reports/quality/planning-retrieval-v2-20261002/ci/subject-boundaries/clean-final-36992014612/official-checkout-commit.json", "reports/quality/planning-retrieval-v2-20261002/ci/subject-boundaries/clean-final-36992014612/official-jobs.json", "reports/quality/planning-retrieval-v2-20261002/ci/subject-boundaries/clean-final-36992014612/official-run.json", "reports/quality/planning-retrieval-v2-20261002/ci/subject-boundaries/clean-final-36992014612/official-source-commit.json", "reports/quality/planning-retrieval-v2-20261002/ci/subject-boundaries/clean-final-36992014612/reports/clean-stack-gates.xml", "reports/quality/planning-retrieval-v2-20261002/ci/subject-boundaries/clean-final-36992014612/reports/clean-stack/agent-heartbeat.json", "reports/quality/planning-retrieval-v2-20261002/ci/subject-boundaries/clean-final-36992014612/reports/clean-stack/agent-runtime-permissions.json", "reports/quality/planning-retrieval-v2-20261002/ci/subject-boundaries/clean-final-36992014612/reports/clean-stack/built-images.json", "reports/quality/planning-retrieval-v2-20261002/ci/subject-boundaries/clean-final-36992014612/reports/clean-stack/command-001.log", "reports/quality/planning-retrieval-v2-20261002/ci/subject-boundaries/clean-final-36992014612/reports/clean-stack/command-002.log", "reports/quality/planning-retrieval-v2-20261002/ci/subject-boundaries/clean-final-36992014612/reports/clean-stack/command-003.log", "reports/quality/planning-retrieval-v2-20261002/ci/subject-boundaries/clean-final-36992014612/reports/clean-stack/command-005.log", "reports/quality/planning-retrieval-v2-20261002/ci/subject-boundaries/clean-final-36992014612/reports/clean-stack/command-006.log", "reports/quality/planning-retrieval-v2-20261002/ci/subject-boundaries/clean-final-36992014612/reports/clean-stack/command-007.log", "reports/quality/planning-retrieval-v2-20261002/ci/subject-boundaries/clean-final-36992014612/reports/clean-stack/command-008.log", "reports/quality/planning-retrieval-v2-20261002/ci/subject-boundaries/clean-final-36992014612/reports/clean-stack/command-009.log", "reports/quality/planning-retrieval-v2-20261002/ci/subject-boundaries/clean-final-36992014612/reports/clean-stack/command-010.log", "reports/quality/planning-retrieval-v2-20261002/ci/subject-boundaries/clean-final-36992014612/reports/clean-stack/command-011.log", "reports/quality/planning-retrieval-v2-20261002/ci/subject-boundaries/clean-final-36992014612/reports/clean-stack/command-012.log", "reports/quality/planning-retrieval-v2-20261002/ci/subject-boundaries/clean-final-36992014612/reports/clean-stack/command-013.log", "reports/quality/planning-retrieval-v2-20261002/ci/subject-boundaries/clean-final-36992014612/reports/clean-stack/command-015.log", "reports/quality/planning-retrieval-v2-20261002/ci/subject-boundaries/clean-final-36992014612/reports/clean-stack/command-016.log", "reports/quality/planning-retrieval-v2-20261002/ci/subject-boundaries/clean-final-36992014612/reports/clean-stack/command-017.log", "reports/quality/planning-retrieval-v2-20261002/ci/subject-boundaries/clean-final-36992014612/reports/clean-stack/command-018.log", "reports/quality/planning-retrieval-v2-20261002/ci/subject-boundaries/clean-final-36992014612/reports/clean-stack/command-019.log", "reports/quality/planning-retrieval-v2-20261002/ci/subject-boundaries/clean-final-36992014612/reports/clean-stack/command-020.log", "reports/quality/planning-retrieval-v2-20261002/ci/subject-boundaries/clean-final-36992014612/reports/clean-stack/command-021.log", "reports/quality/planning-retrieval-v2-20261002/ci/subject-boundaries/clean-final-36992014612/reports/clean-stack/command-022.log", "reports/quality/planning-retrieval-v2-20261002/ci/subject-boundaries/clean-final-36992014612/reports/clean-stack/command-023.log", "reports/quality/planning-retrieval-v2-20261002/ci/subject-boundaries/clean-final-36992014612/reports/clean-stack/command-024.log", "reports/quality/planning-retrieval-v2-20261002/ci/subject-boundaries/clean-final-36992014612/reports/clean-stack/command-025.log", "reports/quality/planning-retrieval-v2-20261002/ci/subject-boundaries/clean-final-36992014612/reports/clean-stack/command-026.log", "reports/quality/planning-retrieval-v2-20261002/ci/subject-boundaries/clean-final-36992014612/reports/clean-stack/command-027.log", "reports/quality/planning-retrieval-v2-20261002/ci/subject-boundaries/clean-final-36992014612/reports/clean-stack/command-028.log", "reports/quality/planning-retrieval-v2-20261002/ci/subject-boundaries/clean-final-36992014612/reports/clean-stack/command-029.log", "reports/quality/planning-retrieval-v2-20261002/ci/subject-boundaries/clean-final-36992014612/reports/clean-stack/command-040.log", "reports/quality/planning-retrieval-v2-20261002/ci/subject-boundaries/clean-final-36992014612/reports/clean-stack/command-051.log", "reports/quality/planning-retrieval-v2-20261002/ci/subject-boundaries/clean-final-36992014612/reports/clean-stack/command-052.log", "reports/quality/planning-retrieval-v2-20261002/ci/subject-boundaries/clean-final-36992014612/reports/clean-stack/command-053.log", "reports/quality/planning-retrieval-v2-20261002/ci/subject-boundaries/clean-final-36992014612/reports/clean-stack/command-054.log", "reports/quality/planning-retrieval-v2-20261002/ci/subject-boundaries/clean-final-36992014612/reports/clean-stack/command-058.log", "reports/quality/planning-retrieval-v2-20261002/ci/subject-boundaries/clean-final-36992014612/reports/clean-stack/command-062.log", "reports/quality/planning-retrieval-v2-20261002/ci/subject-boundaries/clean-final-36992014612/reports/clean-stack/command-063.log", "reports/quality/planning-retrieval-v2-20261002/ci/subject-boundaries/clean-final-36992014612/reports/clean-stack/command-064.log", "reports/quality/planning-retrieval-v2-20261002/ci/subject-boundaries/clean-final-36992014612/reports/clean-stack/command-065.log", "reports/quality/planning-retrieval-v2-20261002/ci/subject-boundaries/clean-final-36992014612/reports/clean-stack/command-068.log", "reports/quality/planning-retrieval-v2-20261002/ci/subject-boundaries/clean-final-36992014612/reports/clean-stack/command-069.log", "reports/quality/planning-retrieval-v2-20261002/ci/subject-boundaries/clean-final-36992014612/reports/clean-stack/command-072.log", "reports/quality/planning-retrieval-v2-20261002/ci/subject-boundaries/clean-final-36992014612/reports/clean-stack/compose-sanitized.json", "reports/quality/planning-retrieval-v2-20261002/ci/subject-boundaries/clean-final-36992014612/reports/clean-stack/minio-source-version.json", "reports/quality/planning-retrieval-v2-20261002/ci/subject-boundaries/clean-final-36992014612/reports/clean-stack/persisted-chain.json", "reports/quality/planning-retrieval-v2-20261002/ci/subject-boundaries/clean-final-36992014612/reports/clean-stack/process-snapshot.json", "reports/quality/planning-retrieval-v2-20261002/ci/subject-boundaries/clean-final-36992014612/reports/clean-stack/report.json", "reports/quality/planning-retrieval-v2-20261002/ci/subject-boundaries/clean-final-36992014612/reports/clean-stack/service-readiness.json", "reports/quality/planning-retrieval-v2-20261002/ci/subject-boundaries/clean-final-36992014612/reports/clean-stack/sys_metrics.raw.json", "reports/quality/planning-retrieval-v2-20261002/ci/subject-boundaries/clean-final-36992014612/reports/clean-stack/target-identity-after.json", "reports/quality/planning-retrieval-v2-20261002/ci/subject-boundaries/clean-final-36992014612/reports/clean-stack/target-identity-before.json", "reports/quality/planning-retrieval-v2-20261002/ci/subject-boundaries/clean-final-36992014612/reports/clean-stack/task-admission.json", "reports/quality/planning-retrieval-v2-20261002/ci/subject-boundaries/clean-final-36992014612/reports/clean-stack/task-artifacts.json", "reports/quality/planning-retrieval-v2-20261002/ci/subject-boundaries/clean-final-36992014612/reports/clean-stack/task-events.json", "reports/quality/planning-retrieval-v2-20261002/ci/subject-boundaries/clean-final-36992014612/reports/clean-stack/task-final.json", "reports/quality/planning-retrieval-v2-20261002/ci/subject-boundaries/clean-final-36992014612/reports/clean-stack/web-http-contract.json", "reports/quality/planning-retrieval-v2-20261002/ci/subject-boundaries/clean-final-36992014612/summary.json", "reports/quality/planning-retrieval-v2-20261002/ci/subject-boundaries/main-final-36992014614/logs/job-110790163893.log", "reports/quality/planning-retrieval-v2-20261002/ci/subject-boundaries/main-final-36992014614/logs/job-110790164013.log", "reports/quality/planning-retrieval-v2-20261002/ci/subject-boundaries/main-final-36992014614/logs/job-110790164091.log", "reports/quality/planning-retrieval-v2-20261002/ci/subject-boundaries/main-final-36992014614/logs/job-110790164110.log", "reports/quality/planning-retrieval-v2-20261002/ci/subject-boundaries/main-final-36992014614/logs/job-110790164132.log", "reports/quality/planning-retrieval-v2-20261002/ci/subject-boundaries/main-final-36992014614/logs/job-110790164187.log", "reports/quality/planning-retrieval-v2-20261002/ci/subject-boundaries/main-final-36992014614/logs/job-110790164207.log", "reports/quality/planning-retrieval-v2-20261002/ci/subject-boundaries/main-final-36992014614/logs/job-110790164230.log", "reports/quality/planning-retrieval-v2-20261002/ci/subject-boundaries/main-final-36992014614/logs/job-110790164236.log", "reports/quality/planning-retrieval-v2-20261002/ci/subject-boundaries/main-final-36992014614/logs/job-110790164242.log", "reports/quality/planning-retrieval-v2-20261002/ci/subject-boundaries/main-final-36992014614/logs/job-110790164276.log", "reports/quality/planning-retrieval-v2-20261002/ci/subject-boundaries/main-final-36992014614/logs/job-110790164294.log", "reports/quality/planning-retrieval-v2-20261002/ci/subject-boundaries/main-final-36992014614/logs/job-110790164307.log", "reports/quality/planning-retrieval-v2-20261002/ci/subject-boundaries/main-final-36992014614/logs/job-110790165166.log", "reports/quality/planning-retrieval-v2-20261002/ci/subject-boundaries/main-final-36992014614/official-artifacts.json", "reports/quality/planning-retrieval-v2-20261002/ci/subject-boundaries/main-final-36992014614/official-ci-merge-commit.json", "reports/quality/planning-retrieval-v2-20261002/ci/subject-boundaries/main-final-36992014614/official-jobs.json", "reports/quality/planning-retrieval-v2-20261002/ci/subject-boundaries/main-final-36992014614/official-run.json", "reports/quality/planning-retrieval-v2-20261002/ci/subject-boundaries/main-final-36992014614/official-source-commit.json", "reports/quality/planning-retrieval-v2-20261002/ci/subject-boundaries/main-final-36992014614/reports/hotspot-controls-d2b5cacfa5ac3bd156736d41e248c7bbc77ebecf-1/go-io-window/report.json", "reports/quality/planning-retrieval-v2-20261002/ci/subject-boundaries/main-final-36992014614/reports/hotspot-controls-d2b5cacfa5ac3bd156736d41e248c7bbc77ebecf-1/hotspot-controls/measurement/go/report.json", "reports/quality/planning-retrieval-v2-20261002/ci/subject-boundaries/main-final-36992014614/reports/hotspot-controls-d2b5cacfa5ac3bd156736d41e248c7bbc77ebecf-1/hotspot-controls/measurement/python/report.json", "reports/quality/planning-retrieval-v2-20261002/ci/subject-boundaries/main-final-36992014614/reports/hotspot-controls-d2b5cacfa5ac3bd156736d41e248c7bbc77ebecf-1/hotspot-controls/measurement/report.json", "reports/quality/planning-retrieval-v2-20261002/ci/subject-boundaries/main-final-36992014614/reports/hotspot-controls-d2b5cacfa5ac3bd156736d41e248c7bbc77ebecf-1/report.json", "reports/quality/planning-retrieval-v2-20261002/ci/subject-boundaries/main-final-36992014614/reports/native-agent-binary-d2b5cacfa5ac3bd156736d41e248c7bbc77ebecf-1/ctest.xml", "reports/quality/planning-retrieval-v2-20261002/ci/subject-boundaries/main-final-36992014614/reports/observation-controls-d2b5cacfa5ac3bd156736d41e248c7bbc77ebecf-1/cpp/report.json", "reports/quality/planning-retrieval-v2-20261002/ci/subject-boundaries/main-final-36992014614/reports/observation-controls-d2b5cacfa5ac3bd156736d41e248c7bbc77ebecf-1/java/report.json", "reports/quality/planning-retrieval-v2-20261002/ci/subject-boundaries/main-final-36992014614/reports/observation-controls-d2b5cacfa5ac3bd156736d41e248c7bbc77ebecf-1/perf-source-toolchain/report.json", "reports/quality/planning-retrieval-v2-20261002/ci/subject-boundaries/main-final-36992014614/reports/observation-controls-d2b5cacfa5ac3bd156736d41e248c7bbc77ebecf-1/python/report.json", "reports/quality/planning-retrieval-v2-20261002/ci/subject-boundaries/main-final-36992014614/reports/postgres-concurrency-d2b5cacfa5ac3bd156736d41e248c7bbc77ebecf-1/gate.json", "reports/quality/planning-retrieval-v2-20261002/ci/subject-boundaries/main-final-36992014614/reports/postgres-concurrency-d2b5cacfa5ac3bd156736d41e248c7bbc77ebecf-1/go-version.txt", "reports/quality/planning-retrieval-v2-20261002/ci/subject-boundaries/main-final-36992014614/reports/postgres-concurrency-d2b5cacfa5ac3bd156736d41e248c7bbc77ebecf-1/python.junit.xml", "reports/quality/planning-retrieval-v2-20261002/ci/subject-boundaries/main-final-36992014614/reports/postgres-concurrency-d2b5cacfa5ac3bd156736d41e248c7bbc77ebecf-1/runtime.json", "reports/quality/planning-retrieval-v2-20261002/ci/subject-boundaries/main-final-36992014614/reports/python-quality-d2b5cacfa5ac3bd156736d41e248c7bbc77ebecf-1/python-all/junit.xml", "reports/quality/planning-retrieval-v2-20261002/ci/subject-boundaries/main-final-36992014614/reports/python-quality-d2b5cacfa5ac3bd156736d41e248c7bbc77ebecf-1/report.json", "reports/quality/planning-retrieval-v2-20261002/ci/subject-boundaries/main-final-36992014614/reports/web-browser-d2b5cacfa5ac3bd156736d41e248c7bbc77ebecf-1/result.json", "reports/quality/planning-retrieval-v2-20261002/ci/subject-boundaries/main-final-36992014614/source-equivalence.json", "reports/quality/planning-retrieval-v2-20261002/ci/subject-boundaries/main-final-36992014614/summary.json", "reports/quality/planning-retrieval-v2-20261002/ci/subject-boundaries/main-final-36992014614/summary.md", "reports/quality/planning-retrieval-v2-20261002/ci/subject-boundaries/manifest.json", "reports/quality/planning-retrieval-v2-20261002/ci/subject-boundaries/prepared-clean-36991509500/artifact-11220160701.zip", "reports/quality/planning-retrieval-v2-20261002/ci/subject-boundaries/prepared-clean-36991509500/logs/job-110788553709.log", "reports/quality/planning-retrieval-v2-20261002/ci/subject-boundaries/prepared-clean-36991509500/official-artifacts.json", "reports/quality/planning-retrieval-v2-20261002/ci/subject-boundaries/prepared-clean-36991509500/official-checkout-commit.json", "reports/quality/planning-retrieval-v2-20261002/ci/subject-boundaries/prepared-clean-36991509500/official-jobs.json", "reports/quality/planning-retrieval-v2-20261002/ci/subject-boundaries/prepared-clean-36991509500/official-run.json", "reports/quality/planning-retrieval-v2-20261002/ci/subject-boundaries/prepared-clean-36991509500/official-source-commit.json", "reports/quality/planning-retrieval-v2-20261002/ci/subject-boundaries/prepared-clean-36991509500/reports/clean-stack-gates.xml", "reports/quality/planning-retrieval-v2-20261002/ci/subject-boundaries/prepared-clean-36991509500/reports/clean-stack/agent-heartbeat.json", "reports/quality/planning-retrieval-v2-20261002/ci/subject-boundaries/prepared-clean-36991509500/reports/clean-stack/agent-runtime-permissions.json", "reports/quality/planning-retrieval-v2-20261002/ci/subject-boundaries/prepared-clean-36991509500/reports/clean-stack/built-images.json", "reports/quality/planning-retrieval-v2-20261002/ci/subject-boundaries/prepared-clean-36991509500/reports/clean-stack/command-001.log", "reports/quality/planning-retrieval-v2-20261002/ci/subject-boundaries/prepared-clean-36991509500/reports/clean-stack/command-002.log", "reports/quality/planning-retrieval-v2-20261002/ci/subject-boundaries/prepared-clean-36991509500/reports/clean-stack/command-003.log", "reports/quality/planning-retrieval-v2-20261002/ci/subject-boundaries/prepared-clean-36991509500/reports/clean-stack/command-005.log", "reports/quality/planning-retrieval-v2-20261002/ci/subject-boundaries/prepared-clean-36991509500/reports/clean-stack/command-006.log", "reports/quality/planning-retrieval-v2-20261002/ci/subject-boundaries/prepared-clean-36991509500/reports/clean-stack/command-007.log", "reports/quality/planning-retrieval-v2-20261002/ci/subject-boundaries/prepared-clean-36991509500/reports/clean-stack/command-008.log", "reports/quality/planning-retrieval-v2-20261002/ci/subject-boundaries/prepared-clean-36991509500/reports/clean-stack/command-009.log", "reports/quality/planning-retrieval-v2-20261002/ci/subject-boundaries/prepared-clean-36991509500/reports/clean-stack/command-010.log", "reports/quality/planning-retrieval-v2-20261002/ci/subject-boundaries/prepared-clean-36991509500/reports/clean-stack/command-011.log", "reports/quality/planning-retrieval-v2-20261002/ci/subject-boundaries/prepared-clean-36991509500/reports/clean-stack/command-012.log", "reports/quality/planning-retrieval-v2-20261002/ci/subject-boundaries/prepared-clean-36991509500/reports/clean-stack/command-013.log", "reports/quality/planning-retrieval-v2-20261002/ci/subject-boundaries/prepared-clean-36991509500/reports/clean-stack/command-015.log", "reports/quality/planning-retrieval-v2-20261002/ci/subject-boundaries/prepared-clean-36991509500/reports/clean-stack/command-016.log", "reports/quality/planning-retrieval-v2-20261002/ci/subject-boundaries/prepared-clean-36991509500/reports/clean-stack/command-017.log", "reports/quality/planning-retrieval-v2-20261002/ci/subject-boundaries/prepared-clean-36991509500/reports/clean-stack/command-018.log", "reports/quality/planning-retrieval-v2-20261002/ci/subject-boundaries/prepared-clean-36991509500/reports/clean-stack/command-019.log", "reports/quality/planning-retrieval-v2-20261002/ci/subject-boundaries/prepared-clean-36991509500/reports/clean-stack/command-020.log", "reports/quality/planning-retrieval-v2-20261002/ci/subject-boundaries/prepared-clean-36991509500/reports/clean-stack/command-021.log", "reports/quality/planning-retrieval-v2-20261002/ci/subject-boundaries/prepared-clean-36991509500/reports/clean-stack/command-022.log", "reports/quality/planning-retrieval-v2-20261002/ci/subject-boundaries/prepared-clean-36991509500/reports/clean-stack/command-023.log", "reports/quality/planning-retrieval-v2-20261002/ci/subject-boundaries/prepared-clean-36991509500/reports/clean-stack/command-024.log", "reports/quality/planning-retrieval-v2-20261002/ci/subject-boundaries/prepared-clean-36991509500/reports/clean-stack/command-025.log", "reports/quality/planning-retrieval-v2-20261002/ci/subject-boundaries/prepared-clean-36991509500/reports/clean-stack/command-026.log", "reports/quality/planning-retrieval-v2-20261002/ci/subject-boundaries/prepared-clean-36991509500/reports/clean-stack/command-027.log", "reports/quality/planning-retrieval-v2-20261002/ci/subject-boundaries/prepared-clean-36991509500/reports/clean-stack/command-028.log", "reports/quality/planning-retrieval-v2-20261002/ci/subject-boundaries/prepared-clean-36991509500/reports/clean-stack/command-029.log", "reports/quality/planning-retrieval-v2-20261002/ci/subject-boundaries/prepared-clean-36991509500/reports/clean-stack/command-040.log", "reports/quality/planning-retrieval-v2-20261002/ci/subject-boundaries/prepared-clean-36991509500/reports/clean-stack/command-051.log", "reports/quality/planning-retrieval-v2-20261002/ci/subject-boundaries/prepared-clean-36991509500/reports/clean-stack/command-052.log", "reports/quality/planning-retrieval-v2-20261002/ci/subject-boundaries/prepared-clean-36991509500/reports/clean-stack/command-053.log", "reports/quality/planning-retrieval-v2-20261002/ci/subject-boundaries/prepared-clean-36991509500/reports/clean-stack/command-054.log", "reports/quality/planning-retrieval-v2-20261002/ci/subject-boundaries/prepared-clean-36991509500/reports/clean-stack/command-058.log", "reports/quality/planning-retrieval-v2-20261002/ci/subject-boundaries/prepared-clean-36991509500/reports/clean-stack/command-062.log", "reports/quality/planning-retrieval-v2-20261002/ci/subject-boundaries/prepared-clean-36991509500/reports/clean-stack/command-063.log", "reports/quality/planning-retrieval-v2-20261002/ci/subject-boundaries/prepared-clean-36991509500/reports/clean-stack/command-064.log", "reports/quality/planning-retrieval-v2-20261002/ci/subject-boundaries/prepared-clean-36991509500/reports/clean-stack/command-065.log", "reports/quality/planning-retrieval-v2-20261002/ci/subject-boundaries/prepared-clean-36991509500/reports/clean-stack/command-068.log", "reports/quality/planning-retrieval-v2-20261002/ci/subject-boundaries/prepared-clean-36991509500/reports/clean-stack/command-069.log", "reports/quality/planning-retrieval-v2-20261002/ci/subject-boundaries/prepared-clean-36991509500/reports/clean-stack/command-072.log", "reports/quality/planning-retrieval-v2-20261002/ci/subject-boundaries/prepared-clean-36991509500/reports/clean-stack/compose-sanitized.json", "reports/quality/planning-retrieval-v2-20261002/ci/subject-boundaries/prepared-clean-36991509500/reports/clean-stack/minio-source-version.json", "reports/quality/planning-retrieval-v2-20261002/ci/subject-boundaries/prepared-clean-36991509500/reports/clean-stack/persisted-chain.json", "reports/quality/planning-retrieval-v2-20261002/ci/subject-boundaries/prepared-clean-36991509500/reports/clean-stack/process-snapshot.json", "reports/quality/planning-retrieval-v2-20261002/ci/subject-boundaries/prepared-clean-36991509500/reports/clean-stack/report.json", "reports/quality/planning-retrieval-v2-20261002/ci/subject-boundaries/prepared-clean-36991509500/reports/clean-stack/service-readiness.json", "reports/quality/planning-retrieval-v2-20261002/ci/subject-boundaries/prepared-clean-36991509500/reports/clean-stack/sys_metrics.raw.json", "reports/quality/planning-retrieval-v2-20261002/ci/subject-boundaries/prepared-clean-36991509500/reports/clean-stack/target-identity-after.json", "reports/quality/planning-retrieval-v2-20261002/ci/subject-boundaries/prepared-clean-36991509500/reports/clean-stack/target-identity-before.json", "reports/quality/planning-retrieval-v2-20261002/ci/subject-boundaries/prepared-clean-36991509500/reports/clean-stack/task-admission.json", "reports/quality/planning-retrieval-v2-20261002/ci/subject-boundaries/prepared-clean-36991509500/reports/clean-stack/task-artifacts.json", "reports/quality/planning-retrieval-v2-20261002/ci/subject-boundaries/prepared-clean-36991509500/reports/clean-stack/task-events.json", "reports/quality/planning-retrieval-v2-20261002/ci/subject-boundaries/prepared-clean-36991509500/reports/clean-stack/task-final.json", "reports/quality/planning-retrieval-v2-20261002/ci/subject-boundaries/prepared-clean-36991509500/reports/clean-stack/web-http-contract.json", "reports/quality/planning-retrieval-v2-20261002/ci/subject-boundaries/prepared-clean-36991509500/summary.json", "reports/quality/planning-retrieval-v2-20261002/ci/subject-boundaries/prepared-main-36991509506/logs/job-110788553604.log", "reports/quality/planning-retrieval-v2-20261002/ci/subject-boundaries/prepared-main-36991509506/logs/job-110788553866.log", "reports/quality/planning-retrieval-v2-20261002/ci/subject-boundaries/prepared-main-36991509506/logs/job-110788553876.log", "reports/quality/planning-retrieval-v2-20261002/ci/subject-boundaries/prepared-main-36991509506/logs/job-110788554029.log", "reports/quality/planning-retrieval-v2-20261002/ci/subject-boundaries/prepared-main-36991509506/logs/job-110788554036.log", "reports/quality/planning-retrieval-v2-20261002/ci/subject-boundaries/prepared-main-36991509506/logs/job-110788554066.log", "reports/quality/planning-retrieval-v2-20261002/ci/subject-boundaries/prepared-main-36991509506/logs/job-110788554086.log", "reports/quality/planning-retrieval-v2-20261002/ci/subject-boundaries/prepared-main-36991509506/logs/job-110788554131.log", "reports/quality/planning-retrieval-v2-20261002/ci/subject-boundaries/prepared-main-36991509506/logs/job-110788554156.log", "reports/quality/planning-retrieval-v2-20261002/ci/subject-boundaries/prepared-main-36991509506/logs/job-110788554164.log", "reports/quality/planning-retrieval-v2-20261002/ci/subject-boundaries/prepared-main-36991509506/logs/job-110788554165.log", "reports/quality/planning-retrieval-v2-20261002/ci/subject-boundaries/prepared-main-36991509506/logs/job-110788554175.log", "reports/quality/planning-retrieval-v2-20261002/ci/subject-boundaries/prepared-main-36991509506/logs/job-110788554179.log", "reports/quality/planning-retrieval-v2-20261002/ci/subject-boundaries/prepared-main-36991509506/logs/job-110788555072.log", "reports/quality/planning-retrieval-v2-20261002/ci/subject-boundaries/prepared-main-36991509506/official-artifacts.json", "reports/quality/planning-retrieval-v2-20261002/ci/subject-boundaries/prepared-main-36991509506/official-ci-merge-commit.json", "reports/quality/planning-retrieval-v2-20261002/ci/subject-boundaries/prepared-main-36991509506/official-jobs.json", "reports/quality/planning-retrieval-v2-20261002/ci/subject-boundaries/prepared-main-36991509506/official-run.json", "reports/quality/planning-retrieval-v2-20261002/ci/subject-boundaries/prepared-main-36991509506/official-source-commit.json", "reports/quality/planning-retrieval-v2-20261002/ci/subject-boundaries/prepared-main-36991509506/reports/hotspot-controls-73130b62473064f3ed3933b236243ecb314b4830-1/go-io-window/report.json", "reports/quality/planning-retrieval-v2-20261002/ci/subject-boundaries/prepared-main-36991509506/reports/hotspot-controls-73130b62473064f3ed3933b236243ecb314b4830-1/hotspot-controls/measurement/go/report.json", "reports/quality/planning-retrieval-v2-20261002/ci/subject-boundaries/prepared-main-36991509506/reports/hotspot-controls-73130b62473064f3ed3933b236243ecb314b4830-1/hotspot-controls/measurement/python/report.json", "reports/quality/planning-retrieval-v2-20261002/ci/subject-boundaries/prepared-main-36991509506/reports/hotspot-controls-73130b62473064f3ed3933b236243ecb314b4830-1/hotspot-controls/measurement/report.json", "reports/quality/planning-retrieval-v2-20261002/ci/subject-boundaries/prepared-main-36991509506/reports/hotspot-controls-73130b62473064f3ed3933b236243ecb314b4830-1/report.json", "reports/quality/planning-retrieval-v2-20261002/ci/subject-boundaries/prepared-main-36991509506/reports/native-agent-binary-73130b62473064f3ed3933b236243ecb314b4830-1/ctest.xml", "reports/quality/planning-retrieval-v2-20261002/ci/subject-boundaries/prepared-main-36991509506/reports/observation-controls-73130b62473064f3ed3933b236243ecb314b4830-1/cpp/report.json", "reports/quality/planning-retrieval-v2-20261002/ci/subject-boundaries/prepared-main-36991509506/reports/observation-controls-73130b62473064f3ed3933b236243ecb314b4830-1/java/report.json", "reports/quality/planning-retrieval-v2-20261002/ci/subject-boundaries/prepared-main-36991509506/reports/observation-controls-73130b62473064f3ed3933b236243ecb314b4830-1/perf-source-toolchain/report.json", "reports/quality/planning-retrieval-v2-20261002/ci/subject-boundaries/prepared-main-36991509506/reports/observation-controls-73130b62473064f3ed3933b236243ecb314b4830-1/python/report.json", "reports/quality/planning-retrieval-v2-20261002/ci/subject-boundaries/prepared-main-36991509506/reports/postgres-concurrency-73130b62473064f3ed3933b236243ecb314b4830-1/gate.json", "reports/quality/planning-retrieval-v2-20261002/ci/subject-boundaries/prepared-main-36991509506/reports/postgres-concurrency-73130b62473064f3ed3933b236243ecb314b4830-1/go-version.txt", "reports/quality/planning-retrieval-v2-20261002/ci/subject-boundaries/prepared-main-36991509506/reports/postgres-concurrency-73130b62473064f3ed3933b236243ecb314b4830-1/python.junit.xml", "reports/quality/planning-retrieval-v2-20261002/ci/subject-boundaries/prepared-main-36991509506/reports/postgres-concurrency-73130b62473064f3ed3933b236243ecb314b4830-1/runtime.json", "reports/quality/planning-retrieval-v2-20261002/ci/subject-boundaries/prepared-main-36991509506/reports/python-quality-73130b62473064f3ed3933b236243ecb314b4830-1/python-all/junit.xml", "reports/quality/planning-retrieval-v2-20261002/ci/subject-boundaries/prepared-main-36991509506/reports/python-quality-73130b62473064f3ed3933b236243ecb314b4830-1/report.json", "reports/quality/planning-retrieval-v2-20261002/ci/subject-boundaries/prepared-main-36991509506/reports/web-browser-73130b62473064f3ed3933b236243ecb314b4830-1/result.json", "reports/quality/planning-retrieval-v2-20261002/ci/subject-boundaries/prepared-main-36991509506/source-equivalence.json", "reports/quality/planning-retrieval-v2-20261002/ci/subject-boundaries/prepared-main-36991509506/summary.json", "reports/quality/planning-retrieval-v2-20261002/ci/subject-boundaries/prepared-main-36991509506/summary.md", "reports/quality/planning-retrieval-v2-20261002/deployment/activation.py", "reports/quality/planning-retrieval-v2-20261002/deployment/apply_measured_capacity.py", "reports/quality/planning-retrieval-v2-20261002/deployment/capture_capacity.py", "reports/quality/planning-retrieval-v2-20261002/deployment/final-publication-verification.json", "reports/quality/planning-retrieval-v2-20261002/deployment/final-release-r3/ci-jobs.json", "reports/quality/planning-retrieval-v2-20261002/deployment/final-release-r3/ci-run.json", "reports/quality/planning-retrieval-v2-20261002/deployment/final-release-r3/deploy_runtime.py", "reports/quality/planning-retrieval-v2-20261002/deployment/final-release-r3/manifest.json", "reports/quality/planning-retrieval-v2-20261002/deployment/final-release-r3/platform-deployment.json", "reports/quality/planning-retrieval-v2-20261002/deployment/final-release-r3/platform-deployment.log", "reports/quality/planning-retrieval-v2-20261002/deployment/final-release-r3/web-build.log", "reports/quality/planning-retrieval-v2-20261002/deployment/final-runtime-predeployment.json", "reports/quality/planning-retrieval-v2-20261002/deployment/final/activation_r5.py", "reports/quality/planning-retrieval-v2-20261002/deployment/final/archive-manifest.json", "reports/quality/planning-retrieval-v2-20261002/deployment/final/final-release-r4/manifest.json", "reports/quality/planning-retrieval-v2-20261002/deployment/final/final-release-r4/web-build.log", "reports/quality/planning-retrieval-v2-20261002/deployment/final/final-release-r5/ci-jobs.json", "reports/quality/planning-retrieval-v2-20261002/deployment/final/final-release-r5/ci-run.json", "reports/quality/planning-retrieval-v2-20261002/deployment/final/final-release-r5/deploy_runtime.py", "reports/quality/planning-retrieval-v2-20261002/deployment/final/final-release-r5/manifest.json", "reports/quality/planning-retrieval-v2-20261002/deployment/final/final-release-r5/platform-deployment.json", "reports/quality/planning-retrieval-v2-20261002/deployment/final/final-release-r5/platform-deployment.log", "reports/quality/planning-retrieval-v2-20261002/deployment/final/final-release-r5/release-tag.txt", "reports/quality/planning-retrieval-v2-20261002/deployment/final/final-release-r5/source-head.txt", "reports/quality/planning-retrieval-v2-20261002/deployment/final/final-release-r5/web-build.log", "reports/quality/planning-retrieval-v2-20261002/deployment/final/followup-scoped-candidate.json", "reports/quality/planning-retrieval-v2-20261002/deployment/final/immediate_baseline_r5.py", "reports/quality/planning-retrieval-v2-20261002/deployment/final/measure_r5_capacity.py", "reports/quality/planning-retrieval-v2-20261002/deployment/final/preflight_r5.py", "reports/quality/planning-retrieval-v2-20261002/deployment/final/prepare_release_r5.py", "reports/quality/planning-retrieval-v2-20261002/deployment/final/r5-measured-deployment-capacity.json", "reports/quality/planning-retrieval-v2-20261002/deployment/final/r5-publication-verification.json", "reports/quality/planning-retrieval-v2-20261002/deployment/final/r5-runtime-preactivation.json", "reports/quality/planning-retrieval-v2-20261002/deployment/final/r5-runtime-predeployment.json", "reports/quality/planning-retrieval-v2-20261002/deployment/final/subject-final-scoped-candidate.json", "reports/quality/planning-retrieval-v2-20261002/deployment/final/verify_runtime_r5.py", "reports/quality/planning-retrieval-v2-20261002/deployment/fix_mount_comparison.py", "reports/quality/planning-retrieval-v2-20261002/deployment/immediate-runtime-preactivation.json", "reports/quality/planning-retrieval-v2-20261002/deployment/immediate_baseline.py", "reports/quality/planning-retrieval-v2-20261002/deployment/initial-live-baseline.json", "reports/quality/planning-retrieval-v2-20261002/deployment/manifest.json", "reports/quality/planning-retrieval-v2-20261002/deployment/measured-deployment-capacity.json", "reports/quality/planning-retrieval-v2-20261002/deployment/preactivation-mount-order-failure.json", "reports/quality/planning-retrieval-v2-20261002/deployment/preflight-fixed-threshold-failure.json", "reports/quality/planning-retrieval-v2-20261002/deployment/preflight.py", "reports/quality/planning-retrieval-v2-20261002/deployment/prepare_release.py", "reports/quality/planning-retrieval-v2-20261002/deployment/prompt-final/activation_r7.py", "reports/quality/planning-retrieval-v2-20261002/deployment/prompt-final/archive-manifest.json", "reports/quality/planning-retrieval-v2-20261002/deployment/prompt-final/final-release-r7/ci-jobs.json", "reports/quality/planning-retrieval-v2-20261002/deployment/prompt-final/final-release-r7/ci-run.json", "reports/quality/planning-retrieval-v2-20261002/deployment/prompt-final/final-release-r7/deploy_runtime.py", "reports/quality/planning-retrieval-v2-20261002/deployment/prompt-final/final-release-r7/manifest.json", "reports/quality/planning-retrieval-v2-20261002/deployment/prompt-final/final-release-r7/platform-deployment.json", "reports/quality/planning-retrieval-v2-20261002/deployment/prompt-final/final-release-r7/platform-deployment.log", "reports/quality/planning-retrieval-v2-20261002/deployment/prompt-final/final-release-r7/release-tag.txt", "reports/quality/planning-retrieval-v2-20261002/deployment/prompt-final/final-release-r7/source-head.txt", "reports/quality/planning-retrieval-v2-20261002/deployment/prompt-final/final-release-r7/web-build.log", "reports/quality/planning-retrieval-v2-20261002/deployment/prompt-final/followup-scoped-candidate.json", "reports/quality/planning-retrieval-v2-20261002/deployment/prompt-final/immediate_baseline_r7.py", "reports/quality/planning-retrieval-v2-20261002/deployment/prompt-final/measure_r7_capacity.py", "reports/quality/planning-retrieval-v2-20261002/deployment/prompt-final/preflight_r7.py", "reports/quality/planning-retrieval-v2-20261002/deployment/prompt-final/prepare_release_r7.py", "reports/quality/planning-retrieval-v2-20261002/deployment/prompt-final/prompt-final-scoped-candidate.json", "reports/quality/planning-retrieval-v2-20261002/deployment/prompt-final/r7-measured-deployment-capacity.json", "reports/quality/planning-retrieval-v2-20261002/deployment/prompt-final/r7-publication-verification.json", "reports/quality/planning-retrieval-v2-20261002/deployment/prompt-final/r7-runtime-preactivation.json", "reports/quality/planning-retrieval-v2-20261002/deployment/prompt-final/r7-runtime-predeployment.json", "reports/quality/planning-retrieval-v2-20261002/deployment/prompt-final/subject-final-scoped-candidate.json", "reports/quality/planning-retrieval-v2-20261002/deployment/prompt-final/verify_runtime_r7.py", "reports/quality/planning-retrieval-v2-20261002/deployment/verify_runtime.py", "reports/quality/planning-retrieval-v2-20261002/evaluation/README.md", "reports/quality/planning-retrieval-v2-20261002/evaluation/archive-manifest.json", "reports/quality/planning-retrieval-v2-20261002/evaluation/first-run/evaluator-source.py", "reports/quality/planning-retrieval-v2-20261002/evaluation/first-run/freeze.json", "reports/quality/planning-retrieval-v2-20261002/evaluation/first-run/implementation-source.json", "reports/quality/planning-retrieval-v2-20261002/evaluation/first-run/provider.json", "reports/quality/planning-retrieval-v2-20261002/evaluation/first-run/records/v01.json", "reports/quality/planning-retrieval-v2-20261002/evaluation/first-run/records/v02.json", "reports/quality/planning-retrieval-v2-20261002/evaluation/first-run/records/v03.json", "reports/quality/planning-retrieval-v2-20261002/evaluation/first-run/records/v04.json", "reports/quality/planning-retrieval-v2-20261002/evaluation/first-run/records/v05.json", "reports/quality/planning-retrieval-v2-20261002/evaluation/first-run/records/v06.json", "reports/quality/planning-retrieval-v2-20261002/evaluation/first-run/records/v07.json", "reports/quality/planning-retrieval-v2-20261002/evaluation/first-run/records/v08.json", "reports/quality/planning-retrieval-v2-20261002/evaluation/first-run/records/v09.json", "reports/quality/planning-retrieval-v2-20261002/evaluation/first-run/records/v10.json", "reports/quality/planning-retrieval-v2-20261002/evaluation/first-run/records/v11.json", "reports/quality/planning-retrieval-v2-20261002/evaluation/first-run/records/v12.json", "reports/quality/planning-retrieval-v2-20261002/evaluation/first-run/records/v13.json", "reports/quality/planning-retrieval-v2-20261002/evaluation/first-run/records/v14.json", "reports/quality/planning-retrieval-v2-20261002/evaluation/first-run/records/v15.json", "reports/quality/planning-retrieval-v2-20261002/evaluation/first-run/records/v16.json", "reports/quality/planning-retrieval-v2-20261002/evaluation/first-run/records/v17.json", "reports/quality/planning-retrieval-v2-20261002/evaluation/first-run/records/v18.json", "reports/quality/planning-retrieval-v2-20261002/evaluation/first-run/records/v19.json", "reports/quality/planning-retrieval-v2-20261002/evaluation/first-run/records/v20.json", "reports/quality/planning-retrieval-v2-20261002/evaluation/first-run/records/v21.json", "reports/quality/planning-retrieval-v2-20261002/evaluation/first-run/records/v22.json", "reports/quality/planning-retrieval-v2-20261002/evaluation/first-run/records/v23.json", "reports/quality/planning-retrieval-v2-20261002/evaluation/first-run/records/v24.json", "reports/quality/planning-retrieval-v2-20261002/evaluation/first-run/report.json", "reports/quality/planning-retrieval-v2-20261002/evaluation/first-run/requests/v01.json", "reports/quality/planning-retrieval-v2-20261002/evaluation/first-run/requests/v02.json", "reports/quality/planning-retrieval-v2-20261002/evaluation/first-run/requests/v03.json", "reports/quality/planning-retrieval-v2-20261002/evaluation/first-run/requests/v04.json", "reports/quality/planning-retrieval-v2-20261002/evaluation/first-run/requests/v05.json", "reports/quality/planning-retrieval-v2-20261002/evaluation/first-run/requests/v06.json", "reports/quality/planning-retrieval-v2-20261002/evaluation/first-run/requests/v07.json", "reports/quality/planning-retrieval-v2-20261002/evaluation/first-run/requests/v08.json", "reports/quality/planning-retrieval-v2-20261002/evaluation/first-run/requests/v09.json", "reports/quality/planning-retrieval-v2-20261002/evaluation/first-run/requests/v10.json", "reports/quality/planning-retrieval-v2-20261002/evaluation/first-run/requests/v11.json", "reports/quality/planning-retrieval-v2-20261002/evaluation/first-run/requests/v12.json", "reports/quality/planning-retrieval-v2-20261002/evaluation/first-run/requests/v13.json", "reports/quality/planning-retrieval-v2-20261002/evaluation/first-run/requests/v14.json", "reports/quality/planning-retrieval-v2-20261002/evaluation/first-run/requests/v15.json", "reports/quality/planning-retrieval-v2-20261002/evaluation/first-run/requests/v16.json", "reports/quality/planning-retrieval-v2-20261002/evaluation/first-run/requests/v17.json", "reports/quality/planning-retrieval-v2-20261002/evaluation/first-run/requests/v18.json", "reports/quality/planning-retrieval-v2-20261002/evaluation/first-run/requests/v19.json", "reports/quality/planning-retrieval-v2-20261002/evaluation/first-run/requests/v20.json", "reports/quality/planning-retrieval-v2-20261002/evaluation/first-run/requests/v21.json", "reports/quality/planning-retrieval-v2-20261002/evaluation/first-run/requests/v22.json", "reports/quality/planning-retrieval-v2-20261002/evaluation/first-run/requests/v23.json", "reports/quality/planning-retrieval-v2-20261002/evaluation/first-run/requests/v24.json", "reports/quality/planning-retrieval-v2-20261002/evaluation/freeze/planning_retrieval_v2_manifest.json", "reports/quality/planning-retrieval-v2-20261002/evaluation/freeze/planning_retrieval_v2_private.json", "reports/quality/planning-retrieval-v2-20261002/evaluation/freeze/planning_retrieval_v2_public.json", "reports/quality/planning-retrieval-v2-20261002/evaluation/historical-arithmetic-diagnostic/diagnose_historical_arithmetic.py", "reports/quality/planning-retrieval-v2-20261002/evaluation/historical-arithmetic-diagnostic/python313.jsonl", "reports/quality/planning-retrieval-v2-20261002/evaluation/historical-arithmetic-diagnostic/python314.jsonl", "reports/quality/planning-retrieval-v2-20261002/evaluation/historical-arithmetic-diagnostic/receipt.json", "reports/quality/planning-retrieval-v2-20261002/evaluation/hybrid-first-run/implementation-source.json", "reports/quality/planning-retrieval-v2-20261002/evaluation/hybrid-first-run/provenance.json", "reports/quality/planning-retrieval-v2-20261002/evaluation/hybrid-first-run/records/v01.json", "reports/quality/planning-retrieval-v2-20261002/evaluation/hybrid-first-run/records/v02.json", "reports/quality/planning-retrieval-v2-20261002/evaluation/hybrid-first-run/records/v03.json", "reports/quality/planning-retrieval-v2-20261002/evaluation/hybrid-first-run/records/v04.json", "reports/quality/planning-retrieval-v2-20261002/evaluation/hybrid-first-run/records/v05.json", "reports/quality/planning-retrieval-v2-20261002/evaluation/hybrid-first-run/records/v06.json", "reports/quality/planning-retrieval-v2-20261002/evaluation/hybrid-first-run/records/v07.json", "reports/quality/planning-retrieval-v2-20261002/evaluation/hybrid-first-run/records/v08.json", "reports/quality/planning-retrieval-v2-20261002/evaluation/hybrid-first-run/records/v09.json", "reports/quality/planning-retrieval-v2-20261002/evaluation/hybrid-first-run/records/v10.json", "reports/quality/planning-retrieval-v2-20261002/evaluation/hybrid-first-run/records/v11.json", "reports/quality/planning-retrieval-v2-20261002/evaluation/hybrid-first-run/records/v12.json", "reports/quality/planning-retrieval-v2-20261002/evaluation/hybrid-first-run/records/v13.json", "reports/quality/planning-retrieval-v2-20261002/evaluation/hybrid-first-run/records/v14.json", "reports/quality/planning-retrieval-v2-20261002/evaluation/hybrid-first-run/records/v15.json", "reports/quality/planning-retrieval-v2-20261002/evaluation/hybrid-first-run/records/v16.json", "reports/quality/planning-retrieval-v2-20261002/evaluation/hybrid-first-run/records/v17.json", "reports/quality/planning-retrieval-v2-20261002/evaluation/hybrid-first-run/records/v18.json", "reports/quality/planning-retrieval-v2-20261002/evaluation/hybrid-first-run/records/v19.json", "reports/quality/planning-retrieval-v2-20261002/evaluation/hybrid-first-run/records/v20.json", "reports/quality/planning-retrieval-v2-20261002/evaluation/hybrid-first-run/records/v21.json", "reports/quality/planning-retrieval-v2-20261002/evaluation/hybrid-first-run/records/v22.json", "reports/quality/planning-retrieval-v2-20261002/evaluation/hybrid-first-run/records/v23.json", "reports/quality/planning-retrieval-v2-20261002/evaluation/hybrid-first-run/records/v24.json", "reports/quality/planning-retrieval-v2-20261002/evaluation/hybrid-first-run/report.json", "reports/quality/planning-retrieval-v2-20261002/evaluation/original-source/analyzer/README.md", "reports/quality/planning-retrieval-v2-20261002/evaluation/original-source/analyzer/__init__.py", "reports/quality/planning-retrieval-v2-20261002/evaluation/original-source/analyzer/config.example.toml", "reports/quality/planning-retrieval-v2-20261002/evaluation/original-source/analyzer/mini_drop_analyzer/__init__.py", "reports/quality/planning-retrieval-v2-20261002/evaluation/original-source/analyzer/mini_drop_analyzer/hotmethod_analyzer.py", "reports/quality/planning-retrieval-v2-20261002/evaluation/original-source/analyzer/mini_drop_analyzer/pprof_analyzer.py", "reports/quality/planning-retrieval-v2-20261002/evaluation/original-source/analyzer/mini_drop_analyzer/profile.proto", "reports/quality/planning-retrieval-v2-20261002/evaluation/original-source/analyzer/mini_drop_analyzer/profile_pb2.py", "reports/quality/planning-retrieval-v2-20261002/evaluation/original-source/analyzer/mini_drop_analyzer/pyspy_analyzer.py", "reports/quality/planning-retrieval-v2-20261002/evaluation/original-source/analyzer/scripts/README.md", "reports/quality/planning-retrieval-v2-20261002/evaluation/original-source/analyzer/scripts/cddl1.txt", "reports/quality/planning-retrieval-v2-20261002/evaluation/original-source/analyzer/scripts/flamegraph.pl", "reports/quality/planning-retrieval-v2-20261002/evaluation/original-source/analyzer/scripts/stackcollapse-perf.pl", "reports/quality/planning-retrieval-v2-20261002/evaluation/original-source/benchmarks/diagnosis-v2/manifest.json", "reports/quality/planning-retrieval-v2-20261002/evaluation/original-source/benchmarks/diagnosis-v2/private/oracles.json", "reports/quality/planning-retrieval-v2-20261002/evaluation/original-source/benchmarks/diagnosis-v2/public/cases.json", "reports/quality/planning-retrieval-v2-20261002/evaluation/original-source/benchmarks/diagnosis-v2/sources.json", "reports/quality/planning-retrieval-v2-20261002/evaluation/original-source/benchmarks/evaluation-suite/dataset.json", "reports/quality/planning-retrieval-v2-20261002/evaluation/original-source/benchmarks/evaluation-suite/dataset.xlsx", "reports/quality/planning-retrieval-v2-20261002/evaluation/original-source/benchmarks/retrieval/heldout_20261002_frozen_inputs.json", "reports/quality/planning-retrieval-v2-20261002/evaluation/original-source/benchmarks/retrieval/heldout_20261002_manifest.json", "reports/quality/planning-retrieval-v2-20261002/evaluation/original-source/benchmarks/retrieval/heldout_20261002_private.json", "reports/quality/planning-retrieval-v2-20261002/evaluation/original-source/benchmarks/retrieval/heldout_20261002_public.json", "reports/quality/planning-retrieval-v2-20261002/evaluation/original-source/benchmarks/retrieval/planning_retrieval_v2_manifest.json", "reports/quality/planning-retrieval-v2-20261002/evaluation/original-source/benchmarks/retrieval/planning_retrieval_v2_private.json", "reports/quality/planning-retrieval-v2-20261002/evaluation/original-source/benchmarks/retrieval/planning_retrieval_v2_public.json", "reports/quality/planning-retrieval-v2-20261002/evaluation/original-source/benchmarks/retrieval/sre_queries.json", "reports/quality/planning-retrieval-v2-20261002/evaluation/original-source/benchmarks/root-cause-v1/manifest.json", "reports/quality/planning-retrieval-v2-20261002/evaluation/original-source/benchmarks/root-cause-v1/private/oracles.json", "reports/quality/planning-retrieval-v2-20261002/evaluation/original-source/benchmarks/root-cause-v1/public/cases.json", "reports/quality/planning-retrieval-v2-20261002/evaluation/original-source/contracts/business_test_plan.json", "reports/quality/planning-retrieval-v2-20261002/evaluation/original-source/contracts/engineering_cases.json", "reports/quality/planning-retrieval-v2-20261002/evaluation/original-source/contracts/engineering_diagnosis.json", "reports/quality/planning-retrieval-v2-20261002/evaluation/original-source/contracts/error-codes.json", "reports/quality/planning-retrieval-v2-20261002/evaluation/original-source/contracts/interview_delivery.json", "reports/quality/planning-retrieval-v2-20261002/evaluation/original-source/contracts/performance_audit.json", "reports/quality/planning-retrieval-v2-20261002/evaluation/original-source/contracts/quality_plan.json", "reports/quality/planning-retrieval-v2-20261002/evaluation/original-source/contracts/task-statuses.json", "reports/quality/planning-retrieval-v2-20261002/evaluation/original-source/contracts/taskkinds.json", "reports/quality/planning-retrieval-v2-20261002/evaluation/original-source/knowledge/agent_experiments.md", "reports/quality/planning-retrieval-v2-20261002/evaluation/original-source/knowledge/agent_tool_governance.md", "reports/quality/planning-retrieval-v2-20261002/evaluation/original-source/knowledge/catalog.json", "reports/quality/planning-retrieval-v2-20261002/evaluation/original-source/knowledge/cgroup_cpu.md", "reports/quality/planning-retrieval-v2-20261002/evaluation/original-source/knowledge/distributed_attribution.md", "reports/quality/planning-retrieval-v2-20261002/evaluation/original-source/knowledge/go_profiles.md", "reports/quality/planning-retrieval-v2-20261002/evaluation/original-source/knowledge/jvm_gc.md", "reports/quality/planning-retrieval-v2-20261002/evaluation/original-source/knowledge/latency_measurement.md", "reports/quality/planning-retrieval-v2-20261002/evaluation/original-source/knowledge/linux_cpu.md", "reports/quality/planning-retrieval-v2-20261002/evaluation/original-source/knowledge/linux_iowait.md", "reports/quality/planning-retrieval-v2-20261002/evaluation/original-source/knowledge/linux_memory.md", "reports/quality/planning-retrieval-v2-20261002/evaluation/original-source/knowledge/memory_pressure.md", "reports/quality/planning-retrieval-v2-20261002/evaluation/original-source/knowledge/mysql_lock_wait.md", "reports/quality/planning-retrieval-v2-20261002/evaluation/original-source/knowledge/postgres_waits.md", "reports/quality/planning-retrieval-v2-20261002/evaluation/original-source/knowledge/python_sampling.md", "reports/quality/planning-retrieval-v2-20261002/evaluation/original-source/knowledge/rag_quality.md", "reports/quality/planning-retrieval-v2-20261002/evaluation/original-source/knowledge/sre_recovery.md", "reports/quality/planning-retrieval-v2-20261002/evaluation/original-source/knowledge/tcp_retransmit.md", "reports/quality/planning-retrieval-v2-20261002/evaluation/original-source/scripts/audit_fault_plaza_failures.py", "reports/quality/planning-retrieval-v2-20261002/evaluation/original-source/scripts/benchmark_profile_aggregation.py", "reports/quality/planning-retrieval-v2-20261002/evaluation/original-source/scripts/bootstrap_object_store.py", "reports/quality/planning-retrieval-v2-20261002/evaluation/original-source/scripts/build_agi_saber_ingest_patch.py", "reports/quality/planning-retrieval-v2-20261002/evaluation/original-source/scripts/build_ai_diagnosis_test_report_docx.py", "reports/quality/planning-retrieval-v2-20261002/evaluation/original-source/scripts/build_business_acceptance_view.py", "reports/quality/planning-retrieval-v2-20261002/evaluation/original-source/scripts/build_engineering_case_index.py", "reports/quality/planning-retrieval-v2-20261002/evaluation/original-source/scripts/build_engineering_diagnosis.py", "reports/quality/planning-retrieval-v2-20261002/evaluation/original-source/scripts/build_fault_plaza_acceptance_index.py", "reports/quality/planning-retrieval-v2-20261002/evaluation/original-source/scripts/build_interview_delivery.py", "reports/quality/planning-retrieval-v2-20261002/evaluation/original-source/scripts/build_knowledge_index.py", "reports/quality/planning-retrieval-v2-20261002/evaluation/original-source/scripts/build_performance_audit.py", "reports/quality/planning-retrieval-v2-20261002/evaluation/original-source/scripts/capture_learning_guide_screenshots.py", "reports/quality/planning-retrieval-v2-20261002/evaluation/original-source/scripts/check_business_test_plan.py", "reports/quality/planning-retrieval-v2-20261002/evaluation/original-source/scripts/check_openapi_routes.py", "reports/quality/planning-retrieval-v2-20261002/evaluation/original-source/scripts/check_web_bundle.mjs", "reports/quality/planning-retrieval-v2-20261002/evaluation/original-source/scripts/check_worker_compatibility.py", "reports/quality/planning-retrieval-v2-20261002/evaluation/original-source/scripts/engineering_profile_observation.py", "reports/quality/planning-retrieval-v2-20261002/evaluation/original-source/scripts/evaluate_engineering_diagnosis.py", "reports/quality/planning-retrieval-v2-20261002/evaluation/original-source/scripts/evaluate_heldout_diagnosis.py", "reports/quality/planning-retrieval-v2-20261002/evaluation/original-source/scripts/evaluate_performance_localization.py", "reports/quality/planning-retrieval-v2-20261002/evaluation/original-source/scripts/evaluate_planning_retrieval_v2.py", "reports/quality/planning-retrieval-v2-20261002/evaluation/original-source/scripts/evaluate_same_load_business_fix.py", "reports/quality/planning-retrieval-v2-20261002/evaluation/original-source/scripts/evaluate_sre_retrieval.py", "reports/quality/planning-retrieval-v2-20261002/evaluation/original-source/scripts/generate_business_contracts.py", "reports/quality/planning-retrieval-v2-20261002/evaluation/original-source/scripts/generate_cancellation_contract.py", "reports/quality/planning-retrieval-v2-20261002/evaluation/original-source/scripts/generate_diagnosis_benchmark_v2.py", "reports/quality/planning-retrieval-v2-20261002/evaluation/original-source/scripts/generate_error_code_contracts.py", "reports/quality/planning-retrieval-v2-20261002/evaluation/original-source/scripts/generate_learning_guide_file_index.py", "reports/quality/planning-retrieval-v2-20261002/evaluation/original-source/scripts/generate_root_cause_benchmark.py", "reports/quality/planning-retrieval-v2-20261002/evaluation/original-source/scripts/generate_service_request_contract.py", "reports/quality/planning-retrieval-v2-20261002/evaluation/original-source/scripts/generate_status_contracts.py", "reports/quality/planning-retrieval-v2-20261002/evaluation/original-source/scripts/generate_taskkind_contracts.py", "reports/quality/planning-retrieval-v2-20261002/evaluation/original-source/scripts/inspect_cloud_python_sampling.py", "reports/quality/planning-retrieval-v2-20261002/evaluation/original-source/scripts/local_sre.ps1", "reports/quality/planning-retrieval-v2-20261002/evaluation/original-source/scripts/package_skill_evolution_delivery.py", "reports/quality/planning-retrieval-v2-20261002/evaluation/original-source/scripts/package_sre_release.py", "reports/quality/planning-retrieval-v2-20261002/evaluation/original-source/scripts/prepare-control-ssh.ps1", "reports/quality/planning-retrieval-v2-20261002/evaluation/original-source/scripts/process_resource_monitor.py", "reports/quality/planning-retrieval-v2-20261002/evaluation/original-source/scripts/release_knowledge_cloud.py", "reports/quality/planning-retrieval-v2-20261002/evaluation/original-source/scripts/release_sre_cloud.py", "reports/quality/planning-retrieval-v2-20261002/evaluation/original-source/scripts/render_actual_rag_acceptance.py", "reports/quality/planning-retrieval-v2-20261002/evaluation/original-source/scripts/render_business_acceptance.py", "reports/quality/planning-retrieval-v2-20261002/evaluation/original-source/scripts/render_fault_plaza_acceptance.py", "reports/quality/planning-retrieval-v2-20261002/evaluation/original-source/scripts/render_learning_guide.py", "reports/quality/planning-retrieval-v2-20261002/evaluation/original-source/scripts/render_load_report.py", "reports/quality/planning-retrieval-v2-20261002/evaluation/original-source/scripts/reproduce_parallel_timing_defect.py", "reports/quality/planning-retrieval-v2-20261002/evaluation/original-source/scripts/run_actual_rag_acceptance.py", "reports/quality/planning-retrieval-v2-20261002/evaluation/original-source/scripts/run_business_acceptance.py", "reports/quality/planning-retrieval-v2-20261002/evaluation/original-source/scripts/run_diagnosis_benchmark_v2.py", "reports/quality/planning-retrieval-v2-20261002/evaluation/original-source/scripts/run_distributed_endurance.py", "reports/quality/planning-retrieval-v2-20261002/evaluation/original-source/scripts/run_dual_format_benchmark.py", "reports/quality/planning-retrieval-v2-20261002/evaluation/original-source/scripts/run_engineering_diagnosis_acceptance.py", "reports/quality/planning-retrieval-v2-20261002/evaluation/original-source/scripts/run_fault_plaza_closure_campaign.py", "reports/quality/planning-retrieval-v2-20261002/evaluation/original-source/scripts/run_fault_plaza_strict_acceptance.py", "reports/quality/planning-retrieval-v2-20261002/evaluation/original-source/scripts/run_live_skill_ab_campaign.py", "reports/quality/planning-retrieval-v2-20261002/evaluation/original-source/scripts/run_load_endurance.py", "reports/quality/planning-retrieval-v2-20261002/evaluation/original-source/scripts/run_multi_cloud_acceptance.py", "reports/quality/planning-retrieval-v2-20261002/evaluation/original-source/scripts/run_quality_gate.py", "reports/quality/planning-retrieval-v2-20261002/evaluation/original-source/scripts/run_root_cause_benchmark.py", "reports/quality/planning-retrieval-v2-20261002/evaluation/original-source/scripts/run_scaled_skill_ab.py", "reports/quality/planning-retrieval-v2-20261002/evaluation/original-source/scripts/same_load_rag_fix_fixture.py", "reports/quality/planning-retrieval-v2-20261002/evaluation/original-source/scripts/setup_local_sre.py", "reports/quality/planning-retrieval-v2-20261002/evaluation/original-source/scripts/start_demo_wsl.ps1", "reports/quality/planning-retrieval-v2-20261002/evaluation/original-source/scripts/verify_actual_rag_search.py", "reports/quality/planning-retrieval-v2-20261002/evaluation/original-source/scripts/verify_backup_restore.py", "reports/quality/planning-retrieval-v2-20261002/evaluation/original-source/scripts/verify_backup_restore.sh", "reports/quality/planning-retrieval-v2-20261002/evaluation/original-source/scripts/verify_clean_stack.py", "reports/quality/planning-retrieval-v2-20261002/evaluation/original-source/scripts/verify_cloud_sre.py", "reports/quality/planning-retrieval-v2-20261002/evaluation/original-source/scripts/verify_cloud_sre_browser.py", "reports/quality/planning-retrieval-v2-20261002/evaluation/original-source/scripts/verify_external_acceptance.sh", "reports/quality/planning-retrieval-v2-20261002/evaluation/original-source/scripts/verify_fault_plaza_runtime_smoke.py", "reports/quality/planning-retrieval-v2-20261002/evaluation/original-source/scripts/verify_final_ui_acceptance.mjs", "reports/quality/planning-retrieval-v2-20261002/evaluation/original-source/scripts/verify_frontend_workbench.mjs", "reports/quality/planning-retrieval-v2-20261002/evaluation/original-source/scripts/verify_go_io_window.py", "reports/quality/planning-retrieval-v2-20261002/evaluation/original-source/scripts/verify_historical_heldout.py", "reports/quality/planning-retrieval-v2-20261002/evaluation/original-source/scripts/verify_hotspot_controls.py", "reports/quality/planning-retrieval-v2-20261002/evaluation/original-source/scripts/verify_interview_demo.py", "reports/quality/planning-retrieval-v2-20261002/evaluation/original-source/scripts/verify_lats_replay_showcase.py", "reports/quality/planning-retrieval-v2-20261002/evaluation/original-source/scripts/verify_load_report.py", "reports/quality/planning-retrieval-v2-20261002/evaluation/original-source/scripts/verify_local_sre.py", "reports/quality/planning-retrieval-v2-20261002/evaluation/original-source/scripts/verify_local_sre_browser.mjs", "reports/quality/planning-retrieval-v2-20261002/evaluation/original-source/scripts/verify_multi_replica.sh", "reports/quality/planning-retrieval-v2-20261002/evaluation/original-source/scripts/verify_native_ebpf.sh", "reports/quality/planning-retrieval-v2-20261002/evaluation/original-source/scripts/verify_perf_source_toolchain.py", "reports/quality/planning-retrieval-v2-20261002/evaluation/original-source/scripts/verify_priority_collectors.py", "reports/quality/planning-retrieval-v2-20261002/evaluation/original-source/scripts/verify_report_presentation_ui.mjs", "reports/quality/planning-retrieval-v2-20261002/evaluation/original-source/scripts/verify_runtime_observation_controls.py", "reports/quality/planning-retrieval-v2-20261002/evaluation/original-source/scripts/verify_semantic_retrieval.py", "reports/quality/planning-retrieval-v2-20261002/evaluation/original-source/server/README.md", "reports/quality/planning-retrieval-v2-20261002/evaluation/original-source/server/__init__.py", "reports/quality/planning-retrieval-v2-20261002/evaluation/original-source/server/app/__init__.py", "reports/quality/planning-retrieval-v2-20261002/evaluation/original-source/server/app/_env.py", "reports/quality/planning-retrieval-v2-20261002/evaluation/original-source/server/app/agent_runtime/__init__.py", "reports/quality/planning-retrieval-v2-20261002/evaluation/original-source/server/app/agent_runtime/chroma_http.py", "reports/quality/planning-retrieval-v2-20261002/evaluation/original-source/server/app/agent_runtime/context.py", "reports/quality/planning-retrieval-v2-20261002/evaluation/original-source/server/app/agent_runtime/deadlines.py", "reports/quality/planning-retrieval-v2-20261002/evaluation/original-source/server/app/agent_runtime/grafana_observations.py", "reports/quality/planning-retrieval-v2-20261002/evaluation/original-source/server/app/agent_runtime/harness.py", "reports/quality/planning-retrieval-v2-20261002/evaluation/original-source/server/app/agent_runtime/incident_memory.py", "reports/quality/planning-retrieval-v2-20261002/evaluation/original-source/server/app/agent_runtime/investigation_strategy.py", "reports/quality/planning-retrieval-v2-20261002/evaluation/original-source/server/app/agent_runtime/memory.py", "reports/quality/planning-retrieval-v2-20261002/evaluation/original-source/server/app/agent_runtime/model_factory.py", "reports/quality/planning-retrieval-v2-20261002/evaluation/original-source/server/app/agent_runtime/planning_output.py", "reports/quality/planning-retrieval-v2-20261002/evaluation/original-source/server/app/agent_runtime/relevance.py", "reports/quality/planning-retrieval-v2-20261002/evaluation/original-source/server/app/agent_runtime/retrieval.py", "reports/quality/planning-retrieval-v2-20261002/evaluation/original-source/server/app/agent_runtime/runtime.py", "reports/quality/planning-retrieval-v2-20261002/evaluation/original-source/server/app/agent_runtime/semantic_retrieval.py", "reports/quality/planning-retrieval-v2-20261002/evaluation/original-source/server/app/agent_runtime/themes.py", "reports/quality/planning-retrieval-v2-20261002/evaluation/original-source/server/app/ai_provider.py", "reports/quality/planning-retrieval-v2-20261002/evaluation/original-source/server/app/analysis_jobs.py", "reports/quality/planning-retrieval-v2-20261002/evaluation/original-source/server/app/analyzer_runner.py", "reports/quality/planning-retrieval-v2-20261002/evaluation/original-source/server/app/artifact_contracts.py", "reports/quality/planning-retrieval-v2-20261002/evaluation/original-source/server/app/artifact_integrity.py", "reports/quality/planning-retrieval-v2-20261002/evaluation/original-source/server/app/artifact_lifecycle.py", "reports/quality/planning-retrieval-v2-20261002/evaluation/original-source/server/app/common_utils.py", "reports/quality/planning-retrieval-v2-20261002/evaluation/original-source/server/app/database.py", "reports/quality/planning-retrieval-v2-20261002/evaluation/original-source/server/app/diagnosis_worker.py", "reports/quality/planning-retrieval-v2-20261002/evaluation/original-source/server/app/diagnostic_ai_rpc.py", "reports/quality/planning-retrieval-v2-20261002/evaluation/original-source/server/app/drop_insight/__init__.py", "reports/quality/planning-retrieval-v2-20261002/evaluation/original-source/server/app/drop_insight/adaptive_planner.py", "reports/quality/planning-retrieval-v2-20261002/evaluation/original-source/server/app/drop_insight/artifact_evidence.py", "reports/quality/planning-retrieval-v2-20261002/evaluation/original-source/server/app/drop_insight/benchmark_v2.py", "reports/quality/planning-retrieval-v2-20261002/evaluation/original-source/server/app/drop_insight/bottleneck_localization.py", "reports/quality/planning-retrieval-v2-20261002/evaluation/original-source/server/app/drop_insight/builtin_skills.py", "reports/quality/planning-retrieval-v2-20261002/evaluation/original-source/server/app/drop_insight/business_acceptance.py", "reports/quality/planning-retrieval-v2-20261002/evaluation/original-source/server/app/drop_insight/business_observations.py", "reports/quality/planning-retrieval-v2-20261002/evaluation/original-source/server/app/drop_insight/business_showcase.py", "reports/quality/planning-retrieval-v2-20261002/evaluation/original-source/server/app/drop_insight/campaign_matrix.py", "reports/quality/planning-retrieval-v2-20261002/evaluation/original-source/server/app/drop_insight/claim_verifier.py", "reports/quality/planning-retrieval-v2-20261002/evaluation/original-source/server/app/drop_insight/cpu_criteria.py", "reports/quality/planning-retrieval-v2-20261002/evaluation/original-source/server/app/drop_insight/diagnosis_agent.py", "reports/quality/planning-retrieval-v2-20261002/evaluation/original-source/server/app/drop_insight/event_store.py", "reports/quality/planning-retrieval-v2-20261002/evaluation/original-source/server/app/drop_insight/evidence.py", "reports/quality/planning-retrieval-v2-20261002/evaluation/original-source/server/app/drop_insight/exploration_tree.py", "reports/quality/planning-retrieval-v2-20261002/evaluation/original-source/server/app/drop_insight/fault_acceptance.py", "reports/quality/planning-retrieval-v2-20261002/evaluation/original-source/server/app/drop_insight/fault_plaza.py", "reports/quality/planning-retrieval-v2-20261002/evaluation/original-source/server/app/drop_insight/fix_verification.py", "reports/quality/planning-retrieval-v2-20261002/evaluation/original-source/server/app/drop_insight/frozen_replay_showcase.py", "reports/quality/planning-retrieval-v2-20261002/evaluation/original-source/server/app/drop_insight/health_assessment.py", "reports/quality/planning-retrieval-v2-20261002/evaluation/original-source/server/app/drop_insight/hypothesis_predicate.py", "reports/quality/planning-retrieval-v2-20261002/evaluation/original-source/server/app/drop_insight/lats.py", "reports/quality/planning-retrieval-v2-20261002/evaluation/original-source/server/app/drop_insight/managed_services.json", "reports/quality/planning-retrieval-v2-20261002/evaluation/original-source/server/app/drop_insight/managed_services.py", "reports/quality/planning-retrieval-v2-20261002/evaluation/original-source/server/app/drop_insight/observation_verifier.py", "reports/quality/planning-retrieval-v2-20261002/evaluation/original-source/server/app/drop_insight/operator_memory.py", "reports/quality/planning-retrieval-v2-20261002/evaluation/original-source/server/app/drop_insight/performance_criteria.py", "reports/quality/planning-retrieval-v2-20261002/evaluation/original-source/server/app/drop_insight/policy.py", "reports/quality/planning-retrieval-v2-20261002/evaluation/original-source/server/app/drop_insight/rcaeval_benchmark.py", "reports/quality/planning-retrieval-v2-20261002/evaluation/original-source/server/app/drop_insight/report_conclusion.py", "reports/quality/planning-retrieval-v2-20261002/evaluation/original-source/server/app/drop_insight/retrieval_benchmark.py", "reports/quality/planning-retrieval-v2-20261002/evaluation/original-source/server/app/drop_insight/root_cause_benchmark.py", "reports/quality/planning-retrieval-v2-20261002/evaluation/original-source/server/app/drop_insight/rounds.py", "reports/quality/planning-retrieval-v2-20261002/evaluation/original-source/server/app/drop_insight/scaled_skill_ab.py", "reports/quality/planning-retrieval-v2-20261002/evaluation/original-source/server/app/drop_insight/schemas.py", "reports/quality/planning-retrieval-v2-20261002/evaluation/original-source/server/app/drop_insight/service.py", "reports/quality/planning-retrieval-v2-20261002/evaluation/original-source/server/app/drop_insight/showcase.py", "reports/quality/planning-retrieval-v2-20261002/evaluation/original-source/server/app/drop_insight/signal_window_validation.py", "reports/quality/planning-retrieval-v2-20261002/evaluation/original-source/server/app/drop_insight/skill_benchmark.py", "reports/quality/planning-retrieval-v2-20261002/evaluation/original-source/server/app/drop_insight/skill_evolution.py", "reports/quality/planning-retrieval-v2-20261002/evaluation/original-source/server/app/drop_insight/skill_experiments.py", "reports/quality/planning-retrieval-v2-20261002/evaluation/original-source/server/app/drop_insight/source_mapper.py", "reports/quality/planning-retrieval-v2-20261002/evaluation/original-source/server/app/drop_insight/tools.py", "reports/quality/planning-retrieval-v2-20261002/evaluation/original-source/server/app/generated/.gitignore", "reports/quality/planning-retrieval-v2-20261002/evaluation/original-source/server/app/generated/__init__.py", "reports/quality/planning-retrieval-v2-20261002/evaluation/original-source/server/app/generated/diagnostic_ai_pb2.py", "reports/quality/planning-retrieval-v2-20261002/evaluation/original-source/server/app/generated/diagnostic_ai_pb2_grpc.py", "reports/quality/planning-retrieval-v2-20261002/evaluation/original-source/server/app/generated/error_code_contract.py", "reports/quality/planning-retrieval-v2-20261002/evaluation/original-source/server/app/generated/status_contract.py", "reports/quality/planning-retrieval-v2-20261002/evaluation/original-source/server/app/generated/taskkind_contract.py", "reports/quality/planning-retrieval-v2-20261002/evaluation/original-source/server/app/kernel_compatibility.py", "reports/quality/planning-retrieval-v2-20261002/evaluation/original-source/server/app/logging_utils.py", "reports/quality/planning-retrieval-v2-20261002/evaluation/original-source/server/app/metric_analyzers.py", "reports/quality/planning-retrieval-v2-20261002/evaluation/original-source/server/app/models.py", "reports/quality/planning-retrieval-v2-20261002/evaluation/original-source/server/app/outbox_dispatcher.py", "reports/quality/planning-retrieval-v2-20261002/evaluation/original-source/server/app/process_attestation.py", "reports/quality/planning-retrieval-v2-20261002/evaluation/original-source/server/app/repositories/agent_repo.py", "reports/quality/planning-retrieval-v2-20261002/evaluation/original-source/server/app/repositories/analysis_job_repo.py", "reports/quality/planning-retrieval-v2-20261002/evaluation/original-source/server/app/repositories/artifact_repo.py", "reports/quality/planning-retrieval-v2-20261002/evaluation/original-source/server/app/repositories/outbox_repo.py", "reports/quality/planning-retrieval-v2-20261002/evaluation/original-source/server/app/repositories/task_repo.py", "reports/quality/planning-retrieval-v2-20261002/evaluation/original-source/server/app/schemas.py", "reports/quality/planning-retrieval-v2-20261002/evaluation/original-source/server/app/sql_repository.py", "reports/quality/planning-retrieval-v2-20261002/evaluation/original-source/server/app/state_machine.py", "reports/quality/planning-retrieval-v2-20261002/evaluation/original-source/server/app/storage.py", "reports/quality/planning-retrieval-v2-20261002/evaluation/original-source/server/app/task_attempt_authority.py", "reports/quality/planning-retrieval-v2-20261002/evaluation/original-source/server/migrations/env.py", "reports/quality/planning-retrieval-v2-20261002/evaluation/original-source/server/migrations/script.py.mako", "reports/quality/planning-retrieval-v2-20261002/evaluation/original-source/server/migrations/versions/20260813_0012_legacy_adoption_marker.py", "reports/quality/planning-retrieval-v2-20261002/evaluation/original-source/server/migrations/versions/20260901_0001_current_baseline.py", "reports/quality/planning-retrieval-v2-20261002/evaluation/original-source/server/migrations/versions/20260901_0002_legacy_runtime_columns.py", "reports/quality/planning-retrieval-v2-20261002/evaluation/original-source/server/migrations/versions/20260901_0003_tool_call_terminal_timestamp.py", "reports/quality/planning-retrieval-v2-20261002/evaluation/original-source/server/migrations/versions/20260901_0004_legacy_runtime_constraints.py", "reports/quality/planning-retrieval-v2-20261002/evaluation/original-source/server/migrations/versions/20260901_0005_task_updated_at.py", "reports/quality/planning-retrieval-v2-20261002/evaluation/original-source/server/migrations/versions/20260901_0006_diagnosis_skill_policy.py", "reports/quality/planning-retrieval-v2-20261002/evaluation/original-source/server/migrations/versions/20260908_0007_experiments_and_operator_memory.py", "reports/quality/planning-retrieval-v2-20261002/evaluation/original-source/server/migrations/versions/20260910_0008_agent_latest_metrics.py", "reports/quality/planning-retrieval-v2-20261002/evaluation/receipts/deployed-corpus-raw-identity-r3.json", "reports/quality/planning-retrieval-v2-20261002/evaluation/receipts/diagnose_hybrid_doc_hash.py", "reports/quality/planning-retrieval-v2-20261002/evaluation/receipts/evaluation-clean-source-r3.json", "reports/quality/planning-retrieval-v2-20261002/evaluation/receipts/execution-completed-r3.json", "reports/quality/planning-retrieval-v2-20261002/evaluation/receipts/hybrid-first-run-r3.stderr.log", "reports/quality/planning-retrieval-v2-20261002/evaluation/receipts/hybrid-first-run-r3.stdout.log", "reports/quality/planning-retrieval-v2-20261002/evaluation/receipts/hybrid-independent-review-r3.json", "reports/quality/planning-retrieval-v2-20261002/evaluation/receipts/initial-hybrid-raw-identity-audit-failure.json", "reports/quality/planning-retrieval-v2-20261002/evaluation/receipts/inspect_remote_corpus_r3.py", "reports/quality/planning-retrieval-v2-20261002/evaluation/receipts/model-first-run-r3.stderr.log", "reports/quality/planning-retrieval-v2-20261002/evaluation/receipts/model-first-run-r3.stdout.log", "reports/quality/planning-retrieval-v2-20261002/evaluation/receipts/model-independent-review-r3.json", "reports/quality/planning-retrieval-v2-20261002/evaluation/receipts/model-verify-clean-r3.stderr.log", "reports/quality/planning-retrieval-v2-20261002/evaluation/receipts/model-verify-clean-r3.stdout.log", "reports/quality/planning-retrieval-v2-20261002/evaluation/receipts/preimplementation-freeze.json", "reports/quality/planning-retrieval-v2-20261002/evaluation/receipts/provider-budget-started-r3.json", "reports/quality/planning-retrieval-v2-20261002/evaluation/receipts/public-noanswer-boundary-findings.json", "reports/quality/planning-retrieval-v2-20261002/evaluation/receipts/source-receipt-preflight-r3.json", "reports/quality/planning-retrieval-v2-20261002/evaluation/receipts/verify_hybrid_receipts_r3.py", "reports/quality/planning-retrieval-v2-20261002/live/initial-task-counts/counts.json", "reports/quality/planning-retrieval-v2-20261002/live/initial-task-counts/manifest.json", "reports/quality/planning-retrieval-v2-20261002/live/initial/helpers/browser_planning_smoke.mjs", "reports/quality/planning-retrieval-v2-20261002/live/initial/helpers/browser_planning_smoke.py", "reports/quality/planning-retrieval-v2-20261002/live/initial/helpers/live_planning_smoke.py", "reports/quality/planning-retrieval-v2-20261002/live/initial/helpers/live_runtime_audit.py", "reports/quality/planning-retrieval-v2-20261002/live/initial/live-browser-r1/expected.json", "reports/quality/planning-retrieval-v2-20261002/live/initial/live-browser-r1/result.json", "reports/quality/planning-retrieval-v2-20261002/live/initial/live-browser-r2/current-engineering-1024.png", "reports/quality/planning-retrieval-v2-20261002/live/initial/live-browser-r2/current-engineering-1440.png", "reports/quality/planning-retrieval-v2-20261002/live/initial/live-browser-r2/current-engineering-375.png", "reports/quality/planning-retrieval-v2-20261002/live/initial/live-browser-r2/current-engineering-768.png", "reports/quality/planning-retrieval-v2-20261002/live/initial/live-browser-r2/expected.json", "reports/quality/planning-retrieval-v2-20261002/live/initial/live-browser-r2/missing-1024.png", "reports/quality/planning-retrieval-v2-20261002/live/initial/live-browser-r2/missing-1440.png", "reports/quality/planning-retrieval-v2-20261002/live/initial/live-browser-r2/missing-375.png", "reports/quality/planning-retrieval-v2-20261002/live/initial/live-browser-r2/missing-768.png", "reports/quality/planning-retrieval-v2-20261002/live/initial/live-browser-r2/rag-missing-1024.png", "reports/quality/planning-retrieval-v2-20261002/live/initial/live-browser-r2/rag-missing-1440.png", "reports/quality/planning-retrieval-v2-20261002/live/initial/live-browser-r2/rag-missing-375.png", "reports/quality/planning-retrieval-v2-20261002/live/initial/live-browser-r2/rag-missing-768.png", "reports/quality/planning-retrieval-v2-20261002/live/initial/live-browser-r2/rag-normal-1024.png", "reports/quality/planning-retrieval-v2-20261002/live/initial/live-browser-r2/rag-normal-1440.png", "reports/quality/planning-retrieval-v2-20261002/live/initial/live-browser-r2/rag-normal-375.png", "reports/quality/planning-retrieval-v2-20261002/live/initial/live-browser-r2/rag-normal-768.png", "reports/quality/planning-retrieval-v2-20261002/live/initial/live-browser-r2/rag-refused-1024.png", "reports/quality/planning-retrieval-v2-20261002/live/initial/live-browser-r2/rag-refused-1440.png", "reports/quality/planning-retrieval-v2-20261002/live/initial/live-browser-r2/rag-refused-375.png", "reports/quality/planning-retrieval-v2-20261002/live/initial/live-browser-r2/rag-refused-768.png", "reports/quality/planning-retrieval-v2-20261002/live/initial/live-browser-r2/refused-1024.png", "reports/quality/planning-retrieval-v2-20261002/live/initial/live-browser-r2/refused-1440.png", "reports/quality/planning-retrieval-v2-20261002/live/initial/live-browser-r2/refused-375.png", "reports/quality/planning-retrieval-v2-20261002/live/initial/live-browser-r2/refused-768.png", "reports/quality/planning-retrieval-v2-20261002/live/initial/live-browser-r2/result.json", "reports/quality/planning-retrieval-v2-20261002/live/initial/live-runtime-audit-r3.json", "reports/quality/planning-retrieval-v2-20261002/live/initial/live-smoke-r1/deployment-witness.json", "reports/quality/planning-retrieval-v2-20261002/live/initial/live-smoke-r1/missing/after-cleanup.json", "reports/quality/planning-retrieval-v2-20261002/live/initial/live-smoke-r1/missing/cleanup-cancellation.json", "reports/quality/planning-retrieval-v2-20261002/live/initial/live-smoke-r1/missing/created.json", "reports/quality/planning-retrieval-v2-20261002/live/initial/live-smoke-r1/missing/discovery.json", "reports/quality/planning-retrieval-v2-20261002/live/initial/live-smoke-r1/missing/request.json", "reports/quality/planning-retrieval-v2-20261002/live/initial/live-smoke-r1/missing/result.json", "reports/quality/planning-retrieval-v2-20261002/live/initial/live-smoke-r1/normal/after-cleanup.json", "reports/quality/planning-retrieval-v2-20261002/live/initial/live-smoke-r1/normal/cleanup-cancellation.json", "reports/quality/planning-retrieval-v2-20261002/live/initial/live-smoke-r1/normal/created.json", "reports/quality/planning-retrieval-v2-20261002/live/initial/live-smoke-r1/normal/discovery.json", "reports/quality/planning-retrieval-v2-20261002/live/initial/live-smoke-r1/normal/request.json", "reports/quality/planning-retrieval-v2-20261002/live/initial/live-smoke-r1/normal/result.json", "reports/quality/planning-retrieval-v2-20261002/live/initial/live-smoke-r1/refused/after-cleanup.json", "reports/quality/planning-retrieval-v2-20261002/live/initial/live-smoke-r1/refused/cleanup-cancellation.json", "reports/quality/planning-retrieval-v2-20261002/live/initial/live-smoke-r1/refused/created.json", "reports/quality/planning-retrieval-v2-20261002/live/initial/live-smoke-r1/refused/discovery.json", "reports/quality/planning-retrieval-v2-20261002/live/initial/live-smoke-r1/refused/request.json", "reports/quality/planning-retrieval-v2-20261002/live/initial/live-smoke-r1/refused/result.json", "reports/quality/planning-retrieval-v2-20261002/live/initial/live-smoke-r1/summary.json", "reports/quality/planning-retrieval-v2-20261002/live/initial/live-smoke-r2/deployment-witness.json", "reports/quality/planning-retrieval-v2-20261002/live/initial/live-smoke-r2/missing/request.json", "reports/quality/planning-retrieval-v2-20261002/live/initial/live-smoke-r2/missing/result.json", "reports/quality/planning-retrieval-v2-20261002/live/initial/live-smoke-r2/normal/request.json", "reports/quality/planning-retrieval-v2-20261002/live/initial/live-smoke-r2/normal/result.json", "reports/quality/planning-retrieval-v2-20261002/live/initial/live-smoke-r2/refused/request.json", "reports/quality/planning-retrieval-v2-20261002/live/initial/live-smoke-r2/refused/result.json", "reports/quality/planning-retrieval-v2-20261002/live/initial/live-smoke-r2/summary.json", "reports/quality/planning-retrieval-v2-20261002/live/initial/live-smoke-r2/target-inventory.json", "reports/quality/planning-retrieval-v2-20261002/live/initial/live-smoke-r3/deployment-witness.json", "reports/quality/planning-retrieval-v2-20261002/live/initial/live-smoke-r3/missing/binding-selection.json", "reports/quality/planning-retrieval-v2-20261002/live/initial/live-smoke-r3/missing/bound.json", "reports/quality/planning-retrieval-v2-20261002/live/initial/live-smoke-r3/missing/created.json", "reports/quality/planning-retrieval-v2-20261002/live/initial/live-smoke-r3/missing/discovery.json", "reports/quality/planning-retrieval-v2-20261002/live/initial/live-smoke-r3/missing/planner-response.json", "reports/quality/planning-retrieval-v2-20261002/live/initial/live-smoke-r3/missing/records.json", "reports/quality/planning-retrieval-v2-20261002/live/initial/live-smoke-r3/missing/request.json", "reports/quality/planning-retrieval-v2-20261002/live/initial/live-smoke-r3/missing/result.json", "reports/quality/planning-retrieval-v2-20261002/live/initial/live-smoke-r3/normal/after-cleanup.json", "reports/quality/planning-retrieval-v2-20261002/live/initial/live-smoke-r3/normal/binding-selection.json", "reports/quality/planning-retrieval-v2-20261002/live/initial/live-smoke-r3/normal/bound.json", "reports/quality/planning-retrieval-v2-20261002/live/initial/live-smoke-r3/normal/cleanup-cancellation.json", "reports/quality/planning-retrieval-v2-20261002/live/initial/live-smoke-r3/normal/created.json", "reports/quality/planning-retrieval-v2-20261002/live/initial/live-smoke-r3/normal/discovery.json", "reports/quality/planning-retrieval-v2-20261002/live/initial/live-smoke-r3/normal/planner-response.json", "reports/quality/planning-retrieval-v2-20261002/live/initial/live-smoke-r3/normal/progress-events.json", "reports/quality/planning-retrieval-v2-20261002/live/initial/live-smoke-r3/normal/records.json", "reports/quality/planning-retrieval-v2-20261002/live/initial/live-smoke-r3/normal/request.json", "reports/quality/planning-retrieval-v2-20261002/live/initial/live-smoke-r3/normal/result.json", "reports/quality/planning-retrieval-v2-20261002/live/initial/live-smoke-r3/refused/binding-selection.json", "reports/quality/planning-retrieval-v2-20261002/live/initial/live-smoke-r3/refused/bound.json", "reports/quality/planning-retrieval-v2-20261002/live/initial/live-smoke-r3/refused/created.json", "reports/quality/planning-retrieval-v2-20261002/live/initial/live-smoke-r3/refused/discovery.json", "reports/quality/planning-retrieval-v2-20261002/live/initial/live-smoke-r3/refused/planner-response.json", "reports/quality/planning-retrieval-v2-20261002/live/initial/live-smoke-r3/refused/records.json", "reports/quality/planning-retrieval-v2-20261002/live/initial/live-smoke-r3/refused/request.json", "reports/quality/planning-retrieval-v2-20261002/live/initial/live-smoke-r3/refused/result.json", "reports/quality/planning-retrieval-v2-20261002/live/initial/live-smoke-r3/summary.json", "reports/quality/planning-retrieval-v2-20261002/live/initial/live-smoke-r3/target-inventory.json", "reports/quality/planning-retrieval-v2-20261002/live/initial/live-target-inventory.json", "reports/quality/planning-retrieval-v2-20261002/live/initial/manifest.json", "reports/quality/planning-retrieval-v2-20261002/live/post-isolation/browser/current-engineering-1024.png", "reports/quality/planning-retrieval-v2-20261002/live/post-isolation/browser/current-engineering-1440.png", "reports/quality/planning-retrieval-v2-20261002/live/post-isolation/browser/current-engineering-375.png", "reports/quality/planning-retrieval-v2-20261002/live/post-isolation/browser/current-engineering-768.png", "reports/quality/planning-retrieval-v2-20261002/live/post-isolation/browser/expected.json", "reports/quality/planning-retrieval-v2-20261002/live/post-isolation/browser/missing-1024.png", "reports/quality/planning-retrieval-v2-20261002/live/post-isolation/browser/missing-1440.png", "reports/quality/planning-retrieval-v2-20261002/live/post-isolation/browser/missing-375.png", "reports/quality/planning-retrieval-v2-20261002/live/post-isolation/browser/missing-768.png", "reports/quality/planning-retrieval-v2-20261002/live/post-isolation/browser/rag-missing-1024.png", "reports/quality/planning-retrieval-v2-20261002/live/post-isolation/browser/rag-missing-1440.png", "reports/quality/planning-retrieval-v2-20261002/live/post-isolation/browser/rag-missing-375.png", "reports/quality/planning-retrieval-v2-20261002/live/post-isolation/browser/rag-missing-768.png", "reports/quality/planning-retrieval-v2-20261002/live/post-isolation/browser/rag-normal-1024.png", "reports/quality/planning-retrieval-v2-20261002/live/post-isolation/browser/rag-normal-1440.png", "reports/quality/planning-retrieval-v2-20261002/live/post-isolation/browser/rag-normal-375.png", "reports/quality/planning-retrieval-v2-20261002/live/post-isolation/browser/rag-normal-768.png", "reports/quality/planning-retrieval-v2-20261002/live/post-isolation/browser/rag-refused-1024.png", "reports/quality/planning-retrieval-v2-20261002/live/post-isolation/browser/rag-refused-1440.png", "reports/quality/planning-retrieval-v2-20261002/live/post-isolation/browser/rag-refused-375.png", "reports/quality/planning-retrieval-v2-20261002/live/post-isolation/browser/rag-refused-768.png", "reports/quality/planning-retrieval-v2-20261002/live/post-isolation/browser/refused-1024.png", "reports/quality/planning-retrieval-v2-20261002/live/post-isolation/browser/refused-1440.png", "reports/quality/planning-retrieval-v2-20261002/live/post-isolation/browser/refused-375.png", "reports/quality/planning-retrieval-v2-20261002/live/post-isolation/browser/refused-768.png", "reports/quality/planning-retrieval-v2-20261002/live/post-isolation/browser/result.json", "reports/quality/planning-retrieval-v2-20261002/live/post-isolation/checkpoint-audit.json", "reports/quality/planning-retrieval-v2-20261002/live/post-isolation/helpers/archive_post_isolation.py", "reports/quality/planning-retrieval-v2-20261002/live/post-isolation/helpers/attribute_normal_timeouts.py", "reports/quality/planning-retrieval-v2-20261002/live/post-isolation/helpers/browser_planning_smoke.mjs", "reports/quality/planning-retrieval-v2-20261002/live/post-isolation/helpers/browser_planning_smoke.py", "reports/quality/planning-retrieval-v2-20261002/live/post-isolation/helpers/live_planning_smoke.py", "reports/quality/planning-retrieval-v2-20261002/live/post-isolation/helpers/live_runtime_audit.py", "reports/quality/planning-retrieval-v2-20261002/live/post-isolation/helpers/verify_legacy_checkpoint_preservation.py", "reports/quality/planning-retrieval-v2-20261002/live/post-isolation/manifest.json", "reports/quality/planning-retrieval-v2-20261002/live/post-isolation/normal-smoke/deployment-witness.json", "reports/quality/planning-retrieval-v2-20261002/live/post-isolation/normal-smoke/normal/after-cleanup.json", "reports/quality/planning-retrieval-v2-20261002/live/post-isolation/normal-smoke/normal/binding-selection.json", "reports/quality/planning-retrieval-v2-20261002/live/post-isolation/normal-smoke/normal/bound.json", "reports/quality/planning-retrieval-v2-20261002/live/post-isolation/normal-smoke/normal/cleanup-cancellation.json", "reports/quality/planning-retrieval-v2-20261002/live/post-isolation/normal-smoke/normal/created.json", "reports/quality/planning-retrieval-v2-20261002/live/post-isolation/normal-smoke/normal/discovery.json", "reports/quality/planning-retrieval-v2-20261002/live/post-isolation/normal-smoke/normal/planner-response.json", "reports/quality/planning-retrieval-v2-20261002/live/post-isolation/normal-smoke/normal/records.json", "reports/quality/planning-retrieval-v2-20261002/live/post-isolation/normal-smoke/normal/request.json", "reports/quality/planning-retrieval-v2-20261002/live/post-isolation/normal-smoke/normal/result.json", "reports/quality/planning-retrieval-v2-20261002/live/post-isolation/normal-smoke/persisted-task-counts.json", "reports/quality/planning-retrieval-v2-20261002/live/post-isolation/normal-smoke/summary.json", "reports/quality/planning-retrieval-v2-20261002/live/post-isolation/normal-smoke/target-inventory.json", "reports/quality/planning-retrieval-v2-20261002/live/post-isolation/old-checkpoints-preserved.json", "reports/quality/planning-retrieval-v2-20261002/live/post-isolation/publication-verification.json", "reports/quality/planning-retrieval-v2-20261002/live/post-isolation/release-manifest.json", "reports/quality/planning-retrieval-v2-20261002/live/post-isolation/source-pins.json", "reports/quality/planning-retrieval-v2-20261002/live/post-isolation/timeout-attribution-raw.json", "reports/quality/planning-retrieval-v2-20261002/live/post-isolation/timeout-attribution.json", "reports/quality/planning-retrieval-v2-20261002/live/post-prompt/browser/current-engineering-1024.png", "reports/quality/planning-retrieval-v2-20261002/live/post-prompt/browser/current-engineering-1440.png", "reports/quality/planning-retrieval-v2-20261002/live/post-prompt/browser/current-engineering-375.png", "reports/quality/planning-retrieval-v2-20261002/live/post-prompt/browser/current-engineering-768.png", "reports/quality/planning-retrieval-v2-20261002/live/post-prompt/browser/expected.json", "reports/quality/planning-retrieval-v2-20261002/live/post-prompt/browser/missing-1024.png", "reports/quality/planning-retrieval-v2-20261002/live/post-prompt/browser/missing-1440.png", "reports/quality/planning-retrieval-v2-20261002/live/post-prompt/browser/missing-375.png", "reports/quality/planning-retrieval-v2-20261002/live/post-prompt/browser/missing-768.png", "reports/quality/planning-retrieval-v2-20261002/live/post-prompt/browser/rag-missing-1024.png", "reports/quality/planning-retrieval-v2-20261002/live/post-prompt/browser/rag-missing-1440.png", "reports/quality/planning-retrieval-v2-20261002/live/post-prompt/browser/rag-missing-375.png", "reports/quality/planning-retrieval-v2-20261002/live/post-prompt/browser/rag-missing-768.png", "reports/quality/planning-retrieval-v2-20261002/live/post-prompt/browser/rag-normal-1024.png", "reports/quality/planning-retrieval-v2-20261002/live/post-prompt/browser/rag-normal-1440.png", "reports/quality/planning-retrieval-v2-20261002/live/post-prompt/browser/rag-normal-375.png", "reports/quality/planning-retrieval-v2-20261002/live/post-prompt/browser/rag-normal-768.png", "reports/quality/planning-retrieval-v2-20261002/live/post-prompt/browser/rag-refused-1024.png", "reports/quality/planning-retrieval-v2-20261002/live/post-prompt/browser/rag-refused-1440.png", "reports/quality/planning-retrieval-v2-20261002/live/post-prompt/browser/rag-refused-375.png", "reports/quality/planning-retrieval-v2-20261002/live/post-prompt/browser/rag-refused-768.png", "reports/quality/planning-retrieval-v2-20261002/live/post-prompt/browser/refused-1024.png", "reports/quality/planning-retrieval-v2-20261002/live/post-prompt/browser/refused-1440.png", "reports/quality/planning-retrieval-v2-20261002/live/post-prompt/browser/refused-375.png", "reports/quality/planning-retrieval-v2-20261002/live/post-prompt/browser/refused-768.png", "reports/quality/planning-retrieval-v2-20261002/live/post-prompt/browser/result.json", "reports/quality/planning-retrieval-v2-20261002/live/post-prompt/checkpoint-audit.json", "reports/quality/planning-retrieval-v2-20261002/live/post-prompt/helpers/archive_post_prompt.py", "reports/quality/planning-retrieval-v2-20261002/live/post-prompt/helpers/browser_planning_smoke.mjs", "reports/quality/planning-retrieval-v2-20261002/live/post-prompt/helpers/browser_planning_smoke.py", "reports/quality/planning-retrieval-v2-20261002/live/post-prompt/helpers/live_planning_smoke.py", "reports/quality/planning-retrieval-v2-20261002/live/post-prompt/helpers/live_runtime_audit.py", "reports/quality/planning-retrieval-v2-20261002/live/post-prompt/manifest.json", "reports/quality/planning-retrieval-v2-20261002/live/post-prompt/normal-smoke/deployment-witness.json", "reports/quality/planning-retrieval-v2-20261002/live/post-prompt/normal-smoke/normal/after-cleanup.json", "reports/quality/planning-retrieval-v2-20261002/live/post-prompt/normal-smoke/normal/binding-selection.json", "reports/quality/planning-retrieval-v2-20261002/live/post-prompt/normal-smoke/normal/bound.json", "reports/quality/planning-retrieval-v2-20261002/live/post-prompt/normal-smoke/normal/created.json", "reports/quality/planning-retrieval-v2-20261002/live/post-prompt/normal-smoke/normal/discovery.json", "reports/quality/planning-retrieval-v2-20261002/live/post-prompt/normal-smoke/normal/planner-response.json", "reports/quality/planning-retrieval-v2-20261002/live/post-prompt/normal-smoke/normal/records.json", "reports/quality/planning-retrieval-v2-20261002/live/post-prompt/normal-smoke/normal/request.json", "reports/quality/planning-retrieval-v2-20261002/live/post-prompt/normal-smoke/normal/result.json", "reports/quality/planning-retrieval-v2-20261002/live/post-prompt/normal-smoke/persisted-task-counts.json", "reports/quality/planning-retrieval-v2-20261002/live/post-prompt/normal-smoke/summary.json", "reports/quality/planning-retrieval-v2-20261002/live/post-prompt/normal-smoke/target-inventory.json", "reports/quality/planning-retrieval-v2-20261002/live/post-prompt/publication-verification.json", "reports/quality/planning-retrieval-v2-20261002/live/post-prompt/release-manifest.json", "reports/quality/planning-retrieval-v2-20261002/live/post-prompt/source-pins.json", "reports/quality/planning-retrieval-v2-20261002/local/canonical-ast-fix-gates.xml", "reports/quality/planning-retrieval-v2-20261002/local/evaluation-gates-final1.xml", "reports/quality/planning-retrieval-v2-20261002/local/evaluation-gates-final2.xml", "reports/quality/planning-retrieval-v2-20261002/local/evaluation-gates.xml", "reports/quality/planning-retrieval-v2-20261002/local/historical-arithmetic-diagnostic/receipt.json", "reports/quality/planning-retrieval-v2-20261002/local/historical-arithmetic-fix-gates.xml", "reports/quality/planning-retrieval-v2-20261002/local/lexical-development-final.json", "reports/quality/planning-retrieval-v2-20261002/local/lexical-development-first.json", "reports/quality/planning-retrieval-v2-20261002/local/manifest.json", "reports/quality/planning-retrieval-v2-20261002/local/planning-first.xml", "reports/quality/planning-retrieval-v2-20261002/local/planning-related-final.xml", "reports/quality/planning-retrieval-v2-20261002/local/planning-related-r3.xml", "reports/quality/planning-retrieval-v2-20261002/local/planning-related-r4.xml", "reports/quality/planning-retrieval-v2-20261002/local/planning-related-r5.xml", "reports/quality/planning-retrieval-v2-20261002/local/planning-related-r6.xml", "reports/quality/planning-retrieval-v2-20261002/local/planning-v2-first.xml", "reports/quality/planning-retrieval-v2-20261002/local/planning-v2-r2.xml", "reports/quality/planning-retrieval-v2-20261002/local/prompt-boundaries/archive_prompt_boundaries.py", "reports/quality/planning-retrieval-v2-20261002/local/prompt-boundaries/clean/docs/AGENT_RUNTIME.md", "reports/quality/planning-retrieval-v2-20261002/local/prompt-boundaries/clean/server/app/agent_runtime/planning_output.py", "reports/quality/planning-retrieval-v2-20261002/local/prompt-boundaries/clean/server/app/agent_runtime/runtime.py", "reports/quality/planning-retrieval-v2-20261002/local/prompt-boundaries/clean/server/app/agent_runtime/themes.py", "reports/quality/planning-retrieval-v2-20261002/local/prompt-boundaries/clean/server/app/drop_insight/adaptive_planner.py", "reports/quality/planning-retrieval-v2-20261002/local/prompt-boundaries/clean/server/app/drop_insight/diagnosis_agent.py", "reports/quality/planning-retrieval-v2-20261002/local/prompt-boundaries/clean/server/app/drop_insight/performance_criteria.py", "reports/quality/planning-retrieval-v2-20261002/local/prompt-boundaries/clean/tests/test_disposition_first_prompts.py", "reports/quality/planning-retrieval-v2-20261002/local/prompt-boundaries/manifest.json", "reports/quality/planning-retrieval-v2-20261002/local/prompt-boundaries/prepare_four_state_prompts.py", "reports/quality/planning-retrieval-v2-20261002/local/prompt-boundaries/pytest.log", "reports/quality/planning-retrieval-v2-20261002/local/prompt-boundaries/pytest.xml", "reports/quality/planning-retrieval-v2-20261002/local/prompt-boundaries/ruff.log", "reports/quality/planning-retrieval-v2-20261002/local/prompt-boundaries/source-candidates.json", "reports/quality/planning-retrieval-v2-20261002/local/prompt-literal-compatibility/archive_prompt_literal_compatibility.py", "reports/quality/planning-retrieval-v2-20261002/local/prompt-literal-compatibility/clean/diagnosis_agent.py", "reports/quality/planning-retrieval-v2-20261002/local/prompt-literal-compatibility/manifest.json", "reports/quality/planning-retrieval-v2-20261002/local/prompt-literal-compatibility/original-ci-failure-summary.json", "reports/quality/planning-retrieval-v2-20261002/local/prompt-literal-compatibility/original-ci-failure.json", "reports/quality/planning-retrieval-v2-20261002/local/prompt-literal-compatibility/prepare_prompt_literal_compatibility.py", "reports/quality/planning-retrieval-v2-20261002/local/prompt-literal-compatibility/pytest.xml", "reports/quality/planning-retrieval-v2-20261002/local/prompt-literal-compatibility/ruff.log", "reports/quality/planning-retrieval-v2-20261002/local/prompt-literal-compatibility/source-candidates.json", "reports/quality/planning-retrieval-v2-20261002/local/python-full.log", "reports/quality/planning-retrieval-v2-20261002/local/python-full.xml", "reports/quality/planning-retrieval-v2-20261002/local/retrieval-implementation-review.json", "reports/quality/planning-retrieval-v2-20261002/local/retrieval-new-gates-isolated.xml", "reports/quality/planning-retrieval-v2-20261002/local/retrieval-new-gates.xml", "reports/quality/planning-retrieval-v2-20261002/local/retrieval-regression.xml", "reports/quality/planning-retrieval-v2-20261002/local/subject-boundaries/exposed-public5-subject-final-r2-exact.json", "reports/quality/planning-retrieval-v2-20261002/local/subject-boundaries/exposed-public5-subject-v2-final-exact.json", "reports/quality/planning-retrieval-v2-20261002/local/subject-boundaries/exposed-public5-subject-v2-final.json", "reports/quality/planning-retrieval-v2-20261002/local/subject-boundaries/exposed-public5-subject-v2.json", "reports/quality/planning-retrieval-v2-20261002/local/subject-boundaries/lexical-development-subject-v2-final-r2.json", "reports/quality/planning-retrieval-v2-20261002/local/subject-boundaries/lexical-development-subject-v2-final.json", "reports/quality/planning-retrieval-v2-20261002/local/subject-boundaries/lexical-development-subject-v2.json", "reports/quality/planning-retrieval-v2-20261002/local/subject-boundaries/manifest.json", "reports/quality/planning-retrieval-v2-20261002/local/subject-boundaries/public-noanswer-boundary-findings.json", "reports/quality/planning-retrieval-v2-20261002/local/subject-boundaries/retrieval-subject-final-r2.xml", "reports/quality/planning-retrieval-v2-20261002/local/subject-boundaries/retrieval-subject-final-source-map.json", "reports/quality/planning-retrieval-v2-20261002/local/subject-boundaries/retrieval-subject-final.xml", "reports/quality/planning-retrieval-v2-20261002/local/subject-boundaries/retrieval-subject-first.xml", "reports/quality/planning-retrieval-v2-20261002/local/subject-boundaries/retrieval-subject-second.xml", "reports/quality/planning-retrieval-v2-20261002/local/subject-boundaries/retrieval-subject-source-map.json", "reports/quality/planning-retrieval-v2-20261002/local/subject-boundaries/retrieval-subject-third.xml", "reports/quality/planning-retrieval-v2-20261002/local/subject-boundaries/status.json", "reports/quality/planning-retrieval-v2-20261002/local/subject-boundaries/subject-final-r2-map.json", "reports/quality/planning-retrieval-v2-20261002/local/subject-boundaries/subject-r2-clean-ruff.log", "reports/quality/planning-retrieval-v2-20261002/local/v2-arithmetic-fix-gates.xml", "reports/quality/planning-retrieval-v2-20261002/local/web-full-bounded-workers.log", "reports/quality/planning-retrieval-v2-20261002/local/web-full.log", "reports/quality/planning-retrieval-v2-20261002/manifest.json", "reports/quality/planning-retrieval-v2-20261002/publication/archive-manifest.json", "reports/quality/planning-retrieval-v2-20261002/publication/archive_final_delivery_materials.py", "reports/quality/planning-retrieval-v2-20261002/publication/build_final_evidence_manifest.py", "reports/quality/planning-retrieval-v2-20261002/publication/final-document-review.json", "reports/quality/planning-retrieval-v2-20261002/publication/final-document-source-map.json", "reports/quality/planning-retrieval-v2-20261002/publication/final-generator-source-map.json", "reports/quality/planning-retrieval-v2-20261002/publication/final-readonly-document-audit-postdeployment.json", "reports/quality/planning-retrieval-v2-20261002/publication/final-readonly-document-audit.json", "reports/quality/planning-retrieval-v2-20261002/publication/finalize_delivery_docs.py", "reports/quality/planning-retrieval-v2-20261002/publication/prepare_final_generator.py", "reports/quality/planning-retrieval-v2-20261002/publication/stage_final_delivery.py", "reports/quality/planning-retrieval-v2-20261002/retrieval-regression/EXPOSURE.json", "reports/quality/planning-retrieval-v2-20261002/retrieval-regression/README.md", "reports/quality/planning-retrieval-v2-20261002/retrieval-regression/archive-manifest.json", "reports/quality/planning-retrieval-v2-20261002/retrieval-regression/bm25.stderr.log", "reports/quality/planning-retrieval-v2-20261002/retrieval-regression/bm25.stdout.log", "reports/quality/planning-retrieval-v2-20261002/retrieval-regression/bm25/implementation-source.json", "reports/quality/planning-retrieval-v2-20261002/retrieval-regression/bm25/provenance.json", "reports/quality/planning-retrieval-v2-20261002/retrieval-regression/bm25/records/v01.json", "reports/quality/planning-retrieval-v2-20261002/retrieval-regression/bm25/records/v02.json", "reports/quality/planning-retrieval-v2-20261002/retrieval-regression/bm25/records/v03.json", "reports/quality/planning-retrieval-v2-20261002/retrieval-regression/bm25/records/v04.json", "reports/quality/planning-retrieval-v2-20261002/retrieval-regression/bm25/records/v05.json", "reports/quality/planning-retrieval-v2-20261002/retrieval-regression/bm25/records/v06.json", "reports/quality/planning-retrieval-v2-20261002/retrieval-regression/bm25/records/v07.json", "reports/quality/planning-retrieval-v2-20261002/retrieval-regression/bm25/records/v08.json", "reports/quality/planning-retrieval-v2-20261002/retrieval-regression/bm25/records/v09.json", "reports/quality/planning-retrieval-v2-20261002/retrieval-regression/bm25/records/v10.json", "reports/quality/planning-retrieval-v2-20261002/retrieval-regression/bm25/records/v11.json", "reports/quality/planning-retrieval-v2-20261002/retrieval-regression/bm25/records/v12.json", "reports/quality/planning-retrieval-v2-20261002/retrieval-regression/bm25/records/v13.json", "reports/quality/planning-retrieval-v2-20261002/retrieval-regression/bm25/records/v14.json", "reports/quality/planning-retrieval-v2-20261002/retrieval-regression/bm25/records/v15.json", "reports/quality/planning-retrieval-v2-20261002/retrieval-regression/bm25/records/v16.json", "reports/quality/planning-retrieval-v2-20261002/retrieval-regression/bm25/records/v17.json", "reports/quality/planning-retrieval-v2-20261002/retrieval-regression/bm25/records/v18.json", "reports/quality/planning-retrieval-v2-20261002/retrieval-regression/bm25/records/v19.json", "reports/quality/planning-retrieval-v2-20261002/retrieval-regression/bm25/records/v20.json", "reports/quality/planning-retrieval-v2-20261002/retrieval-regression/bm25/records/v21.json", "reports/quality/planning-retrieval-v2-20261002/retrieval-regression/bm25/records/v22.json", "reports/quality/planning-retrieval-v2-20261002/retrieval-regression/bm25/records/v23.json", "reports/quality/planning-retrieval-v2-20261002/retrieval-regression/bm25/records/v24.json", "reports/quality/planning-retrieval-v2-20261002/retrieval-regression/bm25/report.json", "reports/quality/planning-retrieval-v2-20261002/retrieval-regression/deployed-corpus-identity.json", "reports/quality/planning-retrieval-v2-20261002/retrieval-regression/hybrid.stderr.log", "reports/quality/planning-retrieval-v2-20261002/retrieval-regression/hybrid.stdout.log", "reports/quality/planning-retrieval-v2-20261002/retrieval-regression/hybrid/implementation-source.json", "reports/quality/planning-retrieval-v2-20261002/retrieval-regression/hybrid/provenance.json", "reports/quality/planning-retrieval-v2-20261002/retrieval-regression/hybrid/records/v01.json", "reports/quality/planning-retrieval-v2-20261002/retrieval-regression/hybrid/records/v02.json", "reports/quality/planning-retrieval-v2-20261002/retrieval-regression/hybrid/records/v03.json", "reports/quality/planning-retrieval-v2-20261002/retrieval-regression/hybrid/records/v04.json", "reports/quality/planning-retrieval-v2-20261002/retrieval-regression/hybrid/records/v05.json", "reports/quality/planning-retrieval-v2-20261002/retrieval-regression/hybrid/records/v06.json", "reports/quality/planning-retrieval-v2-20261002/retrieval-regression/hybrid/records/v07.json", "reports/quality/planning-retrieval-v2-20261002/retrieval-regression/hybrid/records/v08.json", "reports/quality/planning-retrieval-v2-20261002/retrieval-regression/hybrid/records/v09.json", "reports/quality/planning-retrieval-v2-20261002/retrieval-regression/hybrid/records/v10.json", "reports/quality/planning-retrieval-v2-20261002/retrieval-regression/hybrid/records/v11.json", "reports/quality/planning-retrieval-v2-20261002/retrieval-regression/hybrid/records/v12.json", "reports/quality/planning-retrieval-v2-20261002/retrieval-regression/hybrid/records/v13.json", "reports/quality/planning-retrieval-v2-20261002/retrieval-regression/hybrid/records/v14.json", "reports/quality/planning-retrieval-v2-20261002/retrieval-regression/hybrid/records/v15.json", "reports/quality/planning-retrieval-v2-20261002/retrieval-regression/hybrid/records/v16.json", "reports/quality/planning-retrieval-v2-20261002/retrieval-regression/hybrid/records/v17.json", "reports/quality/planning-retrieval-v2-20261002/retrieval-regression/hybrid/records/v18.json", "reports/quality/planning-retrieval-v2-20261002/retrieval-regression/hybrid/records/v19.json", "reports/quality/planning-retrieval-v2-20261002/retrieval-regression/hybrid/records/v20.json", "reports/quality/planning-retrieval-v2-20261002/retrieval-regression/hybrid/records/v21.json", "reports/quality/planning-retrieval-v2-20261002/retrieval-regression/hybrid/records/v22.json", "reports/quality/planning-retrieval-v2-20261002/retrieval-regression/hybrid/records/v23.json", "reports/quality/planning-retrieval-v2-20261002/retrieval-regression/hybrid/records/v24.json", "reports/quality/planning-retrieval-v2-20261002/retrieval-regression/hybrid/report.json", "reports/quality/planning-retrieval-v2-20261002/retrieval-regression/independent-audit-initial-contract-failure.json", "reports/quality/planning-retrieval-v2-20261002/retrieval-regression/independent-audit.json", "reports/quality/planning-retrieval-v2-20261002/retrieval-regression/receipts/evaluation-clean-source-r5.json", "reports/quality/planning-retrieval-v2-20261002/retrieval-regression/receipts/exact-source.json", "reports/quality/planning-retrieval-v2-20261002/retrieval-regression/receipts/precommit-evaluation-not-executed.json", "reports/quality/planning-retrieval-v2-20261002/retrieval-regression/receipts/run_exposed_retrieval_regression.py", "reports/quality/planning-retrieval-v2-20261002/retrieval-regression/receipts/source-receipt-preflight-r5.json", "reports/quality/planning-retrieval-v2-20261002/retrieval-regression/receipts/verify_exposed_retrieval_regression.py", "reports/quality/planning-retrieval-v2-20261002/retrieval-regression/regression-summary.json", "reports/quality/planning-retrieval-v2-20261002/retrieval-regression/source/analyzer/README.md", "reports/quality/planning-retrieval-v2-20261002/retrieval-regression/source/analyzer/__init__.py", "reports/quality/planning-retrieval-v2-20261002/retrieval-regression/source/analyzer/config.example.toml", "reports/quality/planning-retrieval-v2-20261002/retrieval-regression/source/analyzer/mini_drop_analyzer/__init__.py", "reports/quality/planning-retrieval-v2-20261002/retrieval-regression/source/analyzer/mini_drop_analyzer/hotmethod_analyzer.py", "reports/quality/planning-retrieval-v2-20261002/retrieval-regression/source/analyzer/mini_drop_analyzer/pprof_analyzer.py", "reports/quality/planning-retrieval-v2-20261002/retrieval-regression/source/analyzer/mini_drop_analyzer/profile.proto", "reports/quality/planning-retrieval-v2-20261002/retrieval-regression/source/analyzer/mini_drop_analyzer/profile_pb2.py", "reports/quality/planning-retrieval-v2-20261002/retrieval-regression/source/analyzer/mini_drop_analyzer/pyspy_analyzer.py", "reports/quality/planning-retrieval-v2-20261002/retrieval-regression/source/analyzer/scripts/README.md", "reports/quality/planning-retrieval-v2-20261002/retrieval-regression/source/analyzer/scripts/cddl1.txt", "reports/quality/planning-retrieval-v2-20261002/retrieval-regression/source/analyzer/scripts/flamegraph.pl", "reports/quality/planning-retrieval-v2-20261002/retrieval-regression/source/analyzer/scripts/stackcollapse-perf.pl", "reports/quality/planning-retrieval-v2-20261002/retrieval-regression/source/benchmarks/diagnosis-v2/manifest.json", "reports/quality/planning-retrieval-v2-20261002/retrieval-regression/source/benchmarks/diagnosis-v2/private/oracles.json", "reports/quality/planning-retrieval-v2-20261002/retrieval-regression/source/benchmarks/diagnosis-v2/public/cases.json", "reports/quality/planning-retrieval-v2-20261002/retrieval-regression/source/benchmarks/diagnosis-v2/sources.json", "reports/quality/planning-retrieval-v2-20261002/retrieval-regression/source/benchmarks/evaluation-suite/dataset.json", "reports/quality/planning-retrieval-v2-20261002/retrieval-regression/source/benchmarks/evaluation-suite/dataset.xlsx", "reports/quality/planning-retrieval-v2-20261002/retrieval-regression/source/benchmarks/retrieval/heldout_20261002_frozen_inputs.json", "reports/quality/planning-retrieval-v2-20261002/retrieval-regression/source/benchmarks/retrieval/heldout_20261002_manifest.json", "reports/quality/planning-retrieval-v2-20261002/retrieval-regression/source/benchmarks/retrieval/heldout_20261002_private.json", "reports/quality/planning-retrieval-v2-20261002/retrieval-regression/source/benchmarks/retrieval/heldout_20261002_public.json", "reports/quality/planning-retrieval-v2-20261002/retrieval-regression/source/benchmarks/retrieval/planning_retrieval_v2_manifest.json", "reports/quality/planning-retrieval-v2-20261002/retrieval-regression/source/benchmarks/retrieval/planning_retrieval_v2_private.json", "reports/quality/planning-retrieval-v2-20261002/retrieval-regression/source/benchmarks/retrieval/planning_retrieval_v2_public.json", "reports/quality/planning-retrieval-v2-20261002/retrieval-regression/source/benchmarks/retrieval/sre_queries.json", "reports/quality/planning-retrieval-v2-20261002/retrieval-regression/source/benchmarks/root-cause-v1/manifest.json", "reports/quality/planning-retrieval-v2-20261002/retrieval-regression/source/benchmarks/root-cause-v1/private/oracles.json", "reports/quality/planning-retrieval-v2-20261002/retrieval-regression/source/benchmarks/root-cause-v1/public/cases.json", "reports/quality/planning-retrieval-v2-20261002/retrieval-regression/source/contracts/business_test_plan.json", "reports/quality/planning-retrieval-v2-20261002/retrieval-regression/source/contracts/engineering_cases.json", "reports/quality/planning-retrieval-v2-20261002/retrieval-regression/source/contracts/engineering_diagnosis.json", "reports/quality/planning-retrieval-v2-20261002/retrieval-regression/source/contracts/error-codes.json", "reports/quality/planning-retrieval-v2-20261002/retrieval-regression/source/contracts/interview_delivery.json", "reports/quality/planning-retrieval-v2-20261002/retrieval-regression/source/contracts/performance_audit.json", "reports/quality/planning-retrieval-v2-20261002/retrieval-regression/source/contracts/quality_plan.json", "reports/quality/planning-retrieval-v2-20261002/retrieval-regression/source/contracts/task-statuses.json", "reports/quality/planning-retrieval-v2-20261002/retrieval-regression/source/contracts/taskkinds.json", "reports/quality/planning-retrieval-v2-20261002/retrieval-regression/source/knowledge/agent_experiments.md", "reports/quality/planning-retrieval-v2-20261002/retrieval-regression/source/knowledge/agent_tool_governance.md", "reports/quality/planning-retrieval-v2-20261002/retrieval-regression/source/knowledge/catalog.json", "reports/quality/planning-retrieval-v2-20261002/retrieval-regression/source/knowledge/cgroup_cpu.md", "reports/quality/planning-retrieval-v2-20261002/retrieval-regression/source/knowledge/distributed_attribution.md", "reports/quality/planning-retrieval-v2-20261002/retrieval-regression/source/knowledge/go_profiles.md", "reports/quality/planning-retrieval-v2-20261002/retrieval-regression/source/knowledge/jvm_gc.md", "reports/quality/planning-retrieval-v2-20261002/retrieval-regression/source/knowledge/latency_measurement.md", "reports/quality/planning-retrieval-v2-20261002/retrieval-regression/source/knowledge/linux_cpu.md", "reports/quality/planning-retrieval-v2-20261002/retrieval-regression/source/knowledge/linux_iowait.md", "reports/quality/planning-retrieval-v2-20261002/retrieval-regression/source/knowledge/linux_memory.md", "reports/quality/planning-retrieval-v2-20261002/retrieval-regression/source/knowledge/memory_pressure.md", "reports/quality/planning-retrieval-v2-20261002/retrieval-regression/source/knowledge/mysql_lock_wait.md", "reports/quality/planning-retrieval-v2-20261002/retrieval-regression/source/knowledge/postgres_waits.md", "reports/quality/planning-retrieval-v2-20261002/retrieval-regression/source/knowledge/python_sampling.md", "reports/quality/planning-retrieval-v2-20261002/retrieval-regression/source/knowledge/rag_quality.md", "reports/quality/planning-retrieval-v2-20261002/retrieval-regression/source/knowledge/sre_recovery.md", "reports/quality/planning-retrieval-v2-20261002/retrieval-regression/source/knowledge/tcp_retransmit.md", "reports/quality/planning-retrieval-v2-20261002/retrieval-regression/source/scripts/audit_fault_plaza_failures.py", "reports/quality/planning-retrieval-v2-20261002/retrieval-regression/source/scripts/benchmark_profile_aggregation.py", "reports/quality/planning-retrieval-v2-20261002/retrieval-regression/source/scripts/bootstrap_object_store.py", "reports/quality/planning-retrieval-v2-20261002/retrieval-regression/source/scripts/build_agi_saber_ingest_patch.py", "reports/quality/planning-retrieval-v2-20261002/retrieval-regression/source/scripts/build_ai_diagnosis_test_report_docx.py", "reports/quality/planning-retrieval-v2-20261002/retrieval-regression/source/scripts/build_business_acceptance_view.py", "reports/quality/planning-retrieval-v2-20261002/retrieval-regression/source/scripts/build_engineering_case_index.py", "reports/quality/planning-retrieval-v2-20261002/retrieval-regression/source/scripts/build_engineering_diagnosis.py", "reports/quality/planning-retrieval-v2-20261002/retrieval-regression/source/scripts/build_fault_plaza_acceptance_index.py", "reports/quality/planning-retrieval-v2-20261002/retrieval-regression/source/scripts/build_interview_delivery.py", "reports/quality/planning-retrieval-v2-20261002/retrieval-regression/source/scripts/build_knowledge_index.py", "reports/quality/planning-retrieval-v2-20261002/retrieval-regression/source/scripts/build_performance_audit.py", "reports/quality/planning-retrieval-v2-20261002/retrieval-regression/source/scripts/capture_learning_guide_screenshots.py", "reports/quality/planning-retrieval-v2-20261002/retrieval-regression/source/scripts/check_business_test_plan.py", "reports/quality/planning-retrieval-v2-20261002/retrieval-regression/source/scripts/check_openapi_routes.py", "reports/quality/planning-retrieval-v2-20261002/retrieval-regression/source/scripts/check_web_bundle.mjs", "reports/quality/planning-retrieval-v2-20261002/retrieval-regression/source/scripts/check_worker_compatibility.py", "reports/quality/planning-retrieval-v2-20261002/retrieval-regression/source/scripts/engineering_profile_observation.py", "reports/quality/planning-retrieval-v2-20261002/retrieval-regression/source/scripts/evaluate_engineering_diagnosis.py", "reports/quality/planning-retrieval-v2-20261002/retrieval-regression/source/scripts/evaluate_heldout_diagnosis.py", "reports/quality/planning-retrieval-v2-20261002/retrieval-regression/source/scripts/evaluate_performance_localization.py", "reports/quality/planning-retrieval-v2-20261002/retrieval-regression/source/scripts/evaluate_planning_retrieval_v2.py", "reports/quality/planning-retrieval-v2-20261002/retrieval-regression/source/scripts/evaluate_same_load_business_fix.py", "reports/quality/planning-retrieval-v2-20261002/retrieval-regression/source/scripts/evaluate_sre_retrieval.py", "reports/quality/planning-retrieval-v2-20261002/retrieval-regression/source/scripts/generate_business_contracts.py", "reports/quality/planning-retrieval-v2-20261002/retrieval-regression/source/scripts/generate_cancellation_contract.py", "reports/quality/planning-retrieval-v2-20261002/retrieval-regression/source/scripts/generate_diagnosis_benchmark_v2.py", "reports/quality/planning-retrieval-v2-20261002/retrieval-regression/source/scripts/generate_error_code_contracts.py", "reports/quality/planning-retrieval-v2-20261002/retrieval-regression/source/scripts/generate_learning_guide_file_index.py", "reports/quality/planning-retrieval-v2-20261002/retrieval-regression/source/scripts/generate_root_cause_benchmark.py", "reports/quality/planning-retrieval-v2-20261002/retrieval-regression/source/scripts/generate_service_request_contract.py", "reports/quality/planning-retrieval-v2-20261002/retrieval-regression/source/scripts/generate_status_contracts.py", "reports/quality/planning-retrieval-v2-20261002/retrieval-regression/source/scripts/generate_taskkind_contracts.py", "reports/quality/planning-retrieval-v2-20261002/retrieval-regression/source/scripts/inspect_cloud_python_sampling.py", "reports/quality/planning-retrieval-v2-20261002/retrieval-regression/source/scripts/local_sre.ps1", "reports/quality/planning-retrieval-v2-20261002/retrieval-regression/source/scripts/package_skill_evolution_delivery.py", "reports/quality/planning-retrieval-v2-20261002/retrieval-regression/source/scripts/package_sre_release.py", "reports/quality/planning-retrieval-v2-20261002/retrieval-regression/source/scripts/prepare-control-ssh.ps1", "reports/quality/planning-retrieval-v2-20261002/retrieval-regression/source/scripts/process_resource_monitor.py", "reports/quality/planning-retrieval-v2-20261002/retrieval-regression/source/scripts/release_knowledge_cloud.py", "reports/quality/planning-retrieval-v2-20261002/retrieval-regression/source/scripts/release_sre_cloud.py", "reports/quality/planning-retrieval-v2-20261002/retrieval-regression/source/scripts/render_actual_rag_acceptance.py", "reports/quality/planning-retrieval-v2-20261002/retrieval-regression/source/scripts/render_business_acceptance.py", "reports/quality/planning-retrieval-v2-20261002/retrieval-regression/source/scripts/render_fault_plaza_acceptance.py", "reports/quality/planning-retrieval-v2-20261002/retrieval-regression/source/scripts/render_learning_guide.py", "reports/quality/planning-retrieval-v2-20261002/retrieval-regression/source/scripts/render_load_report.py", "reports/quality/planning-retrieval-v2-20261002/retrieval-regression/source/scripts/reproduce_parallel_timing_defect.py", "reports/quality/planning-retrieval-v2-20261002/retrieval-regression/source/scripts/run_actual_rag_acceptance.py", "reports/quality/planning-retrieval-v2-20261002/retrieval-regression/source/scripts/run_business_acceptance.py", "reports/quality/planning-retrieval-v2-20261002/retrieval-regression/source/scripts/run_diagnosis_benchmark_v2.py", "reports/quality/planning-retrieval-v2-20261002/retrieval-regression/source/scripts/run_distributed_endurance.py", "reports/quality/planning-retrieval-v2-20261002/retrieval-regression/source/scripts/run_dual_format_benchmark.py", "reports/quality/planning-retrieval-v2-20261002/retrieval-regression/source/scripts/run_engineering_diagnosis_acceptance.py", "reports/quality/planning-retrieval-v2-20261002/retrieval-regression/source/scripts/run_fault_plaza_closure_campaign.py", "reports/quality/planning-retrieval-v2-20261002/retrieval-regression/source/scripts/run_fault_plaza_strict_acceptance.py", "reports/quality/planning-retrieval-v2-20261002/retrieval-regression/source/scripts/run_live_skill_ab_campaign.py", "reports/quality/planning-retrieval-v2-20261002/retrieval-regression/source/scripts/run_load_endurance.py", "reports/quality/planning-retrieval-v2-20261002/retrieval-regression/source/scripts/run_multi_cloud_acceptance.py", "reports/quality/planning-retrieval-v2-20261002/retrieval-regression/source/scripts/run_quality_gate.py", "reports/quality/planning-retrieval-v2-20261002/retrieval-regression/source/scripts/run_root_cause_benchmark.py", "reports/quality/planning-retrieval-v2-20261002/retrieval-regression/source/scripts/run_scaled_skill_ab.py", "reports/quality/planning-retrieval-v2-20261002/retrieval-regression/source/scripts/same_load_rag_fix_fixture.py", "reports/quality/planning-retrieval-v2-20261002/retrieval-regression/source/scripts/setup_local_sre.py", "reports/quality/planning-retrieval-v2-20261002/retrieval-regression/source/scripts/start_demo_wsl.ps1", "reports/quality/planning-retrieval-v2-20261002/retrieval-regression/source/scripts/verify_actual_rag_search.py", "reports/quality/planning-retrieval-v2-20261002/retrieval-regression/source/scripts/verify_backup_restore.py", "reports/quality/planning-retrieval-v2-20261002/retrieval-regression/source/scripts/verify_backup_restore.sh", "reports/quality/planning-retrieval-v2-20261002/retrieval-regression/source/scripts/verify_clean_stack.py", "reports/quality/planning-retrieval-v2-20261002/retrieval-regression/source/scripts/verify_cloud_sre.py", "reports/quality/planning-retrieval-v2-20261002/retrieval-regression/source/scripts/verify_cloud_sre_browser.py", "reports/quality/planning-retrieval-v2-20261002/retrieval-regression/source/scripts/verify_external_acceptance.sh", "reports/quality/planning-retrieval-v2-20261002/retrieval-regression/source/scripts/verify_fault_plaza_runtime_smoke.py", "reports/quality/planning-retrieval-v2-20261002/retrieval-regression/source/scripts/verify_final_ui_acceptance.mjs", "reports/quality/planning-retrieval-v2-20261002/retrieval-regression/source/scripts/verify_frontend_workbench.mjs", "reports/quality/planning-retrieval-v2-20261002/retrieval-regression/source/scripts/verify_go_io_window.py", "reports/quality/planning-retrieval-v2-20261002/retrieval-regression/source/scripts/verify_historical_heldout.py", "reports/quality/planning-retrieval-v2-20261002/retrieval-regression/source/scripts/verify_hotspot_controls.py", "reports/quality/planning-retrieval-v2-20261002/retrieval-regression/source/scripts/verify_interview_demo.py", "reports/quality/planning-retrieval-v2-20261002/retrieval-regression/source/scripts/verify_lats_replay_showcase.py", "reports/quality/planning-retrieval-v2-20261002/retrieval-regression/source/scripts/verify_load_report.py", "reports/quality/planning-retrieval-v2-20261002/retrieval-regression/source/scripts/verify_local_sre.py", "reports/quality/planning-retrieval-v2-20261002/retrieval-regression/source/scripts/verify_local_sre_browser.mjs", "reports/quality/planning-retrieval-v2-20261002/retrieval-regression/source/scripts/verify_multi_replica.sh", "reports/quality/planning-retrieval-v2-20261002/retrieval-regression/source/scripts/verify_native_ebpf.sh", "reports/quality/planning-retrieval-v2-20261002/retrieval-regression/source/scripts/verify_perf_source_toolchain.py", "reports/quality/planning-retrieval-v2-20261002/retrieval-regression/source/scripts/verify_priority_collectors.py", "reports/quality/planning-retrieval-v2-20261002/retrieval-regression/source/scripts/verify_report_presentation_ui.mjs", "reports/quality/planning-retrieval-v2-20261002/retrieval-regression/source/scripts/verify_runtime_observation_controls.py", "reports/quality/planning-retrieval-v2-20261002/retrieval-regression/source/scripts/verify_semantic_retrieval.py", "reports/quality/planning-retrieval-v2-20261002/retrieval-regression/source/server/README.md", "reports/quality/planning-retrieval-v2-20261002/retrieval-regression/source/server/__init__.py", "reports/quality/planning-retrieval-v2-20261002/retrieval-regression/source/server/app/__init__.py", "reports/quality/planning-retrieval-v2-20261002/retrieval-regression/source/server/app/_env.py", "reports/quality/planning-retrieval-v2-20261002/retrieval-regression/source/server/app/agent_runtime/__init__.py", "reports/quality/planning-retrieval-v2-20261002/retrieval-regression/source/server/app/agent_runtime/chroma_http.py", "reports/quality/planning-retrieval-v2-20261002/retrieval-regression/source/server/app/agent_runtime/context.py", "reports/quality/planning-retrieval-v2-20261002/retrieval-regression/source/server/app/agent_runtime/deadlines.py", "reports/quality/planning-retrieval-v2-20261002/retrieval-regression/source/server/app/agent_runtime/grafana_observations.py", "reports/quality/planning-retrieval-v2-20261002/retrieval-regression/source/server/app/agent_runtime/harness.py", "reports/quality/planning-retrieval-v2-20261002/retrieval-regression/source/server/app/agent_runtime/incident_memory.py", "reports/quality/planning-retrieval-v2-20261002/retrieval-regression/source/server/app/agent_runtime/investigation_strategy.py", "reports/quality/planning-retrieval-v2-20261002/retrieval-regression/source/server/app/agent_runtime/memory.py", "reports/quality/planning-retrieval-v2-20261002/retrieval-regression/source/server/app/agent_runtime/model_factory.py", "reports/quality/planning-retrieval-v2-20261002/retrieval-regression/source/server/app/agent_runtime/planning_output.py", "reports/quality/planning-retrieval-v2-20261002/retrieval-regression/source/server/app/agent_runtime/relevance.py", "reports/quality/planning-retrieval-v2-20261002/retrieval-regression/source/server/app/agent_runtime/retrieval.py", "reports/quality/planning-retrieval-v2-20261002/retrieval-regression/source/server/app/agent_runtime/runtime.py", "reports/quality/planning-retrieval-v2-20261002/retrieval-regression/source/server/app/agent_runtime/semantic_retrieval.py", "reports/quality/planning-retrieval-v2-20261002/retrieval-regression/source/server/app/agent_runtime/themes.py", "reports/quality/planning-retrieval-v2-20261002/retrieval-regression/source/server/app/ai_provider.py", "reports/quality/planning-retrieval-v2-20261002/retrieval-regression/source/server/app/analysis_jobs.py", "reports/quality/planning-retrieval-v2-20261002/retrieval-regression/source/server/app/analyzer_runner.py", "reports/quality/planning-retrieval-v2-20261002/retrieval-regression/source/server/app/artifact_contracts.py", "reports/quality/planning-retrieval-v2-20261002/retrieval-regression/source/server/app/artifact_integrity.py", "reports/quality/planning-retrieval-v2-20261002/retrieval-regression/source/server/app/artifact_lifecycle.py", "reports/quality/planning-retrieval-v2-20261002/retrieval-regression/source/server/app/common_utils.py", "reports/quality/planning-retrieval-v2-20261002/retrieval-regression/source/server/app/database.py", "reports/quality/planning-retrieval-v2-20261002/retrieval-regression/source/server/app/diagnosis_worker.py", "reports/quality/planning-retrieval-v2-20261002/retrieval-regression/source/server/app/diagnostic_ai_rpc.py", "reports/quality/planning-retrieval-v2-20261002/retrieval-regression/source/server/app/drop_insight/__init__.py", "reports/quality/planning-retrieval-v2-20261002/retrieval-regression/source/server/app/drop_insight/adaptive_planner.py", "reports/quality/planning-retrieval-v2-20261002/retrieval-regression/source/server/app/drop_insight/artifact_evidence.py", "reports/quality/planning-retrieval-v2-20261002/retrieval-regression/source/server/app/drop_insight/benchmark_v2.py", "reports/quality/planning-retrieval-v2-20261002/retrieval-regression/source/server/app/drop_insight/bottleneck_localization.py", "reports/quality/planning-retrieval-v2-20261002/retrieval-regression/source/server/app/drop_insight/builtin_skills.py", "reports/quality/planning-retrieval-v2-20261002/retrieval-regression/source/server/app/drop_insight/business_acceptance.py", "reports/quality/planning-retrieval-v2-20261002/retrieval-regression/source/server/app/drop_insight/business_observations.py", "reports/quality/planning-retrieval-v2-20261002/retrieval-regression/source/server/app/drop_insight/business_showcase.py", "reports/quality/planning-retrieval-v2-20261002/retrieval-regression/source/server/app/drop_insight/campaign_matrix.py", "reports/quality/planning-retrieval-v2-20261002/retrieval-regression/source/server/app/drop_insight/claim_verifier.py", "reports/quality/planning-retrieval-v2-20261002/retrieval-regression/source/server/app/drop_insight/cpu_criteria.py", "reports/quality/planning-retrieval-v2-20261002/retrieval-regression/source/server/app/drop_insight/diagnosis_agent.py", "reports/quality/planning-retrieval-v2-20261002/retrieval-regression/source/server/app/drop_insight/event_store.py", "reports/quality/planning-retrieval-v2-20261002/retrieval-regression/source/server/app/drop_insight/evidence.py", "reports/quality/planning-retrieval-v2-20261002/retrieval-regression/source/server/app/drop_insight/exploration_tree.py", "reports/quality/planning-retrieval-v2-20261002/retrieval-regression/source/server/app/drop_insight/fault_acceptance.py", "reports/quality/planning-retrieval-v2-20261002/retrieval-regression/source/server/app/drop_insight/fault_plaza.py", "reports/quality/planning-retrieval-v2-20261002/retrieval-regression/source/server/app/drop_insight/fix_verification.py", "reports/quality/planning-retrieval-v2-20261002/retrieval-regression/source/server/app/drop_insight/frozen_replay_showcase.py", "reports/quality/planning-retrieval-v2-20261002/retrieval-regression/source/server/app/drop_insight/health_assessment.py", "reports/quality/planning-retrieval-v2-20261002/retrieval-regression/source/server/app/drop_insight/hypothesis_predicate.py", "reports/quality/planning-retrieval-v2-20261002/retrieval-regression/source/server/app/drop_insight/lats.py", "reports/quality/planning-retrieval-v2-20261002/retrieval-regression/source/server/app/drop_insight/managed_services.json", "reports/quality/planning-retrieval-v2-20261002/retrieval-regression/source/server/app/drop_insight/managed_services.py", "reports/quality/planning-retrieval-v2-20261002/retrieval-regression/source/server/app/drop_insight/observation_verifier.py", "reports/quality/planning-retrieval-v2-20261002/retrieval-regression/source/server/app/drop_insight/operator_memory.py", "reports/quality/planning-retrieval-v2-20261002/retrieval-regression/source/server/app/drop_insight/performance_criteria.py", "reports/quality/planning-retrieval-v2-20261002/retrieval-regression/source/server/app/drop_insight/policy.py", "reports/quality/planning-retrieval-v2-20261002/retrieval-regression/source/server/app/drop_insight/rcaeval_benchmark.py", "reports/quality/planning-retrieval-v2-20261002/retrieval-regression/source/server/app/drop_insight/report_conclusion.py", "reports/quality/planning-retrieval-v2-20261002/retrieval-regression/source/server/app/drop_insight/retrieval_benchmark.py", "reports/quality/planning-retrieval-v2-20261002/retrieval-regression/source/server/app/drop_insight/root_cause_benchmark.py", "reports/quality/planning-retrieval-v2-20261002/retrieval-regression/source/server/app/drop_insight/rounds.py", "reports/quality/planning-retrieval-v2-20261002/retrieval-regression/source/server/app/drop_insight/scaled_skill_ab.py", "reports/quality/planning-retrieval-v2-20261002/retrieval-regression/source/server/app/drop_insight/schemas.py", "reports/quality/planning-retrieval-v2-20261002/retrieval-regression/source/server/app/drop_insight/service.py", "reports/quality/planning-retrieval-v2-20261002/retrieval-regression/source/server/app/drop_insight/showcase.py", "reports/quality/planning-retrieval-v2-20261002/retrieval-regression/source/server/app/drop_insight/signal_window_validation.py", "reports/quality/planning-retrieval-v2-20261002/retrieval-regression/source/server/app/drop_insight/skill_benchmark.py", "reports/quality/planning-retrieval-v2-20261002/retrieval-regression/source/server/app/drop_insight/skill_evolution.py", "reports/quality/planning-retrieval-v2-20261002/retrieval-regression/source/server/app/drop_insight/skill_experiments.py", "reports/quality/planning-retrieval-v2-20261002/retrieval-regression/source/server/app/drop_insight/source_mapper.py", "reports/quality/planning-retrieval-v2-20261002/retrieval-regression/source/server/app/drop_insight/tools.py", "reports/quality/planning-retrieval-v2-20261002/retrieval-regression/source/server/app/generated/.gitignore", "reports/quality/planning-retrieval-v2-20261002/retrieval-regression/source/server/app/generated/__init__.py", "reports/quality/planning-retrieval-v2-20261002/retrieval-regression/source/server/app/generated/diagnostic_ai_pb2.py", "reports/quality/planning-retrieval-v2-20261002/retrieval-regression/source/server/app/generated/diagnostic_ai_pb2_grpc.py", "reports/quality/planning-retrieval-v2-20261002/retrieval-regression/source/server/app/generated/error_code_contract.py", "reports/quality/planning-retrieval-v2-20261002/retrieval-regression/source/server/app/generated/status_contract.py", "reports/quality/planning-retrieval-v2-20261002/retrieval-regression/source/server/app/generated/taskkind_contract.py", "reports/quality/planning-retrieval-v2-20261002/retrieval-regression/source/server/app/kernel_compatibility.py", "reports/quality/planning-retrieval-v2-20261002/retrieval-regression/source/server/app/logging_utils.py", "reports/quality/planning-retrieval-v2-20261002/retrieval-regression/source/server/app/metric_analyzers.py", "reports/quality/planning-retrieval-v2-20261002/retrieval-regression/source/server/app/models.py", "reports/quality/planning-retrieval-v2-20261002/retrieval-regression/source/server/app/outbox_dispatcher.py", "reports/quality/planning-retrieval-v2-20261002/retrieval-regression/source/server/app/process_attestation.py", "reports/quality/planning-retrieval-v2-20261002/retrieval-regression/source/server/app/repositories/agent_repo.py", "reports/quality/planning-retrieval-v2-20261002/retrieval-regression/source/server/app/repositories/analysis_job_repo.py", "reports/quality/planning-retrieval-v2-20261002/retrieval-regression/source/server/app/repositories/artifact_repo.py", "reports/quality/planning-retrieval-v2-20261002/retrieval-regression/source/server/app/repositories/outbox_repo.py", "reports/quality/planning-retrieval-v2-20261002/retrieval-regression/source/server/app/repositories/task_repo.py", "reports/quality/planning-retrieval-v2-20261002/retrieval-regression/source/server/app/schemas.py", "reports/quality/planning-retrieval-v2-20261002/retrieval-regression/source/server/app/sql_repository.py", "reports/quality/planning-retrieval-v2-20261002/retrieval-regression/source/server/app/state_machine.py", "reports/quality/planning-retrieval-v2-20261002/retrieval-regression/source/server/app/storage.py", "reports/quality/planning-retrieval-v2-20261002/retrieval-regression/source/server/app/task_attempt_authority.py", "reports/quality/planning-retrieval-v2-20261002/retrieval-regression/source/server/migrations/env.py", "reports/quality/planning-retrieval-v2-20261002/retrieval-regression/source/server/migrations/script.py.mako", "reports/quality/planning-retrieval-v2-20261002/retrieval-regression/source/server/migrations/versions/20260813_0012_legacy_adoption_marker.py", "reports/quality/planning-retrieval-v2-20261002/retrieval-regression/source/server/migrations/versions/20260901_0001_current_baseline.py", "reports/quality/planning-retrieval-v2-20261002/retrieval-regression/source/server/migrations/versions/20260901_0002_legacy_runtime_columns.py", "reports/quality/planning-retrieval-v2-20261002/retrieval-regression/source/server/migrations/versions/20260901_0003_tool_call_terminal_timestamp.py", "reports/quality/planning-retrieval-v2-20261002/retrieval-regression/source/server/migrations/versions/20260901_0004_legacy_runtime_constraints.py", "reports/quality/planning-retrieval-v2-20261002/retrieval-regression/source/server/migrations/versions/20260901_0005_task_updated_at.py", "reports/quality/planning-retrieval-v2-20261002/retrieval-regression/source/server/migrations/versions/20260901_0006_diagnosis_skill_policy.py", "reports/quality/planning-retrieval-v2-20261002/retrieval-regression/source/server/migrations/versions/20260908_0007_experiments_and_operator_memory.py", "reports/quality/planning-retrieval-v2-20261002/retrieval-regression/source/server/migrations/versions/20260910_0008_agent_latest_metrics.py", "reports/quality/rpc-read-stability-20260930/acceptance_client.py", "reports/quality/rpc-read-stability-20260930/archive-download-id-failure.json", "reports/quality/rpc-read-stability-20260930/archive_ci.py", "reports/quality/rpc-read-stability-20260930/browser-real.png", "reports/quality/rpc-read-stability-20260930/browser-result.json", "reports/quality/rpc-read-stability-20260930/browser.log", "reports/quality/rpc-read-stability-20260930/ci-archive-manifest.json", "reports/quality/rpc-read-stability-20260930/ci-artifacts.json", "reports/quality/rpc-read-stability-20260930/ci-business-measurements.zip", "reports/quality/rpc-read-stability-20260930/ci-jobs.json", "reports/quality/rpc-read-stability-20260930/ci-postgres-concurrency.zip", "reports/quality/rpc-read-stability-20260930/ci-python-quality.zip", "reports/quality/rpc-read-stability-20260930/ci-run.json", "reports/quality/rpc-read-stability-20260930/ci-web-browser.zip", "reports/quality/rpc-read-stability-20260930/client-after.log", "reports/quality/rpc-read-stability-20260930/client-after.xml", "reports/quality/rpc-read-stability-20260930/client-before.log", "reports/quality/rpc-read-stability-20260930/client-before.xml", "reports/quality/rpc-read-stability-20260930/cloud-raw-artifacts.zip", "reports/quality/rpc-read-stability-20260930/cloud-summary.json", "reports/quality/rpc-read-stability-20260930/cloud-verified-artifacts-manifest.json", "reports/quality/rpc-read-stability-20260930/cloud-verified-artifacts.zip", "reports/quality/rpc-read-stability-20260930/direct-read-probes.json", "reports/quality/rpc-read-stability-20260930/final-evidence-manifest.json", "reports/quality/rpc-read-stability-20260930/final-safety.json", "reports/quality/rpc-read-stability-20260930/historical-logs.json", "reports/quality/rpc-read-stability-20260930/public-route-probes.json", "reports/quality/rpc-read-stability-20260930/python-quality.zip", "reports/quality/rpc-read-stability-20260930/quality-python.log", "reports/quality/rpc-read-stability-20260930/quality.log", "reports/quality/rpc-read-stability-20260930/retry-session.json", "reports/quality/rpc-read-stability-20260930/run_direct_strict.py", "reports/quality/rpc-read-stability-20260930/ssh_snapshot_provider.py", "reports/quality/rpc-read-stability-20260930/strict-direct.log", "reports/quality/rpc-read-stability-20260930/transport-analysis.json", "reports/quality/security-cancel-20260930/activate.py", "reports/quality/security-cancel-20260930/analyzer-cancel.log", "reports/quality/security-cancel-20260930/binary-build-final.txt", "reports/quality/security-cancel-20260930/binary-final.txt", "reports/quality/security-cancel-20260930/binary-scan.json", "reports/quality/security-cancel-20260930/binary-scan.txt", "reports/quality/security-cancel-20260930/browser-cancel-hidden-button-failed.log", "reports/quality/security-cancel-20260930/browser-cancel-start-failed.log", "reports/quality/security-cancel-20260930/browser-cancel.log", "reports/quality/security-cancel-20260930/browser-cancel/confirmation.png", "reports/quality/security-cancel-20260930/browser-cancel/real-local.png", "reports/quality/security-cancel-20260930/browser-cancel/result.json", "reports/quality/security-cancel-20260930/browser-rehearsal.log", "reports/quality/security-cancel-20260930/browser-rehearsal/interview-report-tree.webm", "reports/quality/security-cancel-20260930/browser-rehearsal/real-local.png", "reports/quality/security-cancel-20260930/browser-rehearsal/recording-frames.json", "reports/quality/security-cancel-20260930/browser-rehearsal/result.json", "reports/quality/security-cancel-20260930/browser_cancel.mjs", "reports/quality/security-cancel-20260930/browser_rehearsal.mjs", "reports/quality/security-cancel-20260930/build_bundle.py", "reports/quality/security-cancel-20260930/business-rehearsal-debug.json", "reports/quality/security-cancel-20260930/cancel-before-valid.log", "reports/quality/security-cancel-20260930/cancel-browser-api.json", "reports/quality/security-cancel-20260930/cancel-running-task.json", "reports/quality/security-cancel-20260930/cancel-targeted.log", "reports/quality/security-cancel-20260930/cancel-targeted.xml", "reports/quality/security-cancel-20260930/ci-archive-manifest.json", "reports/quality/security-cancel-20260930/ci-artifacts.json", "reports/quality/security-cancel-20260930/ci-business-measurements.zip", "reports/quality/security-cancel-20260930/ci-go-security.zip", "reports/quality/security-cancel-20260930/ci-jobs.json", "reports/quality/security-cancel-20260930/ci-postgres-concurrency.zip", "reports/quality/security-cancel-20260930/ci-python-quality.zip", "reports/quality/security-cancel-20260930/ci-run.json", "reports/quality/security-cancel-20260930/ci-trivy-fs.zip", "reports/quality/security-cancel-20260930/ci-web-browser.zip", "reports/quality/security-cancel-20260930/deploy_runtime.py", "reports/quality/security-cancel-20260930/deployment-failed-permission.log", "reports/quality/security-cancel-20260930/deployment.json", "reports/quality/security-cancel-20260930/evidence-manifest.json", "reports/quality/security-cancel-20260930/final-health.json", "reports/quality/security-cancel-20260930/fresh-normal-business.json", "reports/quality/security-cancel-20260930/go-final.log", "reports/quality/security-cancel-20260930/govuln-after.json", "reports/quality/security-cancel-20260930/govuln-before.json", "reports/quality/security-cancel-20260930/interview-rehearsal.json", "reports/quality/security-cancel-20260930/lint-after.json", "reports/quality/security-cancel-20260930/lint-before.json", "reports/quality/security-cancel-20260930/lint-final.log", "reports/quality/security-cancel-20260930/manifest.json", "reports/quality/security-cancel-20260930/postgres-race-after.log", "reports/quality/security-cancel-20260930/postgres-race-after.xml", "reports/quality/security-cancel-20260930/pytest-full-final.log", "reports/quality/security-cancel-20260930/pytest-full-final.xml", "reports/quality/security-cancel-20260930/security-summary.json", "reports/quality/security-cancel-20260930/source-linux-final.json", "reports/quality/security-cancel-20260930/source-linux-final.txt", "reports/quality/security-cancel-20260930/source-verification.json", "reports/quality/security-cancel-20260930/verify_cloud.py", "reports/quality/security-cancel-20260930/verify_rehearsal.py", "reports/quality/security-cancel-20260930/web-build.log", "reports/quality/security-cancel-20260930/web-full.log", "reports/quality/seven-gaps-20261002/campaign-runner-frozen.py", "reports/quality/seven-gaps-20261002/cpp-retry-cases/cpp-cpu-hotspot-artifacts/task_20261001_175444_ba95c3-callgraph_json.raw", "reports/quality/seven-gaps-20261002/cpp-retry-cases/cpp-cpu-hotspot-artifacts/task_20261001_175444_ba95c3-flamegraph_json.raw", "reports/quality/seven-gaps-20261002/cpp-retry-cases/cpp-cpu-hotspot-artifacts/task_20261001_175444_ba95c3-flamegraph_svg.raw", "reports/quality/seven-gaps-20261002/cpp-retry-cases/cpp-cpu-hotspot-artifacts/task_20261001_175444_ba95c3-manifest.raw", "reports/quality/seven-gaps-20261002/cpp-retry-cases/cpp-cpu-hotspot-artifacts/task_20261001_175444_ba95c3-raw.raw", "reports/quality/seven-gaps-20261002/cpp-retry-cases/cpp-cpu-hotspot-artifacts/task_20261001_175444_ba95c3-suggestions_md.raw", "reports/quality/seven-gaps-20261002/cpp-retry-cases/cpp-cpu-hotspot-artifacts/task_20261001_175444_ba95c3-top_json.raw", "reports/quality/seven-gaps-20261002/cpp-retry-cases/cpp-cpu-hotspot-artifacts/task_20261001_175532_a59ce1-manifest.raw", "reports/quality/seven-gaps-20261002/cpp-retry-cases/cpp-cpu-hotspot-artifacts/task_20261001_175532_a59ce1-sys_metrics.raw", "reports/quality/seven-gaps-20261002/cpp-retry-cases/cpp-cpu-hotspot.json", "reports/quality/seven-gaps-20261002/cpp-retry.json", "reports/quality/seven-gaps-20261002/implementation/agent-fresh-receipt.json", "reports/quality/seven-gaps-20261002/implementation/analyzer-command-failure.xml", "reports/quality/seven-gaps-20261002/implementation/audit-negative-expanded.xml", "reports/quality/seven-gaps-20261002/implementation/audit-negative-final.xml", "reports/quality/seven-gaps-20261002/implementation/audit-negative-initial.xml", "reports/quality/seven-gaps-20261002/implementation/audit-new-acceptance-matrix.md", "reports/quality/seven-gaps-20261002/implementation/audit-old-seven.json", "reports/quality/seven-gaps-20261002/implementation/audit-perf-toolchain-local-check.json", "reports/quality/seven-gaps-20261002/implementation/audit-perf-toolchain-parser.xml", "reports/quality/seven-gaps-20261002/implementation/audit-perf-toolchain-real-proof.json", "reports/quality/seven-gaps-20261002/implementation/audit-planning-final-r2.xml", "reports/quality/seven-gaps-20261002/implementation/audit-planning-final-r3.xml", "reports/quality/seven-gaps-20261002/implementation/audit-planning-final.xml", "reports/quality/seven-gaps-20261002/implementation/audit-planning-initial.xml", "reports/quality/seven-gaps-20261002/implementation/audit-planning-r2.xml", "reports/quality/seven-gaps-20261002/implementation/audit-prior-score-regression.xml", "reports/quality/seven-gaps-20261002/implementation/baseline-clean-audit.json", "reports/quality/seven-gaps-20261002/implementation/before-manifest.json", "reports/quality/seven-gaps-20261002/implementation/binutils-build-job.json", "reports/quality/seven-gaps-20261002/implementation/binutils-build-preflight.json", "reports/quality/seven-gaps-20261002/implementation/binutils-build-receipt.json", "reports/quality/seven-gaps-20261002/implementation/cgroup-read-probe.json", "reports/quality/seven-gaps-20261002/implementation/ci-artifacts-phase2/hotspot-controls-bcc12e60941ac0bff3820411a2eaaa7cd823ec9b-1/go-io-window/report.json", "reports/quality/seven-gaps-20261002/implementation/ci-artifacts-phase2/hotspot-controls-bcc12e60941ac0bff3820411a2eaaa7cd823ec9b-1/hotspot-controls/command-1.log", "reports/quality/seven-gaps-20261002/implementation/ci-artifacts-phase2/hotspot-controls-bcc12e60941ac0bff3820411a2eaaa7cd823ec9b-1/hotspot-controls/measurement/go/cleanup-snapshot.json", "reports/quality/seven-gaps-20261002/implementation/ci-artifacts-phase2/hotspot-controls-bcc12e60941ac0bff3820411a2eaaa7cd823ec9b-1/hotspot-controls/measurement/go/fault-snapshots.json", "reports/quality/seven-gaps-20261002/implementation/ci-artifacts-phase2/hotspot-controls-bcc12e60941ac0bff3820411a2eaaa7cd823ec9b-1/hotspot-controls/measurement/go/recovery-snapshot.json", "reports/quality/seven-gaps-20261002/implementation/ci-artifacts-phase2/hotspot-controls-bcc12e60941ac0bff3820411a2eaaa7cd823ec9b-1/hotspot-controls/measurement/go/report.json", "reports/quality/seven-gaps-20261002/implementation/ci-artifacts-phase2/hotspot-controls-bcc12e60941ac0bff3820411a2eaaa7cd823ec9b-1/hotspot-controls/measurement/go/target.log", "reports/quality/seven-gaps-20261002/implementation/ci-artifacts-phase2/hotspot-controls-bcc12e60941ac0bff3820411a2eaaa7cd823ec9b-1/hotspot-controls/measurement/python/cleanup-snapshot.json", "reports/quality/seven-gaps-20261002/implementation/ci-artifacts-phase2/hotspot-controls-bcc12e60941ac0bff3820411a2eaaa7cd823ec9b-1/hotspot-controls/measurement/python/fault-snapshots.json", "reports/quality/seven-gaps-20261002/implementation/ci-artifacts-phase2/hotspot-controls-bcc12e60941ac0bff3820411a2eaaa7cd823ec9b-1/hotspot-controls/measurement/python/recovery-snapshot.json", "reports/quality/seven-gaps-20261002/implementation/ci-artifacts-phase2/hotspot-controls-bcc12e60941ac0bff3820411a2eaaa7cd823ec9b-1/hotspot-controls/measurement/python/report.json", "reports/quality/seven-gaps-20261002/implementation/ci-artifacts-phase2/hotspot-controls-bcc12e60941ac0bff3820411a2eaaa7cd823ec9b-1/hotspot-controls/measurement/python/target.log", "reports/quality/seven-gaps-20261002/implementation/ci-artifacts-phase2/hotspot-controls-bcc12e60941ac0bff3820411a2eaaa7cd823ec9b-1/hotspot-controls/measurement/report.json", "reports/quality/seven-gaps-20261002/implementation/ci-artifacts-phase2/hotspot-controls-bcc12e60941ac0bff3820411a2eaaa7cd823ec9b-1/hotspot-controls/measurement/source.json", "reports/quality/seven-gaps-20261002/implementation/ci-artifacts-phase2/hotspot-controls-bcc12e60941ac0bff3820411a2eaaa7cd823ec9b-1/report.json", "reports/quality/seven-gaps-20261002/implementation/ci-artifacts-phase2/logs/job-110511870120.log", "reports/quality/seven-gaps-20261002/implementation/ci-artifacts-phase2/logs/job-110511870164.log", "reports/quality/seven-gaps-20261002/implementation/ci-artifacts-phase2/logs/job-110511870213.log", "reports/quality/seven-gaps-20261002/implementation/ci-artifacts-phase2/logs/job-110511870274.log", "reports/quality/seven-gaps-20261002/implementation/ci-artifacts-phase2/logs/job-110511870288.log", "reports/quality/seven-gaps-20261002/implementation/ci-artifacts-phase2/logs/job-110511870326.log", "reports/quality/seven-gaps-20261002/implementation/ci-artifacts-phase2/logs/job-110511870376.log", "reports/quality/seven-gaps-20261002/implementation/ci-artifacts-phase2/logs/job-110511870630.log", "reports/quality/seven-gaps-20261002/implementation/ci-artifacts-phase2/native-agent-binary-bcc12e60941ac0bff3820411a2eaaa7cd823ec9b-1/ctest.xml", "reports/quality/seven-gaps-20261002/implementation/ci-artifacts-phase2/observation-controls-bcc12e60941ac0bff3820411a2eaaa7cd823ec9b-1/cpp/report.json", "reports/quality/seven-gaps-20261002/implementation/ci-artifacts-phase2/observation-controls-bcc12e60941ac0bff3820411a2eaaa7cd823ec9b-1/java/report.json", "reports/quality/seven-gaps-20261002/implementation/ci-artifacts-phase2/observation-controls-bcc12e60941ac0bff3820411a2eaaa7cd823ec9b-1/perf-source-toolchain/report.json", "reports/quality/seven-gaps-20261002/implementation/ci-artifacts-phase2/observation-controls-bcc12e60941ac0bff3820411a2eaaa7cd823ec9b-1/perf-source-toolchain/toolchain.stderr.log", "reports/quality/seven-gaps-20261002/implementation/ci-artifacts-phase2/observation-controls-bcc12e60941ac0bff3820411a2eaaa7cd823ec9b-1/perf-source-toolchain/toolchain.stdout.json", "reports/quality/seven-gaps-20261002/implementation/ci-artifacts-phase2/observation-controls-bcc12e60941ac0bff3820411a2eaaa7cd823ec9b-1/python/report.json", "reports/quality/seven-gaps-20261002/implementation/ci-artifacts-phase2/official-artifacts-36904602187.json", "reports/quality/seven-gaps-20261002/implementation/ci-artifacts-phase2/official-git-ci-merge.json", "reports/quality/seven-gaps-20261002/implementation/ci-artifacts-phase2/official-git-source.json", "reports/quality/seven-gaps-20261002/implementation/ci-artifacts-phase2/official-jobs-36904602187.json", "reports/quality/seven-gaps-20261002/implementation/ci-artifacts-phase2/official-run-36904602187.json", "reports/quality/seven-gaps-20261002/implementation/ci-artifacts-phase2/postgres-concurrency-bcc12e60941ac0bff3820411a2eaaa7cd823ec9b-1/gate.json", "reports/quality/seven-gaps-20261002/implementation/ci-artifacts-phase2/postgres-concurrency-bcc12e60941ac0bff3820411a2eaaa7cd823ec9b-1/go.stderr.log", "reports/quality/seven-gaps-20261002/implementation/ci-artifacts-phase2/postgres-concurrency-bcc12e60941ac0bff3820411a2eaaa7cd823ec9b-1/postgres.log", "reports/quality/seven-gaps-20261002/implementation/ci-artifacts-phase2/postgres-concurrency-bcc12e60941ac0bff3820411a2eaaa7cd823ec9b-1/python.junit.xml", "reports/quality/seven-gaps-20261002/implementation/ci-artifacts-phase2/postgres-concurrency-bcc12e60941ac0bff3820411a2eaaa7cd823ec9b-1/python.log", "reports/quality/seven-gaps-20261002/implementation/ci-artifacts-phase2/postgres-concurrency-bcc12e60941ac0bff3820411a2eaaa7cd823ec9b-1/runtime.json", "reports/quality/seven-gaps-20261002/implementation/ci-artifacts-phase2/python-quality-bcc12e60941ac0bff3820411a2eaaa7cd823ec9b-1/contracts/command-1.log", "reports/quality/seven-gaps-20261002/implementation/ci-artifacts-phase2/python-quality-bcc12e60941ac0bff3820411a2eaaa7cd823ec9b-1/contracts/command-2.log", "reports/quality/seven-gaps-20261002/implementation/ci-artifacts-phase2/python-quality-bcc12e60941ac0bff3820411a2eaaa7cd823ec9b-1/contracts/command-3.log", "reports/quality/seven-gaps-20261002/implementation/ci-artifacts-phase2/python-quality-bcc12e60941ac0bff3820411a2eaaa7cd823ec9b-1/contracts/command-4.log", "reports/quality/seven-gaps-20261002/implementation/ci-artifacts-phase2/python-quality-bcc12e60941ac0bff3820411a2eaaa7cd823ec9b-1/contracts/command-5.log", "reports/quality/seven-gaps-20261002/implementation/ci-artifacts-phase2/python-quality-bcc12e60941ac0bff3820411a2eaaa7cd823ec9b-1/contracts/command-6.log", "reports/quality/seven-gaps-20261002/implementation/ci-artifacts-phase2/python-quality-bcc12e60941ac0bff3820411a2eaaa7cd823ec9b-1/contracts/command-7.log", "reports/quality/seven-gaps-20261002/implementation/ci-artifacts-phase2/python-quality-bcc12e60941ac0bff3820411a2eaaa7cd823ec9b-1/contracts/command-8.log", "reports/quality/seven-gaps-20261002/implementation/ci-artifacts-phase2/python-quality-bcc12e60941ac0bff3820411a2eaaa7cd823ec9b-1/contracts/command-9.log", "reports/quality/seven-gaps-20261002/implementation/ci-artifacts-phase2/python-quality-bcc12e60941ac0bff3820411a2eaaa7cd823ec9b-1/python-all/junit.xml", "reports/quality/seven-gaps-20261002/implementation/ci-artifacts-phase2/python-quality-bcc12e60941ac0bff3820411a2eaaa7cd823ec9b-1/report.json", "reports/quality/seven-gaps-20261002/implementation/ci-artifacts-phase2/web-browser-bcc12e60941ac0bff3820411a2eaaa7cd823ec9b-1/result.json", "reports/quality/seven-gaps-20261002/implementation/ci-artifacts/artifacts.json", "reports/quality/seven-gaps-20261002/implementation/ci-artifacts/failed-toolchain-36903574783/artifact/perf-source-toolchain/report.json", "reports/quality/seven-gaps-20261002/implementation/ci-artifacts/failed-toolchain-36903574783/artifact/perf-source-toolchain/toolchain.stderr.log", "reports/quality/seven-gaps-20261002/implementation/ci-artifacts/failed-toolchain-36903574783/artifact/perf-source-toolchain/toolchain.stdout.json", "reports/quality/seven-gaps-20261002/implementation/ci-artifacts/failed-toolchain-36903574783/failure-evidence.json", "reports/quality/seven-gaps-20261002/implementation/ci-artifacts/failed-toolchain-36903574783/job-110508421464.log", "reports/quality/seven-gaps-20261002/implementation/ci-artifacts/failed-toolchain-36903574783/official-artifacts.json", "reports/quality/seven-gaps-20261002/implementation/ci-artifacts/failed-toolchain-36903574783/official-jobs.json", "reports/quality/seven-gaps-20261002/implementation/ci-artifacts/hotspot-controls-2e7db027048535fb70b4d2db7e0986b17225cb2c-1/go-io-window/report.json", "reports/quality/seven-gaps-20261002/implementation/ci-artifacts/hotspot-controls-2e7db027048535fb70b4d2db7e0986b17225cb2c-1/hotspot-controls/command-1.log", "reports/quality/seven-gaps-20261002/implementation/ci-artifacts/hotspot-controls-2e7db027048535fb70b4d2db7e0986b17225cb2c-1/hotspot-controls/measurement/go/cleanup-snapshot.json", "reports/quality/seven-gaps-20261002/implementation/ci-artifacts/hotspot-controls-2e7db027048535fb70b4d2db7e0986b17225cb2c-1/hotspot-controls/measurement/go/fault-snapshots.json", "reports/quality/seven-gaps-20261002/implementation/ci-artifacts/hotspot-controls-2e7db027048535fb70b4d2db7e0986b17225cb2c-1/hotspot-controls/measurement/go/recovery-snapshot.json", "reports/quality/seven-gaps-20261002/implementation/ci-artifacts/hotspot-controls-2e7db027048535fb70b4d2db7e0986b17225cb2c-1/hotspot-controls/measurement/go/report.json", "reports/quality/seven-gaps-20261002/implementation/ci-artifacts/hotspot-controls-2e7db027048535fb70b4d2db7e0986b17225cb2c-1/hotspot-controls/measurement/go/target.log", "reports/quality/seven-gaps-20261002/implementation/ci-artifacts/hotspot-controls-2e7db027048535fb70b4d2db7e0986b17225cb2c-1/hotspot-controls/measurement/python/cleanup-snapshot.json", "reports/quality/seven-gaps-20261002/implementation/ci-artifacts/hotspot-controls-2e7db027048535fb70b4d2db7e0986b17225cb2c-1/hotspot-controls/measurement/python/fault-snapshots.json", "reports/quality/seven-gaps-20261002/implementation/ci-artifacts/hotspot-controls-2e7db027048535fb70b4d2db7e0986b17225cb2c-1/hotspot-controls/measurement/python/recovery-snapshot.json", "reports/quality/seven-gaps-20261002/implementation/ci-artifacts/hotspot-controls-2e7db027048535fb70b4d2db7e0986b17225cb2c-1/hotspot-controls/measurement/python/report.json", "reports/quality/seven-gaps-20261002/implementation/ci-artifacts/hotspot-controls-2e7db027048535fb70b4d2db7e0986b17225cb2c-1/hotspot-controls/measurement/python/target.log", "reports/quality/seven-gaps-20261002/implementation/ci-artifacts/hotspot-controls-2e7db027048535fb70b4d2db7e0986b17225cb2c-1/hotspot-controls/measurement/report.json", "reports/quality/seven-gaps-20261002/implementation/ci-artifacts/hotspot-controls-2e7db027048535fb70b4d2db7e0986b17225cb2c-1/hotspot-controls/measurement/source.json", "reports/quality/seven-gaps-20261002/implementation/ci-artifacts/hotspot-controls-2e7db027048535fb70b4d2db7e0986b17225cb2c-1/report.json", "reports/quality/seven-gaps-20261002/implementation/ci-artifacts/logs/job-110487616937.log", "reports/quality/seven-gaps-20261002/implementation/ci-artifacts/logs/job-110487616958.log", "reports/quality/seven-gaps-20261002/implementation/ci-artifacts/logs/job-110487616982.log", "reports/quality/seven-gaps-20261002/implementation/ci-artifacts/logs/job-110487617082.log", "reports/quality/seven-gaps-20261002/implementation/ci-artifacts/logs/job-110487617125.log", "reports/quality/seven-gaps-20261002/implementation/ci-artifacts/logs/job-110487617241.log", "reports/quality/seven-gaps-20261002/implementation/ci-artifacts/logs/job-110487617249.log", "reports/quality/seven-gaps-20261002/implementation/ci-artifacts/logs/job-110487618385.log", "reports/quality/seven-gaps-20261002/implementation/ci-artifacts/native-agent-binary-2e7db027048535fb70b4d2db7e0986b17225cb2c-1/ctest.xml", "reports/quality/seven-gaps-20261002/implementation/ci-artifacts/native-binary-proof.json", "reports/quality/seven-gaps-20261002/implementation/ci-artifacts/observation-controls-2e7db027048535fb70b4d2db7e0986b17225cb2c-1/cpp/report.json", "reports/quality/seven-gaps-20261002/implementation/ci-artifacts/observation-controls-2e7db027048535fb70b4d2db7e0986b17225cb2c-1/java/report.json", "reports/quality/seven-gaps-20261002/implementation/ci-artifacts/observation-controls-2e7db027048535fb70b4d2db7e0986b17225cb2c-1/python/report.json", "reports/quality/seven-gaps-20261002/implementation/ci-artifacts/official-artifacts-36897365758.json", "reports/quality/seven-gaps-20261002/implementation/ci-artifacts/official-jobs-36897365758.json", "reports/quality/seven-gaps-20261002/implementation/ci-artifacts/official-run-36897365758.json", "reports/quality/seven-gaps-20261002/implementation/ci-artifacts/postgres-concurrency-2e7db027048535fb70b4d2db7e0986b17225cb2c-1/gate.json", "reports/quality/seven-gaps-20261002/implementation/ci-artifacts/postgres-concurrency-2e7db027048535fb70b4d2db7e0986b17225cb2c-1/go.stderr.log", "reports/quality/seven-gaps-20261002/implementation/ci-artifacts/postgres-concurrency-2e7db027048535fb70b4d2db7e0986b17225cb2c-1/postgres.log", "reports/quality/seven-gaps-20261002/implementation/ci-artifacts/postgres-concurrency-2e7db027048535fb70b4d2db7e0986b17225cb2c-1/python.junit.xml", "reports/quality/seven-gaps-20261002/implementation/ci-artifacts/postgres-concurrency-2e7db027048535fb70b4d2db7e0986b17225cb2c-1/python.log", "reports/quality/seven-gaps-20261002/implementation/ci-artifacts/postgres-concurrency-2e7db027048535fb70b4d2db7e0986b17225cb2c-1/runtime.json", "reports/quality/seven-gaps-20261002/implementation/ci-artifacts/python-quality-2e7db027048535fb70b4d2db7e0986b17225cb2c-1/contracts/command-1.log", "reports/quality/seven-gaps-20261002/implementation/ci-artifacts/python-quality-2e7db027048535fb70b4d2db7e0986b17225cb2c-1/contracts/command-2.log", "reports/quality/seven-gaps-20261002/implementation/ci-artifacts/python-quality-2e7db027048535fb70b4d2db7e0986b17225cb2c-1/contracts/command-3.log", "reports/quality/seven-gaps-20261002/implementation/ci-artifacts/python-quality-2e7db027048535fb70b4d2db7e0986b17225cb2c-1/contracts/command-4.log", "reports/quality/seven-gaps-20261002/implementation/ci-artifacts/python-quality-2e7db027048535fb70b4d2db7e0986b17225cb2c-1/contracts/command-5.log", "reports/quality/seven-gaps-20261002/implementation/ci-artifacts/python-quality-2e7db027048535fb70b4d2db7e0986b17225cb2c-1/contracts/command-6.log", "reports/quality/seven-gaps-20261002/implementation/ci-artifacts/python-quality-2e7db027048535fb70b4d2db7e0986b17225cb2c-1/contracts/command-7.log", "reports/quality/seven-gaps-20261002/implementation/ci-artifacts/python-quality-2e7db027048535fb70b4d2db7e0986b17225cb2c-1/contracts/command-8.log", "reports/quality/seven-gaps-20261002/implementation/ci-artifacts/python-quality-2e7db027048535fb70b4d2db7e0986b17225cb2c-1/contracts/command-9.log", "reports/quality/seven-gaps-20261002/implementation/ci-artifacts/python-quality-2e7db027048535fb70b4d2db7e0986b17225cb2c-1/python-all/junit.xml", "reports/quality/seven-gaps-20261002/implementation/ci-artifacts/python-quality-2e7db027048535fb70b4d2db7e0986b17225cb2c-1/report.json", "reports/quality/seven-gaps-20261002/implementation/ci-artifacts/web-browser-2e7db027048535fb70b4d2db7e0986b17225cb2c-1/result.json", "reports/quality/seven-gaps-20261002/implementation/ci-evidence-download-inventory.json", "reports/quality/seven-gaps-20261002/implementation/ci-evidence-summary.json", "reports/quality/seven-gaps-20261002/implementation/ci-evidence-summary.md", "reports/quality/seven-gaps-20261002/implementation/ci-phase2-evidence-download-inventory.json", "reports/quality/seven-gaps-20261002/implementation/ci-phase2-evidence-summary.json", "reports/quality/seven-gaps-20261002/implementation/ci-phase2-evidence-summary.md", "reports/quality/seven-gaps-20261002/implementation/ci-phase2-source-equivalence.json", "reports/quality/seven-gaps-20261002/implementation/ci-source-equivalence.json", "reports/quality/seven-gaps-20261002/implementation/cpp-perf-analysis-failure.json", "reports/quality/seven-gaps-20261002/implementation/cpp-perf-readonly-replay.json", "reports/quality/seven-gaps-20261002/implementation/cpp-perf-tool-availability.json", "reports/quality/seven-gaps-20261002/implementation/cpp-retry.json", "reports/quality/seven-gaps-20261002/implementation/dependency-activation.json", "reports/quality/seven-gaps-20261002/implementation/dependency-image-proof.json", "reports/quality/seven-gaps-20261002/implementation/deployment-preflight.json", "reports/quality/seven-gaps-20261002/implementation/diagnosis-concentration-fixed-r2.xml", "reports/quality/seven-gaps-20261002/implementation/diagnosis-concentration-fixed.xml", "reports/quality/seven-gaps-20261002/implementation/diagnosis-final-fixed.xml", "reports/quality/seven-gaps-20261002/implementation/diagnosis-final.xml", "reports/quality/seven-gaps-20261002/implementation/diagnosis-initial.xml", "reports/quality/seven-gaps-20261002/implementation/diagnosis-integrated.xml", "reports/quality/seven-gaps-20261002/implementation/diagnosis-noisy-domain-fixed.xml", "reports/quality/seven-gaps-20261002/implementation/diagnosis-old-registry-r2.xml", "reports/quality/seven-gaps-20261002/implementation/diagnosis-old-registry.xml", "reports/quality/seven-gaps-20261002/implementation/diagnosis-old-source-proof-r2.json", "reports/quality/seven-gaps-20261002/implementation/diagnosis-old-source-proof.json", "reports/quality/seven-gaps-20261002/implementation/diagnosis-planning-domain-final.xml", "reports/quality/seven-gaps-20261002/implementation/engineering-campaign-provenance-final.xml", "reports/quality/seven-gaps-20261002/implementation/engineering-campaign-provenance.xml", "reports/quality/seven-gaps-20261002/implementation/engineering-final-campaign.xml", "reports/quality/seven-gaps-20261002/implementation/engineering-final-web.xml", "reports/quality/seven-gaps-20261002/implementation/engineering-frozen-regression.xml", "reports/quality/seven-gaps-20261002/implementation/engineering-refuted-web.xml", "reports/quality/seven-gaps-20261002/implementation/final-planning.xml", "reports/quality/seven-gaps-20261002/implementation/final-runtime-verification.json", "reports/quality/seven-gaps-20261002/implementation/full-worktree-r1.xml", "reports/quality/seven-gaps-20261002/implementation/integration-r1.xml", "reports/quality/seven-gaps-20261002/implementation/integration-r2.xml", "reports/quality/seven-gaps-20261002/implementation/measured-five-summary.json", "reports/quality/seven-gaps-20261002/implementation/noisy-boot-identity-replay.json", "reports/quality/seven-gaps-20261002/implementation/noisy-boot-identity.xml", "reports/quality/seven-gaps-20261002/implementation/noisy-retry.json", "reports/quality/seven-gaps-20261002/implementation/office-disk-readonly-receipt.json", "reports/quality/seven-gaps-20261002/implementation/phase2-release/manifest.json", "reports/quality/seven-gaps-20261002/implementation/phase2-release/platform-deployment.json", "reports/quality/seven-gaps-20261002/implementation/phase2-release/platform-deployment.log", "reports/quality/seven-gaps-20261002/implementation/phase2-runtime-predeployment.json", "reports/quality/seven-gaps-20261002/implementation/phase2-runtime-verification.json", "reports/quality/seven-gaps-20261002/implementation/phase2-source-regression.xml", "reports/quality/seven-gaps-20261002/implementation/planning-lats-r2.xml", "reports/quality/seven-gaps-20261002/implementation/planning-lats-r3.xml", "reports/quality/seven-gaps-20261002/implementation/plaza-before.json", "reports/quality/seven-gaps-20261002/implementation/release/20261001T171638Z-platform-deployment.log", "reports/quality/seven-gaps-20261002/implementation/release/manifest.json", "reports/quality/seven-gaps-20261002/implementation/release/platform-deployment.json", "reports/quality/seven-gaps-20261002/implementation/release/platform-deployment.log", "reports/quality/seven-gaps-20261002/implementation/routing-regression-r2.xml", "reports/quality/seven-gaps-20261002/implementation/runtime-baseline.json", "reports/quality/seven-gaps-20261002/implementation/runtime-pre-trials.json", "reports/quality/seven-gaps-20261002/implementation/runtime-predeployment.json", "reports/quality/seven-gaps-20261002/implementation/seven.json", "reports/quality/seven-gaps-20261002/implementation/source-tree-proof.json", "reports/quality/seven-gaps-20261002/implementation/staged-source-files.json", "reports/quality/seven-gaps-20261002/implementation/telemetry-after-r2.xml", "reports/quality/seven-gaps-20261002/implementation/telemetry-after.xml", "reports/quality/seven-gaps-20261002/implementation/telemetry-before.xml", "reports/quality/seven-gaps-20261002/implementation/telemetry-original-source.xml", "reports/quality/seven-gaps-20261002/manifest.json", "reports/quality/seven-gaps-20261002/noisy-retry-cases/noisy-neighbor-artifacts/task_20261001_181733_aefc9b-manifest.raw", "reports/quality/seven-gaps-20261002/noisy-retry-cases/noisy-neighbor-artifacts/task_20261001_181733_aefc9b-sys_metrics.raw", "reports/quality/seven-gaps-20261002/noisy-retry-cases/noisy-neighbor.json", "reports/quality/seven-gaps-20261002/noisy-retry.json", "reports/quality/seven-gaps-20261002/performance-manifest.json", "reports/quality/seven-gaps-20261002/publication/browser-initial/browser.log", "reports/quality/seven-gaps-20261002/publication/browser-initial/business-path.png", "reports/quality/seven-gaps-20261002/publication/browser-initial/current-engineering-1024.png", "reports/quality/seven-gaps-20261002/publication/browser-initial/current-engineering-1440.png", "reports/quality/seven-gaps-20261002/publication/browser-initial/current-engineering-375.png", "reports/quality/seven-gaps-20261002/publication/browser-initial/current-engineering-768.png", "reports/quality/seven-gaps-20261002/publication/browser-initial/expected-public.json", "reports/quality/seven-gaps-20261002/publication/browser-initial/failure.png", "reports/quality/seven-gaps-20261002/publication/browser-initial/four-engineering-regressions-1024.png", "reports/quality/seven-gaps-20261002/publication/browser-initial/four-engineering-regressions-1440.png", "reports/quality/seven-gaps-20261002/publication/browser-initial/four-engineering-regressions-375.png", "reports/quality/seven-gaps-20261002/publication/browser-initial/four-engineering-regressions-768.png", "reports/quality/seven-gaps-20261002/publication/browser-initial/health-anomaly.png", "reports/quality/seven-gaps-20261002/publication/browser-initial/health-normal.png", "reports/quality/seven-gaps-20261002/publication/browser-initial/health-recovery.png", "reports/quality/seven-gaps-20261002/publication/browser-initial/health-resampled.png", "reports/quality/seven-gaps-20261002/publication/browser-initial/health-unknown.png", "reports/quality/seven-gaps-20261002/publication/browser-initial/historical-audit.png", "reports/quality/seven-gaps-20261002/publication/browser-initial/history-back-http.png", "reports/quality/seven-gaps-20261002/publication/browser-initial/history-forward-io.png", "reports/quality/seven-gaps-20261002/publication/browser-initial/network.json", "reports/quality/seven-gaps-20261002/publication/browser-initial/old-go-cpu-hotspot-1024.png", "reports/quality/seven-gaps-20261002/publication/browser-initial/old-go-cpu-hotspot-1440.png", "reports/quality/seven-gaps-20261002/publication/browser-initial/old-go-cpu-hotspot-375.png", "reports/quality/seven-gaps-20261002/publication/browser-initial/old-go-cpu-hotspot-768.png", "reports/quality/seven-gaps-20261002/publication/browser-initial/old-go-file-io-1024.png", "reports/quality/seven-gaps-20261002/publication/browser-initial/old-go-file-io-1440.png", "reports/quality/seven-gaps-20261002/publication/browser-initial/old-go-file-io-375.png", "reports/quality/seven-gaps-20261002/publication/browser-initial/old-go-file-io-768.png", "reports/quality/seven-gaps-20261002/publication/browser-initial/old-go-network-latency-1024.png", "reports/quality/seven-gaps-20261002/publication/browser-initial/old-go-network-latency-1440.png", "reports/quality/seven-gaps-20261002/publication/browser-initial/old-go-network-latency-375.png", "reports/quality/seven-gaps-20261002/publication/browser-initial/old-go-network-latency-768.png", "reports/quality/seven-gaps-20261002/publication/browser-initial/result.json", "reports/quality/seven-gaps-20261002/publication/browser/browser.log", "reports/quality/seven-gaps-20261002/publication/browser/business-path.png", "reports/quality/seven-gaps-20261002/publication/browser/current-engineering-1024.png", "reports/quality/seven-gaps-20261002/publication/browser/current-engineering-1440.png", "reports/quality/seven-gaps-20261002/publication/browser/current-engineering-375.png", "reports/quality/seven-gaps-20261002/publication/browser/current-engineering-768.png", "reports/quality/seven-gaps-20261002/publication/browser/engineering-cpu-button.png", "reports/quality/seven-gaps-20261002/publication/browser/expected-public.json", "reports/quality/seven-gaps-20261002/publication/browser/four-engineering-regressions-1024.png", "reports/quality/seven-gaps-20261002/publication/browser/four-engineering-regressions-1440.png", "reports/quality/seven-gaps-20261002/publication/browser/four-engineering-regressions-375.png", "reports/quality/seven-gaps-20261002/publication/browser/four-engineering-regressions-768.png", "reports/quality/seven-gaps-20261002/publication/browser/health-anomaly.png", "reports/quality/seven-gaps-20261002/publication/browser/health-normal.png", "reports/quality/seven-gaps-20261002/publication/browser/health-recovery.png", "reports/quality/seven-gaps-20261002/publication/browser/health-resampled.png", "reports/quality/seven-gaps-20261002/publication/browser/health-unknown.png", "reports/quality/seven-gaps-20261002/publication/browser/historical-audit.png", "reports/quality/seven-gaps-20261002/publication/browser/history-back-http.png", "reports/quality/seven-gaps-20261002/publication/browser/history-forward-io.png", "reports/quality/seven-gaps-20261002/publication/browser/network.json", "reports/quality/seven-gaps-20261002/publication/browser/new-cpp-cpu-hotspot-1024.png", "reports/quality/seven-gaps-20261002/publication/browser/new-cpp-cpu-hotspot-1440.png", "reports/quality/seven-gaps-20261002/publication/browser/new-cpp-cpu-hotspot-375.png", "reports/quality/seven-gaps-20261002/publication/browser/new-cpp-cpu-hotspot-768.png", "reports/quality/seven-gaps-20261002/publication/browser/new-cpp-file-io-1024.png", "reports/quality/seven-gaps-20261002/publication/browser/new-cpp-file-io-1440.png", "reports/quality/seven-gaps-20261002/publication/browser/new-cpp-file-io-375.png", "reports/quality/seven-gaps-20261002/publication/browser/new-cpp-file-io-768.png", "reports/quality/seven-gaps-20261002/publication/browser/new-cpp-lock-contention-1024.png", "reports/quality/seven-gaps-20261002/publication/browser/new-cpp-lock-contention-1440.png", "reports/quality/seven-gaps-20261002/publication/browser/new-cpp-lock-contention-375.png", "reports/quality/seven-gaps-20261002/publication/browser/new-cpp-lock-contention-768.png", "reports/quality/seven-gaps-20261002/publication/browser/new-io-write-latency-1024.png", "reports/quality/seven-gaps-20261002/publication/browser/new-io-write-latency-1440.png", "reports/quality/seven-gaps-20261002/publication/browser/new-io-write-latency-375.png", "reports/quality/seven-gaps-20261002/publication/browser/new-io-write-latency-768.png", "reports/quality/seven-gaps-20261002/publication/browser/new-java-file-io-1024.png", "reports/quality/seven-gaps-20261002/publication/browser/new-java-file-io-1440.png", "reports/quality/seven-gaps-20261002/publication/browser/new-java-file-io-375.png", "reports/quality/seven-gaps-20261002/publication/browser/new-java-file-io-768.png", "reports/quality/seven-gaps-20261002/publication/browser/new-noisy-neighbor-1024.png", "reports/quality/seven-gaps-20261002/publication/browser/new-noisy-neighbor-1440.png", "reports/quality/seven-gaps-20261002/publication/browser/new-noisy-neighbor-375.png", "reports/quality/seven-gaps-20261002/publication/browser/new-noisy-neighbor-768.png", "reports/quality/seven-gaps-20261002/publication/browser/new-source-hotspot-1024.png", "reports/quality/seven-gaps-20261002/publication/browser/new-source-hotspot-1440.png", "reports/quality/seven-gaps-20261002/publication/browser/new-source-hotspot-375.png", "reports/quality/seven-gaps-20261002/publication/browser/new-source-hotspot-768.png", "reports/quality/seven-gaps-20261002/publication/browser/old-go-cpu-hotspot-1024.png", "reports/quality/seven-gaps-20261002/publication/browser/old-go-cpu-hotspot-1440.png", "reports/quality/seven-gaps-20261002/publication/browser/old-go-cpu-hotspot-375.png", "reports/quality/seven-gaps-20261002/publication/browser/old-go-cpu-hotspot-768.png", "reports/quality/seven-gaps-20261002/publication/browser/old-go-file-io-1024.png", "reports/quality/seven-gaps-20261002/publication/browser/old-go-file-io-1440.png", "reports/quality/seven-gaps-20261002/publication/browser/old-go-file-io-375.png", "reports/quality/seven-gaps-20261002/publication/browser/old-go-file-io-768.png", "reports/quality/seven-gaps-20261002/publication/browser/old-go-network-latency-1024.png", "reports/quality/seven-gaps-20261002/publication/browser/old-go-network-latency-1440.png", "reports/quality/seven-gaps-20261002/publication/browser/old-go-network-latency-375.png", "reports/quality/seven-gaps-20261002/publication/browser/old-go-network-latency-768.png", "reports/quality/seven-gaps-20261002/publication/browser/result.json", "reports/quality/seven-gaps-20261002/publication/ci-artifacts/hotspot-controls-06226c703a14dba5999bcc3115633a8be95b2c25-1/go-io-window/report.json", "reports/quality/seven-gaps-20261002/publication/ci-artifacts/hotspot-controls-06226c703a14dba5999bcc3115633a8be95b2c25-1/hotspot-controls/command-1.log", "reports/quality/seven-gaps-20261002/publication/ci-artifacts/hotspot-controls-06226c703a14dba5999bcc3115633a8be95b2c25-1/hotspot-controls/measurement/go/cleanup-snapshot.json", "reports/quality/seven-gaps-20261002/publication/ci-artifacts/hotspot-controls-06226c703a14dba5999bcc3115633a8be95b2c25-1/hotspot-controls/measurement/go/fault-snapshots.json", "reports/quality/seven-gaps-20261002/publication/ci-artifacts/hotspot-controls-06226c703a14dba5999bcc3115633a8be95b2c25-1/hotspot-controls/measurement/go/recovery-snapshot.json", "reports/quality/seven-gaps-20261002/publication/ci-artifacts/hotspot-controls-06226c703a14dba5999bcc3115633a8be95b2c25-1/hotspot-controls/measurement/go/report.json", "reports/quality/seven-gaps-20261002/publication/ci-artifacts/hotspot-controls-06226c703a14dba5999bcc3115633a8be95b2c25-1/hotspot-controls/measurement/go/target.log", "reports/quality/seven-gaps-20261002/publication/ci-artifacts/hotspot-controls-06226c703a14dba5999bcc3115633a8be95b2c25-1/hotspot-controls/measurement/python/cleanup-snapshot.json", "reports/quality/seven-gaps-20261002/publication/ci-artifacts/hotspot-controls-06226c703a14dba5999bcc3115633a8be95b2c25-1/hotspot-controls/measurement/python/fault-snapshots.json", "reports/quality/seven-gaps-20261002/publication/ci-artifacts/hotspot-controls-06226c703a14dba5999bcc3115633a8be95b2c25-1/hotspot-controls/measurement/python/recovery-snapshot.json", "reports/quality/seven-gaps-20261002/publication/ci-artifacts/hotspot-controls-06226c703a14dba5999bcc3115633a8be95b2c25-1/hotspot-controls/measurement/python/report.json", "reports/quality/seven-gaps-20261002/publication/ci-artifacts/hotspot-controls-06226c703a14dba5999bcc3115633a8be95b2c25-1/hotspot-controls/measurement/python/target.log", "reports/quality/seven-gaps-20261002/publication/ci-artifacts/hotspot-controls-06226c703a14dba5999bcc3115633a8be95b2c25-1/hotspot-controls/measurement/report.json", "reports/quality/seven-gaps-20261002/publication/ci-artifacts/hotspot-controls-06226c703a14dba5999bcc3115633a8be95b2c25-1/hotspot-controls/measurement/source.json", "reports/quality/seven-gaps-20261002/publication/ci-artifacts/hotspot-controls-06226c703a14dba5999bcc3115633a8be95b2c25-1/report.json", "reports/quality/seven-gaps-20261002/publication/ci-artifacts/logs/job-110520741377.log", "reports/quality/seven-gaps-20261002/publication/ci-artifacts/logs/job-110520741390.log", "reports/quality/seven-gaps-20261002/publication/ci-artifacts/logs/job-110520741422.log", "reports/quality/seven-gaps-20261002/publication/ci-artifacts/logs/job-110520741517.log", "reports/quality/seven-gaps-20261002/publication/ci-artifacts/logs/job-110520741545.log", "reports/quality/seven-gaps-20261002/publication/ci-artifacts/logs/job-110520741675.log", "reports/quality/seven-gaps-20261002/publication/ci-artifacts/logs/job-110520741687.log", "reports/quality/seven-gaps-20261002/publication/ci-artifacts/logs/job-110520741699.log", "reports/quality/seven-gaps-20261002/publication/ci-artifacts/logs/job-110520741749.log", "reports/quality/seven-gaps-20261002/publication/ci-artifacts/logs/job-110520741784.log", "reports/quality/seven-gaps-20261002/publication/ci-artifacts/logs/job-110520741794.log", "reports/quality/seven-gaps-20261002/publication/ci-artifacts/logs/job-110520741800.log", "reports/quality/seven-gaps-20261002/publication/ci-artifacts/logs/job-110520741809.log", "reports/quality/seven-gaps-20261002/publication/ci-artifacts/logs/job-110520741949.log", "reports/quality/seven-gaps-20261002/publication/ci-artifacts/native-agent-binary-06226c703a14dba5999bcc3115633a8be95b2c25-1/ctest.xml", "reports/quality/seven-gaps-20261002/publication/ci-artifacts/observation-controls-06226c703a14dba5999bcc3115633a8be95b2c25-1/cpp/report.json", "reports/quality/seven-gaps-20261002/publication/ci-artifacts/observation-controls-06226c703a14dba5999bcc3115633a8be95b2c25-1/java/report.json", "reports/quality/seven-gaps-20261002/publication/ci-artifacts/observation-controls-06226c703a14dba5999bcc3115633a8be95b2c25-1/perf-source-toolchain/report.json", "reports/quality/seven-gaps-20261002/publication/ci-artifacts/observation-controls-06226c703a14dba5999bcc3115633a8be95b2c25-1/perf-source-toolchain/toolchain.stderr.log", "reports/quality/seven-gaps-20261002/publication/ci-artifacts/observation-controls-06226c703a14dba5999bcc3115633a8be95b2c25-1/perf-source-toolchain/toolchain.stdout.json", "reports/quality/seven-gaps-20261002/publication/ci-artifacts/observation-controls-06226c703a14dba5999bcc3115633a8be95b2c25-1/python/report.json", "reports/quality/seven-gaps-20261002/publication/ci-artifacts/official-artifacts-36907241773.json", "reports/quality/seven-gaps-20261002/publication/ci-artifacts/official-git-ci-merge.json", "reports/quality/seven-gaps-20261002/publication/ci-artifacts/official-git-source.json", "reports/quality/seven-gaps-20261002/publication/ci-artifacts/official-jobs-36907241773.json", "reports/quality/seven-gaps-20261002/publication/ci-artifacts/official-run-36907241773.json", "reports/quality/seven-gaps-20261002/publication/ci-artifacts/postgres-concurrency-06226c703a14dba5999bcc3115633a8be95b2c25-1/gate.json", "reports/quality/seven-gaps-20261002/publication/ci-artifacts/postgres-concurrency-06226c703a14dba5999bcc3115633a8be95b2c25-1/go.stderr.log", "reports/quality/seven-gaps-20261002/publication/ci-artifacts/postgres-concurrency-06226c703a14dba5999bcc3115633a8be95b2c25-1/postgres.log", "reports/quality/seven-gaps-20261002/publication/ci-artifacts/postgres-concurrency-06226c703a14dba5999bcc3115633a8be95b2c25-1/python.junit.xml", "reports/quality/seven-gaps-20261002/publication/ci-artifacts/postgres-concurrency-06226c703a14dba5999bcc3115633a8be95b2c25-1/python.log", "reports/quality/seven-gaps-20261002/publication/ci-artifacts/postgres-concurrency-06226c703a14dba5999bcc3115633a8be95b2c25-1/runtime.json", "reports/quality/seven-gaps-20261002/publication/ci-artifacts/python-quality-06226c703a14dba5999bcc3115633a8be95b2c25-1/contracts/command-1.log", "reports/quality/seven-gaps-20261002/publication/ci-artifacts/python-quality-06226c703a14dba5999bcc3115633a8be95b2c25-1/contracts/command-2.log", "reports/quality/seven-gaps-20261002/publication/ci-artifacts/python-quality-06226c703a14dba5999bcc3115633a8be95b2c25-1/contracts/command-3.log", "reports/quality/seven-gaps-20261002/publication/ci-artifacts/python-quality-06226c703a14dba5999bcc3115633a8be95b2c25-1/contracts/command-4.log", "reports/quality/seven-gaps-20261002/publication/ci-artifacts/python-quality-06226c703a14dba5999bcc3115633a8be95b2c25-1/contracts/command-5.log", "reports/quality/seven-gaps-20261002/publication/ci-artifacts/python-quality-06226c703a14dba5999bcc3115633a8be95b2c25-1/contracts/command-6.log", "reports/quality/seven-gaps-20261002/publication/ci-artifacts/python-quality-06226c703a14dba5999bcc3115633a8be95b2c25-1/contracts/command-7.log", "reports/quality/seven-gaps-20261002/publication/ci-artifacts/python-quality-06226c703a14dba5999bcc3115633a8be95b2c25-1/contracts/command-8.log", "reports/quality/seven-gaps-20261002/publication/ci-artifacts/python-quality-06226c703a14dba5999bcc3115633a8be95b2c25-1/contracts/command-9.log", "reports/quality/seven-gaps-20261002/publication/ci-artifacts/python-quality-06226c703a14dba5999bcc3115633a8be95b2c25-1/python-all/command-1.log", "reports/quality/seven-gaps-20261002/publication/ci-artifacts/python-quality-06226c703a14dba5999bcc3115633a8be95b2c25-1/python-all/coverage.json", "reports/quality/seven-gaps-20261002/publication/ci-artifacts/python-quality-06226c703a14dba5999bcc3115633a8be95b2c25-1/python-all/junit.xml", "reports/quality/seven-gaps-20261002/publication/ci-artifacts/python-quality-06226c703a14dba5999bcc3115633a8be95b2c25-1/python-all/tmp/test_actual_source_projection_0/actual.json", "reports/quality/seven-gaps-20261002/publication/ci-artifacts/python-quality-06226c703a14dba5999bcc3115633a8be95b2c25-1/python-all/tmp/test_actual_source_projection_0/campaign.json", "reports/quality/seven-gaps-20261002/publication/ci-artifacts/python-quality-06226c703a14dba5999bcc3115633a8be95b2c25-1/python-all/tmp/test_actual_source_projection_0/link.json", "reports/quality/seven-gaps-20261002/publication/ci-artifacts/python-quality-06226c703a14dba5999bcc3115633a8be95b2c25-1/python-all/tmp/test_actual_source_projection_1/actual.json", "reports/quality/seven-gaps-20261002/publication/ci-artifacts/python-quality-06226c703a14dba5999bcc3115633a8be95b2c25-1/python-all/tmp/test_actual_source_projection_1/campaign.json", "reports/quality/seven-gaps-20261002/publication/ci-artifacts/python-quality-06226c703a14dba5999bcc3115633a8be95b2c25-1/python-all/tmp/test_actual_source_projection_1/link.json", "reports/quality/seven-gaps-20261002/publication/ci-artifacts/python-quality-06226c703a14dba5999bcc3115633a8be95b2c25-1/python-all/tmp/test_actual_source_projection_current/actual.json", "reports/quality/seven-gaps-20261002/publication/ci-artifacts/python-quality-06226c703a14dba5999bcc3115633a8be95b2c25-1/python-all/tmp/test_actual_source_projection_current/campaign.json", "reports/quality/seven-gaps-20261002/publication/ci-artifacts/python-quality-06226c703a14dba5999bcc3115633a8be95b2c25-1/python-all/tmp/test_actual_source_projection_current/link.json", "reports/quality/seven-gaps-20261002/publication/ci-artifacts/python-quality-06226c703a14dba5999bcc3115633a8be95b2c25-1/python-all/tmp/test_after_skips_and_failures_0/after.xml", "reports/quality/seven-gaps-20261002/publication/ci-artifacts/python-quality-06226c703a14dba5999bcc3115633a8be95b2c25-1/python-all/tmp/test_after_skips_and_failures_0/before.xml", "reports/quality/seven-gaps-20261002/publication/ci-artifacts/python-quality-06226c703a14dba5999bcc3115633a8be95b2c25-1/python-all/tmp/test_after_skips_and_failures_1/after.xml", "reports/quality/seven-gaps-20261002/publication/ci-artifacts/python-quality-06226c703a14dba5999bcc3115633a8be95b2c25-1/python-all/tmp/test_after_skips_and_failures_1/before.xml", "reports/quality/seven-gaps-20261002/publication/ci-artifacts/python-quality-06226c703a14dba5999bcc3115633a8be95b2c25-1/python-all/tmp/test_after_skips_and_failures_2/after.xml", "reports/quality/seven-gaps-20261002/publication/ci-artifacts/python-quality-06226c703a14dba5999bcc3115633a8be95b2c25-1/python-all/tmp/test_after_skips_and_failures_2/before.xml", "reports/quality/seven-gaps-20261002/publication/ci-artifacts/python-quality-06226c703a14dba5999bcc3115633a8be95b2c25-1/python-all/tmp/test_after_skips_and_failures_current/after.xml", "reports/quality/seven-gaps-20261002/publication/ci-artifacts/python-quality-06226c703a14dba5999bcc3115633a8be95b2c25-1/python-all/tmp/test_after_skips_and_failures_current/before.xml", "reports/quality/seven-gaps-20261002/publication/ci-artifacts/python-quality-06226c703a14dba5999bcc3115633a8be95b2c25-1/python-all/tmp/test_all_skipped_is_failed_eve0/junit.xml", "reports/quality/seven-gaps-20261002/publication/ci-artifacts/python-quality-06226c703a14dba5999bcc3115633a8be95b2c25-1/python-all/tmp/test_all_skipped_is_failed_evecurrent/junit.xml", "reports/quality/seven-gaps-20261002/publication/ci-artifacts/python-quality-06226c703a14dba5999bcc3115633a8be95b2c25-1/python-all/tmp/test_analyzer_runner_pprof_int0/task-pprof/flamegraph.json", "reports/quality/seven-gaps-20261002/publication/ci-artifacts/python-quality-06226c703a14dba5999bcc3115633a8be95b2c25-1/python-all/tmp/test_analyzer_runner_pprof_int0/task-pprof/top.json", "reports/quality/seven-gaps-20261002/publication/ci-artifacts/python-quality-06226c703a14dba5999bcc3115633a8be95b2c25-1/python-all/tmp/test_analyzer_runner_pprof_intcurrent/task-pprof/flamegraph.json", "reports/quality/seven-gaps-20261002/publication/ci-artifacts/python-quality-06226c703a14dba5999bcc3115633a8be95b2c25-1/python-all/tmp/test_analyzer_runner_pprof_intcurrent/task-pprof/top.json", "reports/quality/seven-gaps-20261002/publication/ci-artifacts/python-quality-06226c703a14dba5999bcc3115633a8be95b2c25-1/python-all/tmp/test_analyzer_runner_speedscop0/pyspy-speedscope.json", "reports/quality/seven-gaps-20261002/publication/ci-artifacts/python-quality-06226c703a14dba5999bcc3115633a8be95b2c25-1/python-all/tmp/test_analyzer_runner_speedscop0/task-pyspy/flamegraph.json", "reports/quality/seven-gaps-20261002/publication/ci-artifacts/python-quality-06226c703a14dba5999bcc3115633a8be95b2c25-1/python-all/tmp/test_analyzer_runner_speedscop0/task-pyspy/top.json", "reports/quality/seven-gaps-20261002/publication/ci-artifacts/python-quality-06226c703a14dba5999bcc3115633a8be95b2c25-1/python-all/tmp/test_analyzer_runner_speedscopcurrent/pyspy-speedscope.json", "reports/quality/seven-gaps-20261002/publication/ci-artifacts/python-quality-06226c703a14dba5999bcc3115633a8be95b2c25-1/python-all/tmp/test_analyzer_runner_speedscopcurrent/task-pyspy/flamegraph.json", "reports/quality/seven-gaps-20261002/publication/ci-artifacts/python-quality-06226c703a14dba5999bcc3115633a8be95b2c25-1/python-all/tmp/test_analyzer_runner_speedscopcurrent/task-pyspy/top.json", "reports/quality/seven-gaps-20261002/publication/ci-artifacts/python-quality-06226c703a14dba5999bcc3115633a8be95b2c25-1/python-all/tmp/test_analyzer_upload_binds_tem0/top.json", "reports/quality/seven-gaps-20261002/publication/ci-artifacts/python-quality-06226c703a14dba5999bcc3115633a8be95b2c25-1/python-all/tmp/test_analyzer_upload_binds_temcurrent/top.json", "reports/quality/seven-gaps-20261002/publication/ci-artifacts/python-quality-06226c703a14dba5999bcc3115633a8be95b2c25-1/python-all/tmp/test_artifact_path_cannot_esca0/report.json", "reports/quality/seven-gaps-20261002/publication/ci-artifacts/python-quality-06226c703a14dba5999bcc3115633a8be95b2c25-1/python-all/tmp/test_artifact_path_cannot_escacurrent/report.json", "reports/quality/seven-gaps-20261002/publication/ci-artifacts/python-quality-06226c703a14dba5999bcc3115633a8be95b2c25-1/python-all/tmp/test_asgi_metrics_publish_boun0/metrics.json", "reports/quality/seven-gaps-20261002/publication/ci-artifacts/python-quality-06226c703a14dba5999bcc3115633a8be95b2c25-1/python-all/tmp/test_asgi_metrics_publish_bouncurrent/metrics.json", "reports/quality/seven-gaps-20261002/publication/ci-artifacts/python-quality-06226c703a14dba5999bcc3115633a8be95b2c25-1/python-all/tmp/test_business_comparison_rejec0/case/after-started.json", "reports/quality/seven-gaps-20261002/publication/ci-artifacts/python-quality-06226c703a14dba5999bcc3115633a8be95b2c25-1/python-all/tmp/test_business_comparison_rejec0/case/after.json", "reports/quality/seven-gaps-20261002/publication/ci-artifacts/python-quality-06226c703a14dba5999bcc3115633a8be95b2c25-1/python-all/tmp/test_business_comparison_rejec0/case/baseline-started.json", "reports/quality/seven-gaps-20261002/publication/ci-artifacts/python-quality-06226c703a14dba5999bcc3115633a8be95b2c25-1/python-all/tmp/test_business_comparison_rejec0/case/baseline.json", "reports/quality/seven-gaps-20261002/publication/ci-artifacts/python-quality-06226c703a14dba5999bcc3115633a8be95b2c25-1/python-all/tmp/test_business_comparison_rejec0/case/before-started.json", "reports/quality/seven-gaps-20261002/publication/ci-artifacts/python-quality-06226c703a14dba5999bcc3115633a8be95b2c25-1/python-all/tmp/test_business_comparison_rejec0/case/before.json", "reports/quality/seven-gaps-20261002/publication/ci-artifacts/python-quality-06226c703a14dba5999bcc3115633a8be95b2c25-1/python-all/tmp/test_business_comparison_rejec0/case/comparison.json", "reports/quality/seven-gaps-20261002/publication/ci-artifacts/python-quality-06226c703a14dba5999bcc3115633a8be95b2c25-1/python-all/tmp/test_business_comparison_rejec0/case/diagnosis-created.json", "reports/quality/seven-gaps-20261002/publication/ci-artifacts/python-quality-06226c703a14dba5999bcc3115633a8be95b2c25-1/python-all/tmp/test_business_comparison_rejec0/case/diagnosis-records.json", "reports/quality/seven-gaps-20261002/publication/ci-artifacts/python-quality-06226c703a14dba5999bcc3115633a8be95b2c25-1/python-all/tmp/test_business_comparison_rejec0/case/downloads.json", "reports/quality/seven-gaps-20261002/publication/ci-artifacts/python-quality-06226c703a14dba5999bcc3115633a8be95b2c25-1/python-all/tmp/test_business_comparison_rejec0/case/fixture-exit.json", "reports/quality/seven-gaps-20261002/publication/ci-artifacts/python-quality-06226c703a14dba5999bcc3115633a8be95b2c25-1/python-all/tmp/test_business_comparison_rejec0/case/human-hypothesis.json", "reports/quality/seven-gaps-20261002/publication/ci-artifacts/python-quality-06226c703a14dba5999bcc3115633a8be95b2c25-1/python-all/tmp/test_business_comparison_rejec0/case/os-probe-requested.json", "reports/quality/seven-gaps-20261002/publication/ci-artifacts/python-quality-06226c703a14dba5999bcc3115633a8be95b2c25-1/python-all/tmp/test_business_comparison_rejec0/case/probe-approved.json", "reports/quality/seven-gaps-20261002/publication/ci-artifacts/python-quality-06226c703a14dba5999bcc3115633a8be95b2c25-1/python-all/tmp/test_business_comparison_rejec0/case/probe-requested.json", "reports/quality/seven-gaps-20261002/publication/ci-artifacts/python-quality-06226c703a14dba5999bcc3115633a8be95b2c25-1/python-all/tmp/test_business_comparison_rejec0/case/ready.json", "reports/quality/seven-gaps-20261002/publication/ci-artifacts/python-quality-06226c703a14dba5999bcc3115633a8be95b2c25-1/python-all/tmp/test_business_comparison_rejec0/case/remote-cleanup.json", "reports/quality/seven-gaps-20261002/publication/ci-artifacts/python-quality-06226c703a14dba5999bcc3115633a8be95b2c25-1/python-all/tmp/test_business_comparison_rejec0/case/source-manifest.json", "reports/quality/seven-gaps-20261002/publication/ci-artifacts/python-quality-06226c703a14dba5999bcc3115633a8be95b2c25-1/python-all/tmp/test_business_comparison_rejec0/case/validated-comparison.json", "reports/quality/seven-gaps-20261002/publication/ci-artifacts/python-quality-06226c703a14dba5999bcc3115633a8be95b2c25-1/python-all/tmp/test_business_comparison_rejec1/case/after-started.json", "reports/quality/seven-gaps-20261002/publication/ci-artifacts/python-quality-06226c703a14dba5999bcc3115633a8be95b2c25-1/python-all/tmp/test_business_comparison_rejec1/case/after.json", "reports/quality/seven-gaps-20261002/publication/ci-artifacts/python-quality-06226c703a14dba5999bcc3115633a8be95b2c25-1/python-all/tmp/test_business_comparison_rejec1/case/baseline-started.json", "reports/quality/seven-gaps-20261002/publication/ci-artifacts/python-quality-06226c703a14dba5999bcc3115633a8be95b2c25-1/python-all/tmp/test_business_comparison_rejec1/case/baseline.json", "reports/quality/seven-gaps-20261002/publication/ci-artifacts/python-quality-06226c703a14dba5999bcc3115633a8be95b2c25-1/python-all/tmp/test_business_comparison_rejec1/case/before-started.json", "reports/quality/seven-gaps-20261002/publication/ci-artifacts/python-quality-06226c703a14dba5999bcc3115633a8be95b2c25-1/python-all/tmp/test_business_comparison_rejec1/case/before.json", "reports/quality/seven-gaps-20261002/publication/ci-artifacts/python-quality-06226c703a14dba5999bcc3115633a8be95b2c25-1/python-all/tmp/test_business_comparison_rejec1/case/comparison.json", "reports/quality/seven-gaps-20261002/publication/ci-artifacts/python-quality-06226c703a14dba5999bcc3115633a8be95b2c25-1/python-all/tmp/test_business_comparison_rejec1/case/diagnosis-created.json", "reports/quality/seven-gaps-20261002/publication/ci-artifacts/python-quality-06226c703a14dba5999bcc3115633a8be95b2c25-1/python-all/tmp/test_business_comparison_rejec1/case/diagnosis-records.json", "reports/quality/seven-gaps-20261002/publication/ci-artifacts/python-quality-06226c703a14dba5999bcc3115633a8be95b2c25-1/python-all/tmp/test_business_comparison_rejec1/case/downloads.json", "reports/quality/seven-gaps-20261002/publication/ci-artifacts/python-quality-06226c703a14dba5999bcc3115633a8be95b2c25-1/python-all/tmp/test_business_comparison_rejec1/case/fixture-exit.json", "reports/quality/seven-gaps-20261002/publication/ci-artifacts/python-quality-06226c703a14dba5999bcc3115633a8be95b2c25-1/python-all/tmp/test_business_comparison_rejec1/case/human-hypothesis.json", "reports/quality/seven-gaps-20261002/publication/ci-artifacts/python-quality-06226c703a14dba5999bcc3115633a8be95b2c25-1/python-all/tmp/test_business_comparison_rejec1/case/os-probe-requested.json", "reports/quality/seven-gaps-20261002/publication/ci-artifacts/python-quality-06226c703a14dba5999bcc3115633a8be95b2c25-1/python-all/tmp/test_business_comparison_rejec1/case/probe-approved.json", "reports/quality/seven-gaps-20261002/publication/ci-artifacts/python-quality-06226c703a14dba5999bcc3115633a8be95b2c25-1/python-all/tmp/test_business_comparison_rejec1/case/probe-requested.json", "reports/quality/seven-gaps-20261002/publication/ci-artifacts/python-quality-06226c703a14dba5999bcc3115633a8be95b2c25-1/python-all/tmp/test_business_comparison_rejec1/case/ready.json", "reports/quality/seven-gaps-20261002/publication/ci-artifacts/python-quality-06226c703a14dba5999bcc3115633a8be95b2c25-1/python-all/tmp/test_business_comparison_rejec1/case/remote-cleanup.json", "reports/quality/seven-gaps-20261002/publication/ci-artifacts/python-quality-06226c703a14dba5999bcc3115633a8be95b2c25-1/python-all/tmp/test_business_comparison_rejec1/case/source-manifest.json", "reports/quality/seven-gaps-20261002/publication/ci-artifacts/python-quality-06226c703a14dba5999bcc3115633a8be95b2c25-1/python-all/tmp/test_business_comparison_rejec1/case/validated-comparison.json", "reports/quality/seven-gaps-20261002/publication/ci-artifacts/python-quality-06226c703a14dba5999bcc3115633a8be95b2c25-1/python-all/tmp/test_business_comparison_rejec2/case/after-started.json", "reports/quality/seven-gaps-20261002/publication/ci-artifacts/python-quality-06226c703a14dba5999bcc3115633a8be95b2c25-1/python-all/tmp/test_business_comparison_rejec2/case/after.json", "reports/quality/seven-gaps-20261002/publication/ci-artifacts/python-quality-06226c703a14dba5999bcc3115633a8be95b2c25-1/python-all/tmp/test_business_comparison_rejec2/case/baseline-started.json", "reports/quality/seven-gaps-20261002/publication/ci-artifacts/python-quality-06226c703a14dba5999bcc3115633a8be95b2c25-1/python-all/tmp/test_business_comparison_rejec2/case/baseline.json", "reports/quality/seven-gaps-20261002/publication/ci-artifacts/python-quality-06226c703a14dba5999bcc3115633a8be95b2c25-1/python-all/tmp/test_business_comparison_rejec2/case/before-started.json", "reports/quality/seven-gaps-20261002/publication/ci-artifacts/python-quality-06226c703a14dba5999bcc3115633a8be95b2c25-1/python-all/tmp/test_business_comparison_rejec2/case/before.json", "reports/quality/seven-gaps-20261002/publication/ci-artifacts/python-quality-06226c703a14dba5999bcc3115633a8be95b2c25-1/python-all/tmp/test_business_comparison_rejec2/case/comparison.json", "reports/quality/seven-gaps-20261002/publication/ci-artifacts/python-quality-06226c703a14dba5999bcc3115633a8be95b2c25-1/python-all/tmp/test_business_comparison_rejec2/case/diagnosis-created.json", "reports/quality/seven-gaps-20261002/publication/ci-artifacts/python-quality-06226c703a14dba5999bcc3115633a8be95b2c25-1/python-all/tmp/test_business_comparison_rejec2/case/diagnosis-records.json", "reports/quality/seven-gaps-20261002/publication/ci-artifacts/python-quality-06226c703a14dba5999bcc3115633a8be95b2c25-1/python-all/tmp/test_business_comparison_rejec2/case/downloads.json", "reports/quality/seven-gaps-20261002/publication/ci-artifacts/python-quality-06226c703a14dba5999bcc3115633a8be95b2c25-1/python-all/tmp/test_business_comparison_rejec2/case/fixture-exit.json", "reports/quality/seven-gaps-20261002/publication/ci-artifacts/python-quality-06226c703a14dba5999bcc3115633a8be95b2c25-1/python-all/tmp/test_business_comparison_rejec2/case/human-hypothesis.json", "reports/quality/seven-gaps-20261002/publication/ci-artifacts/python-quality-06226c703a14dba5999bcc3115633a8be95b2c25-1/python-all/tmp/test_business_comparison_rejec2/case/os-probe-requested.json", "reports/quality/seven-gaps-20261002/publication/ci-artifacts/python-quality-06226c703a14dba5999bcc3115633a8be95b2c25-1/python-all/tmp/test_business_comparison_rejec2/case/probe-approved.json", "reports/quality/seven-gaps-20261002/publication/ci-artifacts/python-quality-06226c703a14dba5999bcc3115633a8be95b2c25-1/python-all/tmp/test_business_comparison_rejec2/case/probe-requested.json", "reports/quality/seven-gaps-20261002/publication/ci-artifacts/python-quality-06226c703a14dba5999bcc3115633a8be95b2c25-1/python-all/tmp/test_business_comparison_rejec2/case/ready.json", "reports/quality/seven-gaps-20261002/publication/ci-artifacts/python-quality-06226c703a14dba5999bcc3115633a8be95b2c25-1/python-all/tmp/test_business_comparison_rejec2/case/remote-cleanup.json", "reports/quality/seven-gaps-20261002/publication/ci-artifacts/python-quality-06226c703a14dba5999bcc3115633a8be95b2c25-1/python-all/tmp/test_business_comparison_rejec2/case/source-manifest.json", "reports/quality/seven-gaps-20261002/publication/ci-artifacts/python-quality-06226c703a14dba5999bcc3115633a8be95b2c25-1/python-all/tmp/test_business_comparison_rejec2/case/validated-comparison.json", "reports/quality/seven-gaps-20261002/publication/ci-artifacts/python-quality-06226c703a14dba5999bcc3115633a8be95b2c25-1/python-all/tmp/test_business_comparison_rejec3/case/after-started.json", "reports/quality/seven-gaps-20261002/publication/ci-artifacts/python-quality-06226c703a14dba5999bcc3115633a8be95b2c25-1/python-all/tmp/test_business_comparison_rejec3/case/after.json", "reports/quality/seven-gaps-20261002/publication/ci-artifacts/python-quality-06226c703a14dba5999bcc3115633a8be95b2c25-1/python-all/tmp/test_business_comparison_rejec3/case/baseline-started.json", "reports/quality/seven-gaps-20261002/publication/ci-artifacts/python-quality-06226c703a14dba5999bcc3115633a8be95b2c25-1/python-all/tmp/test_business_comparison_rejec3/case/baseline.json", "reports/quality/seven-gaps-20261002/publication/ci-artifacts/python-quality-06226c703a14dba5999bcc3115633a8be95b2c25-1/python-all/tmp/test_business_comparison_rejec3/case/before-started.json", "reports/quality/seven-gaps-20261002/publication/ci-artifacts/python-quality-06226c703a14dba5999bcc3115633a8be95b2c25-1/python-all/tmp/test_business_comparison_rejec3/case/before.json", "reports/quality/seven-gaps-20261002/publication/ci-artifacts/python-quality-06226c703a14dba5999bcc3115633a8be95b2c25-1/python-all/tmp/test_business_comparison_rejec3/case/comparison.json", "reports/quality/seven-gaps-20261002/publication/ci-artifacts/python-quality-06226c703a14dba5999bcc3115633a8be95b2c25-1/python-all/tmp/test_business_comparison_rejec3/case/diagnosis-created.json", "reports/quality/seven-gaps-20261002/publication/ci-artifacts/python-quality-06226c703a14dba5999bcc3115633a8be95b2c25-1/python-all/tmp/test_business_comparison_rejec3/case/diagnosis-records.json", "reports/quality/seven-gaps-20261002/publication/ci-artifacts/python-quality-06226c703a14dba5999bcc3115633a8be95b2c25-1/python-all/tmp/test_business_comparison_rejec3/case/downloads.json", "reports/quality/seven-gaps-20261002/publication/ci-artifacts/python-quality-06226c703a14dba5999bcc3115633a8be95b2c25-1/python-all/tmp/test_business_comparison_rejec3/case/fixture-exit.json", "reports/quality/seven-gaps-20261002/publication/ci-artifacts/python-quality-06226c703a14dba5999bcc3115633a8be95b2c25-1/python-all/tmp/test_business_comparison_rejec3/case/human-hypothesis.json", "reports/quality/seven-gaps-20261002/publication/ci-artifacts/python-quality-06226c703a14dba5999bcc3115633a8be95b2c25-1/python-all/tmp/test_business_comparison_rejec3/case/os-probe-requested.json", "reports/quality/seven-gaps-20261002/publication/ci-artifacts/python-quality-06226c703a14dba5999bcc3115633a8be95b2c25-1/python-all/tmp/test_business_comparison_rejec3/case/probe-approved.json", "reports/quality/seven-gaps-20261002/publication/ci-artifacts/python-quality-06226c703a14dba5999bcc3115633a8be95b2c25-1/python-all/tmp/test_business_comparison_rejec3/case/probe-requested.json", "reports/quality/seven-gaps-20261002/publication/ci-artifacts/python-quality-06226c703a14dba5999bcc3115633a8be95b2c25-1/python-all/tmp/test_business_comparison_rejec3/case/ready.json", "reports/quality/seven-gaps-20261002/publication/ci-artifacts/python-quality-06226c703a14dba5999bcc3115633a8be95b2c25-1/python-all/tmp/test_business_comparison_rejec3/case/remote-cleanup.json", "reports/quality/seven-gaps-20261002/publication/ci-artifacts/python-quality-06226c703a14dba5999bcc3115633a8be95b2c25-1/python-all/tmp/test_business_comparison_rejec3/case/source-manifest.json", "reports/quality/seven-gaps-20261002/publication/ci-artifacts/python-quality-06226c703a14dba5999bcc3115633a8be95b2c25-1/python-all/tmp/test_business_comparison_rejec3/case/validated-comparison.json", "reports/quality/seven-gaps-20261002/publication/ci-artifacts/python-quality-06226c703a14dba5999bcc3115633a8be95b2c25-1/python-all/tmp/test_business_comparison_rejec4/case/after-started.json", "reports/quality/seven-gaps-20261002/publication/ci-artifacts/python-quality-06226c703a14dba5999bcc3115633a8be95b2c25-1/python-all/tmp/test_business_comparison_rejec4/case/after.json", "reports/quality/seven-gaps-20261002/publication/ci-artifacts/python-quality-06226c703a14dba5999bcc3115633a8be95b2c25-1/python-all/tmp/test_business_comparison_rejec4/case/baseline-started.json", "reports/quality/seven-gaps-20261002/publication/ci-artifacts/python-quality-06226c703a14dba5999bcc3115633a8be95b2c25-1/python-all/tmp/test_business_comparison_rejec4/case/baseline.json", "reports/quality/seven-gaps-20261002/publication/ci-artifacts/python-quality-06226c703a14dba5999bcc3115633a8be95b2c25-1/python-all/tmp/test_business_comparison_rejec4/case/before-started.json", "reports/quality/seven-gaps-20261002/publication/ci-artifacts/python-quality-06226c703a14dba5999bcc3115633a8be95b2c25-1/python-all/tmp/test_business_comparison_rejec4/case/before.json", "reports/quality/seven-gaps-20261002/publication/ci-artifacts/python-quality-06226c703a14dba5999bcc3115633a8be95b2c25-1/python-all/tmp/test_business_comparison_rejec4/case/comparison.json", "reports/quality/seven-gaps-20261002/publication/ci-artifacts/python-quality-06226c703a14dba5999bcc3115633a8be95b2c25-1/python-all/tmp/test_business_comparison_rejec4/case/diagnosis-created.json", "reports/quality/seven-gaps-20261002/publication/ci-artifacts/python-quality-06226c703a14dba5999bcc3115633a8be95b2c25-1/python-all/tmp/test_business_comparison_rejec4/case/diagnosis-records.json", "reports/quality/seven-gaps-20261002/publication/ci-artifacts/python-quality-06226c703a14dba5999bcc3115633a8be95b2c25-1/python-all/tmp/test_business_comparison_rejec4/case/downloads.json", "reports/quality/seven-gaps-20261002/publication/ci-artifacts/python-quality-06226c703a14dba5999bcc3115633a8be95b2c25-1/python-all/tmp/test_business_comparison_rejec4/case/fixture-exit.json", "reports/quality/seven-gaps-20261002/publication/ci-artifacts/python-quality-06226c703a14dba5999bcc3115633a8be95b2c25-1/python-all/tmp/test_business_comparison_rejec4/case/human-hypothesis.json", "reports/quality/seven-gaps-20261002/publication/ci-artifacts/python-quality-06226c703a14dba5999bcc3115633a8be95b2c25-1/python-all/tmp/test_business_comparison_rejec4/case/os-probe-requested.json", "reports/quality/seven-gaps-20261002/publication/ci-artifacts/python-quality-06226c703a14dba5999bcc3115633a8be95b2c25-1/python-all/tmp/test_business_comparison_rejec4/case/probe-approved.json", "reports/quality/seven-gaps-20261002/publication/ci-artifacts/python-quality-06226c703a14dba5999bcc3115633a8be95b2c25-1/python-all/tmp/test_business_comparison_rejec4/case/probe-requested.json", "reports/quality/seven-gaps-20261002/publication/ci-artifacts/python-quality-06226c703a14dba5999bcc3115633a8be95b2c25-1/python-all/tmp/test_business_comparison_rejec4/case/ready.json", "reports/quality/seven-gaps-20261002/publication/ci-artifacts/python-quality-06226c703a14dba5999bcc3115633a8be95b2c25-1/python-all/tmp/test_business_comparison_rejec4/case/remote-cleanup.json", "reports/quality/seven-gaps-20261002/publication/ci-artifacts/python-quality-06226c703a14dba5999bcc3115633a8be95b2c25-1/python-all/tmp/test_business_comparison_rejec4/case/source-manifest.json", "reports/quality/seven-gaps-20261002/publication/ci-artifacts/python-quality-06226c703a14dba5999bcc3115633a8be95b2c25-1/python-all/tmp/test_business_comparison_rejec4/case/validated-comparison.json", "reports/quality/seven-gaps-20261002/publication/ci-artifacts/python-quality-06226c703a14dba5999bcc3115633a8be95b2c25-1/python-all/tmp/test_business_comparison_rejec5/case/after-started.json", "reports/quality/seven-gaps-20261002/publication/ci-artifacts/python-quality-06226c703a14dba5999bcc3115633a8be95b2c25-1/python-all/tmp/test_business_comparison_rejec5/case/after.json", "reports/quality/seven-gaps-20261002/publication/ci-artifacts/python-quality-06226c703a14dba5999bcc3115633a8be95b2c25-1/python-all/tmp/test_business_comparison_rejec5/case/baseline-started.json", "reports/quality/seven-gaps-20261002/publication/ci-artifacts/python-quality-06226c703a14dba5999bcc3115633a8be95b2c25-1/python-all/tmp/test_business_comparison_rejec5/case/baseline.json", "reports/quality/seven-gaps-20261002/publication/ci-artifacts/python-quality-06226c703a14dba5999bcc3115633a8be95b2c25-1/python-all/tmp/test_business_comparison_rejec5/case/before-started.json", "reports/quality/seven-gaps-20261002/publication/ci-artifacts/python-quality-06226c703a14dba5999bcc3115633a8be95b2c25-1/python-all/tmp/test_business_comparison_rejec5/case/before.json", "reports/quality/seven-gaps-20261002/publication/ci-artifacts/python-quality-06226c703a14dba5999bcc3115633a8be95b2c25-1/python-all/tmp/test_business_comparison_rejec5/case/comparison.json", "reports/quality/seven-gaps-20261002/publication/ci-artifacts/python-quality-06226c703a14dba5999bcc3115633a8be95b2c25-1/python-all/tmp/test_business_comparison_rejec5/case/diagnosis-created.json", "reports/quality/seven-gaps-20261002/publication/ci-artifacts/python-quality-06226c703a14dba5999bcc3115633a8be95b2c25-1/python-all/tmp/test_business_comparison_rejec5/case/diagnosis-records.json", "reports/quality/seven-gaps-20261002/publication/ci-artifacts/python-quality-06226c703a14dba5999bcc3115633a8be95b2c25-1/python-all/tmp/test_business_comparison_rejec5/case/downloads.json", "reports/quality/seven-gaps-20261002/publication/ci-artifacts/python-quality-06226c703a14dba5999bcc3115633a8be95b2c25-1/python-all/tmp/test_business_comparison_rejec5/case/fixture-exit.json", "reports/quality/seven-gaps-20261002/publication/ci-artifacts/python-quality-06226c703a14dba5999bcc3115633a8be95b2c25-1/python-all/tmp/test_business_comparison_rejec5/case/human-hypothesis.json", "reports/quality/seven-gaps-20261002/publication/ci-artifacts/python-quality-06226c703a14dba5999bcc3115633a8be95b2c25-1/python-all/tmp/test_business_comparison_rejec5/case/os-probe-requested.json", "reports/quality/seven-gaps-20261002/publication/ci-artifacts/python-quality-06226c703a14dba5999bcc3115633a8be95b2c25-1/python-all/tmp/test_business_comparison_rejec5/case/probe-approved.json", "reports/quality/seven-gaps-20261002/publication/ci-artifacts/python-quality-06226c703a14dba5999bcc3115633a8be95b2c25-1/python-all/tmp/test_business_comparison_rejec5/case/probe-requested.json", "reports/quality/seven-gaps-20261002/publication/ci-artifacts/python-quality-06226c703a14dba5999bcc3115633a8be95b2c25-1/python-all/tmp/test_business_comparison_rejec5/case/ready.json", "reports/quality/seven-gaps-20261002/publication/ci-artifacts/python-quality-06226c703a14dba5999bcc3115633a8be95b2c25-1/python-all/tmp/test_business_comparison_rejec5/case/remote-cleanup.json", "reports/quality/seven-gaps-20261002/publication/ci-artifacts/python-quality-06226c703a14dba5999bcc3115633a8be95b2c25-1/python-all/tmp/test_business_comparison_rejec5/case/source-manifest.json", "reports/quality/seven-gaps-20261002/publication/ci-artifacts/python-quality-06226c703a14dba5999bcc3115633a8be95b2c25-1/python-all/tmp/test_business_comparison_rejec5/case/validated-comparison.json", "reports/quality/seven-gaps-20261002/publication/ci-artifacts/python-quality-06226c703a14dba5999bcc3115633a8be95b2c25-1/python-all/tmp/test_business_comparison_rejeccurrent/case/after-started.json", "reports/quality/seven-gaps-20261002/publication/ci-artifacts/python-quality-06226c703a14dba5999bcc3115633a8be95b2c25-1/python-all/tmp/test_business_comparison_rejeccurrent/case/after.json", "reports/quality/seven-gaps-20261002/publication/ci-artifacts/python-quality-06226c703a14dba5999bcc3115633a8be95b2c25-1/python-all/tmp/test_business_comparison_rejeccurrent/case/baseline-started.json", "reports/quality/seven-gaps-20261002/publication/ci-artifacts/python-quality-06226c703a14dba5999bcc3115633a8be95b2c25-1/python-all/tmp/test_business_comparison_rejeccurrent/case/baseline.json", "reports/quality/seven-gaps-20261002/publication/ci-artifacts/python-quality-06226c703a14dba5999bcc3115633a8be95b2c25-1/python-all/tmp/test_business_comparison_rejeccurrent/case/before-started.json", "reports/quality/seven-gaps-20261002/publication/ci-artifacts/python-quality-06226c703a14dba5999bcc3115633a8be95b2c25-1/python-all/tmp/test_business_comparison_rejeccurrent/case/before.json", "reports/quality/seven-gaps-20261002/publication/ci-artifacts/python-quality-06226c703a14dba5999bcc3115633a8be95b2c25-1/python-all/tmp/test_business_comparison_rejeccurrent/case/comparison.json", "reports/quality/seven-gaps-20261002/publication/ci-artifacts/python-quality-06226c703a14dba5999bcc3115633a8be95b2c25-1/python-all/tmp/test_business_comparison_rejeccurrent/case/diagnosis-created.json", "reports/quality/seven-gaps-20261002/publication/ci-artifacts/python-quality-06226c703a14dba5999bcc3115633a8be95b2c25-1/python-all/tmp/test_business_comparison_rejeccurrent/case/diagnosis-records.json", "reports/quality/seven-gaps-20261002/publication/ci-artifacts/python-quality-06226c703a14dba5999bcc3115633a8be95b2c25-1/python-all/tmp/test_business_comparison_rejeccurrent/case/downloads.json", "reports/quality/seven-gaps-20261002/publication/ci-artifacts/python-quality-06226c703a14dba5999bcc3115633a8be95b2c25-1/python-all/tmp/test_business_comparison_rejeccurrent/case/fixture-exit.json", "reports/quality/seven-gaps-20261002/publication/ci-artifacts/python-quality-06226c703a14dba5999bcc3115633a8be95b2c25-1/python-all/tmp/test_business_comparison_rejeccurrent/case/human-hypothesis.json", "reports/quality/seven-gaps-20261002/publication/ci-artifacts/python-quality-06226c703a14dba5999bcc3115633a8be95b2c25-1/python-all/tmp/test_business_comparison_rejeccurrent/case/os-probe-requested.json", "reports/quality/seven-gaps-20261002/publication/ci-artifacts/python-quality-06226c703a14dba5999bcc3115633a8be95b2c25-1/python-all/tmp/test_business_comparison_rejeccurrent/case/probe-approved.json", "reports/quality/seven-gaps-20261002/publication/ci-artifacts/python-quality-06226c703a14dba5999bcc3115633a8be95b2c25-1/python-all/tmp/test_business_comparison_rejeccurrent/case/probe-requested.json", "reports/quality/seven-gaps-20261002/publication/ci-artifacts/python-quality-06226c703a14dba5999bcc3115633a8be95b2c25-1/python-all/tmp/test_business_comparison_rejeccurrent/case/ready.json", "reports/quality/seven-gaps-20261002/publication/ci-artifacts/python-quality-06226c703a14dba5999bcc3115633a8be95b2c25-1/python-all/tmp/test_business_comparison_rejeccurrent/case/remote-cleanup.json", "reports/quality/seven-gaps-20261002/publication/ci-artifacts/python-quality-06226c703a14dba5999bcc3115633a8be95b2c25-1/python-all/tmp/test_business_comparison_rejeccurrent/case/source-manifest.json", "reports/quality/seven-gaps-20261002/publication/ci-artifacts/python-quality-06226c703a14dba5999bcc3115633a8be95b2c25-1/python-all/tmp/test_business_comparison_rejeccurrent/case/validated-comparison.json", "reports/quality/seven-gaps-20261002/publication/ci-artifacts/python-quality-06226c703a14dba5999bcc3115633a8be95b2c25-1/python-all/tmp/test_campaign_error_preserves_0/failed/report.json", "reports/quality/seven-gaps-20261002/publication/ci-artifacts/python-quality-06226c703a14dba5999bcc3115633a8be95b2c25-1/python-all/tmp/test_campaign_error_preserves_current/failed/report.json", "reports/quality/seven-gaps-20261002/publication/ci-artifacts/python-quality-06226c703a14dba5999bcc3115633a8be95b2c25-1/python-all/tmp/test_campaign_never_overwrites0/campaign.json", "reports/quality/seven-gaps-20261002/publication/ci-artifacts/python-quality-06226c703a14dba5999bcc3115633a8be95b2c25-1/python-all/tmp/test_campaign_never_overwritescurrent/campaign.json", "reports/quality/seven-gaps-20261002/publication/ci-artifacts/python-quality-06226c703a14dba5999bcc3115633a8be95b2c25-1/python-all/tmp/test_campaign_persists_an_atom0/campaign.json", "reports/quality/seven-gaps-20261002/publication/ci-artifacts/python-quality-06226c703a14dba5999bcc3115633a8be95b2c25-1/python-all/tmp/test_campaign_persists_an_atomcurrent/campaign.json", "reports/quality/seven-gaps-20261002/publication/ci-artifacts/python-quality-06226c703a14dba5999bcc3115633a8be95b2c25-1/python-all/tmp/test_campaign_preserves_existi0/campaign.json", "reports/quality/seven-gaps-20261002/publication/ci-artifacts/python-quality-06226c703a14dba5999bcc3115633a8be95b2c25-1/python-all/tmp/test_campaign_records_version_0/campaign.json", "reports/quality/seven-gaps-20261002/publication/ci-artifacts/python-quality-06226c703a14dba5999bcc3115633a8be95b2c25-1/python-all/tmp/test_campaign_records_version_current/campaign.json", "reports/quality/seven-gaps-20261002/publication/ci-artifacts/python-quality-06226c703a14dba5999bcc3115633a8be95b2c25-1/python-all/tmp/test_changed_archived_evidence0/contracts/performance_audit.json", "reports/quality/seven-gaps-20261002/publication/ci-artifacts/python-quality-06226c703a14dba5999bcc3115633a8be95b2c25-1/python-all/tmp/test_changed_archived_evidencecurrent/contracts/performance_audit.json", "reports/quality/seven-gaps-20261002/publication/ci-artifacts/python-quality-06226c703a14dba5999bcc3115633a8be95b2c25-1/python-all/tmp/test_changed_entity_contract_r0/catalog.json", "reports/quality/seven-gaps-20261002/publication/ci-artifacts/python-quality-06226c703a14dba5999bcc3115633a8be95b2c25-1/python-all/tmp/test_changed_entity_contract_rcurrent/catalog.json", "reports/quality/seven-gaps-20261002/publication/ci-artifacts/python-quality-06226c703a14dba5999bcc3115633a8be95b2c25-1/python-all/tmp/test_changed_raw_bytes_fail_ev0/contracts/engineering_diagnosis.json", "reports/quality/seven-gaps-20261002/publication/ci-artifacts/python-quality-06226c703a14dba5999bcc3115633a8be95b2c25-1/python-all/tmp/test_changed_raw_bytes_fail_ev0/reports/quality/campaign-fixture/cases/fixture-0.json", "reports/quality/seven-gaps-20261002/publication/ci-artifacts/python-quality-06226c703a14dba5999bcc3115633a8be95b2c25-1/python-all/tmp/test_changed_raw_bytes_fail_ev0/reports/quality/campaign-fixture/manifest.json", "reports/quality/seven-gaps-20261002/publication/ci-artifacts/python-quality-06226c703a14dba5999bcc3115633a8be95b2c25-1/python-all/tmp/test_changed_raw_bytes_fail_evcurrent/contracts/engineering_diagnosis.json", "reports/quality/seven-gaps-20261002/publication/ci-artifacts/python-quality-06226c703a14dba5999bcc3115633a8be95b2c25-1/python-all/tmp/test_changed_raw_bytes_fail_evcurrent/reports/quality/campaign-fixture/cases/fixture-0.json", "reports/quality/seven-gaps-20261002/publication/ci-artifacts/python-quality-06226c703a14dba5999bcc3115633a8be95b2c25-1/python-all/tmp/test_changed_raw_bytes_fail_evcurrent/reports/quality/campaign-fixture/manifest.json", "reports/quality/seven-gaps-20261002/publication/ci-artifacts/python-quality-06226c703a14dba5999bcc3115633a8be95b2c25-1/python-all/tmp/test_changed_raw_evidence_is_r0/case.json", "reports/quality/seven-gaps-20261002/publication/ci-artifacts/python-quality-06226c703a14dba5999bcc3115633a8be95b2c25-1/python-all/tmp/test_changed_raw_evidence_is_rcurrent/case.json", "reports/quality/seven-gaps-20261002/publication/ci-artifacts/python-quality-06226c703a14dba5999bcc3115633a8be95b2c25-1/python-all/tmp/test_complete_raw_evidence_is_0/report.json", "reports/quality/seven-gaps-20261002/publication/ci-artifacts/python-quality-06226c703a14dba5999bcc3115633a8be95b2c25-1/python-all/tmp/test_complete_raw_evidence_is_current/report.json", "reports/quality/seven-gaps-20261002/publication/ci-artifacts/python-quality-06226c703a14dba5999bcc3115633a8be95b2c25-1/python-all/tmp/test_continuous_bundle_maps_ea0/task-1-window-0/callgraph.json", "reports/quality/seven-gaps-20261002/publication/ci-artifacts/python-quality-06226c703a14dba5999bcc3115633a8be95b2c25-1/python-all/tmp/test_continuous_bundle_maps_eacurrent/task-1-window-0/callgraph.json", "reports/quality/seven-gaps-20261002/publication/ci-artifacts/python-quality-06226c703a14dba5999bcc3115633a8be95b2c25-1/python-all/tmp/test_critical_coverage_at_or_a0/critical/command-1.log", "reports/quality/seven-gaps-20261002/publication/ci-artifacts/python-quality-06226c703a14dba5999bcc3115633a8be95b2c25-1/python-all/tmp/test_critical_coverage_at_or_a0/critical/coverage.json", "reports/quality/seven-gaps-20261002/publication/ci-artifacts/python-quality-06226c703a14dba5999bcc3115633a8be95b2c25-1/python-all/tmp/test_critical_coverage_at_or_acurrent/critical/command-1.log", "reports/quality/seven-gaps-20261002/publication/ci-artifacts/python-quality-06226c703a14dba5999bcc3115633a8be95b2c25-1/python-all/tmp/test_critical_coverage_at_or_acurrent/critical/coverage.json", "reports/quality/seven-gaps-20261002/publication/ci-artifacts/python-quality-06226c703a14dba5999bcc3115633a8be95b2c25-1/python-all/tmp/test_critical_coverage_below_f0/critical/command-1.log", "reports/quality/seven-gaps-20261002/publication/ci-artifacts/python-quality-06226c703a14dba5999bcc3115633a8be95b2c25-1/python-all/tmp/test_critical_coverage_below_f0/critical/coverage.json", "reports/quality/seven-gaps-20261002/publication/ci-artifacts/python-quality-06226c703a14dba5999bcc3115633a8be95b2c25-1/python-all/tmp/test_critical_coverage_below_fcurrent/critical/command-1.log", "reports/quality/seven-gaps-20261002/publication/ci-artifacts/python-quality-06226c703a14dba5999bcc3115633a8be95b2c25-1/python-all/tmp/test_critical_coverage_below_fcurrent/critical/coverage.json", "reports/quality/seven-gaps-20261002/publication/ci-artifacts/python-quality-06226c703a14dba5999bcc3115633a8be95b2c25-1/python-all/tmp/test_critical_coverage_names_o0/critical/command-1.log", "reports/quality/seven-gaps-20261002/publication/ci-artifacts/python-quality-06226c703a14dba5999bcc3115633a8be95b2c25-1/python-all/tmp/test_critical_coverage_names_o0/critical/coverage.json", "reports/quality/seven-gaps-20261002/publication/ci-artifacts/python-quality-06226c703a14dba5999bcc3115633a8be95b2c25-1/python-all/tmp/test_critical_coverage_names_ocurrent/critical/command-1.log", "reports/quality/seven-gaps-20261002/publication/ci-artifacts/python-quality-06226c703a14dba5999bcc3115633a8be95b2c25-1/python-all/tmp/test_critical_coverage_names_ocurrent/critical/coverage.json", "reports/quality/seven-gaps-20261002/publication/ci-artifacts/python-quality-06226c703a14dba5999bcc3115633a8be95b2c25-1/python-all/tmp/test_critical_module_missing_f0/critical/command-1.log", "reports/quality/seven-gaps-20261002/publication/ci-artifacts/python-quality-06226c703a14dba5999bcc3115633a8be95b2c25-1/python-all/tmp/test_critical_module_missing_f0/critical/coverage.json", "reports/quality/seven-gaps-20261002/publication/ci-artifacts/python-quality-06226c703a14dba5999bcc3115633a8be95b2c25-1/python-all/tmp/test_critical_module_missing_fcurrent/critical/command-1.log", "reports/quality/seven-gaps-20261002/publication/ci-artifacts/python-quality-06226c703a14dba5999bcc3115633a8be95b2c25-1/python-all/tmp/test_critical_module_missing_fcurrent/critical/coverage.json", "reports/quality/seven-gaps-20261002/publication/ci-artifacts/python-quality-06226c703a14dba5999bcc3115633a8be95b2c25-1/python-all/tmp/test_current_campaign_requires0/contracts/engineering_diagnosis.json", "reports/quality/seven-gaps-20261002/publication/ci-artifacts/python-quality-06226c703a14dba5999bcc3115633a8be95b2c25-1/python-all/tmp/test_current_campaign_requires0/reports/quality/campaign-fixture/cases/fixture-0.json", "reports/quality/seven-gaps-20261002/publication/ci-artifacts/python-quality-06226c703a14dba5999bcc3115633a8be95b2c25-1/python-all/tmp/test_current_campaign_requires0/reports/quality/campaign-fixture/manifest.json", "reports/quality/seven-gaps-20261002/publication/ci-artifacts/python-quality-06226c703a14dba5999bcc3115633a8be95b2c25-1/python-all/tmp/test_current_campaign_requires1/contracts/engineering_diagnosis.json", "reports/quality/seven-gaps-20261002/publication/ci-artifacts/python-quality-06226c703a14dba5999bcc3115633a8be95b2c25-1/python-all/tmp/test_current_campaign_requires1/reports/quality/campaign-fixture/cases/fixture-0.json", "reports/quality/seven-gaps-20261002/publication/ci-artifacts/python-quality-06226c703a14dba5999bcc3115633a8be95b2c25-1/python-all/tmp/test_current_campaign_requires1/reports/quality/campaign-fixture/manifest.json", "reports/quality/seven-gaps-20261002/publication/ci-artifacts/python-quality-06226c703a14dba5999bcc3115633a8be95b2c25-1/python-all/tmp/test_current_campaign_requires2/contracts/engineering_diagnosis.json", "reports/quality/seven-gaps-20261002/publication/ci-artifacts/python-quality-06226c703a14dba5999bcc3115633a8be95b2c25-1/python-all/tmp/test_current_campaign_requires2/reports/quality/campaign-fixture/cases/fixture-0.json", "reports/quality/seven-gaps-20261002/publication/ci-artifacts/python-quality-06226c703a14dba5999bcc3115633a8be95b2c25-1/python-all/tmp/test_current_campaign_requires2/reports/quality/campaign-fixture/manifest.json", "reports/quality/seven-gaps-20261002/publication/ci-artifacts/python-quality-06226c703a14dba5999bcc3115633a8be95b2c25-1/python-all/tmp/test_current_campaign_requirescurrent/contracts/engineering_diagnosis.json", "reports/quality/seven-gaps-20261002/publication/ci-artifacts/python-quality-06226c703a14dba5999bcc3115633a8be95b2c25-1/python-all/tmp/test_current_campaign_requirescurrent/reports/quality/campaign-fixture/cases/fixture-0.json", "reports/quality/seven-gaps-20261002/publication/ci-artifacts/python-quality-06226c703a14dba5999bcc3115633a8be95b2c25-1/python-all/tmp/test_current_campaign_requirescurrent/reports/quality/campaign-fixture/manifest.json", "reports/quality/seven-gaps-20261002/publication/ci-artifacts/python-quality-06226c703a14dba5999bcc3115633a8be95b2c25-1/python-all/tmp/test_current_seven_and_prior_f0/contracts/engineering_diagnosis.json", "reports/quality/seven-gaps-20261002/publication/ci-artifacts/python-quality-06226c703a14dba5999bcc3115633a8be95b2c25-1/python-all/tmp/test_current_seven_and_prior_f0/reports/quality/campaign-fixture/cases/fixture-0.json", "reports/quality/seven-gaps-20261002/publication/ci-artifacts/python-quality-06226c703a14dba5999bcc3115633a8be95b2c25-1/python-all/tmp/test_current_seven_and_prior_f0/reports/quality/campaign-fixture/cases/fixture-1.json", "reports/quality/seven-gaps-20261002/publication/ci-artifacts/python-quality-06226c703a14dba5999bcc3115633a8be95b2c25-1/python-all/tmp/test_current_seven_and_prior_f0/reports/quality/campaign-fixture/cases/fixture-10.json", "reports/quality/seven-gaps-20261002/publication/ci-artifacts/python-quality-06226c703a14dba5999bcc3115633a8be95b2c25-1/python-all/tmp/test_current_seven_and_prior_f0/reports/quality/campaign-fixture/cases/fixture-11.json", "reports/quality/seven-gaps-20261002/publication/ci-artifacts/python-quality-06226c703a14dba5999bcc3115633a8be95b2c25-1/python-all/tmp/test_current_seven_and_prior_f0/reports/quality/campaign-fixture/cases/fixture-12.json", "reports/quality/seven-gaps-20261002/publication/ci-artifacts/python-quality-06226c703a14dba5999bcc3115633a8be95b2c25-1/python-all/tmp/test_current_seven_and_prior_f0/reports/quality/campaign-fixture/cases/fixture-13.json", "reports/quality/seven-gaps-20261002/publication/ci-artifacts/python-quality-06226c703a14dba5999bcc3115633a8be95b2c25-1/python-all/tmp/test_current_seven_and_prior_f0/reports/quality/campaign-fixture/cases/fixture-14.json", "reports/quality/seven-gaps-20261002/publication/ci-artifacts/python-quality-06226c703a14dba5999bcc3115633a8be95b2c25-1/python-all/tmp/test_current_seven_and_prior_f0/reports/quality/campaign-fixture/cases/fixture-15.json", "reports/quality/seven-gaps-20261002/publication/ci-artifacts/python-quality-06226c703a14dba5999bcc3115633a8be95b2c25-1/python-all/tmp/test_current_seven_and_prior_f0/reports/quality/campaign-fixture/cases/fixture-16.json", "reports/quality/seven-gaps-20261002/publication/ci-artifacts/python-quality-06226c703a14dba5999bcc3115633a8be95b2c25-1/python-all/tmp/test_current_seven_and_prior_f0/reports/quality/campaign-fixture/cases/fixture-17.json", "reports/quality/seven-gaps-20261002/publication/ci-artifacts/python-quality-06226c703a14dba5999bcc3115633a8be95b2c25-1/python-all/tmp/test_current_seven_and_prior_f0/reports/quality/campaign-fixture/cases/fixture-18.json", "reports/quality/seven-gaps-20261002/publication/ci-artifacts/python-quality-06226c703a14dba5999bcc3115633a8be95b2c25-1/python-all/tmp/test_current_seven_and_prior_f0/reports/quality/campaign-fixture/cases/fixture-19.json", "reports/quality/seven-gaps-20261002/publication/ci-artifacts/python-quality-06226c703a14dba5999bcc3115633a8be95b2c25-1/python-all/tmp/test_current_seven_and_prior_f0/reports/quality/campaign-fixture/cases/fixture-2.json", "reports/quality/seven-gaps-20261002/publication/ci-artifacts/python-quality-06226c703a14dba5999bcc3115633a8be95b2c25-1/python-all/tmp/test_current_seven_and_prior_f0/reports/quality/campaign-fixture/cases/fixture-20.json", "reports/quality/seven-gaps-20261002/publication/ci-artifacts/python-quality-06226c703a14dba5999bcc3115633a8be95b2c25-1/python-all/tmp/test_current_seven_and_prior_f0/reports/quality/campaign-fixture/cases/fixture-3.json", "reports/quality/seven-gaps-20261002/publication/ci-artifacts/python-quality-06226c703a14dba5999bcc3115633a8be95b2c25-1/python-all/tmp/test_current_seven_and_prior_f0/reports/quality/campaign-fixture/cases/fixture-4.json", "reports/quality/seven-gaps-20261002/publication/ci-artifacts/python-quality-06226c703a14dba5999bcc3115633a8be95b2c25-1/python-all/tmp/test_current_seven_and_prior_f0/reports/quality/campaign-fixture/cases/fixture-5.json", "reports/quality/seven-gaps-20261002/publication/ci-artifacts/python-quality-06226c703a14dba5999bcc3115633a8be95b2c25-1/python-all/tmp/test_current_seven_and_prior_f0/reports/quality/campaign-fixture/cases/fixture-6.json", "reports/quality/seven-gaps-20261002/publication/ci-artifacts/python-quality-06226c703a14dba5999bcc3115633a8be95b2c25-1/python-all/tmp/test_current_seven_and_prior_f0/reports/quality/campaign-fixture/cases/fixture-7.json", "reports/quality/seven-gaps-20261002/publication/ci-artifacts/python-quality-06226c703a14dba5999bcc3115633a8be95b2c25-1/python-all/tmp/test_current_seven_and_prior_f0/reports/quality/campaign-fixture/cases/fixture-8.json", "reports/quality/seven-gaps-20261002/publication/ci-artifacts/python-quality-06226c703a14dba5999bcc3115633a8be95b2c25-1/python-all/tmp/test_current_seven_and_prior_f0/reports/quality/campaign-fixture/cases/fixture-9.json", "reports/quality/seven-gaps-20261002/publication/ci-artifacts/python-quality-06226c703a14dba5999bcc3115633a8be95b2c25-1/python-all/tmp/test_current_seven_and_prior_f0/reports/quality/campaign-fixture/manifest.json", "reports/quality/seven-gaps-20261002/publication/ci-artifacts/python-quality-06226c703a14dba5999bcc3115633a8be95b2c25-1/python-all/tmp/test_current_seven_and_prior_fcurrent/contracts/engineering_diagnosis.json", "reports/quality/seven-gaps-20261002/publication/ci-artifacts/python-quality-06226c703a14dba5999bcc3115633a8be95b2c25-1/python-all/tmp/test_current_seven_and_prior_fcurrent/reports/quality/campaign-fixture/cases/fixture-0.json", "reports/quality/seven-gaps-20261002/publication/ci-artifacts/python-quality-06226c703a14dba5999bcc3115633a8be95b2c25-1/python-all/tmp/test_current_seven_and_prior_fcurrent/reports/quality/campaign-fixture/cases/fixture-1.json", "reports/quality/seven-gaps-20261002/publication/ci-artifacts/python-quality-06226c703a14dba5999bcc3115633a8be95b2c25-1/python-all/tmp/test_current_seven_and_prior_fcurrent/reports/quality/campaign-fixture/cases/fixture-10.json", "reports/quality/seven-gaps-20261002/publication/ci-artifacts/python-quality-06226c703a14dba5999bcc3115633a8be95b2c25-1/python-all/tmp/test_current_seven_and_prior_fcurrent/reports/quality/campaign-fixture/cases/fixture-11.json", "reports/quality/seven-gaps-20261002/publication/ci-artifacts/python-quality-06226c703a14dba5999bcc3115633a8be95b2c25-1/python-all/tmp/test_current_seven_and_prior_fcurrent/reports/quality/campaign-fixture/cases/fixture-12.json", "reports/quality/seven-gaps-20261002/publication/ci-artifacts/python-quality-06226c703a14dba5999bcc3115633a8be95b2c25-1/python-all/tmp/test_current_seven_and_prior_fcurrent/reports/quality/campaign-fixture/cases/fixture-13.json", "reports/quality/seven-gaps-20261002/publication/ci-artifacts/python-quality-06226c703a14dba5999bcc3115633a8be95b2c25-1/python-all/tmp/test_current_seven_and_prior_fcurrent/reports/quality/campaign-fixture/cases/fixture-14.json", "reports/quality/seven-gaps-20261002/publication/ci-artifacts/python-quality-06226c703a14dba5999bcc3115633a8be95b2c25-1/python-all/tmp/test_current_seven_and_prior_fcurrent/reports/quality/campaign-fixture/cases/fixture-15.json", "reports/quality/seven-gaps-20261002/publication/ci-artifacts/python-quality-06226c703a14dba5999bcc3115633a8be95b2c25-1/python-all/tmp/test_current_seven_and_prior_fcurrent/reports/quality/campaign-fixture/cases/fixture-16.json", "reports/quality/seven-gaps-20261002/publication/ci-artifacts/python-quality-06226c703a14dba5999bcc3115633a8be95b2c25-1/python-all/tmp/test_current_seven_and_prior_fcurrent/reports/quality/campaign-fixture/cases/fixture-17.json", "reports/quality/seven-gaps-20261002/publication/ci-artifacts/python-quality-06226c703a14dba5999bcc3115633a8be95b2c25-1/python-all/tmp/test_current_seven_and_prior_fcurrent/reports/quality/campaign-fixture/cases/fixture-18.json", "reports/quality/seven-gaps-20261002/publication/ci-artifacts/python-quality-06226c703a14dba5999bcc3115633a8be95b2c25-1/python-all/tmp/test_current_seven_and_prior_fcurrent/reports/quality/campaign-fixture/cases/fixture-19.json", "reports/quality/seven-gaps-20261002/publication/ci-artifacts/python-quality-06226c703a14dba5999bcc3115633a8be95b2c25-1/python-all/tmp/test_current_seven_and_prior_fcurrent/reports/quality/campaign-fixture/cases/fixture-2.json", "reports/quality/seven-gaps-20261002/publication/ci-artifacts/python-quality-06226c703a14dba5999bcc3115633a8be95b2c25-1/python-all/tmp/test_current_seven_and_prior_fcurrent/reports/quality/campaign-fixture/cases/fixture-20.json", "reports/quality/seven-gaps-20261002/publication/ci-artifacts/python-quality-06226c703a14dba5999bcc3115633a8be95b2c25-1/python-all/tmp/test_current_seven_and_prior_fcurrent/reports/quality/campaign-fixture/cases/fixture-3.json", "reports/quality/seven-gaps-20261002/publication/ci-artifacts/python-quality-06226c703a14dba5999bcc3115633a8be95b2c25-1/python-all/tmp/test_current_seven_and_prior_fcurrent/reports/quality/campaign-fixture/cases/fixture-4.json", "reports/quality/seven-gaps-20261002/publication/ci-artifacts/python-quality-06226c703a14dba5999bcc3115633a8be95b2c25-1/python-all/tmp/test_current_seven_and_prior_fcurrent/reports/quality/campaign-fixture/cases/fixture-5.json", "reports/quality/seven-gaps-20261002/publication/ci-artifacts/python-quality-06226c703a14dba5999bcc3115633a8be95b2c25-1/python-all/tmp/test_current_seven_and_prior_fcurrent/reports/quality/campaign-fixture/cases/fixture-6.json", "reports/quality/seven-gaps-20261002/publication/ci-artifacts/python-quality-06226c703a14dba5999bcc3115633a8be95b2c25-1/python-all/tmp/test_current_seven_and_prior_fcurrent/reports/quality/campaign-fixture/cases/fixture-7.json", "reports/quality/seven-gaps-20261002/publication/ci-artifacts/python-quality-06226c703a14dba5999bcc3115633a8be95b2c25-1/python-all/tmp/test_current_seven_and_prior_fcurrent/reports/quality/campaign-fixture/cases/fixture-8.json", "reports/quality/seven-gaps-20261002/publication/ci-artifacts/python-quality-06226c703a14dba5999bcc3115633a8be95b2c25-1/python-all/tmp/test_current_seven_and_prior_fcurrent/reports/quality/campaign-fixture/cases/fixture-9.json", "reports/quality/seven-gaps-20261002/publication/ci-artifacts/python-quality-06226c703a14dba5999bcc3115633a8be95b2c25-1/python-all/tmp/test_current_seven_and_prior_fcurrent/reports/quality/campaign-fixture/manifest.json", "reports/quality/seven-gaps-20261002/publication/ci-artifacts/python-quality-06226c703a14dba5999bcc3115633a8be95b2c25-1/python-all/tmp/test_distributed_render_requir0/report.json", "reports/quality/seven-gaps-20261002/publication/ci-artifacts/python-quality-06226c703a14dba5999bcc3115633a8be95b2c25-1/python-all/tmp/test_distributed_render_requircurrent/report.json", "reports/quality/seven-gaps-20261002/publication/ci-artifacts/python-quality-06226c703a14dba5999bcc3115633a8be95b2c25-1/python-all/tmp/test_download_verification_can0/contracts/engineering_diagnosis.json", "reports/quality/seven-gaps-20261002/publication/ci-artifacts/python-quality-06226c703a14dba5999bcc3115633a8be95b2c25-1/python-all/tmp/test_download_verification_can0/reports/quality/campaign-fixture/cases/fixture-0.json", "reports/quality/seven-gaps-20261002/publication/ci-artifacts/python-quality-06226c703a14dba5999bcc3115633a8be95b2c25-1/python-all/tmp/test_download_verification_can0/reports/quality/campaign-fixture/manifest.json", "reports/quality/seven-gaps-20261002/publication/ci-artifacts/python-quality-06226c703a14dba5999bcc3115633a8be95b2c25-1/python-all/tmp/test_download_verification_can1/contracts/engineering_diagnosis.json", "reports/quality/seven-gaps-20261002/publication/ci-artifacts/python-quality-06226c703a14dba5999bcc3115633a8be95b2c25-1/python-all/tmp/test_download_verification_can1/reports/quality/campaign-fixture/cases/fixture-0.json", "reports/quality/seven-gaps-20261002/publication/ci-artifacts/python-quality-06226c703a14dba5999bcc3115633a8be95b2c25-1/python-all/tmp/test_download_verification_can1/reports/quality/campaign-fixture/manifest.json", "reports/quality/seven-gaps-20261002/publication/ci-artifacts/python-quality-06226c703a14dba5999bcc3115633a8be95b2c25-1/python-all/tmp/test_download_verification_can10/contracts/engineering_diagnosis.json", "reports/quality/seven-gaps-20261002/publication/ci-artifacts/python-quality-06226c703a14dba5999bcc3115633a8be95b2c25-1/python-all/tmp/test_download_verification_can10/reports/quality/campaign-fixture/cases/fixture-0.json", "reports/quality/seven-gaps-20261002/publication/ci-artifacts/python-quality-06226c703a14dba5999bcc3115633a8be95b2c25-1/python-all/tmp/test_download_verification_can10/reports/quality/campaign-fixture/manifest.json", "reports/quality/seven-gaps-20261002/publication/ci-artifacts/python-quality-06226c703a14dba5999bcc3115633a8be95b2c25-1/python-all/tmp/test_download_verification_can11/contracts/engineering_diagnosis.json", "reports/quality/seven-gaps-20261002/publication/ci-artifacts/python-quality-06226c703a14dba5999bcc3115633a8be95b2c25-1/python-all/tmp/test_download_verification_can11/reports/quality/campaign-fixture/cases/fixture-0.json", "reports/quality/seven-gaps-20261002/publication/ci-artifacts/python-quality-06226c703a14dba5999bcc3115633a8be95b2c25-1/python-all/tmp/test_download_verification_can11/reports/quality/campaign-fixture/manifest.json", "reports/quality/seven-gaps-20261002/publication/ci-artifacts/python-quality-06226c703a14dba5999bcc3115633a8be95b2c25-1/python-all/tmp/test_download_verification_can12/contracts/engineering_diagnosis.json", "reports/quality/seven-gaps-20261002/publication/ci-artifacts/python-quality-06226c703a14dba5999bcc3115633a8be95b2c25-1/python-all/tmp/test_download_verification_can12/reports/quality/campaign-fixture/cases/fixture-0.json", "reports/quality/seven-gaps-20261002/publication/ci-artifacts/python-quality-06226c703a14dba5999bcc3115633a8be95b2c25-1/python-all/tmp/test_download_verification_can12/reports/quality/campaign-fixture/manifest.json", "reports/quality/seven-gaps-20261002/publication/ci-artifacts/python-quality-06226c703a14dba5999bcc3115633a8be95b2c25-1/python-all/tmp/test_download_verification_can13/contracts/engineering_diagnosis.json", "reports/quality/seven-gaps-20261002/publication/ci-artifacts/python-quality-06226c703a14dba5999bcc3115633a8be95b2c25-1/python-all/tmp/test_download_verification_can13/reports/quality/campaign-fixture/cases/fixture-0.json", "reports/quality/seven-gaps-20261002/publication/ci-artifacts/python-quality-06226c703a14dba5999bcc3115633a8be95b2c25-1/python-all/tmp/test_download_verification_can13/reports/quality/campaign-fixture/manifest.json", "reports/quality/seven-gaps-20261002/publication/ci-artifacts/python-quality-06226c703a14dba5999bcc3115633a8be95b2c25-1/python-all/tmp/test_download_verification_can14/contracts/engineering_diagnosis.json", "reports/quality/seven-gaps-20261002/publication/ci-artifacts/python-quality-06226c703a14dba5999bcc3115633a8be95b2c25-1/python-all/tmp/test_download_verification_can14/reports/quality/campaign-fixture/cases/fixture-0.json", "reports/quality/seven-gaps-20261002/publication/ci-artifacts/python-quality-06226c703a14dba5999bcc3115633a8be95b2c25-1/python-all/tmp/test_download_verification_can14/reports/quality/campaign-fixture/manifest.json", "reports/quality/seven-gaps-20261002/publication/ci-artifacts/python-quality-06226c703a14dba5999bcc3115633a8be95b2c25-1/python-all/tmp/test_download_verification_can15/contracts/engineering_diagnosis.json", "reports/quality/seven-gaps-20261002/publication/ci-artifacts/python-quality-06226c703a14dba5999bcc3115633a8be95b2c25-1/python-all/tmp/test_download_verification_can15/reports/quality/campaign-fixture/cases/fixture-0.json", "reports/quality/seven-gaps-20261002/publication/ci-artifacts/python-quality-06226c703a14dba5999bcc3115633a8be95b2c25-1/python-all/tmp/test_download_verification_can15/reports/quality/campaign-fixture/manifest.json", "reports/quality/seven-gaps-20261002/publication/ci-artifacts/python-quality-06226c703a14dba5999bcc3115633a8be95b2c25-1/python-all/tmp/test_download_verification_can16/contracts/engineering_diagnosis.json", "reports/quality/seven-gaps-20261002/publication/ci-artifacts/python-quality-06226c703a14dba5999bcc3115633a8be95b2c25-1/python-all/tmp/test_download_verification_can16/reports/quality/campaign-fixture/cases/fixture-0.json", "reports/quality/seven-gaps-20261002/publication/ci-artifacts/python-quality-06226c703a14dba5999bcc3115633a8be95b2c25-1/python-all/tmp/test_download_verification_can16/reports/quality/campaign-fixture/manifest.json", "reports/quality/seven-gaps-20261002/publication/ci-artifacts/python-quality-06226c703a14dba5999bcc3115633a8be95b2c25-1/python-all/tmp/test_download_verification_can17/contracts/engineering_diagnosis.json", "reports/quality/seven-gaps-20261002/publication/ci-artifacts/python-quality-06226c703a14dba5999bcc3115633a8be95b2c25-1/python-all/tmp/test_download_verification_can17/reports/quality/campaign-fixture/cases/fixture-0.json", "reports/quality/seven-gaps-20261002/publication/ci-artifacts/python-quality-06226c703a14dba5999bcc3115633a8be95b2c25-1/python-all/tmp/test_download_verification_can17/reports/quality/campaign-fixture/manifest.json", "reports/quality/seven-gaps-20261002/publication/ci-artifacts/python-quality-06226c703a14dba5999bcc3115633a8be95b2c25-1/python-all/tmp/test_download_verification_can18/contracts/engineering_diagnosis.json", "reports/quality/seven-gaps-20261002/publication/ci-artifacts/python-quality-06226c703a14dba5999bcc3115633a8be95b2c25-1/python-all/tmp/test_download_verification_can18/reports/quality/campaign-fixture/cases/fixture-0.json", "reports/quality/seven-gaps-20261002/publication/ci-artifacts/python-quality-06226c703a14dba5999bcc3115633a8be95b2c25-1/python-all/tmp/test_download_verification_can18/reports/quality/campaign-fixture/manifest.json", "reports/quality/seven-gaps-20261002/publication/ci-artifacts/python-quality-06226c703a14dba5999bcc3115633a8be95b2c25-1/python-all/tmp/test_download_verification_can2/contracts/engineering_diagnosis.json", "reports/quality/seven-gaps-20261002/publication/ci-artifacts/python-quality-06226c703a14dba5999bcc3115633a8be95b2c25-1/python-all/tmp/test_download_verification_can2/reports/quality/campaign-fixture/cases/fixture-0.json", "reports/quality/seven-gaps-20261002/publication/ci-artifacts/python-quality-06226c703a14dba5999bcc3115633a8be95b2c25-1/python-all/tmp/test_download_verification_can2/reports/quality/campaign-fixture/manifest.json", "reports/quality/seven-gaps-20261002/publication/ci-artifacts/python-quality-06226c703a14dba5999bcc3115633a8be95b2c25-1/python-all/tmp/test_download_verification_can3/contracts/engineering_diagnosis.json", "reports/quality/seven-gaps-20261002/publication/ci-artifacts/python-quality-06226c703a14dba5999bcc3115633a8be95b2c25-1/python-all/tmp/test_download_verification_can3/reports/quality/campaign-fixture/cases/fixture-0.json", "reports/quality/seven-gaps-20261002/publication/ci-artifacts/python-quality-06226c703a14dba5999bcc3115633a8be95b2c25-1/python-all/tmp/test_download_verification_can3/reports/quality/campaign-fixture/manifest.json", "reports/quality/seven-gaps-20261002/publication/ci-artifacts/python-quality-06226c703a14dba5999bcc3115633a8be95b2c25-1/python-all/tmp/test_download_verification_can4/contracts/engineering_diagnosis.json", "reports/quality/seven-gaps-20261002/publication/ci-artifacts/python-quality-06226c703a14dba5999bcc3115633a8be95b2c25-1/python-all/tmp/test_download_verification_can4/reports/quality/campaign-fixture/cases/fixture-0.json", "reports/quality/seven-gaps-20261002/publication/ci-artifacts/python-quality-06226c703a14dba5999bcc3115633a8be95b2c25-1/python-all/tmp/test_download_verification_can4/reports/quality/campaign-fixture/manifest.json", "reports/quality/seven-gaps-20261002/publication/ci-artifacts/python-quality-06226c703a14dba5999bcc3115633a8be95b2c25-1/python-all/tmp/test_download_verification_can5/contracts/engineering_diagnosis.json", "reports/quality/seven-gaps-20261002/publication/ci-artifacts/python-quality-06226c703a14dba5999bcc3115633a8be95b2c25-1/python-all/tmp/test_download_verification_can5/reports/quality/campaign-fixture/cases/fixture-0.json", "reports/quality/seven-gaps-20261002/publication/ci-artifacts/python-quality-06226c703a14dba5999bcc3115633a8be95b2c25-1/python-all/tmp/test_download_verification_can5/reports/quality/campaign-fixture/manifest.json", "reports/quality/seven-gaps-20261002/publication/ci-artifacts/python-quality-06226c703a14dba5999bcc3115633a8be95b2c25-1/python-all/tmp/test_download_verification_can6/contracts/engineering_diagnosis.json", "reports/quality/seven-gaps-20261002/publication/ci-artifacts/python-quality-06226c703a14dba5999bcc3115633a8be95b2c25-1/python-all/tmp/test_download_verification_can6/reports/quality/campaign-fixture/cases/fixture-0.json", "reports/quality/seven-gaps-20261002/publication/ci-artifacts/python-quality-06226c703a14dba5999bcc3115633a8be95b2c25-1/python-all/tmp/test_download_verification_can6/reports/quality/campaign-fixture/manifest.json", "reports/quality/seven-gaps-20261002/publication/ci-artifacts/python-quality-06226c703a14dba5999bcc3115633a8be95b2c25-1/python-all/tmp/test_download_verification_can7/contracts/engineering_diagnosis.json", "reports/quality/seven-gaps-20261002/publication/ci-artifacts/python-quality-06226c703a14dba5999bcc3115633a8be95b2c25-1/python-all/tmp/test_download_verification_can7/reports/quality/campaign-fixture/cases/fixture-0.json", "reports/quality/seven-gaps-20261002/publication/ci-artifacts/python-quality-06226c703a14dba5999bcc3115633a8be95b2c25-1/python-all/tmp/test_download_verification_can7/reports/quality/campaign-fixture/manifest.json", "reports/quality/seven-gaps-20261002/publication/ci-artifacts/python-quality-06226c703a14dba5999bcc3115633a8be95b2c25-1/python-all/tmp/test_download_verification_can8/contracts/engineering_diagnosis.json", "reports/quality/seven-gaps-20261002/publication/ci-artifacts/python-quality-06226c703a14dba5999bcc3115633a8be95b2c25-1/python-all/tmp/test_download_verification_can8/reports/quality/campaign-fixture/cases/fixture-0.json", "reports/quality/seven-gaps-20261002/publication/ci-artifacts/python-quality-06226c703a14dba5999bcc3115633a8be95b2c25-1/python-all/tmp/test_download_verification_can8/reports/quality/campaign-fixture/manifest.json", "reports/quality/seven-gaps-20261002/publication/ci-artifacts/python-quality-06226c703a14dba5999bcc3115633a8be95b2c25-1/python-all/tmp/test_download_verification_can9/contracts/engineering_diagnosis.json", "reports/quality/seven-gaps-20261002/publication/ci-artifacts/python-quality-06226c703a14dba5999bcc3115633a8be95b2c25-1/python-all/tmp/test_download_verification_can9/reports/quality/campaign-fixture/cases/fixture-0.json", "reports/quality/seven-gaps-20261002/publication/ci-artifacts/python-quality-06226c703a14dba5999bcc3115633a8be95b2c25-1/python-all/tmp/test_download_verification_can9/reports/quality/campaign-fixture/manifest.json", "reports/quality/seven-gaps-20261002/publication/ci-artifacts/python-quality-06226c703a14dba5999bcc3115633a8be95b2c25-1/python-all/tmp/test_download_verification_cancurrent/contracts/engineering_diagnosis.json", "reports/quality/seven-gaps-20261002/publication/ci-artifacts/python-quality-06226c703a14dba5999bcc3115633a8be95b2c25-1/python-all/tmp/test_download_verification_cancurrent/reports/quality/campaign-fixture/cases/fixture-0.json", "reports/quality/seven-gaps-20261002/publication/ci-artifacts/python-quality-06226c703a14dba5999bcc3115633a8be95b2c25-1/python-all/tmp/test_download_verification_cancurrent/reports/quality/campaign-fixture/manifest.json", "reports/quality/seven-gaps-20261002/publication/ci-artifacts/python-quality-06226c703a14dba5999bcc3115633a8be95b2c25-1/python-all/tmp/test_ebpf_latency_is_explicitl0/ebpf.json", "reports/quality/seven-gaps-20261002/publication/ci-artifacts/python-quality-06226c703a14dba5999bcc3115633a8be95b2c25-1/python-all/tmp/test_ebpf_latency_is_explicitlcurrent/ebpf.json", "reports/quality/seven-gaps-20261002/publication/ci-artifacts/python-quality-06226c703a14dba5999bcc3115633a8be95b2c25-1/python-all/tmp/test_empty_or_collection_error0/junit.xml", "reports/quality/seven-gaps-20261002/publication/ci-artifacts/python-quality-06226c703a14dba5999bcc3115633a8be95b2c25-1/python-all/tmp/test_empty_or_collection_error1/junit.xml", "reports/quality/seven-gaps-20261002/publication/ci-artifacts/python-quality-06226c703a14dba5999bcc3115633a8be95b2c25-1/python-all/tmp/test_empty_or_collection_errorcurrent/junit.xml", "reports/quality/seven-gaps-20261002/publication/ci-artifacts/python-quality-06226c703a14dba5999bcc3115633a8be95b2c25-1/python-all/tmp/test_existing_evidence_directo0/report.json", "reports/quality/seven-gaps-20261002/publication/ci-artifacts/python-quality-06226c703a14dba5999bcc3115633a8be95b2c25-1/python-all/tmp/test_existing_evidence_directocurrent/report.json", "reports/quality/seven-gaps-20261002/publication/ci-artifacts/python-quality-06226c703a14dba5999bcc3115633a8be95b2c25-1/python-all/tmp/test_failed_index_is_not_publi0/catalog.json", "reports/quality/seven-gaps-20261002/publication/ci-artifacts/python-quality-06226c703a14dba5999bcc3115633a8be95b2c25-1/python-all/tmp/test_failed_index_is_not_publicurrent/catalog.json", "reports/quality/seven-gaps-20261002/publication/ci-artifacts/python-quality-06226c703a14dba5999bcc3115633a8be95b2c25-1/python-all/tmp/test_failed_snapshot_does_not_0/case.json", "reports/quality/seven-gaps-20261002/publication/ci-artifacts/python-quality-06226c703a14dba5999bcc3115633a8be95b2c25-1/python-all/tmp/test_failed_snapshot_does_not_current/case.json", "reports/quality/seven-gaps-20261002/publication/ci-artifacts/python-quality-06226c703a14dba5999bcc3115633a8be95b2c25-1/python-all/tmp/test_generated_index_and_downl0/empty-query-cache/cache-empty-before.xml", "reports/quality/seven-gaps-20261002/publication/ci-artifacts/python-quality-06226c703a14dba5999bcc3115633a8be95b2c25-1/python-all/tmp/test_generated_index_and_downl0/empty-query-cache/cache-empty-targeted.xml", "reports/quality/seven-gaps-20261002/publication/ci-artifacts/python-quality-06226c703a14dba5999bcc3115633a8be95b2c25-1/python-all/tmp/test_generated_index_and_downl0/index.json", "reports/quality/seven-gaps-20261002/publication/ci-artifacts/python-quality-06226c703a14dba5999bcc3115633a8be95b2c25-1/python-all/tmp/test_generated_index_and_downl0/notification-lifecycle/notification-after.xml", "reports/quality/seven-gaps-20261002/publication/ci-artifacts/python-quality-06226c703a14dba5999bcc3115633a8be95b2c25-1/python-all/tmp/test_generated_index_and_downl0/notification-lifecycle/toast-before.log", "reports/quality/seven-gaps-20261002/publication/ci-artifacts/python-quality-06226c703a14dba5999bcc3115633a8be95b2c25-1/python-all/tmp/test_generated_index_and_downl0/parallel-timing/parallel-timing.json", "reports/quality/seven-gaps-20261002/publication/ci-artifacts/python-quality-06226c703a14dba5999bcc3115633a8be95b2c25-1/python-all/tmp/test_generated_index_and_downl0/skill-first-insert-race/postgres-race-after.xml", "reports/quality/seven-gaps-20261002/publication/ci-artifacts/python-quality-06226c703a14dba5999bcc3115633a8be95b2c25-1/python-all/tmp/test_generated_index_and_downl0/skill-first-insert-race/postgres-race-before.xml", "reports/quality/seven-gaps-20261002/publication/ci-artifacts/python-quality-06226c703a14dba5999bcc3115633a8be95b2c25-1/python-all/tmp/test_generated_index_and_downlcurrent/empty-query-cache/cache-empty-before.xml", "reports/quality/seven-gaps-20261002/publication/ci-artifacts/python-quality-06226c703a14dba5999bcc3115633a8be95b2c25-1/python-all/tmp/test_generated_index_and_downlcurrent/empty-query-cache/cache-empty-targeted.xml", "reports/quality/seven-gaps-20261002/publication/ci-artifacts/python-quality-06226c703a14dba5999bcc3115633a8be95b2c25-1/python-all/tmp/test_generated_index_and_downlcurrent/index.json", "reports/quality/seven-gaps-20261002/publication/ci-artifacts/python-quality-06226c703a14dba5999bcc3115633a8be95b2c25-1/python-all/tmp/test_generated_index_and_downlcurrent/notification-lifecycle/notification-after.xml", "reports/quality/seven-gaps-20261002/publication/ci-artifacts/python-quality-06226c703a14dba5999bcc3115633a8be95b2c25-1/python-all/tmp/test_generated_index_and_downlcurrent/notification-lifecycle/toast-before.log", "reports/quality/seven-gaps-20261002/publication/ci-artifacts/python-quality-06226c703a14dba5999bcc3115633a8be95b2c25-1/python-all/tmp/test_generated_index_and_downlcurrent/parallel-timing/parallel-timing.json", "reports/quality/seven-gaps-20261002/publication/ci-artifacts/python-quality-06226c703a14dba5999bcc3115633a8be95b2c25-1/python-all/tmp/test_generated_index_and_downlcurrent/skill-first-insert-race/postgres-race-after.xml", "reports/quality/seven-gaps-20261002/publication/ci-artifacts/python-quality-06226c703a14dba5999bcc3115633a8be95b2c25-1/python-all/tmp/test_generated_index_and_downlcurrent/skill-first-insert-race/postgres-race-before.xml", "reports/quality/seven-gaps-20261002/publication/ci-artifacts/python-quality-06226c703a14dba5999bcc3115633a8be95b2c25-1/python-all/tmp/test_generator_rejects_bad_sou0/contracts/engineering_diagnosis.json", "reports/quality/seven-gaps-20261002/publication/ci-artifacts/python-quality-06226c703a14dba5999bcc3115633a8be95b2c25-1/python-all/tmp/test_generator_rejects_bad_sou1/contracts/engineering_diagnosis.json", "reports/quality/seven-gaps-20261002/publication/ci-artifacts/python-quality-06226c703a14dba5999bcc3115633a8be95b2c25-1/python-all/tmp/test_generator_rejects_bad_sou2/contracts/engineering_diagnosis.json", "reports/quality/seven-gaps-20261002/publication/ci-artifacts/python-quality-06226c703a14dba5999bcc3115633a8be95b2c25-1/python-all/tmp/test_generator_rejects_bad_sou3/contracts/engineering_diagnosis.json", "reports/quality/seven-gaps-20261002/publication/ci-artifacts/python-quality-06226c703a14dba5999bcc3115633a8be95b2c25-1/python-all/tmp/test_generator_rejects_bad_soucurrent/contracts/engineering_diagnosis.json", "reports/quality/seven-gaps-20261002/publication/ci-artifacts/python-quality-06226c703a14dba5999bcc3115633a8be95b2c25-1/python-all/tmp/test_go_package_failure_overri0/go.log", "reports/quality/seven-gaps-20261002/publication/ci-artifacts/python-quality-06226c703a14dba5999bcc3115633a8be95b2c25-1/python-all/tmp/test_go_package_failure_overricurrent/go.log", "reports/quality/seven-gaps-20261002/publication/ci-artifacts/python-quality-06226c703a14dba5999bcc3115633a8be95b2c25-1/python-all/tmp/test_go_skips_are_visible_and_0/go.log", "reports/quality/seven-gaps-20261002/publication/ci-artifacts/python-quality-06226c703a14dba5999bcc3115633a8be95b2c25-1/python-all/tmp/test_go_skips_are_visible_and_current/go.log", "reports/quality/seven-gaps-20261002/publication/ci-artifacts/python-quality-06226c703a14dba5999bcc3115633a8be95b2c25-1/python-all/tmp/test_hash_tampering_is_rejecte0/after.xml", "reports/quality/seven-gaps-20261002/publication/ci-artifacts/python-quality-06226c703a14dba5999bcc3115633a8be95b2c25-1/python-all/tmp/test_hash_tampering_is_rejecte0/before.xml", "reports/quality/seven-gaps-20261002/publication/ci-artifacts/python-quality-06226c703a14dba5999bcc3115633a8be95b2c25-1/python-all/tmp/test_hash_tampering_is_rejectecurrent/after.xml", "reports/quality/seven-gaps-20261002/publication/ci-artifacts/python-quality-06226c703a14dba5999bcc3115633a8be95b2c25-1/python-all/tmp/test_hash_tampering_is_rejectecurrent/before.xml", "reports/quality/seven-gaps-20261002/publication/ci-artifacts/python-quality-06226c703a14dba5999bcc3115633a8be95b2c25-1/python-all/tmp/test_html_escapes_logs_and_tes0/report.json", "reports/quality/seven-gaps-20261002/publication/ci-artifacts/python-quality-06226c703a14dba5999bcc3115633a8be95b2c25-1/python-all/tmp/test_html_escapes_logs_and_tescurrent/report.json", "reports/quality/seven-gaps-20261002/publication/ci-artifacts/python-quality-06226c703a14dba5999bcc3115633a8be95b2c25-1/python-all/tmp/test_hybrid_retrieval_returns_0/knowledge/catalog.json", "reports/quality/seven-gaps-20261002/publication/ci-artifacts/python-quality-06226c703a14dba5999bcc3115633a8be95b2c25-1/python-all/tmp/test_hybrid_retrieval_returns_current/knowledge/catalog.json", "reports/quality/seven-gaps-20261002/publication/ci-artifacts/python-quality-06226c703a14dba5999bcc3115633a8be95b2c25-1/python-all/tmp/test_incomplete_go_execution_c0/go.log", "reports/quality/seven-gaps-20261002/publication/ci-artifacts/python-quality-06226c703a14dba5999bcc3115633a8be95b2c25-1/python-all/tmp/test_incomplete_go_execution_ccurrent/go.log", "reports/quality/seven-gaps-20261002/publication/ci-artifacts/python-quality-06226c703a14dba5999bcc3115633a8be95b2c25-1/python-all/tmp/test_index_is_immutable_reusab0/catalog.json", "reports/quality/seven-gaps-20261002/publication/ci-artifacts/python-quality-06226c703a14dba5999bcc3115633a8be95b2c25-1/python-all/tmp/test_index_is_immutable_reusabcurrent/catalog.json", "reports/quality/seven-gaps-20261002/publication/ci-artifacts/python-quality-06226c703a14dba5999bcc3115633a8be95b2c25-1/python-all/tmp/test_java_flamegraph_merges_sa0/jvm-gc-metrics.json", "reports/quality/seven-gaps-20261002/publication/ci-artifacts/python-quality-06226c703a14dba5999bcc3115633a8be95b2c25-1/python-all/tmp/test_java_flamegraph_merges_sacurrent/jvm-gc-metrics.json", "reports/quality/seven-gaps-20261002/publication/ci-artifacts/python-quality-06226c703a14dba5999bcc3115633a8be95b2c25-1/python-all/tmp/test_junit_uses_executed_cases0/junit.xml", "reports/quality/seven-gaps-20261002/publication/ci-artifacts/python-quality-06226c703a14dba5999bcc3115633a8be95b2c25-1/python-all/tmp/test_junit_uses_executed_casescurrent/junit.xml", "reports/quality/seven-gaps-20261002/publication/ci-artifacts/python-quality-06226c703a14dba5999bcc3115633a8be95b2c25-1/python-all/tmp/test_later_go_pass_cannot_eras0/go.log", "reports/quality/seven-gaps-20261002/publication/ci-artifacts/python-quality-06226c703a14dba5999bcc3115633a8be95b2c25-1/python-all/tmp/test_later_go_pass_cannot_erascurrent/go.log", "reports/quality/seven-gaps-20261002/publication/ci-artifacts/python-quality-06226c703a14dba5999bcc3115633a8be95b2c25-1/python-all/tmp/test_legacy_contract_without_c0/contracts/engineering_diagnosis.json", "reports/quality/seven-gaps-20261002/publication/ci-artifacts/python-quality-06226c703a14dba5999bcc3115633a8be95b2c25-1/python-all/tmp/test_legacy_contract_without_c0/reports/quality/campaign-fixture/cases/fixture-0.json", "reports/quality/seven-gaps-20261002/publication/ci-artifacts/python-quality-06226c703a14dba5999bcc3115633a8be95b2c25-1/python-all/tmp/test_legacy_contract_without_c0/reports/quality/campaign-fixture/manifest.json", "reports/quality/seven-gaps-20261002/publication/ci-artifacts/python-quality-06226c703a14dba5999bcc3115633a8be95b2c25-1/python-all/tmp/test_legacy_contract_without_ccurrent/contracts/engineering_diagnosis.json", "reports/quality/seven-gaps-20261002/publication/ci-artifacts/python-quality-06226c703a14dba5999bcc3115633a8be95b2c25-1/python-all/tmp/test_legacy_contract_without_ccurrent/reports/quality/campaign-fixture/cases/fixture-0.json", "reports/quality/seven-gaps-20261002/publication/ci-artifacts/python-quality-06226c703a14dba5999bcc3115633a8be95b2c25-1/python-all/tmp/test_legacy_contract_without_ccurrent/reports/quality/campaign-fixture/manifest.json", "reports/quality/seven-gaps-20261002/publication/ci-artifacts/python-quality-06226c703a14dba5999bcc3115633a8be95b2c25-1/python-all/tmp/test_lexical_chunk_can_be_read0/catalog.json", "reports/quality/seven-gaps-20261002/publication/ci-artifacts/python-quality-06226c703a14dba5999bcc3115633a8be95b2c25-1/python-all/tmp/test_lexical_chunk_can_be_readcurrent/catalog.json", "reports/quality/seven-gaps-20261002/publication/ci-artifacts/python-quality-06226c703a14dba5999bcc3115633a8be95b2c25-1/python-all/tmp/test_local_artifact_persists_v0/sample.json", "reports/quality/seven-gaps-20261002/publication/ci-artifacts/python-quality-06226c703a14dba5999bcc3115633a8be95b2c25-1/python-all/tmp/test_local_artifact_persists_vcurrent/sample.json", "reports/quality/seven-gaps-20261002/publication/ci-artifacts/python-quality-06226c703a14dba5999bcc3115633a8be95b2c25-1/python-all/tmp/test_lost_start_response_still0/case.json", "reports/quality/seven-gaps-20261002/publication/ci-artifacts/python-quality-06226c703a14dba5999bcc3115633a8be95b2c25-1/python-all/tmp/test_lost_start_response_stillcurrent/case.json", "reports/quality/seven-gaps-20261002/publication/ci-artifacts/python-quality-06226c703a14dba5999bcc3115633a8be95b2c25-1/python-all/tmp/test_manifest_hash_and_running0/report.json", "reports/quality/seven-gaps-20261002/publication/ci-artifacts/python-quality-06226c703a14dba5999bcc3115633a8be95b2c25-1/python-all/tmp/test_manifest_hash_and_runningcurrent/report.json", "reports/quality/seven-gaps-20261002/publication/ci-artifacts/python-quality-06226c703a14dba5999bcc3115633a8be95b2c25-1/python-all/tmp/test_memory_v2_derives_memory_0/memory.json", "reports/quality/seven-gaps-20261002/publication/ci-artifacts/python-quality-06226c703a14dba5999bcc3115633a8be95b2c25-1/python-all/tmp/test_memory_v2_derives_memory_current/memory.json", "reports/quality/seven-gaps-20261002/publication/ci-artifacts/python-quality-06226c703a14dba5999bcc3115633a8be95b2c25-1/python-all/tmp/test_missing_coverage_file_can0/critical/command-1.log", "reports/quality/seven-gaps-20261002/publication/ci-artifacts/python-quality-06226c703a14dba5999bcc3115633a8be95b2c25-1/python-all/tmp/test_missing_coverage_file_cancurrent/critical/command-1.log", "reports/quality/seven-gaps-20261002/publication/ci-artifacts/python-quality-06226c703a14dba5999bcc3115633a8be95b2c25-1/python-all/tmp/test_missing_executable_is_rec0/missing/command-1.log", "reports/quality/seven-gaps-20261002/publication/ci-artifacts/python-quality-06226c703a14dba5999bcc3115633a8be95b2c25-1/python-all/tmp/test_missing_executable_is_reccurrent/missing/command-1.log", "reports/quality/seven-gaps-20261002/publication/ci-artifacts/python-quality-06226c703a14dba5999bcc3115633a8be95b2c25-1/python-all/tmp/test_missing_index_does_not_ca0/catalog.json", "reports/quality/seven-gaps-20261002/publication/ci-artifacts/python-quality-06226c703a14dba5999bcc3115633a8be95b2c25-1/python-all/tmp/test_missing_index_does_not_cacurrent/catalog.json", "reports/quality/seven-gaps-20261002/publication/ci-artifacts/python-quality-06226c703a14dba5999bcc3115633a8be95b2c25-1/python-all/tmp/test_model_or_dimensions_chang0/catalog.json", "reports/quality/seven-gaps-20261002/publication/ci-artifacts/python-quality-06226c703a14dba5999bcc3115633a8be95b2c25-1/python-all/tmp/test_model_or_dimensions_changcurrent/catalog.json", "reports/quality/seven-gaps-20261002/publication/ci-artifacts/python-quality-06226c703a14dba5999bcc3115633a8be95b2c25-1/python-all/tmp/test_new_benchmark_is_large_bl0/manifest.json", "reports/quality/seven-gaps-20261002/publication/ci-artifacts/python-quality-06226c703a14dba5999bcc3115633a8be95b2c25-1/python-all/tmp/test_new_benchmark_is_large_bl0/private/oracles.json", "reports/quality/seven-gaps-20261002/publication/ci-artifacts/python-quality-06226c703a14dba5999bcc3115633a8be95b2c25-1/python-all/tmp/test_new_benchmark_is_large_bl0/public/cases.json", "reports/quality/seven-gaps-20261002/publication/ci-artifacts/python-quality-06226c703a14dba5999bcc3115633a8be95b2c25-1/python-all/tmp/test_new_benchmark_is_large_bl0/sources.json", "reports/quality/seven-gaps-20261002/publication/ci-artifacts/python-quality-06226c703a14dba5999bcc3115633a8be95b2c25-1/python-all/tmp/test_new_benchmark_is_large_blcurrent/manifest.json", "reports/quality/seven-gaps-20261002/publication/ci-artifacts/python-quality-06226c703a14dba5999bcc3115633a8be95b2c25-1/python-all/tmp/test_new_benchmark_is_large_blcurrent/private/oracles.json", "reports/quality/seven-gaps-20261002/publication/ci-artifacts/python-quality-06226c703a14dba5999bcc3115633a8be95b2c25-1/python-all/tmp/test_new_benchmark_is_large_blcurrent/public/cases.json", "reports/quality/seven-gaps-20261002/publication/ci-artifacts/python-quality-06226c703a14dba5999bcc3115633a8be95b2c25-1/python-all/tmp/test_new_benchmark_is_large_blcurrent/sources.json", "reports/quality/seven-gaps-20261002/publication/ci-artifacts/python-quality-06226c703a14dba5999bcc3115633a8be95b2c25-1/python-all/tmp/test_office_snapshot_accepts_c0/office.json", "reports/quality/seven-gaps-20261002/publication/ci-artifacts/python-quality-06226c703a14dba5999bcc3115633a8be95b2c25-1/python-all/tmp/test_office_snapshot_accepts_ccurrent/office.json", "reports/quality/seven-gaps-20261002/publication/ci-artifacts/python-quality-06226c703a14dba5999bcc3115633a8be95b2c25-1/python-all/tmp/test_office_snapshot_accepts_s0/office.json", "reports/quality/seven-gaps-20261002/publication/ci-artifacts/python-quality-06226c703a14dba5999bcc3115633a8be95b2c25-1/python-all/tmp/test_office_snapshot_accepts_scurrent/office.json", "reports/quality/seven-gaps-20261002/publication/ci-artifacts/python-quality-06226c703a14dba5999bcc3115633a8be95b2c25-1/python-all/tmp/test_office_snapshot_keeps_req0/office.json", "reports/quality/seven-gaps-20261002/publication/ci-artifacts/python-quality-06226c703a14dba5999bcc3115633a8be95b2c25-1/python-all/tmp/test_office_snapshot_keeps_reqcurrent/office.json", "reports/quality/seven-gaps-20261002/publication/ci-artifacts/python-quality-06226c703a14dba5999bcc3115633a8be95b2c25-1/python-all/tmp/test_office_snapshot_rejects_m0/office.json", "reports/quality/seven-gaps-20261002/publication/ci-artifacts/python-quality-06226c703a14dba5999bcc3115633a8be95b2c25-1/python-all/tmp/test_office_snapshot_rejects_mcurrent/office.json", "reports/quality/seven-gaps-20261002/publication/ci-artifacts/python-quality-06226c703a14dba5999bcc3115633a8be95b2c25-1/python-all/tmp/test_office_snapshot_rejects_u0/office.json", "reports/quality/seven-gaps-20261002/publication/ci-artifacts/python-quality-06226c703a14dba5999bcc3115633a8be95b2c25-1/python-all/tmp/test_office_snapshot_rejects_u1/office.json", "reports/quality/seven-gaps-20261002/publication/ci-artifacts/python-quality-06226c703a14dba5999bcc3115633a8be95b2c25-1/python-all/tmp/test_office_snapshot_rejects_u2/office.json", "reports/quality/seven-gaps-20261002/publication/ci-artifacts/python-quality-06226c703a14dba5999bcc3115633a8be95b2c25-1/python-all/tmp/test_office_snapshot_rejects_u3/office.json", "reports/quality/seven-gaps-20261002/publication/ci-artifacts/python-quality-06226c703a14dba5999bcc3115633a8be95b2c25-1/python-all/tmp/test_office_snapshot_rejects_ucurrent/office.json", "reports/quality/seven-gaps-20261002/publication/ci-artifacts/python-quality-06226c703a14dba5999bcc3115633a8be95b2c25-1/python-all/tmp/test_office_store_does_not_car0/observations.json", "reports/quality/seven-gaps-20261002/publication/ci-artifacts/python-quality-06226c703a14dba5999bcc3115633a8be95b2c25-1/python-all/tmp/test_office_store_does_not_carcurrent/observations.json", "reports/quality/seven-gaps-20261002/publication/ci-artifacts/python-quality-06226c703a14dba5999bcc3115633a8be95b2c25-1/python-all/tmp/test_office_store_is_bounded_a0/observations.json", "reports/quality/seven-gaps-20261002/publication/ci-artifacts/python-quality-06226c703a14dba5999bcc3115633a8be95b2c25-1/python-all/tmp/test_office_store_is_bounded_acurrent/observations.json", "reports/quality/seven-gaps-20261002/publication/ci-artifacts/python-quality-06226c703a14dba5999bcc3115633a8be95b2c25-1/python-all/tmp/test_office_store_preserves_bo0/observations.json", "reports/quality/seven-gaps-20261002/publication/ci-artifacts/python-quality-06226c703a14dba5999bcc3115633a8be95b2c25-1/python-all/tmp/test_office_store_preserves_bocurrent/observations.json", "reports/quality/seven-gaps-20261002/publication/ci-artifacts/python-quality-06226c703a14dba5999bcc3115633a8be95b2c25-1/python-all/tmp/test_office_v2_snapshot_keeps_0/office.json", "reports/quality/seven-gaps-20261002/publication/ci-artifacts/python-quality-06226c703a14dba5999bcc3115633a8be95b2c25-1/python-all/tmp/test_office_v2_snapshot_keeps_current/office.json", "reports/quality/seven-gaps-20261002/publication/ci-artifacts/python-quality-06226c703a14dba5999bcc3115633a8be95b2c25-1/python-all/tmp/test_output_collector_marks_va0/task-valid/callgraph.json", "reports/quality/seven-gaps-20261002/publication/ci-artifacts/python-quality-06226c703a14dba5999bcc3115633a8be95b2c25-1/python-all/tmp/test_output_collector_marks_va0/task-valid/flamegraph.json", "reports/quality/seven-gaps-20261002/publication/ci-artifacts/python-quality-06226c703a14dba5999bcc3115633a8be95b2c25-1/python-all/tmp/test_output_collector_marks_va0/task-valid/top.json", "reports/quality/seven-gaps-20261002/publication/ci-artifacts/python-quality-06226c703a14dba5999bcc3115633a8be95b2c25-1/python-all/tmp/test_output_collector_marks_vacurrent/task-valid/callgraph.json", "reports/quality/seven-gaps-20261002/publication/ci-artifacts/python-quality-06226c703a14dba5999bcc3115633a8be95b2c25-1/python-all/tmp/test_output_collector_marks_vacurrent/task-valid/flamegraph.json", "reports/quality/seven-gaps-20261002/publication/ci-artifacts/python-quality-06226c703a14dba5999bcc3115633a8be95b2c25-1/python-all/tmp/test_output_collector_marks_vacurrent/task-valid/top.json", "reports/quality/seven-gaps-20261002/publication/ci-artifacts/python-quality-06226c703a14dba5999bcc3115633a8be95b2c25-1/python-all/tmp/test_output_collector_rejects_0/task-empty/flamegraph.json", "reports/quality/seven-gaps-20261002/publication/ci-artifacts/python-quality-06226c703a14dba5999bcc3115633a8be95b2c25-1/python-all/tmp/test_output_collector_rejects_0/task-empty/top.json", "reports/quality/seven-gaps-20261002/publication/ci-artifacts/python-quality-06226c703a14dba5999bcc3115633a8be95b2c25-1/python-all/tmp/test_output_collector_rejects_current/task-empty/flamegraph.json", "reports/quality/seven-gaps-20261002/publication/ci-artifacts/python-quality-06226c703a14dba5999bcc3115633a8be95b2c25-1/python-all/tmp/test_output_collector_rejects_current/task-empty/top.json", "reports/quality/seven-gaps-20261002/publication/ci-artifacts/python-quality-06226c703a14dba5999bcc3115633a8be95b2c25-1/python-all/tmp/test_plan_rejects_invalid_crit0/plan.json", "reports/quality/seven-gaps-20261002/publication/ci-artifacts/python-quality-06226c703a14dba5999bcc3115633a8be95b2c25-1/python-all/tmp/test_plan_rejects_invalid_crit1/plan.json", "reports/quality/seven-gaps-20261002/publication/ci-artifacts/python-quality-06226c703a14dba5999bcc3115633a8be95b2c25-1/python-all/tmp/test_plan_rejects_invalid_crit2/plan.json", "reports/quality/seven-gaps-20261002/publication/ci-artifacts/python-quality-06226c703a14dba5999bcc3115633a8be95b2c25-1/python-all/tmp/test_plan_rejects_invalid_crit3/plan.json", "reports/quality/seven-gaps-20261002/publication/ci-artifacts/python-quality-06226c703a14dba5999bcc3115633a8be95b2c25-1/python-all/tmp/test_plan_rejects_invalid_crit4/plan.json", "reports/quality/seven-gaps-20261002/publication/ci-artifacts/python-quality-06226c703a14dba5999bcc3115633a8be95b2c25-1/python-all/tmp/test_plan_rejects_invalid_crit5/plan.json", "reports/quality/seven-gaps-20261002/publication/ci-artifacts/python-quality-06226c703a14dba5999bcc3115633a8be95b2c25-1/python-all/tmp/test_plan_rejects_invalid_crit6/plan.json", "reports/quality/seven-gaps-20261002/publication/ci-artifacts/python-quality-06226c703a14dba5999bcc3115633a8be95b2c25-1/python-all/tmp/test_plan_rejects_invalid_critcurrent/plan.json", "reports/quality/seven-gaps-20261002/publication/ci-artifacts/python-quality-06226c703a14dba5999bcc3115633a8be95b2c25-1/python-all/tmp/test_plan_requires_real_test_p0/plan.json", "reports/quality/seven-gaps-20261002/publication/ci-artifacts/python-quality-06226c703a14dba5999bcc3115633a8be95b2c25-1/python-all/tmp/test_plan_requires_real_test_pcurrent/plan.json", "reports/quality/seven-gaps-20261002/publication/ci-artifacts/python-quality-06226c703a14dba5999bcc3115633a8be95b2c25-1/python-all/tmp/test_pprof_cli_writes_outputs0/out/task-pprof/flamegraph.json", "reports/quality/seven-gaps-20261002/publication/ci-artifacts/python-quality-06226c703a14dba5999bcc3115633a8be95b2c25-1/python-all/tmp/test_pprof_cli_writes_outputs0/out/task-pprof/top.json", "reports/quality/seven-gaps-20261002/publication/ci-artifacts/python-quality-06226c703a14dba5999bcc3115633a8be95b2c25-1/python-all/tmp/test_pprof_cli_writes_outputscurrent/out/task-pprof/flamegraph.json", "reports/quality/seven-gaps-20261002/publication/ci-artifacts/python-quality-06226c703a14dba5999bcc3115633a8be95b2c25-1/python-all/tmp/test_pprof_cli_writes_outputscurrent/out/task-pprof/top.json", "reports/quality/seven-gaps-20261002/publication/ci-artifacts/python-quality-06226c703a14dba5999bcc3115633a8be95b2c25-1/python-all/tmp/test_prior_cases_can_remain_fr0/contracts/engineering_diagnosis.json", "reports/quality/seven-gaps-20261002/publication/ci-artifacts/python-quality-06226c703a14dba5999bcc3115633a8be95b2c25-1/python-all/tmp/test_prior_cases_can_remain_fr0/reports/quality/campaign-fixture/cases/fixture-0.json", "reports/quality/seven-gaps-20261002/publication/ci-artifacts/python-quality-06226c703a14dba5999bcc3115633a8be95b2c25-1/python-all/tmp/test_prior_cases_can_remain_fr0/reports/quality/campaign-fixture/manifest.json", "reports/quality/seven-gaps-20261002/publication/ci-artifacts/python-quality-06226c703a14dba5999bcc3115633a8be95b2c25-1/python-all/tmp/test_prior_cases_can_remain_frcurrent/contracts/engineering_diagnosis.json", "reports/quality/seven-gaps-20261002/publication/ci-artifacts/python-quality-06226c703a14dba5999bcc3115633a8be95b2c25-1/python-all/tmp/test_prior_cases_can_remain_frcurrent/reports/quality/campaign-fixture/cases/fixture-0.json", "reports/quality/seven-gaps-20261002/publication/ci-artifacts/python-quality-06226c703a14dba5999bcc3115633a8be95b2c25-1/python-all/tmp/test_prior_cases_can_remain_frcurrent/reports/quality/campaign-fixture/manifest.json", "reports/quality/seven-gaps-20261002/publication/ci-artifacts/python-quality-06226c703a14dba5999bcc3115633a8be95b2c25-1/python-all/tmp/test_private_and_path_escape_d0/catalog.json", "reports/quality/seven-gaps-20261002/publication/ci-artifacts/python-quality-06226c703a14dba5999bcc3115633a8be95b2c25-1/python-all/tmp/test_private_and_path_escape_dcurrent/catalog.json", "reports/quality/seven-gaps-20261002/publication/ci-artifacts/python-quality-06226c703a14dba5999bcc3115633a8be95b2c25-1/python-all/tmp/test_pyspy_cli_rejects_invalid0/pyspy-speedscope.json", "reports/quality/seven-gaps-20261002/publication/ci-artifacts/python-quality-06226c703a14dba5999bcc3115633a8be95b2c25-1/python-all/tmp/test_pyspy_cli_rejects_invalidcurrent/pyspy-speedscope.json", "reports/quality/seven-gaps-20261002/publication/ci-artifacts/python-quality-06226c703a14dba5999bcc3115633a8be95b2c25-1/python-all/tmp/test_pyspy_cli_writes_outputs0/out/task-pyspy/flamegraph.json", "reports/quality/seven-gaps-20261002/publication/ci-artifacts/python-quality-06226c703a14dba5999bcc3115633a8be95b2c25-1/python-all/tmp/test_pyspy_cli_writes_outputs0/out/task-pyspy/top.json", "reports/quality/seven-gaps-20261002/publication/ci-artifacts/python-quality-06226c703a14dba5999bcc3115633a8be95b2c25-1/python-all/tmp/test_pyspy_cli_writes_outputs0/pyspy-speedscope.json", "reports/quality/seven-gaps-20261002/publication/ci-artifacts/python-quality-06226c703a14dba5999bcc3115633a8be95b2c25-1/python-all/tmp/test_pyspy_cli_writes_outputscurrent/out/task-pyspy/flamegraph.json", "reports/quality/seven-gaps-20261002/publication/ci-artifacts/python-quality-06226c703a14dba5999bcc3115633a8be95b2c25-1/python-all/tmp/test_pyspy_cli_writes_outputscurrent/out/task-pyspy/top.json", "reports/quality/seven-gaps-20261002/publication/ci-artifacts/python-quality-06226c703a14dba5999bcc3115633a8be95b2c25-1/python-all/tmp/test_pyspy_cli_writes_outputscurrent/pyspy-speedscope.json", "reports/quality/seven-gaps-20261002/publication/ci-artifacts/python-quality-06226c703a14dba5999bcc3115633a8be95b2c25-1/python-all/tmp/test_raw_corruption_is_rejecte0/report.json", "reports/quality/seven-gaps-20261002/publication/ci-artifacts/python-quality-06226c703a14dba5999bcc3115633a8be95b2c25-1/python-all/tmp/test_raw_corruption_is_rejectecurrent/report.json", "reports/quality/seven-gaps-20261002/publication/ci-artifacts/python-quality-06226c703a14dba5999bcc3115633a8be95b2c25-1/python-all/tmp/test_readonly_report_hash_and_0/view.json", "reports/quality/seven-gaps-20261002/publication/ci-artifacts/python-quality-06226c703a14dba5999bcc3115633a8be95b2c25-1/python-all/tmp/test_readonly_report_hash_and_current/view.json", "reports/quality/seven-gaps-20261002/publication/ci-artifacts/python-quality-06226c703a14dba5999bcc3115633a8be95b2c25-1/python-all/tmp/test_real_chroma_snapshot_and_0/catalog.json", "reports/quality/seven-gaps-20261002/publication/ci-artifacts/python-quality-06226c703a14dba5999bcc3115633a8be95b2c25-1/python-all/tmp/test_real_chroma_snapshot_and_current/catalog.json", "reports/quality/seven-gaps-20261002/publication/ci-artifacts/python-quality-06226c703a14dba5999bcc3115633a8be95b2c25-1/python-all/tmp/test_real_fixture_finishes_or_0/fixture-stderr.log", "reports/quality/seven-gaps-20261002/publication/ci-artifacts/python-quality-06226c703a14dba5999bcc3115633a8be95b2c25-1/python-all/tmp/test_real_fixture_finishes_or_0/remote/completed.json", "reports/quality/seven-gaps-20261002/publication/ci-artifacts/python-quality-06226c703a14dba5999bcc3115633a8be95b2c25-1/python-all/tmp/test_real_fixture_finishes_or_0/remote/identity.json", "reports/quality/seven-gaps-20261002/publication/ci-artifacts/python-quality-06226c703a14dba5999bcc3115633a8be95b2c25-1/python-all/tmp/test_real_fixture_finishes_or_1/fixture-stderr.log", "reports/quality/seven-gaps-20261002/publication/ci-artifacts/python-quality-06226c703a14dba5999bcc3115633a8be95b2c25-1/python-all/tmp/test_real_fixture_finishes_or_1/remote/completed.json", "reports/quality/seven-gaps-20261002/publication/ci-artifacts/python-quality-06226c703a14dba5999bcc3115633a8be95b2c25-1/python-all/tmp/test_real_fixture_finishes_or_1/remote/identity.json", "reports/quality/seven-gaps-20261002/publication/ci-artifacts/python-quality-06226c703a14dba5999bcc3115633a8be95b2c25-1/python-all/tmp/test_real_fixture_finishes_or_current/fixture-stderr.log", "reports/quality/seven-gaps-20261002/publication/ci-artifacts/python-quality-06226c703a14dba5999bcc3115633a8be95b2c25-1/python-all/tmp/test_real_fixture_finishes_or_current/remote/completed.json", "reports/quality/seven-gaps-20261002/publication/ci-artifacts/python-quality-06226c703a14dba5999bcc3115633a8be95b2c25-1/python-all/tmp/test_real_fixture_finishes_or_current/remote/identity.json", "reports/quality/seven-gaps-20261002/publication/ci-artifacts/python-quality-06226c703a14dba5999bcc3115633a8be95b2c25-1/python-all/tmp/test_rehashed_manifest_cannot_0/report.json", "reports/quality/seven-gaps-20261002/publication/ci-artifacts/python-quality-06226c703a14dba5999bcc3115633a8be95b2c25-1/python-all/tmp/test_rehashed_manifest_cannot_1/report.json", "reports/quality/seven-gaps-20261002/publication/ci-artifacts/python-quality-06226c703a14dba5999bcc3115633a8be95b2c25-1/python-all/tmp/test_rehashed_manifest_cannot_2/report.json", "reports/quality/seven-gaps-20261002/publication/ci-artifacts/python-quality-06226c703a14dba5999bcc3115633a8be95b2c25-1/python-all/tmp/test_rehashed_manifest_cannot_3/report.json", "reports/quality/seven-gaps-20261002/publication/ci-artifacts/python-quality-06226c703a14dba5999bcc3115633a8be95b2c25-1/python-all/tmp/test_rehashed_manifest_cannot_4/report.json", "reports/quality/seven-gaps-20261002/publication/ci-artifacts/python-quality-06226c703a14dba5999bcc3115633a8be95b2c25-1/python-all/tmp/test_rehashed_manifest_cannot_5/report.json", "reports/quality/seven-gaps-20261002/publication/ci-artifacts/python-quality-06226c703a14dba5999bcc3115633a8be95b2c25-1/python-all/tmp/test_rehashed_manifest_cannot_current/report.json", "reports/quality/seven-gaps-20261002/publication/ci-artifacts/python-quality-06226c703a14dba5999bcc3115633a8be95b2c25-1/python-all/tmp/test_rehashed_raw_records_stil0/report.json", "reports/quality/seven-gaps-20261002/publication/ci-artifacts/python-quality-06226c703a14dba5999bcc3115633a8be95b2c25-1/python-all/tmp/test_rehashed_raw_records_stil1/report.json", "reports/quality/seven-gaps-20261002/publication/ci-artifacts/python-quality-06226c703a14dba5999bcc3115633a8be95b2c25-1/python-all/tmp/test_rehashed_raw_records_stil2/report.json", "reports/quality/seven-gaps-20261002/publication/ci-artifacts/python-quality-06226c703a14dba5999bcc3115633a8be95b2c25-1/python-all/tmp/test_rehashed_raw_records_stil3/report.json", "reports/quality/seven-gaps-20261002/publication/ci-artifacts/python-quality-06226c703a14dba5999bcc3115633a8be95b2c25-1/python-all/tmp/test_rehashed_raw_records_stil4/report.json", "reports/quality/seven-gaps-20261002/publication/ci-artifacts/python-quality-06226c703a14dba5999bcc3115633a8be95b2c25-1/python-all/tmp/test_rehashed_raw_records_stil5/report.json", "reports/quality/seven-gaps-20261002/publication/ci-artifacts/python-quality-06226c703a14dba5999bcc3115633a8be95b2c25-1/python-all/tmp/test_rehashed_raw_records_stilcurrent/report.json", "reports/quality/seven-gaps-20261002/publication/ci-artifacts/python-quality-06226c703a14dba5999bcc3115633a8be95b2c25-1/python-all/tmp/test_repeated_campaign_keeps_e0/campaign-cases/RAG-01-r01.json", "reports/quality/seven-gaps-20261002/publication/ci-artifacts/python-quality-06226c703a14dba5999bcc3115633a8be95b2c25-1/python-all/tmp/test_repeated_campaign_keeps_e0/campaign-cases/RAG-01-r02.json", "reports/quality/seven-gaps-20261002/publication/ci-artifacts/python-quality-06226c703a14dba5999bcc3115633a8be95b2c25-1/python-all/tmp/test_repeated_campaign_keeps_e0/campaign.json", "reports/quality/seven-gaps-20261002/publication/ci-artifacts/python-quality-06226c703a14dba5999bcc3115633a8be95b2c25-1/python-all/tmp/test_repeated_campaign_keeps_ecurrent/campaign-cases/RAG-01-r01.json", "reports/quality/seven-gaps-20261002/publication/ci-artifacts/python-quality-06226c703a14dba5999bcc3115633a8be95b2c25-1/python-all/tmp/test_repeated_campaign_keeps_ecurrent/campaign-cases/RAG-01-r02.json", "reports/quality/seven-gaps-20261002/publication/ci-artifacts/python-quality-06226c703a14dba5999bcc3115633a8be95b2c25-1/python-all/tmp/test_repeated_campaign_keeps_ecurrent/campaign.json", "reports/quality/seven-gaps-20261002/publication/ci-artifacts/python-quality-06226c703a14dba5999bcc3115633a8be95b2c25-1/python-all/tmp/test_resource_data_must_belong0/report.json", "reports/quality/seven-gaps-20261002/publication/ci-artifacts/python-quality-06226c703a14dba5999bcc3115633a8be95b2c25-1/python-all/tmp/test_resource_data_must_belong1/report.json", "reports/quality/seven-gaps-20261002/publication/ci-artifacts/python-quality-06226c703a14dba5999bcc3115633a8be95b2c25-1/python-all/tmp/test_resource_data_must_belong2/report.json", "reports/quality/seven-gaps-20261002/publication/ci-artifacts/python-quality-06226c703a14dba5999bcc3115633a8be95b2c25-1/python-all/tmp/test_resource_data_must_belong3/report.json", "reports/quality/seven-gaps-20261002/publication/ci-artifacts/python-quality-06226c703a14dba5999bcc3115633a8be95b2c25-1/python-all/tmp/test_resource_data_must_belongcurrent/report.json", "reports/quality/seven-gaps-20261002/publication/ci-artifacts/python-quality-06226c703a14dba5999bcc3115633a8be95b2c25-1/python-all/tmp/test_resource_summary_is_recom0/report.json", "reports/quality/seven-gaps-20261002/publication/ci-artifacts/python-quality-06226c703a14dba5999bcc3115633a8be95b2c25-1/python-all/tmp/test_resource_summary_is_recomcurrent/report.json", "reports/quality/seven-gaps-20261002/publication/ci-artifacts/python-quality-06226c703a14dba5999bcc3115633a8be95b2c25-1/python-all/tmp/test_retrieval_returns_empty_f0/knowledge/catalog.json", "reports/quality/seven-gaps-20261002/publication/ci-artifacts/python-quality-06226c703a14dba5999bcc3115633a8be95b2c25-1/python-all/tmp/test_retrieval_returns_empty_fcurrent/knowledge/catalog.json", "reports/quality/seven-gaps-20261002/publication/ci-artifacts/python-quality-06226c703a14dba5999bcc3115633a8be95b2c25-1/python-all/tmp/test_retrieval_trace_explicitl0/knowledge/catalog.json", "reports/quality/seven-gaps-20261002/publication/ci-artifacts/python-quality-06226c703a14dba5999bcc3115633a8be95b2c25-1/python-all/tmp/test_retrieval_trace_explicitlcurrent/knowledge/catalog.json", "reports/quality/seven-gaps-20261002/publication/ci-artifacts/python-quality-06226c703a14dba5999bcc3115633a8be95b2c25-1/python-all/tmp/test_root_cause_dataset_has_540/manifest.json", "reports/quality/seven-gaps-20261002/publication/ci-artifacts/python-quality-06226c703a14dba5999bcc3115633a8be95b2c25-1/python-all/tmp/test_root_cause_dataset_has_540/private/oracles.json", "reports/quality/seven-gaps-20261002/publication/ci-artifacts/python-quality-06226c703a14dba5999bcc3115633a8be95b2c25-1/python-all/tmp/test_root_cause_dataset_has_540/public/cases.json", "reports/quality/seven-gaps-20261002/publication/ci-artifacts/python-quality-06226c703a14dba5999bcc3115633a8be95b2c25-1/python-all/tmp/test_root_cause_dataset_has_54current/manifest.json", "reports/quality/seven-gaps-20261002/publication/ci-artifacts/python-quality-06226c703a14dba5999bcc3115633a8be95b2c25-1/python-all/tmp/test_root_cause_dataset_has_54current/private/oracles.json", "reports/quality/seven-gaps-20261002/publication/ci-artifacts/python-quality-06226c703a14dba5999bcc3115633a8be95b2c25-1/python-all/tmp/test_root_cause_dataset_has_54current/public/cases.json", "reports/quality/seven-gaps-20261002/publication/ci-artifacts/python-quality-06226c703a14dba5999bcc3115633a8be95b2c25-1/python-all/tmp/test_root_cause_evaluator_runs0/manifest.json", "reports/quality/seven-gaps-20261002/publication/ci-artifacts/python-quality-06226c703a14dba5999bcc3115633a8be95b2c25-1/python-all/tmp/test_root_cause_evaluator_runs0/private/oracles.json", "reports/quality/seven-gaps-20261002/publication/ci-artifacts/python-quality-06226c703a14dba5999bcc3115633a8be95b2c25-1/python-all/tmp/test_root_cause_evaluator_runs0/public/cases.json", "reports/quality/seven-gaps-20261002/publication/ci-artifacts/python-quality-06226c703a14dba5999bcc3115633a8be95b2c25-1/python-all/tmp/test_root_cause_evaluator_runscurrent/manifest.json", "reports/quality/seven-gaps-20261002/publication/ci-artifacts/python-quality-06226c703a14dba5999bcc3115633a8be95b2c25-1/python-all/tmp/test_root_cause_evaluator_runscurrent/private/oracles.json", "reports/quality/seven-gaps-20261002/publication/ci-artifacts/python-quality-06226c703a14dba5999bcc3115633a8be95b2c25-1/python-all/tmp/test_root_cause_evaluator_runscurrent/public/cases.json", "reports/quality/seven-gaps-20261002/publication/ci-artifacts/python-quality-06226c703a14dba5999bcc3115633a8be95b2c25-1/python-all/tmp/test_root_cause_markdown_repor0/manifest.json", "reports/quality/seven-gaps-20261002/publication/ci-artifacts/python-quality-06226c703a14dba5999bcc3115633a8be95b2c25-1/python-all/tmp/test_root_cause_markdown_repor0/private/oracles.json", "reports/quality/seven-gaps-20261002/publication/ci-artifacts/python-quality-06226c703a14dba5999bcc3115633a8be95b2c25-1/python-all/tmp/test_root_cause_markdown_repor0/public/cases.json", "reports/quality/seven-gaps-20261002/publication/ci-artifacts/python-quality-06226c703a14dba5999bcc3115633a8be95b2c25-1/python-all/tmp/test_root_cause_markdown_reporcurrent/manifest.json", "reports/quality/seven-gaps-20261002/publication/ci-artifacts/python-quality-06226c703a14dba5999bcc3115633a8be95b2c25-1/python-all/tmp/test_root_cause_markdown_reporcurrent/private/oracles.json", "reports/quality/seven-gaps-20261002/publication/ci-artifacts/python-quality-06226c703a14dba5999bcc3115633a8be95b2c25-1/python-all/tmp/test_root_cause_markdown_reporcurrent/public/cases.json", "reports/quality/seven-gaps-20261002/publication/ci-artifacts/python-quality-06226c703a14dba5999bcc3115633a8be95b2c25-1/python-all/tmp/test_root_cause_observations_d0/manifest.json", "reports/quality/seven-gaps-20261002/publication/ci-artifacts/python-quality-06226c703a14dba5999bcc3115633a8be95b2c25-1/python-all/tmp/test_root_cause_observations_d0/private/oracles.json", "reports/quality/seven-gaps-20261002/publication/ci-artifacts/python-quality-06226c703a14dba5999bcc3115633a8be95b2c25-1/python-all/tmp/test_root_cause_observations_d0/public/cases.json", "reports/quality/seven-gaps-20261002/publication/ci-artifacts/python-quality-06226c703a14dba5999bcc3115633a8be95b2c25-1/python-all/tmp/test_root_cause_observations_dcurrent/manifest.json", "reports/quality/seven-gaps-20261002/publication/ci-artifacts/python-quality-06226c703a14dba5999bcc3115633a8be95b2c25-1/python-all/tmp/test_root_cause_observations_dcurrent/private/oracles.json", "reports/quality/seven-gaps-20261002/publication/ci-artifacts/python-quality-06226c703a14dba5999bcc3115633a8be95b2c25-1/python-all/tmp/test_root_cause_observations_dcurrent/public/cases.json", "reports/quality/seven-gaps-20261002/publication/ci-artifacts/python-quality-06226c703a14dba5999bcc3115633a8be95b2c25-1/python-all/tmp/test_root_cause_replay_is_dete0/manifest.json", "reports/quality/seven-gaps-20261002/publication/ci-artifacts/python-quality-06226c703a14dba5999bcc3115633a8be95b2c25-1/python-all/tmp/test_root_cause_replay_is_dete0/private/oracles.json", "reports/quality/seven-gaps-20261002/publication/ci-artifacts/python-quality-06226c703a14dba5999bcc3115633a8be95b2c25-1/python-all/tmp/test_root_cause_replay_is_dete0/public/cases.json", "reports/quality/seven-gaps-20261002/publication/ci-artifacts/python-quality-06226c703a14dba5999bcc3115633a8be95b2c25-1/python-all/tmp/test_root_cause_replay_is_detecurrent/manifest.json", "reports/quality/seven-gaps-20261002/publication/ci-artifacts/python-quality-06226c703a14dba5999bcc3115633a8be95b2c25-1/python-all/tmp/test_root_cause_replay_is_detecurrent/private/oracles.json", "reports/quality/seven-gaps-20261002/publication/ci-artifacts/python-quality-06226c703a14dba5999bcc3115633a8be95b2c25-1/python-all/tmp/test_root_cause_replay_is_detecurrent/public/cases.json", "reports/quality/seven-gaps-20261002/publication/ci-artifacts/python-quality-06226c703a14dba5999bcc3115633a8be95b2c25-1/python-all/tmp/test_single_run_stays_backward0/campaign-cases/RAG-01.json", "reports/quality/seven-gaps-20261002/publication/ci-artifacts/python-quality-06226c703a14dba5999bcc3115633a8be95b2c25-1/python-all/tmp/test_single_run_stays_backward0/campaign.json", "reports/quality/seven-gaps-20261002/publication/ci-artifacts/python-quality-06226c703a14dba5999bcc3115633a8be95b2c25-1/python-all/tmp/test_single_run_stays_backwardcurrent/campaign-cases/RAG-01.json", "reports/quality/seven-gaps-20261002/publication/ci-artifacts/python-quality-06226c703a14dba5999bcc3115633a8be95b2c25-1/python-all/tmp/test_single_run_stays_backwardcurrent/campaign.json", "reports/quality/seven-gaps-20261002/publication/ci-artifacts/python-quality-06226c703a14dba5999bcc3115633a8be95b2c25-1/python-all/tmp/test_skip_allowlist_requires_c0/junit.xml", "reports/quality/seven-gaps-20261002/publication/ci-artifacts/python-quality-06226c703a14dba5999bcc3115633a8be95b2c25-1/python-all/tmp/test_skip_allowlist_requires_ccurrent/junit.xml", "reports/quality/seven-gaps-20261002/publication/ci-artifacts/python-quality-06226c703a14dba5999bcc3115633a8be95b2c25-1/python-all/tmp/test_source_edit_during_run_in0/run/report.json", "reports/quality/seven-gaps-20261002/publication/ci-artifacts/python-quality-06226c703a14dba5999bcc3115633a8be95b2c25-1/python-all/tmp/test_source_edit_during_run_incurrent/run/report.json", "reports/quality/seven-gaps-20261002/publication/ci-artifacts/python-quality-06226c703a14dba5999bcc3115633a8be95b2c25-1/python-all/tmp/test_successful_process_with_m0/missing-report/command-1.log", "reports/quality/seven-gaps-20261002/publication/ci-artifacts/python-quality-06226c703a14dba5999bcc3115633a8be95b2c25-1/python-all/tmp/test_successful_process_with_mcurrent/missing-report/command-1.log", "reports/quality/seven-gaps-20261002/publication/ci-artifacts/python-quality-06226c703a14dba5999bcc3115633a8be95b2c25-1/python-all/tmp/test_sys_metrics_correlates_co0/container-sys-metrics.json", "reports/quality/seven-gaps-20261002/publication/ci-artifacts/python-quality-06226c703a14dba5999bcc3115633a8be95b2c25-1/python-all/tmp/test_sys_metrics_correlates_cocurrent/container-sys-metrics.json", "reports/quality/seven-gaps-20261002/publication/ci-artifacts/python-quality-06226c703a14dba5999bcc3115633a8be95b2c25-1/python-all/tmp/test_sys_metrics_v2_derives_me0/sys_metrics.json", "reports/quality/seven-gaps-20261002/publication/ci-artifacts/python-quality-06226c703a14dba5999bcc3115633a8be95b2c25-1/python-all/tmp/test_sys_metrics_v2_derives_mecurrent/sys_metrics.json", "reports/quality/seven-gaps-20261002/publication/ci-artifacts/python-quality-06226c703a14dba5999bcc3115633a8be95b2c25-1/python-all/tmp/test_sys_metrics_v2_rejects_pi0/pid-reuse.json", "reports/quality/seven-gaps-20261002/publication/ci-artifacts/python-quality-06226c703a14dba5999bcc3115633a8be95b2c25-1/python-all/tmp/test_sys_metrics_v2_rejects_picurrent/pid-reuse.json", "reports/quality/seven-gaps-20261002/publication/ci-artifacts/python-quality-06226c703a14dba5999bcc3115633a8be95b2c25-1/python-all/tmp/test_three_routes_are_independ0/catalog.json", "reports/quality/seven-gaps-20261002/publication/ci-artifacts/python-quality-06226c703a14dba5999bcc3115633a8be95b2c25-1/python-all/tmp/test_three_routes_are_independcurrent/catalog.json", "reports/quality/seven-gaps-20261002/publication/ci-artifacts/python-quality-06226c703a14dba5999bcc3115633a8be95b2c25-1/python-all/tmp/test_timeout_leaves_log_and_fa0/timeout/command-1.log", "reports/quality/seven-gaps-20261002/publication/ci-artifacts/python-quality-06226c703a14dba5999bcc3115633a8be95b2c25-1/python-all/tmp/test_timeout_leaves_log_and_facurrent/timeout/command-1.log", "reports/quality/seven-gaps-20261002/publication/ci-artifacts/python-quality-06226c703a14dba5999bcc3115633a8be95b2c25-1/python-all/tmp/test_unstable_repeat_outcomes_0/campaign-cases/RAG-01-r01.json", "reports/quality/seven-gaps-20261002/publication/ci-artifacts/python-quality-06226c703a14dba5999bcc3115633a8be95b2c25-1/python-all/tmp/test_unstable_repeat_outcomes_0/campaign-cases/RAG-01-r02.json", "reports/quality/seven-gaps-20261002/publication/ci-artifacts/python-quality-06226c703a14dba5999bcc3115633a8be95b2c25-1/python-all/tmp/test_unstable_repeat_outcomes_0/campaign.json", "reports/quality/seven-gaps-20261002/publication/ci-artifacts/python-quality-06226c703a14dba5999bcc3115633a8be95b2c25-1/python-all/tmp/test_unstable_repeat_outcomes_current/campaign-cases/RAG-01-r01.json", "reports/quality/seven-gaps-20261002/publication/ci-artifacts/python-quality-06226c703a14dba5999bcc3115633a8be95b2c25-1/python-all/tmp/test_unstable_repeat_outcomes_current/campaign-cases/RAG-01-r02.json", "reports/quality/seven-gaps-20261002/publication/ci-artifacts/python-quality-06226c703a14dba5999bcc3115633a8be95b2c25-1/python-all/tmp/test_unstable_repeat_outcomes_current/campaign.json", "reports/quality/seven-gaps-20261002/publication/ci-artifacts/python-quality-06226c703a14dba5999bcc3115633a8be95b2c25-1/python-all/tmp/test_v2_evaluator_calls_produc0/manifest.json", "reports/quality/seven-gaps-20261002/publication/ci-artifacts/python-quality-06226c703a14dba5999bcc3115633a8be95b2c25-1/python-all/tmp/test_v2_evaluator_calls_produc0/private/oracles.json", "reports/quality/seven-gaps-20261002/publication/ci-artifacts/python-quality-06226c703a14dba5999bcc3115633a8be95b2c25-1/python-all/tmp/test_v2_evaluator_calls_produc0/public/cases.json", "reports/quality/seven-gaps-20261002/publication/ci-artifacts/python-quality-06226c703a14dba5999bcc3115633a8be95b2c25-1/python-all/tmp/test_v2_evaluator_calls_produc0/sources.json", "reports/quality/seven-gaps-20261002/publication/ci-artifacts/python-quality-06226c703a14dba5999bcc3115633a8be95b2c25-1/python-all/tmp/test_v2_evaluator_calls_produccurrent/manifest.json", "reports/quality/seven-gaps-20261002/publication/ci-artifacts/python-quality-06226c703a14dba5999bcc3115633a8be95b2c25-1/python-all/tmp/test_v2_evaluator_calls_produccurrent/private/oracles.json", "reports/quality/seven-gaps-20261002/publication/ci-artifacts/python-quality-06226c703a14dba5999bcc3115633a8be95b2c25-1/python-all/tmp/test_v2_evaluator_calls_produccurrent/public/cases.json", "reports/quality/seven-gaps-20261002/publication/ci-artifacts/python-quality-06226c703a14dba5999bcc3115633a8be95b2c25-1/python-all/tmp/test_v2_evaluator_calls_produccurrent/sources.json", "reports/quality/seven-gaps-20261002/publication/ci-artifacts/python-quality-06226c703a14dba5999bcc3115633a8be95b2c25-1/python-all/tmp/test_vector_failure_keeps_two_0/catalog.json", "reports/quality/seven-gaps-20261002/publication/ci-artifacts/python-quality-06226c703a14dba5999bcc3115633a8be95b2c25-1/python-all/tmp/test_vector_failure_keeps_two_current/catalog.json", "reports/quality/seven-gaps-20261002/publication/ci-artifacts/python-quality-06226c703a14dba5999bcc3115633a8be95b2c25-1/report.json", "reports/quality/seven-gaps-20261002/publication/ci-artifacts/web-browser-06226c703a14dba5999bcc3115633a8be95b2c25-1/result.json", "reports/quality/seven-gaps-20261002/publication/ci-final-evidence-summary.json", "reports/quality/seven-gaps-20261002/publication/ci-final-evidence-summary.md", "reports/quality/seven-gaps-20261002/publication/ci-final-source-equivalence.json", "reports/quality/seven-gaps-20261002/publication/final-publication-verification.json", "reports/quality/seven-gaps-20261002/publication/final-runtime-predeployment.json", "reports/quality/seven-gaps-20261002/publication/final-seven-audit.json", "reports/quality/seven-gaps-20261002/publication/final-seven-audit.md", "reports/quality/seven-gaps-20261002/publication/order-failure-proof.json", "reports/quality/seven-gaps-20261002/publication/release/activate_platform.py", "reports/quality/seven-gaps-20261002/publication/release/ci-jobs.json", "reports/quality/seven-gaps-20261002/publication/release/ci-run.json", "reports/quality/seven-gaps-20261002/publication/release/deploy_runtime.py", "reports/quality/seven-gaps-20261002/publication/release/manifest.json", "reports/quality/seven-gaps-20261002/publication/release/platform-deployment.json", "reports/quality/seven-gaps-20261002/publication/release/platform-deployment.log", "reports/quality/seven-gaps-20261002/publication/release/release-tag.txt", "reports/quality/seven-gaps-20261002/publication/release/source-head.txt", "reports/quality/seven-gaps-20261002/publication/release/web-build.log", "reports/quality/seven-gaps-20261002/publication/tools/audit-collect-ci-final.py", "reports/quality/seven-gaps-20261002/publication/tools/audit-summarize-ci-final.py", "reports/quality/seven-gaps-20261002/publication/tools/browser_verify.mjs", "reports/quality/seven-gaps-20261002/publication/tools/browser_verify.py", "reports/quality/seven-gaps-20261002/publication/tools/final_preflight.py", "reports/quality/seven-gaps-20261002/publication/tools/final_seven_audit.py", "reports/quality/seven-gaps-20261002/publication/tools/prepare_final_release.py", "reports/quality/seven-gaps-20261002/publication/tools/verify_final_runtime.py", "reports/quality/seven-gaps-20261002/seven-cases/cpp-cpu-hotspot-artifacts/task_20261001_173422_31082f-manifest.raw", "reports/quality/seven-gaps-20261002/seven-cases/cpp-cpu-hotspot-artifacts/task_20261001_173422_31082f-raw.raw", "reports/quality/seven-gaps-20261002/seven-cases/cpp-cpu-hotspot.json", "reports/quality/seven-gaps-20261002/seven-cases/cpp-file-io-artifacts/task_20261001_174413_db953f-manifest.raw", "reports/quality/seven-gaps-20261002/seven-cases/cpp-file-io-artifacts/task_20261001_174413_db953f-sys_metrics.raw", "reports/quality/seven-gaps-20261002/seven-cases/cpp-file-io.json", "reports/quality/seven-gaps-20261002/seven-cases/cpp-lock-contention-artifacts/task_20261001_173647_ac6f09-manifest.raw", "reports/quality/seven-gaps-20261002/seven-cases/cpp-lock-contention-artifacts/task_20261001_173647_ac6f09-sys_metrics.raw", "reports/quality/seven-gaps-20261002/seven-cases/cpp-lock-contention.json", "reports/quality/seven-gaps-20261002/seven-cases/io-write-latency-artifacts/task_20261001_173822_85355f-manifest.raw", "reports/quality/seven-gaps-20261002/seven-cases/io-write-latency-artifacts/task_20261001_173822_85355f-sys_metrics.raw", "reports/quality/seven-gaps-20261002/seven-cases/io-write-latency-artifacts/task_20261001_173941_38c496-flamegraph_json.raw", "reports/quality/seven-gaps-20261002/seven-cases/io-write-latency-artifacts/task_20261001_173941_38c496-manifest.raw", "reports/quality/seven-gaps-20261002/seven-cases/io-write-latency-artifacts/task_20261001_173941_38c496-raw.raw", "reports/quality/seven-gaps-20261002/seven-cases/io-write-latency-artifacts/task_20261001_173941_38c496-top_json.raw", "reports/quality/seven-gaps-20261002/seven-cases/io-write-latency.json", "reports/quality/seven-gaps-20261002/seven-cases/java-file-io-artifacts/task_20261001_174057_4044ac-manifest.raw", "reports/quality/seven-gaps-20261002/seven-cases/java-file-io-artifacts/task_20261001_174057_4044ac-sys_metrics.raw", "reports/quality/seven-gaps-20261002/seven-cases/java-file-io-artifacts/task_20261001_174219_59dd08-java_flamegraph_html.raw", "reports/quality/seven-gaps-20261002/seven-cases/java-file-io-artifacts/task_20261001_174219_59dd08-jvm_gc_metrics.raw", "reports/quality/seven-gaps-20261002/seven-cases/java-file-io-artifacts/task_20261001_174219_59dd08-manifest.raw", "reports/quality/seven-gaps-20261002/seven-cases/java-file-io.json", "reports/quality/seven-gaps-20261002/seven-cases/noisy-neighbor-artifacts/task_20261001_174653_89d3f3-manifest.raw", "reports/quality/seven-gaps-20261002/seven-cases/noisy-neighbor-artifacts/task_20261001_174653_89d3f3-sys_metrics.raw", "reports/quality/seven-gaps-20261002/seven-cases/noisy-neighbor-artifacts/task_20261001_174750_499285-callgraph_json.raw", "reports/quality/seven-gaps-20261002/seven-cases/noisy-neighbor-artifacts/task_20261001_174750_499285-flamegraph_json.raw", "reports/quality/seven-gaps-20261002/seven-cases/noisy-neighbor-artifacts/task_20261001_174750_499285-flamegraph_svg.raw", "reports/quality/seven-gaps-20261002/seven-cases/noisy-neighbor-artifacts/task_20261001_174750_499285-manifest.raw", "reports/quality/seven-gaps-20261002/seven-cases/noisy-neighbor-artifacts/task_20261001_174750_499285-raw.raw", "reports/quality/seven-gaps-20261002/seven-cases/noisy-neighbor-artifacts/task_20261001_174750_499285-suggestions_md.raw", "reports/quality/seven-gaps-20261002/seven-cases/noisy-neighbor-artifacts/task_20261001_174750_499285-top_json.raw", "reports/quality/seven-gaps-20261002/seven-cases/noisy-neighbor.json", "reports/quality/seven-gaps-20261002/seven-cases/source-hotspot-artifacts/task_20261001_173226_6ece8d-flamegraph_json.raw", "reports/quality/seven-gaps-20261002/seven-cases/source-hotspot-artifacts/task_20261001_173226_6ece8d-manifest.raw", "reports/quality/seven-gaps-20261002/seven-cases/source-hotspot-artifacts/task_20261001_173226_6ece8d-raw.raw", "reports/quality/seven-gaps-20261002/seven-cases/source-hotspot-artifacts/task_20261001_173226_6ece8d-top_json.raw", "reports/quality/seven-gaps-20261002/seven-cases/source-hotspot-artifacts/task_20261001_173245_976dae-manifest.raw", "reports/quality/seven-gaps-20261002/seven-cases/source-hotspot-artifacts/task_20261001_173245_976dae-sys_metrics.raw", "reports/quality/seven-gaps-20261002/seven-cases/source-hotspot.json", "reports/quality/seven-gaps-20261002/seven.json", "scripts/audit_fault_plaza_failures.py", "scripts/build_agi_saber_ingest_patch.py", "scripts/build_business_acceptance_view.py", "scripts/build_engineering_case_index.py", "scripts/build_engineering_diagnosis.py", "scripts/build_interview_delivery.py", "scripts/build_knowledge_index.py", "scripts/build_performance_audit.py", "scripts/engineering_profile_observation.py", "scripts/evaluate_engineering_diagnosis.py", "scripts/evaluate_heldout_diagnosis.py", "scripts/evaluate_performance_localization.py", "scripts/evaluate_planning_boundary_v3.py", "scripts/evaluate_planning_retrieval_v2.py", "scripts/evaluate_same_load_business_fix.py", "scripts/evaluate_sre_retrieval.py", "scripts/generate_cancellation_contract.py", "scripts/generate_learning_guide_file_index.py", "scripts/generate_root_cause_benchmark.py", "scripts/inspect_cloud_python_sampling.py", "scripts/local_sre.ps1", "scripts/package_sre_release.py", "scripts/process_resource_monitor.py", "scripts/release_knowledge_cloud.py", "scripts/release_sre_cloud.py", "scripts/render_load_report.py", "scripts/reproduce_parallel_timing_defect.py", "scripts/run_business_acceptance.py", "scripts/run_distributed_endurance.py", "scripts/run_dual_format_benchmark.py", "scripts/run_engineering_diagnosis_acceptance.py", "scripts/run_fault_plaza_strict_acceptance.py", "scripts/run_load_endurance.py", "scripts/run_quality_gate.py", "scripts/same_load_rag_fix_fixture.py", "scripts/setup_local_sre.py", "scripts/verify_actual_rag_search.py", "scripts/verify_clean_stack.py", "scripts/verify_cloud_sre.py", "scripts/verify_cloud_sre_browser.py", "scripts/verify_frontend_workbench.mjs", "scripts/verify_go_io_window.py", "scripts/verify_historical_heldout.py", "scripts/verify_historical_planning_v2.py", "scripts/verify_hotspot_controls.py", "scripts/verify_interview_demo.py", "scripts/verify_load_report.py", "scripts/verify_local_sre.py", "scripts/verify_local_sre_browser.mjs", "scripts/verify_perf_source_toolchain.py", "scripts/verify_runtime_observation_controls.py", "scripts/verify_semantic_retrieval.py", "server/app/agent_runtime/chroma_http.py", "server/app/agent_runtime/context.py", "server/app/agent_runtime/deadlines.py", "server/app/agent_runtime/grafana_observations.py", "server/app/agent_runtime/incident_memory.py", "server/app/agent_runtime/investigation_strategy.py", "server/app/agent_runtime/memory.py", "server/app/agent_runtime/model_factory.py", "server/app/agent_runtime/planning_output.py", "server/app/agent_runtime/planning_request.py", "server/app/agent_runtime/relevance.py", "server/app/agent_runtime/retrieval.py", "server/app/agent_runtime/runtime.py", "server/app/agent_runtime/semantic_retrieval.py", "server/app/agent_runtime/themes.py", "server/app/analysis_jobs.py", "server/app/analyzer_runner.py", "server/app/diagnosis_worker.py", "server/app/diagnostic_ai_rpc.py", "server/app/drop_insight/adaptive_planner.py", "server/app/drop_insight/bottleneck_localization.py", "server/app/drop_insight/business_acceptance.py", "server/app/drop_insight/business_observations.py", "server/app/drop_insight/claim_verifier.py", "server/app/drop_insight/cpu_criteria.py", "server/app/drop_insight/diagnosis_agent.py", "server/app/drop_insight/event_store.py", "server/app/drop_insight/evidence.py", "server/app/drop_insight/fault_plaza.py", "server/app/drop_insight/fix_verification.py", "server/app/drop_insight/health_assessment.py", "server/app/drop_insight/hypothesis_predicate.py", "server/app/drop_insight/lats.py", "server/app/drop_insight/managed_services.json", "server/app/drop_insight/managed_services.py", "server/app/drop_insight/observation_verifier.py", "server/app/drop_insight/performance_criteria.py", "server/app/drop_insight/report_conclusion.py", "server/app/drop_insight/root_cause_benchmark.py", "server/app/drop_insight/schemas.py", "server/app/drop_insight/service.py", "server/app/drop_insight/signal_window_validation.py", "server/app/drop_insight/skill_evolution.py", "server/app/drop_insight/source_mapper.py", "server/app/metric_analyzers.py", "server/app/repositories/analysis_job_repo.py", "tests/conftest.py", "tests/fixtures/engineering_diagnosis_before_seven_gaps.json", "tests/test_acceptance_client_transport.py", "tests/test_agent_deadlines.py", "tests/test_agent_model_options.py", "tests/test_agi_saber_application_metrics.py", "tests/test_agi_saber_request_observations.py", "tests/test_analyzer_command_failure.py", "tests/test_auto_scope_selection.py", "tests/test_business_acceptance.py", "tests/test_business_acceptance_properties.py", "tests/test_business_observations.py", "tests/test_business_repeat.py", "tests/test_checkpoint_thread_isolation.py", "tests/test_clean_stack_acceptance.py", "tests/test_cpu_contract_persistence.py", "tests/test_cpu_control_continuation.py", "tests/test_cpu_control_worker_flow.py", "tests/test_cpu_observation_registry.py", "tests/test_cpu_plan_contract.py", "tests/test_diagnosis_agent.py", "tests/test_diagnosis_cancellation.py", "tests/test_diagnosis_min_round_progression.py", "tests/test_diagnosis_terminal_finalization.py", "tests/test_diagnosis_trace_correlation.py", "tests/test_diagnosis_worker.py", "tests/test_diagnostic_ai_rpc.py", "tests/test_disposition_first_prompts.py", "tests/test_distributed_endurance.py", "tests/test_drop_insight_policy_evidence.py", "tests/test_drop_insight_report_effects_postgres.py", "tests/test_engineering_campaign_provenance.py", "tests/test_engineering_case_index.py", "tests/test_engineering_diagnosis.py", "tests/test_engineering_frozen_before_seven.py", "tests/test_engineering_java_profiles.py", "tests/test_engineering_live_campaign.py", "tests/test_fault_diagnosis_instance_context.py", "tests/test_fault_failure_audit.py", "tests/test_fault_plaza.py", "tests/test_fault_plaza_strict_acceptance.py", "tests/test_fix_verification.py", "tests/test_fixture_transport.py", "tests/test_go_demo_deployment_contract.py", "tests/test_go_io_window_harness.py", "tests/test_health_check_flow.py", "tests/test_health_check_postgres.py", "tests/test_heldout_diagnosis.py", "tests/test_historical_heldout.py", "tests/test_historical_planning_v2.py", "tests/test_hotspot_controls.py", "tests/test_hypothesis_predicate.py", "tests/test_investigation_memory.py", "tests/test_java_observation_report_scope.py", "tests/test_knowledge_coverage_boundaries.py", "tests/test_load_endurance.py", "tests/test_load_report_integrity.py", "tests/test_load_report_render.py", "tests/test_managed_services.py", "tests/test_metric_analyzers.py", "tests/test_noisy_neighbor_boot_identity.py", "tests/test_office_query_cache.py", "tests/test_outbox_postgres.py", "tests/test_perf_source_toolchain.py", "tests/test_performance_audit_index.py", "tests/test_performance_criteria.py", "tests/test_performance_localization_evaluation.py", "tests/test_performance_observation_verification.py", "tests/test_performance_plan_display.py", "tests/test_planning_boundary_v3.py", "tests/test_planning_output_v2.py", "tests/test_planning_request_intent.py", "tests/test_planning_retrieval_v2.py", "tests/test_process_cpu_control.py", "tests/test_process_resource_monitor.py", "tests/test_quality_gate.py", "tests/test_report_conclusion.py", "tests/test_retrieval_abstention.py", "tests/test_retrieval_subject_boundaries.py", "tests/test_root_cause_benchmark.py", "tests/test_same_load_business_fix.py", "tests/test_seven_gap_acceptance.py", "tests/test_seven_gap_diagnosis_windows.py", "tests/test_seven_gap_planning.py", "tests/test_seven_gap_telemetry.py", "tests/test_skill_policy.py", "tests/test_source_mapper.py", "tests/test_sre_agent_upgrade.py", "tests/test_sre_collection_acceptance.py", "tests/test_target_io_observations.py", "tests/test_three_route_retrieval.py", "web/package-lock.json", "web/package.json", "web/public/report-assets/engineering-cases/empty-query-cache/cache-empty-before.xml", "web/public/report-assets/engineering-cases/empty-query-cache/cache-empty-targeted.xml", "web/public/report-assets/engineering-cases/index.json", "web/public/report-assets/engineering-cases/notification-lifecycle/notification-after.xml", "web/public/report-assets/engineering-cases/notification-lifecycle/toast-before.log", "web/public/report-assets/engineering-cases/parallel-timing/parallel-timing.json", "web/public/report-assets/engineering-cases/parallel-timing/timing-after.py", "web/public/report-assets/engineering-cases/parallel-timing/timing-before.py", "web/public/report-assets/engineering-cases/skill-first-insert-race/postgres-race-after.xml", "web/public/report-assets/engineering-cases/skill-first-insert-race/postgres-race-before.xml", "web/public/report-assets/engineering-diagnosis/index.json", "web/public/report-assets/performance-audit/index.json", "web/src/api/client.js", "web/src/components/ActualExplorationTree.css", "web/src/components/ActualExplorationTree.jsx", "web/src/components/ActualExplorationTree.test.jsx", "web/src/components/AgentCockpit.jsx", "web/src/components/AppLayout.jsx", "web/src/components/AppLayout.module.css", "web/src/components/AppLayout.test.jsx", "web/src/components/ChatThread.jsx", "web/src/components/ChatThread.test.jsx", "web/src/components/ConclusionCard.jsx", "web/src/components/ConclusionCard.test.jsx", "web/src/components/DiagnosisCaseList.jsx", "web/src/components/DiagnosisShowcase.css", "web/src/components/DiagnosisWelcome.css", "web/src/components/DiagnosisWelcome.jsx", "web/src/components/EngineeringCasesPanel.css", "web/src/components/EngineeringCasesPanel.jsx", "web/src/components/EngineeringCasesPanel.test.jsx", "web/src/components/EngineeringDiagnosisSummary.integrity.test.jsx", "web/src/components/EngineeringDiagnosisSummary.jsx", "web/src/components/EngineeringDiagnosisSummary.test.jsx", "web/src/components/EvalPanel.css", "web/src/components/EvalPanel.jsx", "web/src/components/EvalPanel.test.jsx", "web/src/components/FaultPlazaPanel.jsx", "web/src/components/FaultPlazaPanel.test.jsx", "web/src/components/HealthCheckActions.jsx", "web/src/components/HealthCheckActions.test.jsx", "web/src/components/ManagedServicesPanel.jsx", "web/src/components/ManagedServicesPanel.test.jsx", "web/src/components/MentorComplexShowcase.jsx", "web/src/components/ObservabilityOverview.jsx", "web/src/components/ObservabilityOverview.test.jsx", "web/src/components/PerformanceDiagnosisSummary.jsx", "web/src/components/PerformanceDiagnosisSummary.test.jsx", "web/src/components/PlanningOutputCard.jsx", "web/src/components/PlanningOutputCard.test.jsx", "web/src/components/RetrievalOutcomeNotice.jsx", "web/src/components/RetrievalOutcomeNotice.test.jsx", "web/src/components/SkillABPanel.jsx", "web/src/components/SkillABPanel.test.jsx", "web/src/design-system.css", "web/src/hooks/SSEContext.jsx", "web/src/hooks/SSEContext.test.jsx", "web/src/hooks/useSSE.js", "web/src/hooks/useSSE.test.jsx", "web/src/main.jsx", "web/src/pages/AIDiagnosis.css", "web/src/pages/AIDiagnosis.jsx", "web/src/pages/AIDiagnosis.test.jsx", "web/src/pages/AgentDetail.jsx", "web/src/pages/AuditLogs.jsx", "web/src/pages/Dashboard.jsx", "web/src/pages/Schedules.jsx", "web/src/pages/Schedules.test.jsx", "web/src/pages/TaskResult.jsx", "web/src/pages/Workbench.css", "web/src/test/fixtures/performance-io-refutation.json", "web/src/theme.js", "web/src/utils/diagnosisDisplay.js", "web/src/utils/diagnosisQuery.js", "web/src/utils/diagnosisQuery.test.js", "web/src/utils/latsSearch.js", "web/src/utils/observationAssessment.js", "web/src/utils/observationAssessment.test.js", "web/src/utils/reportPresentation.js", "web/src/utils/reportPresentation.test.js", "web/vite.config.js"], "scope": "selection aid; full business smoke remains required"}
2026-10-02T12:00:29.8074628Z ##[group]Run python scripts/run_business_acceptance.py --output output/business-campaign.json --require-outcomes
2026-10-02T12:00:29.8075489Z [36;1mpython scripts/run_business_acceptance.py --output output/business-campaign.json --require-outcomes[0m
2026-10-02T12:00:29.8147234Z shell: /usr/bin/bash -e {0}
2026-10-02T12:00:29.8147493Z env:
2026-10-02T12:00:29.8147766Z   pythonLocation: /opt/hostedtoolcache/Python/3.11.16/x64
2026-10-02T12:00:29.8148217Z   PKG_CONFIG_PATH: /opt/hostedtoolcache/Python/3.11.16/x64/lib/pkgconfig
2026-10-02T12:00:29.8148662Z   Python_ROOT_DIR: /opt/hostedtoolcache/Python/3.11.16/x64
2026-10-02T12:00:29.8149057Z   Python2_ROOT_DIR: /opt/hostedtoolcache/Python/3.11.16/x64
2026-10-02T12:00:29.8149446Z   Python3_ROOT_DIR: /opt/hostedtoolcache/Python/3.11.16/x64
2026-10-02T12:00:29.8149831Z   LD_LIBRARY_PATH: /opt/hostedtoolcache/Python/3.11.16/x64/lib
2026-10-02T12:00:29.8150153Z ##[endgroup]
2026-10-02T12:00:29.9819147Z {"case": "RAG-01", "run": 1, "window": "baseline", "event": "START"}
2026-10-02T12:00:35.3469720Z {"case": "RAG-01", "run": 1, "window": "fault", "event": "START"}
2026-10-02T12:00:41.0737244Z {"case": "RAG-01", "run": 1, "window": "after", "event": "START"}
2026-10-02T12:00:46.4377296Z {"case": "RAG-01", "run": 1, "event": "FINISH", "outcome": "IMPROVEMENT_VERIFIED"}
2026-10-02T12:00:46.4378093Z {"case": "RAG-02", "run": 1, "window": "baseline", "event": "START"}
2026-10-02T12:00:51.7967444Z {"case": "RAG-02", "run": 1, "window": "fault", "event": "START"}
2026-10-02T12:00:57.1560800Z {"case": "RAG-02", "run": 1, "window": "after", "event": "START"}
2026-10-02T12:01:02.5202387Z {"case": "RAG-02", "run": 1, "event": "FINISH", "outcome": "IMPROVEMENT_VERIFIED"}
2026-10-02T12:01:02.5203032Z {"case": "RAG-03", "run": 1, "window": "baseline", "event": "START"}
2026-10-02T12:01:07.9212935Z {"case": "RAG-03", "run": 1, "window": "fault", "event": "START"}
2026-10-02T12:01:13.7638208Z {"case": "RAG-03", "run": 1, "window": "after", "event": "START"}
2026-10-02T12:01:19.1679812Z {"case": "RAG-03", "run": 1, "event": "FINISH", "outcome": "DEGRADED_AVAILABLE"}
2026-10-02T12:01:19.2335934Z ##[group]Run python scripts/run_business_acceptance.py --output output/business-stability.json --repeat 3 --require-outcomes
2026-10-02T12:01:19.2336888Z [36;1mpython scripts/run_business_acceptance.py --output output/business-stability.json --repeat 3 --require-outcomes[0m
2026-10-02T12:01:19.2407900Z shell: /usr/bin/bash -e {0}
2026-10-02T12:01:19.2408148Z env:
2026-10-02T12:01:19.2408411Z   pythonLocation: /opt/hostedtoolcache/Python/3.11.16/x64
2026-10-02T12:01:19.2408865Z   PKG_CONFIG_PATH: /opt/hostedtoolcache/Python/3.11.16/x64/lib/pkgconfig
2026-10-02T12:01:19.2409316Z   Python_ROOT_DIR: /opt/hostedtoolcache/Python/3.11.16/x64
2026-10-02T12:01:19.2409708Z   Python2_ROOT_DIR: /opt/hostedtoolcache/Python/3.11.16/x64
2026-10-02T12:01:19.2410109Z   Python3_ROOT_DIR: /opt/hostedtoolcache/Python/3.11.16/x64
2026-10-02T12:01:19.2410535Z   LD_LIBRARY_PATH: /opt/hostedtoolcache/Python/3.11.16/x64/lib
2026-10-02T12:01:19.2410866Z ##[endgroup]
2026-10-02T12:01:19.4114724Z {"case": "RAG-01", "run": 1, "window": "baseline", "event": "START"}
2026-10-02T12:01:24.7776941Z {"case": "RAG-01", "run": 1, "window": "fault", "event": "START"}
2026-10-02T12:01:30.4942551Z {"case": "RAG-01", "run": 1, "window": "after", "event": "START"}
2026-10-02T12:01:35.8576200Z {"case": "RAG-01", "run": 1, "event": "FINISH", "outcome": "IMPROVEMENT_VERIFIED"}
2026-10-02T12:01:35.8576847Z {"case": "RAG-02", "run": 1, "window": "baseline", "event": "START"}
2026-10-02T12:01:41.2169443Z {"case": "RAG-02", "run": 1, "window": "fault", "event": "START"}
2026-10-02T12:01:46.5761918Z {"case": "RAG-02", "run": 1, "window": "after", "event": "START"}
2026-10-02T12:01:51.9401222Z {"case": "RAG-02", "run": 1, "event": "FINISH", "outcome": "IMPROVEMENT_VERIFIED"}
2026-10-02T12:01:51.9402017Z {"case": "RAG-03", "run": 1, "window": "baseline", "event": "START"}
2026-10-02T12:01:57.3398294Z {"case": "RAG-03", "run": 1, "window": "fault", "event": "START"}
2026-10-02T12:02:03.1830383Z {"case": "RAG-03", "run": 1, "window": "after", "event": "START"}
2026-10-02T12:02:08.5893443Z {"case": "RAG-03", "run": 1, "event": "FINISH", "outcome": "DEGRADED_AVAILABLE"}
2026-10-02T12:02:08.5894484Z {"case": "RAG-01", "run": 2, "window": "baseline", "event": "START"}
2026-10-02T12:02:13.9484696Z {"case": "RAG-01", "run": 2, "window": "fault", "event": "START"}
2026-10-02T12:02:19.6692006Z {"case": "RAG-01", "run": 2, "window": "after", "event": "START"}
2026-10-02T12:02:25.0334478Z {"case": "RAG-01", "run": 2, "event": "FINISH", "outcome": "IMPROVEMENT_VERIFIED"}
2026-10-02T12:02:25.0335268Z {"case": "RAG-02", "run": 2, "window": "baseline", "event": "START"}
2026-10-02T12:02:30.3935384Z {"case": "RAG-02", "run": 2, "window": "fault", "event": "START"}
2026-10-02T12:02:35.7551670Z {"case": "RAG-02", "run": 2, "window": "after", "event": "START"}
2026-10-02T12:02:41.1283324Z {"case": "RAG-02", "run": 2, "event": "FINISH", "outcome": "IMPROVEMENT_VERIFIED"}
2026-10-02T12:02:41.1284846Z {"case": "RAG-03", "run": 2, "window": "baseline", "event": "START"}
2026-10-02T12:02:46.5281220Z {"case": "RAG-03", "run": 2, "window": "fault", "event": "START"}
2026-10-02T12:02:52.3709439Z {"case": "RAG-03", "run": 2, "window": "after", "event": "START"}
2026-10-02T12:02:57.7750520Z {"case": "RAG-03", "run": 2, "event": "FINISH", "outcome": "DEGRADED_AVAILABLE"}
2026-10-02T12:02:57.7751304Z {"case": "RAG-01", "run": 3, "window": "baseline", "event": "START"}
2026-10-02T12:03:03.1346058Z {"case": "RAG-01", "run": 3, "window": "fault", "event": "START"}
2026-10-02T12:03:08.8532139Z {"case": "RAG-01", "run": 3, "window": "after", "event": "START"}
2026-10-02T12:03:14.2167913Z {"case": "RAG-01", "run": 3, "event": "FINISH", "outcome": "IMPROVEMENT_VERIFIED"}
2026-10-02T12:03:14.2170885Z {"case": "RAG-02", "run": 3, "window": "baseline", "event": "START"}
2026-10-02T12:03:19.5763065Z {"case": "RAG-02", "run": 3, "window": "fault", "event": "START"}
2026-10-02T12:03:24.9359793Z {"case": "RAG-02", "run": 3, "window": "after", "event": "START"}
2026-10-02T12:03:30.3000974Z {"case": "RAG-02", "run": 3, "event": "FINISH", "outcome": "IMPROVEMENT_VERIFIED"}
2026-10-02T12:03:30.3001798Z {"case": "RAG-03", "run": 3, "window": "baseline", "event": "START"}
2026-10-02T12:03:35.6996839Z {"case": "RAG-03", "run": 3, "window": "fault", "event": "START"}
2026-10-02T12:03:41.5421508Z {"case": "RAG-03", "run": 3, "window": "after", "event": "START"}
2026-10-02T12:03:46.9463778Z {"case": "RAG-03", "run": 3, "event": "FINISH", "outcome": "DEGRADED_AVAILABLE"}
2026-10-02T12:03:46.9486581Z {"schema": "mini-drop.business-repeat-summary.v1", "selection": "ALL_RUNS_RECORDED; NOT_BEST_OF", "scenarios": {"RAG-01": {"runs": 3, "run_indexes": [1, 2, 3], "outcomes": ["IMPROVEMENT_VERIFIED", "IMPROVEMENT_VERIFIED", "IMPROVEMENT_VERIFIED"], "outcome_stable": true, "p95_ms": {"baseline": {"min": 5.836255333292684, "mean": 5.9148365555377795, "max": 6.002482999974745, "stdev": 0.08348378874177681, "samples": 3}, "fault": {"min": 180.9186606667481, "mean": 181.3074594444591, "max": 181.82032866661757, "stdev": 0.46346132728221595, "samples": 3}, "after": {"min": 5.870899333331181, "mean": 5.916207111113181, "max": 6.005548666735194, "stdev": 0.07737467893105619, "samples": 3}}}, "RAG-02": {"runs": 3, "run_indexes": [1, 2, 3], "outcomes": ["IMPROVEMENT_VERIFIED", "IMPROVEMENT_VERIFIED", "IMPROVEMENT_VERIFIED"], "outcome_stable": true, "p95_ms": {"baseline": {"min": 6.470476000117742, "mean": 6.624682666711124, "max": 6.735025000011774, "stdev": 0.13762123069368695, "samples": 3}, "fault": {"min": 128.8734500000146, "mean": 148.0307573333448, "max": 158.76354300007733, "stdev": 16.630809928302657, "samples": 3}, "after": {"min": 6.644628999993074, "mean": 6.750160333316065, "max": 6.916751999938242, "stdev": 0.1459760425609122, "samples": 3}}}, "RAG-03": {"runs": 3, "run_indexes": [1, 2, 3], "outcomes": ["DEGRADED_AVAILABLE", "DEGRADED_AVAILABLE", "DEGRADED_AVAILABLE"], "outcome_stable": true, "p95_ms": {"baseline": {"min": 15.907835000007253, "mean": 15.974421555521682, "max": 16.009296666652517, "stdev": 0.057687340277386576, "samples": 3}, "fault": {"min": 126.23752966669599, "mean": 126.33651377783887, "max": 126.50793333330057, "stdev": 0.14904598593571416, "samples": 3}, "after": {"min": 16.12781533344787, "mean": 16.147340111122805, "max": 16.16748333333362, "stdev": 0.019841230026562098, "samples": 3}}}}, "all_outcome_stable": true}
2026-10-02T12:03:47.0155871Z ##[group]Run actions/upload-artifact@v4
2026-10-02T12:03:47.0156176Z with:
2026-10-02T12:03:47.0156493Z   name: business-measurements-7abe089ae9bfc9705b56c73a5b1dd19dd3bad7ea
2026-10-02T12:03:47.0156891Z   path: output/business*
2026-10-02T12:03:47.0157125Z   if-no-files-found: warn
2026-10-02T12:03:47.0157354Z   compression-level: 6
2026-10-02T12:03:47.0157570Z   overwrite: false
2026-10-02T12:03:47.0157782Z   include-hidden-files: false
2026-10-02T12:03:47.0158006Z env:
2026-10-02T12:03:47.0158270Z   pythonLocation: /opt/hostedtoolcache/Python/3.11.16/x64
2026-10-02T12:03:47.0158700Z   PKG_CONFIG_PATH: /opt/hostedtoolcache/Python/3.11.16/x64/lib/pkgconfig
2026-10-02T12:03:47.0159111Z   Python_ROOT_DIR: /opt/hostedtoolcache/Python/3.11.16/x64
2026-10-02T12:03:47.0159480Z   Python2_ROOT_DIR: /opt/hostedtoolcache/Python/3.11.16/x64
2026-10-02T12:03:47.0159844Z   Python3_ROOT_DIR: /opt/hostedtoolcache/Python/3.11.16/x64
2026-10-02T12:03:47.0160323Z   LD_LIBRARY_PATH: /opt/hostedtoolcache/Python/3.11.16/x64/lib
2026-10-02T12:03:47.0160646Z ##[endgroup]
2026-10-02T12:03:47.2046658Z (node:3549) [DEP0040] DeprecationWarning: The `punycode` module is deprecated. Please use a userland alternative instead.
2026-10-02T12:03:47.2047785Z (Use `node --trace-deprecation ...` to show where the warning was created)
2026-10-02T12:03:47.2194284Z With the provided path, there will be 16 files uploaded
2026-10-02T12:03:47.2204014Z Artifact name is valid!
2026-10-02T12:03:47.2205495Z Root directory input is valid!
2026-10-02T12:03:47.4348533Z Beginning upload of artifact content to blob storage
2026-10-02T12:03:47.4887943Z (node:3549) [DEP0169] DeprecationWarning: `url.parse()` behavior is not standardized and prone to errors that have security implications. Use the WHATWG URL API instead. CVEs are not issued for `url.parse()` vulnerabilities.
2026-10-02T12:03:47.5517988Z Uploaded bytes 153418
2026-10-02T12:03:47.5724552Z Finished uploading artifact content to blob storage!
2026-10-02T12:03:47.5725787Z SHA256 digest of uploaded artifact zip is 4a8fdeb7001f8525695d68b75ededf271d67b273794f8dcb9c480c9f8549b8d1
2026-10-02T12:03:47.5728368Z Finalizing artifact upload
2026-10-02T12:03:47.8095393Z Artifact business-measurements-7abe089ae9bfc9705b56c73a5b1dd19dd3bad7ea.zip successfully finalized. Artifact ID 11224459799
2026-10-02T12:03:47.8098087Z Artifact business-measurements-7abe089ae9bfc9705b56c73a5b1dd19dd3bad7ea has been successfully uploaded! Final size is 153418 bytes. Artifact ID is 11224459799
2026-10-02T12:03:47.8104589Z Artifact download URL: https://github.com/llongwang751-arch/mini-drop/actions/runs/37004140437/artifacts/11224459799
2026-10-02T12:03:47.8291760Z Post job cleanup.
2026-10-02T12:03:47.9642296Z (node:3562) [DEP0040] DeprecationWarning: The `punycode` module is deprecated. Please use a userland alternative instead.
2026-10-02T12:03:47.9643432Z (Use `node --trace-deprecation ...` to show where the warning was created)
2026-10-02T12:03:47.9802452Z Post job cleanup.
2026-10-02T12:03:48.0846083Z [command]/usr/bin/git version
2026-10-02T12:03:48.0905221Z git version 2.55.0
2026-10-02T12:03:48.0965117Z Temporarily overriding HOME='/home/runner/work/_temp/4e854f05-1d5f-4236-8975-679101905a4c' before making global git config changes
2026-10-02T12:03:48.0966677Z Adding repository directory to the temporary git global config as a safe directory
2026-10-02T12:03:48.0976246Z [command]/usr/bin/git config --global --add safe.directory /home/runner/work/mini-drop/mini-drop
2026-10-02T12:03:48.1048588Z [command]/usr/bin/git config --local --name-only --get-regexp core\.sshCommand
2026-10-02T12:03:48.1104821Z [command]/usr/bin/git submodule foreach --recursive sh -c "git config --local --name-only --get-regexp 'core\.sshCommand' && git config --local --unset-all 'core.sshCommand' || :"
2026-10-02T12:03:48.1519550Z [command]/usr/bin/git config --local --name-only --get-regexp http\.https\:\/\/github\.com\/\.extraheader
2026-10-02T12:03:48.1564224Z http.https://github.com/.extraheader
2026-10-02T12:03:48.1596516Z [command]/usr/bin/git config --local --unset-all http.https://github.com/.extraheader
2026-10-02T12:03:48.1645831Z [command]/usr/bin/git submodule foreach --recursive sh -c "git config --local --name-only --get-regexp 'http\.https\:\/\/github\.com\/\.extraheader' && git config --local --unset-all 'http.https://github.com/.extraheader' || :"
2026-10-02T12:03:48.2063284Z [command]/usr/bin/git config --local --name-only --get-regexp ^includeIf\.gitdir:
2026-10-02T12:03:48.2107539Z [command]/usr/bin/git submodule foreach --recursive git config --local --show-origin --name-only --get-regexp remote.origin.url
2026-10-02T12:03:48.2543694Z Cleaning up orphan processes
2026-10-02T12:03:48.2853505Z ##[warning]Node.js 20 is deprecated. The following actions target Node.js 20 but are being forced to run on Node.js 24: actions/checkout@v4, actions/setup-python@v5, actions/upload-artifact@v4. For more information see: https://github.blog/changelog/2025-09-19-deprecation-of-node-20-on-github-actions-runners/
