2026-10-01T17:10:00.9113025Z Current runner version: '2.337.0'
2026-10-01T17:10:00.9125517Z ##[group]Runner Image Provisioner
2026-10-01T17:10:00.9126024Z Hosted Compute Agent
2026-10-01T17:10:00.9126329Z Version: 20260901.588
2026-10-01T17:10:00.9126669Z Commit: f88ec8081b781fac6c440065ac7ff9e710ce3d0b
2026-10-01T17:10:00.9127057Z Build Date: 2026-09-01T19:56:44Z
2026-10-01T17:10:00.9127424Z Worker ID: {1c3cff91-f980-4f19-a9cd-be38f6485242}
2026-10-01T17:10:00.9127815Z Azure Region: centralus
2026-10-01T17:10:00.9128116Z ##[endgroup]
2026-10-01T17:10:00.9128769Z ##[group]Operating System
2026-10-01T17:10:00.9129090Z Ubuntu
2026-10-01T17:10:00.9129365Z 22.04.5
2026-10-01T17:10:00.9129637Z LTS
2026-10-01T17:10:00.9129901Z ##[endgroup]
2026-10-01T17:10:00.9130183Z ##[group]Runner Image
2026-10-01T17:10:00.9130518Z Image: ubuntu-22.04
2026-10-01T17:10:00.9130834Z Version: 20260927.309.1
2026-10-01T17:10:00.9131468Z Included Software: https://github.com/actions/runner-images/blob/ubuntu22/20260927.309/images/ubuntu/Ubuntu2204-Readme.md
2026-10-01T17:10:00.9132239Z Image Release: https://github.com/actions/runner-images/releases/tag/ubuntu22%2F20260927.309
2026-10-01T17:10:00.9132772Z ##[endgroup]
2026-10-01T17:10:00.9133372Z ##[group]GITHUB_TOKEN Permissions
2026-10-01T17:10:00.9134553Z Contents: read
2026-10-01T17:10:00.9134850Z Metadata: read
2026-10-01T17:10:00.9135172Z Packages: read
2026-10-01T17:10:00.9135465Z ##[endgroup]
2026-10-01T17:10:00.9136534Z Secret source: Actions
2026-10-01T17:10:00.9137044Z Cache mode: write
2026-10-01T17:10:00.9137379Z Prepare workflow directory
2026-10-01T17:10:00.9353847Z Prepare all required actions
2026-10-01T17:10:00.9391582Z Getting action download info
2026-10-01T17:10:01.2045903Z Download action repository 'actions/checkout@v4' (SHA:11d5960a326750d5838078e36cf38b85af677262)
2026-10-01T17:10:01.2751098Z Download action repository 'actions/setup-node@v4' (SHA:49933ea5288caeca8642d1e84afbd3f7d6820020)
2026-10-01T17:10:01.4143038Z Complete job name: Web (React)
2026-10-01T17:10:01.4495384Z ##[group]Run actions/checkout@v4
2026-10-01T17:10:01.4495779Z with:
2026-10-01T17:10:01.4496019Z   repository: llongwang751-arch/mini-drop
2026-10-01T17:10:01.4497941Z   token: ***
2026-10-01T17:10:01.4498165Z   ssh-strict: true
2026-10-01T17:10:01.4498394Z   ssh-user: git
2026-10-01T17:10:01.4498630Z   persist-credentials: true
2026-10-01T17:10:01.4498884Z   clean: true
2026-10-01T17:10:01.4499120Z   sparse-checkout-cone-mode: true
2026-10-01T17:10:01.4499390Z   fetch-depth: 1
2026-10-01T17:10:01.4499615Z   fetch-tags: false
2026-10-01T17:10:01.4499847Z   show-progress: true
2026-10-01T17:10:01.4500080Z   lfs: false
2026-10-01T17:10:01.4500294Z   submodules: false
2026-10-01T17:10:01.4500531Z   set-safe-directory: true
2026-10-01T17:10:01.4500797Z   allow-unsafe-pr-checkout: false
2026-10-01T17:10:01.4501128Z ##[endgroup]
2026-10-01T17:10:01.5076913Z Syncing repository: llongwang751-arch/mini-drop
2026-10-01T17:10:01.5078292Z ##[group]Getting Git version info
2026-10-01T17:10:01.5078945Z Working directory is '/home/runner/work/mini-drop/mini-drop'
2026-10-01T17:10:01.5079811Z [command]/usr/bin/git version
2026-10-01T17:10:01.5085008Z git version 2.55.0
2026-10-01T17:10:01.5095648Z ##[endgroup]
2026-10-01T17:10:01.5103414Z Temporarily overriding HOME='/home/runner/work/_temp/227a9e3b-d83e-48f2-8267-d843d65d871e' before making global git config changes
2026-10-01T17:10:01.5104754Z Adding repository directory to the temporary git global config as a safe directory
2026-10-01T17:10:01.5106202Z [command]/usr/bin/git config --global --add safe.directory /home/runner/work/mini-drop/mini-drop
2026-10-01T17:10:01.5124159Z Deleting the contents of '/home/runner/work/mini-drop/mini-drop'
2026-10-01T17:10:01.5126726Z ##[group]Initializing the repository
2026-10-01T17:10:01.5128767Z [command]/usr/bin/git init /home/runner/work/mini-drop/mini-drop
2026-10-01T17:10:01.5208810Z hint: Using 'master' as the name for the initial branch. This default branch name
2026-10-01T17:10:01.5209707Z hint: will change to "main" in Git 3.0. To configure the initial branch name
2026-10-01T17:10:01.5210846Z hint: to use in all of your new repositories, which will suppress this warning,
2026-10-01T17:10:01.5211699Z hint: call:
2026-10-01T17:10:01.5212021Z hint:
2026-10-01T17:10:01.5212433Z hint: 	git config --global init.defaultBranch <name>
2026-10-01T17:10:01.5212929Z hint:
2026-10-01T17:10:01.5213382Z hint: Names commonly chosen instead of 'master' are 'main', 'trunk' and
2026-10-01T17:10:01.5214286Z hint: 'development'. The just-created branch can be renamed via this command:
2026-10-01T17:10:01.5214879Z hint:
2026-10-01T17:10:01.5215210Z hint: 	git branch -m <name>
2026-10-01T17:10:01.5215581Z hint:
2026-10-01T17:10:01.5216087Z hint: Disable this message with "git config set advice.defaultBranchName false"
2026-10-01T17:10:01.5216900Z Initialized empty Git repository in /home/runner/work/mini-drop/mini-drop/.git/
2026-10-01T17:10:01.5218068Z [command]/usr/bin/git remote add origin https://github.com/llongwang751-arch/mini-drop
2026-10-01T17:10:01.5224578Z ##[endgroup]
2026-10-01T17:10:01.5225181Z ##[group]Disabling automatic garbage collection
2026-10-01T17:10:01.5227736Z [command]/usr/bin/git config --local gc.auto 0
2026-10-01T17:10:01.5252607Z ##[endgroup]
2026-10-01T17:10:01.5253248Z ##[group]Setting up auth
2026-10-01T17:10:01.5257121Z [command]/usr/bin/git config --local --name-only --get-regexp core\.sshCommand
2026-10-01T17:10:01.5273766Z [command]/usr/bin/git submodule foreach --recursive sh -c "git config --local --name-only --get-regexp 'core\.sshCommand' && git config --local --unset-all 'core.sshCommand' || :"
2026-10-01T17:10:01.5444889Z [command]/usr/bin/git config --local --name-only --get-regexp http\.https\:\/\/github\.com\/\.extraheader
2026-10-01T17:10:01.5461611Z [command]/usr/bin/git submodule foreach --recursive sh -c "git config --local --name-only --get-regexp 'http\.https\:\/\/github\.com\/\.extraheader' && git config --local --unset-all 'http.https://github.com/.extraheader' || :"
2026-10-01T17:10:01.5566544Z [command]/usr/bin/git config --local --name-only --get-regexp ^includeIf\.gitdir:
2026-10-01T17:10:01.5582309Z [command]/usr/bin/git submodule foreach --recursive git config --local --show-origin --name-only --get-regexp remote.origin.url
2026-10-01T17:10:01.5674496Z [command]/usr/bin/git config --local http.https://github.com/.extraheader AUTHORIZATION: basic ***
2026-10-01T17:10:01.5717863Z ##[endgroup]
2026-10-01T17:10:01.5722505Z ##[group]Fetching the repository
2026-10-01T17:10:01.5723211Z [command]/usr/bin/git -c protocol.version=2 fetch --no-tags --prune --no-recurse-submodules --depth=1 origin +2e7db027048535fb70b4d2db7e0986b17225cb2c:refs/remotes/pull/1/merge
2026-10-01T17:11:03.8899902Z From https://github.com/llongwang751-arch/mini-drop
2026-10-01T17:11:03.8900360Z  * [new ref]         2e7db027048535fb70b4d2db7e0986b17225cb2c -> pull/1/merge
2026-10-01T17:11:03.8909684Z ##[endgroup]
2026-10-01T17:11:03.8910136Z ##[group]Determining the checkout info
2026-10-01T17:11:03.8910623Z ##[endgroup]
2026-10-01T17:11:03.8910951Z [command]/usr/bin/git sparse-checkout disable
2026-10-01T17:11:03.8940801Z [command]/usr/bin/git config --local --unset-all extensions.worktreeConfig
2026-10-01T17:11:03.8955658Z ##[group]Checking out the ref
2026-10-01T17:11:03.8957282Z [command]/usr/bin/git checkout --progress --force refs/remotes/pull/1/merge
2026-10-01T17:11:04.3988982Z Note: switching to 'refs/remotes/pull/1/merge'.
2026-10-01T17:11:04.3989370Z 
2026-10-01T17:11:04.3989579Z You are in 'detached HEAD' state. You can look around, make experimental
2026-10-01T17:11:04.3990037Z changes and commit them, and you can discard any commits you make in this
2026-10-01T17:11:04.3990480Z state without impacting any branches by switching back to a branch.
2026-10-01T17:11:04.3990753Z 
2026-10-01T17:11:04.3990962Z If you want to create a new branch to retain commits you create, you may
2026-10-01T17:11:04.3991383Z do so (now or later) by using -c with the switch command. Example:
2026-10-01T17:11:04.3991612Z 
2026-10-01T17:11:04.3991797Z   git switch -c <new-branch-name>
2026-10-01T17:11:04.3992360Z 
2026-10-01T17:11:04.3992478Z Or undo this operation with:
2026-10-01T17:11:04.3992641Z 
2026-10-01T17:11:04.3992720Z   git switch -
2026-10-01T17:11:04.3992845Z 
2026-10-01T17:11:04.4004516Z Turn off this advice by setting config variable advice.detachedHead to false
2026-10-01T17:11:04.4004834Z 
2026-10-01T17:11:04.4005171Z HEAD is now at 2e7db02 Merge b7a545abd9d5a64e8899f8508941d46ce47e4605 into 609ea8a73f845b496b59b5cae181f515c5919850
2026-10-01T17:11:04.4023731Z ##[endgroup]
2026-10-01T17:11:04.4048180Z [command]/usr/bin/git log -1 --format=%H
2026-10-01T17:11:04.4060518Z 2e7db027048535fb70b4d2db7e0986b17225cb2c
2026-10-01T17:11:04.4213195Z ##[group]Run actions/setup-node@v4
2026-10-01T17:11:04.4213350Z with:
2026-10-01T17:11:04.4213465Z   node-version: 22
2026-10-01T17:11:04.4213576Z   cache: npm
2026-10-01T17:11:04.4213712Z   cache-dependency-path: web/package-lock.json
2026-10-01T17:11:04.4213875Z   always-auth: false
2026-10-01T17:11:04.4267051Z   check-latest: false
2026-10-01T17:11:04.4269591Z   token: ***
2026-10-01T17:11:04.4269783Z ##[endgroup]
2026-10-01T17:11:04.5047130Z Found in cache @ /opt/hostedtoolcache/node/22.23.3/x64
2026-10-01T17:11:04.5049493Z (node:1908) [DEP0040] DeprecationWarning: The `punycode` module is deprecated. Please use a userland alternative instead.
2026-10-01T17:11:04.5050085Z (Use `node --trace-deprecation ...` to show where the warning was created)
2026-10-01T17:11:04.5050841Z ##[group]Environment details
2026-10-01T17:11:04.6753644Z node: v22.23.3
2026-10-01T17:11:04.6754166Z npm: 10.9.9
2026-10-01T17:11:04.6754334Z yarn: 1.22.22
2026-10-01T17:11:04.6754927Z ##[endgroup]
2026-10-01T17:11:04.6765446Z [command]/opt/hostedtoolcache/node/22.23.3/x64/bin/npm config get cache
2026-10-01T17:11:04.7310601Z /home/runner/.npm
2026-10-01T17:11:04.8896171Z Cache hit for: node-cache-Linux-x64-npm-a79428a48f53c819bdf3224c6f533bf526ae1b21f28f4ee918b0bcba5121d960
2026-10-01T17:11:04.8985034Z (node:1908) [DEP0169] DeprecationWarning: `url.parse()` behavior is not standardized and prone to errors that have security implications. Use the WHATWG URL API instead. CVEs are not issued for `url.parse()` vulnerabilities.
2026-10-01T17:11:10.7352189Z Received 52012766 of 52012766 (100.0%), 72.0 MBs/sec
2026-10-01T17:11:10.7352799Z Cache Size: ~50 MB (52012766 B)
2026-10-01T17:11:10.7427931Z [command]/usr/bin/tar -xf /home/runner/work/_temp/742ff574-cae6-4a8b-8e98-f5c5efdeb133/cache.tzst -P -C /home/runner/work/mini-drop/mini-drop --use-compress-program unzstd
2026-10-01T17:11:10.7958028Z Cache restored successfully
2026-10-01T17:11:10.7999781Z Cache restored from key: node-cache-Linux-x64-npm-a79428a48f53c819bdf3224c6f533bf526ae1b21f28f4ee918b0bcba5121d960
2026-10-01T17:11:10.8082470Z ##[group]Run npm ci
2026-10-01T17:11:10.8082641Z [36;1mnpm ci[0m
2026-10-01T17:11:10.8293077Z shell: /usr/bin/bash -e {0}
2026-10-01T17:11:10.8293242Z ##[endgroup]
2026-10-01T17:11:13.7417548Z 
2026-10-01T17:11:13.7422891Z added 346 packages, and audited 347 packages in 3s
2026-10-01T17:11:13.7423168Z 
2026-10-01T17:11:13.7423303Z 118 packages are looking for funding
2026-10-01T17:11:13.7423540Z   run `npm fund` for details
2026-10-01T17:11:13.7499768Z 
2026-10-01T17:11:13.7500289Z 2 vulnerabilities (1 low, 1 high)
2026-10-01T17:11:13.7500478Z 
2026-10-01T17:11:13.7500573Z To address all issues, run:
2026-10-01T17:11:13.7500734Z   npm audit fix
2026-10-01T17:11:13.7500819Z 
2026-10-01T17:11:13.7500891Z Run `npm audit` for details.
2026-10-01T17:11:13.7719693Z ##[group]Run npx vitest run
2026-10-01T17:11:13.7719872Z [36;1mnpx vitest run[0m
2026-10-01T17:11:13.7753527Z shell: /usr/bin/bash -e {0}
2026-10-01T17:11:13.7753674Z ##[endgroup]
2026-10-01T17:11:14.1681016Z 
2026-10-01T17:11:14.1682531Z [1m[30m[46m RUN [49m[39m[22m [36mv4.1.11 [39m[90m/home/runner/work/mini-drop/mini-drop/web[39m
2026-10-01T17:11:14.1682799Z 
2026-10-01T17:11:17.5779568Z Not implemented: Window's getComputedStyle() method: with pseudo-elements
2026-10-01T17:11:18.2366219Z Not implemented: Window's getComputedStyle() method: with pseudo-elements
2026-10-01T17:11:18.5097039Z Not implemented: Window's getComputedStyle() method: with pseudo-elements
2026-10-01T17:11:18.5388359Z [90mstderr[2m | src/components/ActualExplorationTree.test.jsx[2m > [22m[2mActualExplorationTree[2m > [22m[2mshows Skill retrieval, full-body loading and cross-round reuse inside the dynamic tree
2026-10-01T17:11:18.5390067Z [22m[39mWarning: [antd: Descriptions] Sum of column `span` in a line not match `column` of Descriptions.
2026-10-01T17:11:18.5425292Z Warning: [antd: Descriptions] Sum of column `span` in a line not match `column` of Descriptions.
2026-10-01T17:11:18.5425956Z 
2026-10-01T17:11:18.6944352Z  [32m✓[39m src/components/FaultPlazaPanel.test.jsx [2m([22m[2m11 tests[22m[2m)[22m[33m 2355[2mms[22m[39m
2026-10-01T17:11:18.6950921Z      [33m[2m✓[22m[39m prefers current engineering localization over a frozen strict failure [33m 562[2mms[22m[39m
2026-10-01T17:11:18.7880982Z  [32m✓[39m src/components/ActualExplorationTree.test.jsx [2m([22m[2m13 tests[22m[2m)[22m[33m 2522[2mms[22m[39m
2026-10-01T17:11:18.7905417Z      [33m[2m✓[22m[39m uses stable tool IDs and distinguishes failed probes from counter-evidence [33m 621[2mms[22m[39m
2026-10-01T17:11:18.7975854Z      [33m[2m✓[22m[39m renders server-provided LATS phase, best path and node scores without flattening the tree [33m 304[2mms[22m[39m
2026-10-01T17:11:19.8827711Z Not implemented: Window's getComputedStyle() method: with pseudo-elements
2026-10-01T17:11:21.4135403Z  [32m✓[39m src/components/ObservabilityOverview.test.jsx [2m([22m[2m16 tests[22m[2m)[22m[33m 542[2mms[22m[39m
2026-10-01T17:11:21.4136422Z      [33m[2m✓[22m[39m keeps the default view concise and exposes provenance on demand [33m 323[2mms[22m[39m
2026-10-01T17:11:21.6446297Z Not implemented: Window's getComputedStyle() method: with pseudo-elements
2026-10-01T17:11:21.7690274Z Not implemented: Window's getComputedStyle() method: with pseudo-elements
2026-10-01T17:11:21.8138020Z Not implemented: Window's getComputedStyle() method: with pseudo-elements
2026-10-01T17:11:21.9095644Z Not implemented: Window's getComputedStyle() method: with pseudo-elements
2026-10-01T17:11:22.0277934Z Not implemented: Window's getComputedStyle() method: with pseudo-elements
2026-10-01T17:11:22.1364942Z [90mstderr[2m | src/pages/AIDiagnosis.test.jsx[2m > [22m[2mAIDiagnosis V2 workspace[2m > [22m[2mdoes not submit while confirming a Chinese IME composition
2026-10-01T17:11:22.1427246Z [22m[39mWarning: An update to AIDiagnosis inside a test was not wrapped in act(...).
2026-10-01T17:11:22.1441435Z 
2026-10-01T17:11:22.1442187Z When testing, code that causes React state updates should be wrapped into act(...):
2026-10-01T17:11:22.1442719Z 
2026-10-01T17:11:22.1450134Z act(() => {
2026-10-01T17:11:22.1450567Z   /* fire events that update state */
2026-10-01T17:11:22.1451035Z });
2026-10-01T17:11:22.1451914Z /* assert on the output */
2026-10-01T17:11:22.1453262Z 
2026-10-01T17:11:22.1454069Z This ensures that you're testing the behavior the user would see in the browser. Learn more at https://reactjs.org/link/wrap-tests-with-act
2026-10-01T17:11:22.1454968Z     at AIDiagnosis (/home/runner/work/mini-drop/mini-drop/web/src/pages/AIDiagnosis.jsx:196:68)
2026-10-01T17:11:22.1455791Z Warning: An update to AIDiagnosis inside a test was not wrapped in act(...).
2026-10-01T17:11:22.1456199Z 
2026-10-01T17:11:22.1461645Z When testing, code that causes React state updates should be wrapped into act(...):
2026-10-01T17:11:22.1462105Z 
2026-10-01T17:11:22.1462298Z act(() => {
2026-10-01T17:11:22.1462626Z   /* fire events that update state */
2026-10-01T17:11:22.1463023Z });
2026-10-01T17:11:22.1463353Z /* assert on the output */
2026-10-01T17:11:22.1467543Z 
2026-10-01T17:11:22.1468251Z This ensures that you're testing the behavior the user would see in the browser. Learn more at https://reactjs.org/link/wrap-tests-with-act
2026-10-01T17:11:22.1469141Z     at AIDiagnosis (/home/runner/work/mini-drop/mini-drop/web/src/pages/AIDiagnosis.jsx:196:68)
2026-10-01T17:11:22.1470083Z Warning: An update to AIDiagnosis inside a test was not wrapped in act(...).
2026-10-01T17:11:22.1470463Z 
2026-10-01T17:11:22.1470860Z When testing, code that causes React state updates should be wrapped into act(...):
2026-10-01T17:11:22.1471244Z 
2026-10-01T17:11:22.1471429Z act(() => {
2026-10-01T17:11:22.1471757Z   /* fire events that update state */
2026-10-01T17:11:22.1472127Z });
2026-10-01T17:11:22.1472430Z /* assert on the output */
2026-10-01T17:11:22.1472677Z 
2026-10-01T17:11:22.1473292Z This ensures that you're testing the behavior the user would see in the browser. Learn more at https://reactjs.org/link/wrap-tests-with-act
2026-10-01T17:11:22.1474297Z     at AIDiagnosis (/home/runner/work/mini-drop/mini-drop/web/src/pages/AIDiagnosis.jsx:196:68)
2026-10-01T17:11:22.1475011Z Warning: An update to AIDiagnosis inside a test was not wrapped in act(...).
2026-10-01T17:11:22.1475395Z 
2026-10-01T17:11:22.1475806Z When testing, code that causes React state updates should be wrapped into act(...):
2026-10-01T17:11:22.1476211Z 
2026-10-01T17:11:22.1476381Z act(() => {
2026-10-01T17:11:22.1476776Z   /* fire events that update state */
2026-10-01T17:11:22.1482980Z });
2026-10-01T17:11:22.1483350Z /* assert on the output */
2026-10-01T17:11:22.1497561Z 
2026-10-01T17:11:22.1498298Z This ensures that you're testing the behavior the user would see in the browser. Learn more at https://reactjs.org/link/wrap-tests-with-act
2026-10-01T17:11:22.1499148Z     at AIDiagnosis (/home/runner/work/mini-drop/mini-drop/web/src/pages/AIDiagnosis.jsx:196:68)
2026-10-01T17:11:22.1499821Z Warning: An update to ForwardRef inside a test was not wrapped in act(...).
2026-10-01T17:11:22.1500188Z 
2026-10-01T17:11:22.1500561Z When testing, code that causes React state updates should be wrapped into act(...):
2026-10-01T17:11:22.1500926Z 
2026-10-01T17:11:22.1501096Z act(() => {
2026-10-01T17:11:22.1501404Z   /* fire events that update state */
2026-10-01T17:11:22.1501737Z });
2026-10-01T17:11:22.1502024Z /* assert on the output */
2026-10-01T17:11:22.1502248Z 
2026-10-01T17:11:22.1502913Z This ensures that you're testing the behavior the user would see in the browser. Learn more at https://reactjs.org/link/wrap-tests-with-act
2026-10-01T17:11:22.1503772Z     at /home/runner/work/mini-drop/mini-drop/web/node_modules/antd/lib/message/useMessage.js:52:5
2026-10-01T17:11:22.1517294Z     at div
2026-10-01T17:11:22.1517869Z     at AIDiagnosis (/home/runner/work/mini-drop/mini-drop/web/src/pages/AIDiagnosis.jsx:196:68)
2026-10-01T17:11:22.1518419Z 
2026-10-01T17:11:22.2234617Z Not implemented: Window's getComputedStyle() method: with pseudo-elements
2026-10-01T17:11:22.2361359Z Not implemented: Window's getComputedStyle() method: with pseudo-elements
2026-10-01T17:11:22.2560303Z [90mstderr[2m | src/components/AgentCockpit.test.jsx[2m > [22m[2mAgentCockpit[2m > [22m[2mopens 查看规划假设 in an inspectable modal
2026-10-01T17:11:22.2589028Z [22m[39mWarning: [antd: Table] `index` parameter of `rowKey` function is deprecated. There is no guarantee that it will work as expected.
2026-10-01T17:11:22.2590273Z Warning: [antd: Table] `index` parameter of `rowKey` function is deprecated. There is no guarantee that it will work as expected.
2026-10-01T17:11:22.2590846Z 
2026-10-01T17:11:22.3420626Z Not implemented: Window's getComputedStyle() method: with pseudo-elements
2026-10-01T17:11:22.3426203Z Not implemented: Window's getComputedStyle() method: with pseudo-elements
2026-10-01T17:11:22.3461908Z Not implemented: Window's getComputedStyle() method: with pseudo-elements
2026-10-01T17:11:22.3637338Z [90mstderr[2m | src/components/AgentCockpit.test.jsx[2m > [22m[2mAgentCockpit[2m > [22m[2mopens 查看工具调用 in an inspectable modal
2026-10-01T17:11:22.3657329Z [22m[39mWarning: [antd: Table] `index` parameter of `rowKey` function is deprecated. There is no guarantee that it will work as expected.
2026-10-01T17:11:22.3664975Z Warning: [antd: Table] `index` parameter of `rowKey` function is deprecated. There is no guarantee that it will work as expected.
2026-10-01T17:11:22.3666025Z 
2026-10-01T17:11:22.4716878Z Not implemented: Window's getComputedStyle() method: with pseudo-elements
2026-10-01T17:11:22.4738206Z Not implemented: Window's getComputedStyle() method: with pseudo-elements
2026-10-01T17:11:22.4913858Z [90mstderr[2m | src/components/AgentCockpit.test.jsx[2m > [22m[2mAgentCockpit[2m > [22m[2mopens 查看证据 in an inspectable modal
2026-10-01T17:11:22.4915342Z [22m[39mWarning: [antd: Table] `index` parameter of `rowKey` function is deprecated. There is no guarantee that it will work as expected.
2026-10-01T17:11:22.4916413Z Warning: [antd: Table] `index` parameter of `rowKey` function is deprecated. There is no guarantee that it will work as expected.
2026-10-01T17:11:22.4916932Z 
2026-10-01T17:11:22.5905786Z Not implemented: Window's getComputedStyle() method: with pseudo-elements
2026-10-01T17:11:22.7555388Z Not implemented: Window's getComputedStyle() method: with pseudo-elements
2026-10-01T17:11:22.7565116Z Not implemented: Window's getComputedStyle() method: with pseudo-elements
2026-10-01T17:11:22.7671066Z [90mstderr[2m | src/components/AgentCockpit.test.jsx[2m > [22m[2mAgentCockpit[2m > [22m[2mrenders evidence roles and gate states as Chinese labels
2026-10-01T17:11:22.7673177Z [22m[39mWarning: [antd: Table] `index` parameter of `rowKey` function is deprecated. There is no guarantee that it will work as expected.
2026-10-01T17:11:22.7674440Z Warning: [antd: Table] `index` parameter of `rowKey` function is deprecated. There is no guarantee that it will work as expected.
2026-10-01T17:11:22.7675008Z 
2026-10-01T17:11:22.9332406Z Not implemented: Window's getComputedStyle() method: with pseudo-elements
2026-10-01T17:11:23.0118319Z Not implemented: Window's getComputedStyle() method: with pseudo-elements
2026-10-01T17:11:23.1067295Z Not implemented: Window's getComputedStyle() method: with pseudo-elements
2026-10-01T17:11:23.1249637Z  [32m✓[39m src/components/AgentCockpit.test.jsx [2m([22m[2m13 tests[22m[2m)[22m[33m 2026[2mms[22m[39m
2026-10-01T17:11:23.1295797Z      [33m[2m✓[22m[39m shows eight real metric buttons, including LATS, and the persisted runtime identity [33m 380[2mms[22m[39m
2026-10-01T17:11:23.6059383Z Not implemented: Window's getComputedStyle() method: with pseudo-elements
2026-10-01T17:11:24.2557633Z Not implemented: Window's getComputedStyle() method: with pseudo-elements
2026-10-01T17:11:24.9894535Z [90mstderr[2m | src/components/ScopeCard.test.jsx[2m > [22m[2mScopeCard secure target discovery[2m > [22m[2mrequires an explicit closed selection when multiple candidates are eligible
2026-10-01T17:11:24.9925164Z [22m[39mWarning: An update to InternalFormItem inside a test was not wrapped in act(...).
2026-10-01T17:11:24.9925783Z 
2026-10-01T17:11:24.9926223Z When testing, code that causes React state updates should be wrapped into act(...):
2026-10-01T17:11:24.9926602Z 
2026-10-01T17:11:24.9926818Z act(() => {
2026-10-01T17:11:24.9927132Z   /* fire events that update state */
2026-10-01T17:11:24.9927452Z });
2026-10-01T17:11:24.9927725Z /* assert on the output */
2026-10-01T17:11:24.9927951Z 
2026-10-01T17:11:24.9928573Z This ensures that you're testing the behavior the user would see in the browser. Learn more at https://reactjs.org/link/wrap-tests-with-act
2026-10-01T17:11:24.9929805Z     at InternalFormItem (/home/runner/work/mini-drop/mini-drop/web/node_modules/antd/lib/form/FormItem/index.js:58:5)
2026-10-01T17:11:24.9930388Z     at div
2026-10-01T17:11:24.9930827Z     at /home/runner/work/mini-drop/mini-drop/web/node_modules/antd/lib/grid/col.js:40:13
2026-10-01T17:11:24.9931295Z     at div
2026-10-01T17:11:24.9931735Z     at /home/runner/work/mini-drop/mini-drop/web/node_modules/antd/lib/grid/row.js:57:18
2026-10-01T17:11:24.9932185Z     at form
2026-10-01T17:11:24.9932654Z     at Form (/home/runner/work/mini-drop/mini-drop/web/node_modules/rc-field-form/lib/Form.js:21:19)
2026-10-01T17:11:24.9933562Z     at NoFormStyle (/home/runner/work/mini-drop/mini-drop/web/node_modules/antd/lib/form/context.js:32:3)
2026-10-01T17:11:24.9934490Z     at FormProvider (/home/runner/work/mini-drop/mini-drop/web/node_modules/rc-field-form/lib/FormContext.js:19:31)
2026-10-01T17:11:24.9935048Z     at FormProvider
2026-10-01T17:11:24.9935695Z     at DisabledContextProvider (/home/runner/work/mini-drop/mini-drop/web/node_modules/antd/lib/config-provider/DisabledContext.js:12:3)
2026-10-01T17:11:24.9944298Z     at InternalForm (/home/runner/work/mini-drop/mini-drop/web/node_modules/antd/lib/form/Form.js:50:33)
2026-10-01T17:11:24.9944891Z     at div
2026-10-01T17:11:24.9945373Z     at Item (/home/runner/work/mini-drop/mini-drop/web/node_modules/antd/lib/space/Item.js:12:3)
2026-10-01T17:11:24.9945847Z     at div
2026-10-01T17:11:24.9946285Z     at /home/runner/work/mini-drop/mini-drop/web/node_modules/antd/lib/space/index.js:44:39
2026-10-01T17:11:24.9946755Z     at div
2026-10-01T17:11:24.9947002Z     at div
2026-10-01T17:11:24.9947445Z     at /home/runner/work/mini-drop/mini-drop/web/node_modules/antd/lib/card/Card.js:53:18
2026-10-01T17:11:24.9948126Z     at ScopeCard (/home/runner/work/mini-drop/mini-drop/web/src/components/ScopeCard.jsx:56:22)
2026-10-01T17:11:24.9948783Z Warning: An update to Field inside a test was not wrapped in act(...).
2026-10-01T17:11:24.9949126Z 
2026-10-01T17:11:24.9949499Z When testing, code that causes React state updates should be wrapped into act(...):
2026-10-01T17:11:24.9949870Z 
2026-10-01T17:11:24.9950035Z act(() => {
2026-10-01T17:11:24.9950329Z   /* fire events that update state */
2026-10-01T17:11:24.9950637Z });
2026-10-01T17:11:24.9950914Z /* assert on the output */
2026-10-01T17:11:24.9951139Z 
2026-10-01T17:11:24.9951738Z This ensures that you're testing the behavior the user would see in the browser. Learn more at https://reactjs.org/link/wrap-tests-with-act
2026-10-01T17:11:24.9952594Z     at Field (/home/runner/work/mini-drop/mini-drop/web/node_modules/rc-field-form/lib/Field.js:49:34)
2026-10-01T17:11:24.9953368Z     at WrapperField (/home/runner/work/mini-drop/mini-drop/web/node_modules/rc-field-form/lib/Field.js:598:20)
2026-10-01T17:11:24.9954306Z     at InternalFormItem (/home/runner/work/mini-drop/mini-drop/web/node_modules/antd/lib/form/FormItem/index.js:58:5)
2026-10-01T17:11:24.9954862Z     at div
2026-10-01T17:11:24.9955292Z     at /home/runner/work/mini-drop/mini-drop/web/node_modules/antd/lib/grid/col.js:40:13
2026-10-01T17:11:24.9955747Z     at div
2026-10-01T17:11:24.9956177Z     at /home/runner/work/mini-drop/mini-drop/web/node_modules/antd/lib/grid/row.js:57:18
2026-10-01T17:11:24.9956624Z     at form
2026-10-01T17:11:24.9957097Z     at Form (/home/runner/work/mini-drop/mini-drop/web/node_modules/rc-field-form/lib/Form.js:21:19)
2026-10-01T17:11:24.9957838Z     at NoFormStyle (/home/runner/work/mini-drop/mini-drop/web/node_modules/antd/lib/form/context.js:32:3)
2026-10-01T17:11:24.9958632Z     at FormProvider (/home/runner/work/mini-drop/mini-drop/web/node_modules/rc-field-form/lib/FormContext.js:19:31)
2026-10-01T17:11:24.9959191Z     at FormProvider
2026-10-01T17:11:24.9959841Z     at DisabledContextProvider (/home/runner/work/mini-drop/mini-drop/web/node_modules/antd/lib/config-provider/DisabledContext.js:12:3)
2026-10-01T17:11:24.9960713Z     at InternalForm (/home/runner/work/mini-drop/mini-drop/web/node_modules/antd/lib/form/Form.js:50:33)
2026-10-01T17:11:24.9961214Z     at div
2026-10-01T17:11:24.9961813Z     at Item (/home/runner/work/mini-drop/mini-drop/web/node_modules/antd/lib/space/Item.js:12:3)
2026-10-01T17:11:24.9962295Z     at div
2026-10-01T17:11:24.9962735Z     at /home/runner/work/mini-drop/mini-drop/web/node_modules/antd/lib/space/index.js:44:39
2026-10-01T17:11:24.9963241Z     at div
2026-10-01T17:11:24.9963495Z     at div
2026-10-01T17:11:24.9964061Z     at /home/runner/work/mini-drop/mini-drop/web/node_modules/antd/lib/card/Card.js:53:18
2026-10-01T17:11:24.9964742Z     at ScopeCard (/home/runner/work/mini-drop/mini-drop/web/src/components/ScopeCard.jsx:56:22)
2026-10-01T17:11:24.9965314Z 
2026-10-01T17:11:25.5555415Z Not implemented: Window's getComputedStyle() method: with pseudo-elements
2026-10-01T17:11:26.8300509Z  [32m✓[39m src/pages/AIDiagnosis.test.jsx [2m([22m[2m20 tests[22m[2m)[22m[33m 9092[2mms[22m[39m
2026-10-01T17:11:26.8330588Z      [33m[2m✓[22m[39m finishes a measured healthy check without a root report and offers fresh sampling [33m 1317[2mms[22m[39m
2026-10-01T17:11:26.8332051Z      [33m[2m✓[22m[39m confirms cancellation with session version and refreshes the terminal record [33m 638[2mms[22m[39m
2026-10-01T17:11:26.8333150Z      [33m[2m✓[22m[39m preserves a same-session report on partial and core refresh failures, but clears it when switching sessions [33m 1039[2mms[22m[39m
2026-10-01T17:11:26.8334190Z      [33m[2m✓[22m[39m renders only Drop Insight V2 diagnoses [33m 925[2mms[22m[39m
2026-10-01T17:11:26.8334961Z      [33m[2m✓[22m[39m uses a full-width primary view and only splits when the user asks [33m 571[2mms[22m[39m
2026-10-01T17:11:26.8335874Z      [33m[2m✓[22m[39m lets the user review and edit a tree intervention before starting a new round [33m 701[2mms[22m[39m
2026-10-01T17:11:26.8336794Z      [33m[2m✓[22m[39m merges the active diagnosis replay, exploration tree and Skill decision in a modal [33m 642[2mms[22m[39m
2026-10-01T17:11:26.8337664Z      [33m[2m✓[22m[39m continues a completed diagnosis as a real intervention round [33m 387[2mms[22m[39m
2026-10-01T17:11:26.8338491Z      [33m[2m✓[22m[39m lets the user challenge the current plan from the persistent composer [33m 561[2mms[22m[39m
2026-10-01T17:11:27.1510683Z  [32m✓[39m src/components/ScopeCard.test.jsx [2m([22m[2m13 tests[22m[2m)[22m[33m 3529[2mms[22m[39m
2026-10-01T17:11:27.1534833Z      [33m[2m✓[22m[39m hides raw authority clarification prompts resolved by secure discovery [33m 753[2mms[22m[39m
2026-10-01T17:11:27.1594967Z      [33m[2m✓[22m[39m requires an explicit closed selection when multiple candidates are eligible [33m 457[2mms[22m[39m
2026-10-01T17:11:27.1595961Z      [33m[2m✓[22m[39m fails closed when the selected binding disappears on refresh [33m 309[2mms[22m[39m
2026-10-01T17:11:27.1603819Z      [33m[2m✓[22m[39m submits expected version and binding authority without raw agent or PID [33m 354[2mms[22m[39m
2026-10-01T17:11:28.5996073Z [90mstderr[2m | src/components/ManagedServicesPanel.test.jsx[2m > [22m[2msubmits only the selected request ID and rejects an expired selection
2026-10-01T17:11:28.6004898Z [22m[39mWarning: An update to ForwardRef inside a test was not wrapped in act(...).
2026-10-01T17:11:28.6049976Z 
2026-10-01T17:11:28.6054591Z When testing, code that causes React state updates should be wrapped into act(...):
2026-10-01T17:11:28.6084142Z 
2026-10-01T17:11:28.6104417Z act(() => {
2026-10-01T17:11:28.6114411Z   /* fire events that update state */
2026-10-01T17:11:28.6144156Z });
2026-10-01T17:11:28.6144362Z /* assert on the output */
2026-10-01T17:11:28.6144565Z 
2026-10-01T17:11:28.6145086Z This ensures that you're testing the behavior the user would see in the browser. Learn more at https://reactjs.org/link/wrap-tests-with-act
2026-10-01T17:11:28.6145834Z     at /home/runner/work/mini-drop/mini-drop/web/node_modules/antd/lib/message/index.js:68:60
2026-10-01T17:11:28.6146417Z Warning: An update to ForwardRef inside a test was not wrapped in act(...).
2026-10-01T17:11:28.6147085Z 
2026-10-01T17:11:28.6147369Z When testing, code that causes React state updates should be wrapped into act(...):
2026-10-01T17:11:28.6147657Z 
2026-10-01T17:11:28.6147729Z act(() => {
2026-10-01T17:11:28.6147941Z   /* fire events that update state */
2026-10-01T17:11:28.6148166Z });
2026-10-01T17:11:28.6148350Z /* assert on the output */
2026-10-01T17:11:28.6148486Z 
2026-10-01T17:11:28.6148987Z This ensures that you're testing the behavior the user would see in the browser. Learn more at https://reactjs.org/link/wrap-tests-with-act
2026-10-01T17:11:28.6149815Z     at /home/runner/work/mini-drop/mini-drop/web/node_modules/antd/lib/message/useMessage.js:52:5
2026-10-01T17:11:28.6174721Z     at /home/runner/work/mini-drop/mini-drop/web/node_modules/antd/lib/message/index.js:41:5
2026-10-01T17:11:28.6175411Z     at MotionWrapper (/home/runner/work/mini-drop/mini-drop/web/node_modules/antd/lib/config-provider/MotionWrapper.js:17:30)
2026-10-01T17:11:28.6176227Z     at ProviderChildren (/home/runner/work/mini-drop/mini-drop/web/node_modules/antd/lib/config-provider/index.js:142:5)
2026-10-01T17:11:28.6177008Z     at ConfigProvider (/home/runner/work/mini-drop/mini-drop/web/node_modules/antd/lib/config-provider/index.js:444:25)
2026-10-01T17:11:28.6177674Z     at /home/runner/work/mini-drop/mini-drop/web/node_modules/antd/lib/message/index.js:68:60
2026-10-01T17:11:28.6178233Z Warning: An update to ForwardRef inside a test was not wrapped in act(...).
2026-10-01T17:11:28.6178502Z 
2026-10-01T17:11:28.6178789Z When testing, code that causes React state updates should be wrapped into act(...):
2026-10-01T17:11:28.6179088Z 
2026-10-01T17:11:28.6179161Z act(() => {
2026-10-01T17:11:28.6179367Z   /* fire events that update state */
2026-10-01T17:11:28.6179594Z });
2026-10-01T17:11:28.6179776Z /* assert on the output */
2026-10-01T17:11:28.6179912Z 
2026-10-01T17:11:28.6180417Z This ensures that you're testing the behavior the user would see in the browser. Learn more at https://reactjs.org/link/wrap-tests-with-act
2026-10-01T17:11:28.6181153Z     at /home/runner/work/mini-drop/mini-drop/web/node_modules/antd/lib/message/useMessage.js:52:5
2026-10-01T17:11:28.6181734Z     at /home/runner/work/mini-drop/mini-drop/web/node_modules/antd/lib/message/index.js:41:5
2026-10-01T17:11:28.6182429Z     at MotionWrapper (/home/runner/work/mini-drop/mini-drop/web/node_modules/antd/lib/config-provider/MotionWrapper.js:17:30)
2026-10-01T17:11:28.6183216Z     at ProviderChildren (/home/runner/work/mini-drop/mini-drop/web/node_modules/antd/lib/config-provider/index.js:142:5)
2026-10-01T17:11:28.6184072Z     at ConfigProvider (/home/runner/work/mini-drop/mini-drop/web/node_modules/antd/lib/config-provider/index.js:444:25)
2026-10-01T17:11:28.6184728Z     at /home/runner/work/mini-drop/mini-drop/web/node_modules/antd/lib/message/index.js:68:60
2026-10-01T17:11:28.6185303Z Warning: An update to Notifications inside a test was not wrapped in act(...).
2026-10-01T17:11:28.6185578Z 
2026-10-01T17:11:28.6185859Z When testing, code that causes React state updates should be wrapped into act(...):
2026-10-01T17:11:28.6186141Z 
2026-10-01T17:11:28.6186213Z act(() => {
2026-10-01T17:11:28.6186414Z   /* fire events that update state */
2026-10-01T17:11:28.6186633Z });
2026-10-01T17:11:28.6186813Z /* assert on the output */
2026-10-01T17:11:28.6186945Z 
2026-10-01T17:11:28.6187434Z This ensures that you're testing the behavior the user would see in the browser. Learn more at https://reactjs.org/link/wrap-tests-with-act
2026-10-01T17:11:28.6188189Z     at /home/runner/work/mini-drop/mini-drop/web/node_modules/rc-notification/lib/Notifications.js:19:32
2026-10-01T17:11:28.6188821Z     at /home/runner/work/mini-drop/mini-drop/web/node_modules/antd/lib/message/useMessage.js:52:5
2026-10-01T17:11:28.6189403Z     at /home/runner/work/mini-drop/mini-drop/web/node_modules/antd/lib/message/index.js:41:5
2026-10-01T17:11:28.6190093Z     at MotionWrapper (/home/runner/work/mini-drop/mini-drop/web/node_modules/antd/lib/config-provider/MotionWrapper.js:17:30)
2026-10-01T17:11:28.6191052Z     at ProviderChildren (/home/runner/work/mini-drop/mini-drop/web/node_modules/antd/lib/config-provider/index.js:142:5)
2026-10-01T17:11:28.6191861Z     at ConfigProvider (/home/runner/work/mini-drop/mini-drop/web/node_modules/antd/lib/config-provider/index.js:444:25)
2026-10-01T17:11:28.6192516Z     at /home/runner/work/mini-drop/mini-drop/web/node_modules/antd/lib/message/index.js:68:60
2026-10-01T17:11:28.6193068Z Warning: An update to ForwardRef inside a test was not wrapped in act(...).
2026-10-01T17:11:28.6193330Z 
2026-10-01T17:11:28.6193682Z When testing, code that causes React state updates should be wrapped into act(...):
2026-10-01T17:11:28.6194039Z 
2026-10-01T17:11:28.6194112Z act(() => {
2026-10-01T17:11:28.6194310Z   /* fire events that update state */
2026-10-01T17:11:28.6194533Z });
2026-10-01T17:11:28.6194711Z /* assert on the output */
2026-10-01T17:11:28.6194844Z 
2026-10-01T17:11:28.6195335Z This ensures that you're testing the behavior the user would see in the browser. Learn more at https://reactjs.org/link/wrap-tests-with-act
2026-10-01T17:11:28.6196058Z     at /home/runner/work/mini-drop/mini-drop/web/node_modules/antd/lib/message/useMessage.js:52:5
2026-10-01T17:11:28.6196634Z     at /home/runner/work/mini-drop/mini-drop/web/node_modules/antd/lib/message/index.js:41:5
2026-10-01T17:11:28.6197319Z     at MotionWrapper (/home/runner/work/mini-drop/mini-drop/web/node_modules/antd/lib/config-provider/MotionWrapper.js:17:30)
2026-10-01T17:11:28.6198097Z     at ProviderChildren (/home/runner/work/mini-drop/mini-drop/web/node_modules/antd/lib/config-provider/index.js:142:5)
2026-10-01T17:11:28.6198856Z     at ConfigProvider (/home/runner/work/mini-drop/mini-drop/web/node_modules/antd/lib/config-provider/index.js:444:25)
2026-10-01T17:11:28.6199513Z     at /home/runner/work/mini-drop/mini-drop/web/node_modules/antd/lib/message/index.js:68:60
2026-10-01T17:11:28.6199820Z 
2026-10-01T17:11:29.4310056Z  [32m✓[39m src/components/ManagedServicesPanel.test.jsx [2m([22m[2m12 tests[22m[2m)[22m[33m 3965[2mms[22m[39m
2026-10-01T17:11:29.4318783Z    [33m[2m✓[22m[39m switches the service inspector and sends the selected service identity [33m 1104[2mms[22m[39m
2026-10-01T17:11:29.4319765Z    [33m[2m✓[22m[39m shows real RAG stages and leaves unavailable stages empty [33m 368[2mms[22m[39m
2026-10-01T17:11:29.4320604Z    [33m[2m✓[22m[39m keeps a current check separate from a selected historical request [33m 331[2mms[22m[39m
2026-10-01T17:11:29.4321473Z    [33m[2m✓[22m[39m submits only the selected request ID and rejects an expired selection [33m 366[2mms[22m[39m
2026-10-01T17:11:30.0901912Z [90mstderr[2m | src/components/SkillABPanel.test.jsx[2m > [22m[2mSkillABPanel[2m > [22m[2mcreates real AUTO and DISABLED diagnoses and reports only observed metrics
2026-10-01T17:11:30.0945274Z [22m[39mWarning: [antd: Card] `bordered` is deprecated. Please use `variant` instead.
2026-10-01T17:11:30.0946267Z Warning: [antd: Card] `bordered` is deprecated. Please use `variant` instead.
2026-10-01T17:11:30.0974746Z Warning: [antd: Card] `bordered` is deprecated. Please use `variant` instead.
2026-10-01T17:11:30.1004168Z 
2026-10-01T17:11:30.1005370Z [90mstderr[2m | src/components/SkillABPanel.test.jsx[2m > [22m[2mSkillABPanel[2m > [22m[2mcreates real AUTO and DISABLED diagnoses and reports only observed metrics
2026-10-01T17:11:30.1034802Z [22m[39mWarning: [antd: Card] `bordered` is deprecated. Please use `variant` instead.
2026-10-01T17:11:30.1064233Z 
2026-10-01T17:11:30.2371665Z [90mstderr[2m | src/components/SkillABPanel.test.jsx[2m > [22m[2mSkillABPanel[2m > [22m[2mcreates real AUTO and DISABLED diagnoses and reports only observed metrics
2026-10-01T17:11:30.2426280Z [22m[39mWarning: [antd: Card] `bordered` is deprecated. Please use `variant` instead.
2026-10-01T17:11:30.2440698Z 
2026-10-01T17:11:30.2686694Z [90mstderr[2m | src/components/SkillABPanel.test.jsx[2m > [22m[2mSkillABPanel[2m > [22m[2mcreates real AUTO and DISABLED diagnoses and reports only observed metrics
2026-10-01T17:11:30.2752383Z [22m[39mWarning: [antd: Card] `bordered` is deprecated. Please use `variant` instead.
2026-10-01T17:11:30.2752985Z 
2026-10-01T17:11:30.2956024Z [90mstderr[2m | src/components/SkillABPanel.test.jsx[2m > [22m[2mSkillABPanel[2m > [22m[2mcreates real AUTO and DISABLED diagnoses and reports only observed metrics
2026-10-01T17:11:30.2964326Z [22m[39mWarning: [antd: Card] `bordered` is deprecated. Please use `variant` instead.
2026-10-01T17:11:30.2971429Z 
2026-10-01T17:11:30.3522154Z [90mstderr[2m | src/components/SkillABPanel.test.jsx[2m > [22m[2mSkillABPanel[2m > [22m[2mcreates real AUTO and DISABLED diagnoses and reports only observed metrics
2026-10-01T17:11:30.3523428Z [22m[39mWarning: [antd: Card] `bordered` is deprecated. Please use `variant` instead.
2026-10-01T17:11:30.3524187Z 
2026-10-01T17:11:30.3738929Z [90mstderr[2m | src/components/SkillABPanel.test.jsx[2m > [22m[2mSkillABPanel[2m > [22m[2mcreates real AUTO and DISABLED diagnoses and reports only observed metrics
2026-10-01T17:11:30.3754815Z [22m[39mWarning: [antd: Card] `bordered` is deprecated. Please use `variant` instead.
2026-10-01T17:11:30.3774538Z 
2026-10-01T17:11:30.3807668Z  [32m✓[39m src/hooks/useSSE.test.jsx [2m([22m[2m13 tests[22m[2m)[22m[32m 47[2mms[22m[39m
2026-10-01T17:11:30.4026257Z [90mstderr[2m | src/components/SkillABPanel.test.jsx[2m > [22m[2mSkillABPanel[2m > [22m[2mcreates real AUTO and DISABLED diagnoses and reports only observed metrics
2026-10-01T17:11:30.4094782Z [22m[39mWarning: [antd: Card] `bordered` is deprecated. Please use `variant` instead.
2026-10-01T17:11:30.4095369Z 
2026-10-01T17:11:30.5125911Z  [32m✓[39m src/components/ConclusionCard.test.jsx [2m([22m[2m10 tests[22m[2m)[22m[33m 695[2mms[22m[39m
2026-10-01T17:11:30.5185427Z      [33m[2m✓[22m[39m explains that inclusive Go function shares overlap [33m 327[2mms[22m[39m
2026-10-01T17:11:30.7179670Z [90mstderr[2m | src/components/SkillABPanel.test.jsx[2m > [22m[2mSkillABPanel[2m > [22m[2mkeeps an earlier supported hypothesis visible when a later branch is insufficient
2026-10-01T17:11:30.7181031Z [22m[39mWarning: [antd: Card] `bordered` is deprecated. Please use `variant` instead.
2026-10-01T17:11:30.7181776Z Warning: [antd: Card] `bordered` is deprecated. Please use `variant` instead.
2026-10-01T17:11:30.7182398Z Warning: [antd: Card] `bordered` is deprecated. Please use `variant` instead.
2026-10-01T17:11:30.7183024Z Warning: [antd: Card] `bordered` is deprecated. Please use `variant` instead.
2026-10-01T17:11:30.7183406Z 
2026-10-01T17:11:30.7198258Z [90mstderr[2m | src/components/SkillABPanel.test.jsx[2m > [22m[2mSkillABPanel[2m > [22m[2mkeeps an earlier supported hypothesis visible when a later branch is insufficient
2026-10-01T17:11:30.7200121Z [22m[39mWarning: [antd: Card] `bordered` is deprecated. Please use `variant` instead.
2026-10-01T17:11:30.7200584Z 
2026-10-01T17:11:30.7712682Z [90mstderr[2m | src/components/SkillABPanel.test.jsx[2m > [22m[2mSkillABPanel[2m > [22m[2mkeeps an earlier supported hypothesis visible when a later branch is insufficient
2026-10-01T17:11:30.7715080Z [22m[39mWarning: [antd: Card] `bordered` is deprecated. Please use `variant` instead.
2026-10-01T17:11:30.7715648Z 
2026-10-01T17:11:30.7953461Z [90mstderr[2m | src/components/SkillABPanel.test.jsx[2m > [22m[2mSkillABPanel[2m > [22m[2mkeeps an earlier supported hypothesis visible when a later branch is insufficient
2026-10-01T17:11:30.7958582Z [22m[39mWarning: [antd: Card] `bordered` is deprecated. Please use `variant` instead.
2026-10-01T17:11:30.7959178Z 
2026-10-01T17:11:30.8347610Z [90mstderr[2m | src/components/SkillABPanel.test.jsx[2m > [22m[2mSkillABPanel[2m > [22m[2mkeeps an earlier supported hypothesis visible when a later branch is insufficient
2026-10-01T17:11:30.8365525Z [22m[39mWarning: [antd: Card] `bordered` is deprecated. Please use `variant` instead.
2026-10-01T17:11:30.8366860Z 
2026-10-01T17:11:30.8716689Z [90mstderr[2m | src/components/SkillABPanel.test.jsx[2m > [22m[2mSkillABPanel[2m > [22m[2mkeeps an earlier supported hypothesis visible when a later branch is insufficient
2026-10-01T17:11:30.8758731Z [22m[39mWarning: [antd: Card] `bordered` is deprecated. Please use `variant` instead.
2026-10-01T17:11:30.8759437Z 
2026-10-01T17:11:30.8910488Z [90mstderr[2m | src/components/SkillABPanel.test.jsx[2m > [22m[2mSkillABPanel[2m > [22m[2mkeeps an earlier supported hypothesis visible when a later branch is insufficient
2026-10-01T17:11:30.8935076Z [22m[39mWarning: [antd: Card] `bordered` is deprecated. Please use `variant` instead.
2026-10-01T17:11:30.8951589Z 
2026-10-01T17:11:30.9093763Z [90mstderr[2m | src/components/SkillABPanel.test.jsx[2m > [22m[2mSkillABPanel[2m > [22m[2mkeeps an earlier supported hypothesis visible when a later branch is insufficient
2026-10-01T17:11:30.9097720Z [22m[39mWarning: [antd: Card] `bordered` is deprecated. Please use `variant` instead.
2026-10-01T17:11:30.9098265Z 
2026-10-01T17:11:31.0880084Z [90mstderr[2m | src/components/SkillABPanel.test.jsx[2m > [22m[2mSkillABPanel[2m > [22m[2mrestores a real A/B pair after leaving and returning to the validation center
2026-10-01T17:11:31.0908054Z [22m[39mWarning: [antd: Card] `bordered` is deprecated. Please use `variant` instead.
2026-10-01T17:11:31.0908760Z Warning: [antd: Card] `bordered` is deprecated. Please use `variant` instead.
2026-10-01T17:11:31.0909402Z Warning: [antd: Card] `bordered` is deprecated. Please use `variant` instead.
2026-10-01T17:11:31.0910114Z Warning: [antd: Card] `bordered` is deprecated. Please use `variant` instead.
2026-10-01T17:11:31.0910485Z 
2026-10-01T17:11:31.0911374Z [90mstderr[2m | src/components/SkillABPanel.test.jsx[2m > [22m[2mSkillABPanel[2m > [22m[2mrestores a real A/B pair after leaving and returning to the validation center
2026-10-01T17:11:31.0912370Z [22m[39mWarning: [antd: Card] `bordered` is deprecated. Please use `variant` instead.
2026-10-01T17:11:31.0912754Z 
2026-10-01T17:11:31.1447380Z  [32m✓[39m src/utils/reportPresentation.test.js [2m([22m[2m31 tests[22m[2m)[22m[32m 7[2mms[22m[39m
2026-10-01T17:11:31.1635889Z [90mstderr[2m | src/components/SkillABPanel.test.jsx[2m > [22m[2mSkillABPanel[2m > [22m[2mrestores a real A/B pair after leaving and returning to the validation center
2026-10-01T17:11:31.1637888Z [22m[39mWarning: [antd: Card] `bordered` is deprecated. Please use `variant` instead.
2026-10-01T17:11:31.1638439Z 
2026-10-01T17:11:31.1790435Z [90mstderr[2m | src/components/SkillABPanel.test.jsx[2m > [22m[2mSkillABPanel[2m > [22m[2mrestores a real A/B pair after leaving and returning to the validation center
2026-10-01T17:11:31.1792303Z [22m[39mWarning: [antd: Card] `bordered` is deprecated. Please use `variant` instead.
2026-10-01T17:11:31.1792842Z 
2026-10-01T17:11:31.1945479Z [90mstderr[2m | src/components/SkillABPanel.test.jsx[2m > [22m[2mSkillABPanel[2m > [22m[2mrestores a real A/B pair after leaving and returning to the validation center
2026-10-01T17:11:31.1975099Z [22m[39mWarning: [antd: Card] `bordered` is deprecated. Please use `variant` instead.
2026-10-01T17:11:31.2004425Z 
2026-10-01T17:11:31.2425094Z [90mstderr[2m | src/components/SkillABPanel.test.jsx[2m > [22m[2mSkillABPanel[2m > [22m[2mrestores a real A/B pair after leaving and returning to the validation center
2026-10-01T17:11:31.2455118Z [22m[39mWarning: [antd: Card] `bordered` is deprecated. Please use `variant` instead.
2026-10-01T17:11:31.2464284Z 
2026-10-01T17:11:31.2677469Z [90mstderr[2m | src/components/SkillABPanel.test.jsx[2m > [22m[2mSkillABPanel[2m > [22m[2mrestores a real A/B pair after leaving and returning to the validation center
2026-10-01T17:11:31.2755338Z [22m[39mWarning: [antd: Card] `bordered` is deprecated. Please use `variant` instead.
2026-10-01T17:11:31.2814346Z 
2026-10-01T17:11:31.2991775Z [90mstderr[2m | src/components/SkillABPanel.test.jsx[2m > [22m[2mSkillABPanel[2m > [22m[2mrestores a real A/B pair after leaving and returning to the validation center
2026-10-01T17:11:31.3039387Z [22m[39mWarning: [antd: Card] `bordered` is deprecated. Please use `variant` instead.
2026-10-01T17:11:31.3039957Z 
2026-10-01T17:11:31.4861148Z [90mstderr[2m | src/components/SkillABPanel.test.jsx[2m > [22m[2mSkillABPanel[2m > [22m[2mrestores a real A/B pair after leaving and returning to the validation center
2026-10-01T17:11:31.4885260Z [22m[39mWarning: [antd: Card] `bordered` is deprecated. Please use `variant` instead.
2026-10-01T17:11:31.4913413Z Warning: [antd: Card] `bordered` is deprecated. Please use `variant` instead.
2026-10-01T17:11:31.4924353Z 
2026-10-01T17:11:31.4925624Z [90mstderr[2m | src/components/SkillABPanel.test.jsx[2m > [22m[2mSkillABPanel[2m > [22m[2mrestores a real A/B pair after leaving and returning to the validation center
2026-10-01T17:11:31.4926701Z [22m[39mWarning: [antd: Card] `bordered` is deprecated. Please use `variant` instead.
2026-10-01T17:11:31.4927120Z 
2026-10-01T17:11:31.5035149Z [90mstderr[2m | src/components/SkillABPanel.test.jsx[2m > [22m[2mSkillABPanel[2m > [22m[2mrestores a real A/B pair after leaving and returning to the validation center
2026-10-01T17:11:31.5084969Z [22m[39mWarning: [antd: Card] `bordered` is deprecated. Please use `variant` instead.
2026-10-01T17:11:31.5087794Z 
2026-10-01T17:11:31.5244892Z [90mstderr[2m | src/components/SkillABPanel.test.jsx[2m > [22m[2mSkillABPanel[2m > [22m[2mrestores a real A/B pair after leaving and returning to the validation center
2026-10-01T17:11:31.5248566Z [22m[39mWarning: [antd: Card] `bordered` is deprecated. Please use `variant` instead.
2026-10-01T17:11:31.5249023Z 
2026-10-01T17:11:31.5510614Z  [32m✓[39m src/components/SkillABPanel.test.jsx [2m([22m[2m5 tests[22m[2m)[22m[33m 2233[2mms[22m[39m
2026-10-01T17:11:31.5550977Z      [33m[2m✓[22m[39m creates real AUTO and DISABLED diagnoses and reports only observed metrics [33m 1186[2mms[22m[39m
2026-10-01T17:11:31.5552065Z      [33m[2m✓[22m[39m keeps an earlier supported hypothesis visible when a later branch is insufficient [33m 415[2mms[22m[39m
2026-10-01T17:11:31.5553009Z      [33m[2m✓[22m[39m restores a real A/B pair after leaving and returning to the validation center [33m 622[2mms[22m[39m
2026-10-01T17:11:31.9010814Z  [32m✓[39m src/utils/observationAssessment.test.js [2m([22m[2m20 tests[22m[2m)[22m[32m 6[2mms[22m[39m
2026-10-01T17:11:32.6115817Z  [32m✓[39m src/utils/diagnosisDisplay.test.js [2m([22m[2m6 tests[22m[2m)[22m[32m 8[2mms[22m[39m
2026-10-01T17:11:34.1361244Z  [32m✓[39m src/components/ChatThread.test.jsx [2m([22m[2m9 tests[22m[2m)[22m[33m 962[2mms[22m[39m
2026-10-01T17:11:34.1362354Z      [33m[2m✓[22m[39m keeps fix verification disabled for an observation in simple mode [33m 375[2mms[22m[39m
2026-10-01T17:11:34.5024288Z  [32m✓[39m src/components/LatsReplayPanel.test.jsx [2m([22m[2m2 tests[22m[2m)[22m[33m 793[2mms[22m[39m
2026-10-01T17:11:34.5025251Z      [33m[2m✓[22m[39m creates a fresh UUID session and opens the returned diagnosis immediately [33m 692[2mms[22m[39m
2026-10-01T17:11:35.3644175Z  [32m✓[39m src/hooks/SSEContext.test.jsx [2m([22m[2m4 tests[22m[2m)[22m[32m 136[2mms[22m[39m
2026-10-01T17:11:36.4576312Z  [32m✓[39m src/components/HealthCheckActions.test.jsx [2m([22m[2m5 tests[22m[2m)[22m[33m 783[2mms[22m[39m
2026-10-01T17:11:36.4578827Z      [33m[2m✓[22m[39m creates a fresh sampling session for NORMAL_OBSERVED [33m 573[2mms[22m[39m
2026-10-01T17:11:36.5235268Z Not implemented: Window's getComputedStyle() method: with pseudo-elements
2026-10-01T17:11:36.5365818Z [90mstderr[2m | src/pages/TaskResult.test.jsx[2m > [22m[2mTaskResult collection boundary[2m > [22m[2mrejects an explicit zero-sample artifact instead of rendering an empty flamegraph
2026-10-01T17:11:36.5386777Z [22m[39mWarning: [antd: Table] `index` parameter of `rowKey` function is deprecated. There is no guarantee that it will work as expected.
2026-10-01T17:11:36.5398892Z 
2026-10-01T17:11:36.5475313Z [90mstderr[2m | src/pages/TaskResult.test.jsx[2m > [22m[2mTaskResult collection boundary[2m > [22m[2mrejects an explicit zero-sample artifact instead of rendering an empty flamegraph
2026-10-01T17:11:36.5476742Z [22m[39mWarning: [antd: Table] `index` parameter of `rowKey` function is deprecated. There is no guarantee that it will work as expected.
2026-10-01T17:11:36.5504408Z 
2026-10-01T17:11:36.8761869Z Not implemented: Window's getComputedStyle() method: with pseudo-elements
2026-10-01T17:11:36.9035325Z Not implemented: Window's getComputedStyle() method: with pseudo-elements
2026-10-01T17:11:36.9095978Z [90mstderr[2m | src/pages/TaskResult.test.jsx[2m > [22m[2mTaskResult collection boundary[2m > [22m[2mrenders continuous window outcomes in Chinese
2026-10-01T17:11:36.9125423Z [22m[39mWarning: [antd: Table] `index` parameter of `rowKey` function is deprecated. There is no guarantee that it will work as expected.
2026-10-01T17:11:36.9157518Z 
2026-10-01T17:11:36.9266358Z [90mstderr[2m | src/pages/TaskResult.test.jsx[2m > [22m[2mTaskResult collection boundary[2m > [22m[2mrenders continuous window outcomes in Chinese
2026-10-01T17:11:36.9267684Z [22m[39mWarning: [antd: Table] `index` parameter of `rowKey` function is deprecated. There is no guarantee that it will work as expected.
2026-10-01T17:11:36.9268330Z 
2026-10-01T17:11:36.9513227Z  [32m✓[39m src/pages/TaskResult.test.jsx [2m([22m[2m4 tests[22m[2m)[22m[33m 1429[2mms[22m[39m
2026-10-01T17:11:36.9514504Z      [33m[2m✓[22m[39m renders collection results and points diagnosis to the V2 workspace [33m 730[2mms[22m[39m
2026-10-01T17:11:36.9515504Z      [33m[2m✓[22m[39m rejects an explicit zero-sample artifact instead of rendering an empty flamegraph [33m 509[2mms[22m[39m
2026-10-01T17:11:38.9894192Z Not implemented: Window's getComputedStyle() method: with pseudo-elements
2026-10-01T17:11:39.2668440Z  [32m✓[39m src/components/ToolCallCard.test.jsx [2m([22m[2m3 tests[22m[2m)[22m[33m 1219[2mms[22m[39m
2026-10-01T17:11:39.2685621Z      [33m[2m✓[22m[39m shows approve/reject for a pending approval tool [33m 514[2mms[22m[39m
2026-10-01T17:11:39.2686374Z      [33m[2m✓[22m[39m keeps the server-bound agent and PID immutable while editing sampling parameters [33m 647[2mms[22m[39m
2026-10-01T17:11:39.2964383Z  [32m✓[39m src/components/EngineeringCasesPanel.test.jsx [2m([22m[2m11 tests[22m[2m)[22m[33m 1152[2mms[22m[39m
2026-10-01T17:11:39.2987211Z    [33m[2m✓[22m[39m shows actual before/after evidence and does not claim automated AI root acceptance [33m 794[2mms[22m[39m
2026-10-01T17:11:41.6795054Z Not implemented: Window's getComputedStyle() method: with pseudo-elements
2026-10-01T17:11:41.7079220Z  [32m✓[39m src/components/FlamegraphViewer.test.jsx [2m([22m[2m4 tests[22m[2m)[22m[33m 2271[2mms[22m[39m
2026-10-01T17:11:41.7080128Z      [33m[2m✓[22m[39m renders a 10k-node flamegraph without crashing [33m 520[2mms[22m[39m
2026-10-01T17:11:41.7115074Z      [33m[2m✓[22m[39m renders Java HTML as SVG data without inserting an executable iframe [33m 864[2mms[22m[39m
2026-10-01T17:11:41.7115870Z      [33m[2m✓[22m[39m does not show a late response from the previously selected task [33m 865[2mms[22m[39m
2026-10-01T17:11:41.9257039Z Not implemented: Window's getComputedStyle() method: with pseudo-elements
2026-10-01T17:11:42.0241080Z  [32m✓[39m src/components/AppLayout.test.jsx [2m([22m[2m4 tests[22m[2m)[22m[33m 833[2mms[22m[39m
2026-10-01T17:11:42.0285153Z      [33m[2m✓[22m[39m shows the fallback indicator until the shared stream opens [33m 495[2mms[22m[39m
2026-10-01T17:11:42.1945822Z  [32m✓[39m src/components/MentorComplexShowcase.test.jsx [2m([22m[2m2 tests[22m[2m)[22m[33m 1041[2mms[22m[39m
2026-10-01T17:11:42.1974108Z      [33m[2m✓[22m[39m replays only the diagnosis passed by the active workspace [33m 607[2mms[22m[39m
2026-10-01T17:11:42.1976375Z      [33m[2m✓[22m[39m shows the candidate Skill produced by the same diagnosis [33m 431[2mms[22m[39m
2026-10-01T17:11:44.0060733Z Not implemented: Window's getComputedStyle() method: with pseudo-elements
2026-10-01T17:11:44.1713857Z Not implemented: Window's getComputedStyle() method: with pseudo-elements
2026-10-01T17:11:44.2538133Z  [32m✓[39m src/components/BusinessAcceptancePanel.test.jsx [2m([22m[2m4 tests[22m[2m)[22m[33m 983[2mms[22m[39m
2026-10-01T17:11:44.2538893Z    [33m[2m✓[22m[39m does not turn missing evidence into a passing result [33m 419[2mms[22m[39m
2026-10-01T17:11:44.2540060Z    [33m[2m✓[22m[39m shows fallback separately from full recovery and AI diagnosis [33m 326[2mms[22m[39m
2026-10-01T17:11:44.4495910Z Not implemented: Window's getComputedStyle() method: with pseudo-elements
2026-10-01T17:11:45.0291771Z Not implemented: Window's getComputedStyle() method: with pseudo-elements
2026-10-01T17:11:45.0966433Z  [32m✓[39m src/components/EngineeringDiagnosisSummary.test.jsx [2m([22m[2m4 tests[22m[2m)[22m[33m 1327[2mms[22m[39m
2026-10-01T17:11:45.0967443Z    [33m[2m✓[22m[39m shows engineering acceptance separately from localization, refutation and untouched cases [33m 1092[2mms[22m[39m
2026-10-01T17:11:45.1842645Z Not implemented: Window's getComputedStyle() method: with pseudo-elements
2026-10-01T17:11:45.1959749Z [90mstderr[2m | src/pages/AgentDetail.test.jsx[2m > [22m[2mignores late responses from another agent and resets the trend on navigation
2026-10-01T17:11:45.1961969Z [22m[39mWarning: [antd: Descriptions] `labelStyle` is deprecated. Please use `styles={{ label: {} }}` instead.
2026-10-01T17:11:45.1962953Z Warning: [antd: Descriptions] `contentStyle` is deprecated. Please use `styles={{ content: {} }}` instead.
2026-10-01T17:11:45.1963755Z Warning: [antd: Descriptions] Sum of column `span` in a line not match `column` of Descriptions.
2026-10-01T17:11:45.1964392Z 
2026-10-01T17:11:45.2031059Z [90mstderr[2m | src/pages/AgentDetail.test.jsx[2m > [22m[2mignores late responses from another agent and resets the trend on navigation
2026-10-01T17:11:45.2032139Z [22m[39mWarning: [antd: Descriptions] `labelStyle` is deprecated. Please use `styles={{ label: {} }}` instead.
2026-10-01T17:11:45.2032973Z Warning: [antd: Descriptions] `contentStyle` is deprecated. Please use `styles={{ content: {} }}` instead.
2026-10-01T17:11:45.2033776Z Warning: [antd: Descriptions] Sum of column `span` in a line not match `column` of Descriptions.
2026-10-01T17:11:45.2034328Z 
2026-10-01T17:11:45.2172364Z [90mstderr[2m | src/pages/AgentDetail.test.jsx[2m > [22m[2mignores late responses from another agent and resets the trend on navigation
2026-10-01T17:11:45.2194882Z [22m[39mWarning: [antd: Descriptions] `labelStyle` is deprecated. Please use `styles={{ label: {} }}` instead.
2026-10-01T17:11:45.2234629Z Warning: [antd: Descriptions] `contentStyle` is deprecated. Please use `styles={{ content: {} }}` instead.
2026-10-01T17:11:45.2235503Z Warning: [antd: Descriptions] Sum of column `span` in a line not match `column` of Descriptions.
2026-10-01T17:11:45.2274272Z 
2026-10-01T17:11:45.2413101Z [90mstderr[2m | src/pages/AgentDetail.test.jsx[2m > [22m[2mignores late responses from another agent and resets the trend on navigation
2026-10-01T17:11:45.2414455Z [22m[39mWarning: [antd: Descriptions] `labelStyle` is deprecated. Please use `styles={{ label: {} }}` instead.
2026-10-01T17:11:45.2444845Z Warning: [antd: Descriptions] `contentStyle` is deprecated. Please use `styles={{ content: {} }}` instead.
2026-10-01T17:11:45.2445750Z Warning: [antd: Descriptions] Sum of column `span` in a line not match `column` of Descriptions.
2026-10-01T17:11:45.2484227Z 
2026-10-01T17:11:45.4348758Z [90mstderr[2m | src/pages/AgentDetail.test.jsx[2m > [22m[2mignores late responses from another agent and resets the trend on navigation
2026-10-01T17:11:45.4350388Z [22m[39mWarning: [antd: Descriptions] `labelStyle` is deprecated. Please use `styles={{ label: {} }}` instead.
2026-10-01T17:11:45.4351296Z Warning: [antd: Descriptions] `contentStyle` is deprecated. Please use `styles={{ content: {} }}` instead.
2026-10-01T17:11:45.4352133Z Warning: [antd: Descriptions] Sum of column `span` in a line not match `column` of Descriptions.
2026-10-01T17:11:45.4352559Z 
2026-10-01T17:11:45.5232543Z Not implemented: Window's getComputedStyle() method: with pseudo-elements
2026-10-01T17:11:45.5291454Z [90mstderr[2m | src/pages/AgentDetail.test.jsx[2m > [22m[2mignores late responses from another agent and resets the trend on navigation
2026-10-01T17:11:45.5292972Z [22m[39mWarning: [antd: Descriptions] `labelStyle` is deprecated. Please use `styles={{ label: {} }}` instead.
2026-10-01T17:11:45.5293853Z Warning: [antd: Descriptions] `contentStyle` is deprecated. Please use `styles={{ content: {} }}` instead.
2026-10-01T17:11:45.5294824Z Warning: [antd: Descriptions] Sum of column `span` in a line not match `column` of Descriptions.
2026-10-01T17:11:45.5295291Z 
2026-10-01T17:11:45.5354626Z [90mstderr[2m | src/pages/AgentDetail.test.jsx[2m > [22m[2mignores late responses from another agent and resets the trend on navigation
2026-10-01T17:11:45.5358746Z [22m[39mWarning: [antd: Descriptions] `labelStyle` is deprecated. Please use `styles={{ label: {} }}` instead.
2026-10-01T17:11:45.5444641Z Warning: [antd: Descriptions] `contentStyle` is deprecated. Please use `styles={{ content: {} }}` instead.
2026-10-01T17:11:45.5474537Z Warning: [antd: Descriptions] Sum of column `span` in a line not match `column` of Descriptions.
2026-10-01T17:11:45.5474921Z 
2026-10-01T17:11:45.7305362Z Not implemented: Window's getComputedStyle() method: with pseudo-elements
2026-10-01T17:11:45.7375514Z [90mstderr[2m | src/pages/AgentDetail.test.jsx[2m > [22m[2mshows a request error and retry instead of only claiming the agent does not exist
2026-10-01T17:11:45.7383033Z [22m[39mWarning: [antd: Descriptions] `labelStyle` is deprecated. Please use `styles={{ label: {} }}` instead.
2026-10-01T17:11:45.7384095Z Warning: [antd: Descriptions] `contentStyle` is deprecated. Please use `styles={{ content: {} }}` instead.
2026-10-01T17:11:45.7384959Z Warning: [antd: Descriptions] Sum of column `span` in a line not match `column` of Descriptions.
2026-10-01T17:11:45.7385431Z 
2026-10-01T17:11:45.7391114Z [90mstderr[2m | src/pages/AgentDetail.test.jsx[2m > [22m[2mshows a request error and retry instead of only claiming the agent does not exist
2026-10-01T17:11:45.7394091Z [22m[39mWarning: [antd: Descriptions] `labelStyle` is deprecated. Please use `styles={{ label: {} }}` instead.
2026-10-01T17:11:45.7394983Z Warning: [antd: Descriptions] `contentStyle` is deprecated. Please use `styles={{ content: {} }}` instead.
2026-10-01T17:11:45.7395699Z Warning: [antd: Descriptions] Sum of column `span` in a line not match `column` of Descriptions.
2026-10-01T17:11:45.7396114Z 
2026-10-01T17:11:45.7487191Z  [32m✓[39m src/pages/AgentDetail.test.jsx [2m([22m[2m2 tests[22m[2m)[22m[33m 1443[2mms[22m[39m
2026-10-01T17:11:45.7514781Z    [33m[2m✓[22m[39m ignores late responses from another agent and resets the trend on navigation [33m 1247[2mms[22m[39m
2026-10-01T17:11:46.4732201Z  [32m✓[39m src/hooks/usePolling.test.jsx [2m([22m[2m3 tests[22m[2m)[22m[32m 37[2mms[22m[39m
2026-10-01T17:11:47.2375824Z  [32m✓[39m src/components/DiagnosisPathPanel.test.jsx [2m([22m[2m2 tests[22m[2m)[22m[33m 501[2mms[22m[39m
2026-10-01T17:11:47.2423811Z      [33m[2m✓[22m[39m shows Chinese event and actor labels, with raw protocol codes in secondary details [33m 496[2mms[22m[39m
2026-10-01T17:11:47.2962676Z  [32m✓[39m src/components/DiagnosisSkillOutcomeCard.test.jsx [2m([22m[2m2 tests[22m[2m)[22m[33m 915[2mms[22m[39m
2026-10-01T17:11:47.2963845Z      [33m[2m✓[22m[39m shows the Skill produced by a verified diagnosis and exposes its gates [33m 766[2mms[22m[39m
2026-10-01T17:11:48.9396037Z Not implemented: Window's getComputedStyle() method: with pseudo-elements
2026-10-01T17:11:49.2156212Z [90mstderr[2m | src/components/EvalPanel.test.jsx[2m > [22m[2mEvalPanel replay entry[2m > [22m[2mdefaults to performance experiments and keeps engineering regressions separate
2026-10-01T17:11:49.2176827Z [22m[39mWarning: An update to EngineeringDiagnosisSummary inside a test was not wrapped in act(...).
2026-10-01T17:11:49.2246379Z 
2026-10-01T17:11:49.2247091Z When testing, code that causes React state updates should be wrapped into act(...):
2026-10-01T17:11:49.2270074Z 
2026-10-01T17:11:49.2324598Z act(() => {
2026-10-01T17:11:49.2336853Z   /* fire events that update state */
2026-10-01T17:11:49.2364353Z });
2026-10-01T17:11:49.2378023Z /* assert on the output */
2026-10-01T17:11:49.2378367Z 
2026-10-01T17:11:49.2379141Z This ensures that you're testing the behavior the user would see in the browser. Learn more at https://reactjs.org/link/wrap-tests-with-act
2026-10-01T17:11:49.2379891Z     at EngineeringDiagnosisSummary (/home/runner/work/mini-drop/mini-drop/web/src/components/EngineeringDiagnosisSummary.jsx:14:40)
2026-10-01T17:11:49.2380206Z     at div
2026-10-01T17:11:49.2380434Z     at Item (/home/runner/work/mini-drop/mini-drop/web/node_modules/antd/lib/space/Item.js:12:3)
2026-10-01T17:11:49.2380660Z     at div
2026-10-01T17:11:49.2380873Z     at /home/runner/work/mini-drop/mini-drop/web/node_modules/antd/lib/space/index.js:44:39
2026-10-01T17:11:49.2381095Z     at main
2026-10-01T17:11:49.2381197Z     at div
2026-10-01T17:11:49.2381416Z     at EvalPanel (/home/runner/work/mini-drop/mini-drop/web/src/components/EvalPanel.jsx:445:22)
2026-10-01T17:11:49.2381611Z 
2026-10-01T17:11:49.4241565Z [90mstderr[2m | src/components/EvalPanel.test.jsx[2m > [22m[2mEvalPanel replay entry[2m > [22m[2mdefaults to performance experiments and keeps engineering regressions separate
2026-10-01T17:11:49.4242906Z [22m[39mWarning: An update to CSSMotion inside a test was not wrapped in act(...).
2026-10-01T17:11:49.4249570Z 
2026-10-01T17:11:49.4250230Z When testing, code that causes React state updates should be wrapped into act(...):
2026-10-01T17:11:49.4250735Z 
2026-10-01T17:11:49.4250893Z act(() => {
2026-10-01T17:11:49.4251196Z   /* fire events that update state */
2026-10-01T17:11:49.4251528Z });
2026-10-01T17:11:49.4251793Z /* assert on the output */
2026-10-01T17:11:49.4252039Z 
2026-10-01T17:11:49.4252635Z This ensures that you're testing the behavior the user would see in the browser. Learn more at https://reactjs.org/link/wrap-tests-with-act
2026-10-01T17:11:49.4253512Z     at /home/runner/work/mini-drop/mini-drop/web/node_modules/rc-motion/lib/CSSMotion.js:42:32
2026-10-01T17:11:49.4254503Z     at DefaultLoadingIcon (/home/runner/work/mini-drop/mini-drop/web/node_modules/antd/lib/button/DefaultLoadingIcon.js:44:5)
2026-10-01T17:11:49.4255122Z     at button
2026-10-01T17:11:49.4255605Z     at Wave (/home/runner/work/mini-drop/mini-drop/web/node_modules/antd/lib/_util/wave/index.js:19:5)
2026-10-01T17:11:49.4256402Z     at /home/runner/work/mini-drop/mini-drop/web/node_modules/antd/lib/button/button.js:60:7
2026-10-01T17:11:49.4256899Z     at div
2026-10-01T17:11:49.4257142Z     at div
2026-10-01T17:11:49.4257640Z     at DomWrapper (/home/runner/work/mini-drop/mini-drop/web/node_modules/rc-motion/lib/DomWrapper.js:20:34)
2026-10-01T17:11:49.4258392Z     at /home/runner/work/mini-drop/mini-drop/web/node_modules/rc-motion/lib/CSSMotion.js:42:32
2026-10-01T17:11:49.4259092Z     at /home/runner/work/mini-drop/mini-drop/web/node_modules/antd/lib/alert/Alert.js:74:7
2026-10-01T17:11:49.4259583Z     at section
2026-10-01T17:11:49.4260214Z     at EngineeringDiagnosisSummary (/home/runner/work/mini-drop/mini-drop/web/src/components/EngineeringDiagnosisSummary.jsx:14:40)
2026-10-01T17:11:49.4260871Z     at div
2026-10-01T17:11:49.4261321Z     at Item (/home/runner/work/mini-drop/mini-drop/web/node_modules/antd/lib/space/Item.js:12:3)
2026-10-01T17:11:49.4261814Z     at div
2026-10-01T17:11:49.4262757Z     at /home/runner/work/mini-drop/mini-drop/web/node_modules/antd/lib/space/index.js:44:39
2026-10-01T17:11:49.4263278Z     at main
2026-10-01T17:11:49.4263452Z     at div
2026-10-01T17:11:49.4263815Z     at EvalPanel (/home/runner/work/mini-drop/mini-drop/web/src/components/EvalPanel.jsx:445:22)
2026-10-01T17:11:49.4264533Z Warning: An update to CSSMotion inside a test was not wrapped in act(...).
2026-10-01T17:11:49.4264788Z 
2026-10-01T17:11:49.4265059Z When testing, code that causes React state updates should be wrapped into act(...):
2026-10-01T17:11:49.4265298Z 
2026-10-01T17:11:49.4265486Z act(() => {
2026-10-01T17:11:49.4265615Z   /* fire events that update state */
2026-10-01T17:11:49.4265753Z });
2026-10-01T17:11:49.4265869Z /* assert on the output */
2026-10-01T17:11:49.4265953Z 
2026-10-01T17:11:49.4266232Z This ensures that you're testing the behavior the user would see in the browser. Learn more at https://reactjs.org/link/wrap-tests-with-act
2026-10-01T17:11:49.4266651Z     at /home/runner/work/mini-drop/mini-drop/web/node_modules/rc-motion/lib/CSSMotion.js:42:32
2026-10-01T17:11:49.4267053Z     at DefaultLoadingIcon (/home/runner/work/mini-drop/mini-drop/web/node_modules/antd/lib/button/DefaultLoadingIcon.js:44:5)
2026-10-01T17:11:49.4267337Z     at button
2026-10-01T17:11:49.4267571Z     at Wave (/home/runner/work/mini-drop/mini-drop/web/node_modules/antd/lib/_util/wave/index.js:19:5)
2026-10-01T17:11:49.4267914Z     at /home/runner/work/mini-drop/mini-drop/web/node_modules/antd/lib/button/button.js:60:7
2026-10-01T17:11:49.4268131Z     at div
2026-10-01T17:11:49.4268229Z     at div
2026-10-01T17:11:49.4268477Z     at DomWrapper (/home/runner/work/mini-drop/mini-drop/web/node_modules/rc-motion/lib/DomWrapper.js:20:34)
2026-10-01T17:11:49.4268831Z     at /home/runner/work/mini-drop/mini-drop/web/node_modules/rc-motion/lib/CSSMotion.js:42:32
2026-10-01T17:11:49.4269151Z     at /home/runner/work/mini-drop/mini-drop/web/node_modules/antd/lib/alert/Alert.js:74:7
2026-10-01T17:11:49.4269503Z     at section
2026-10-01T17:11:49.4270020Z     at EngineeringDiagnosisSummary (/home/runner/work/mini-drop/mini-drop/web/src/components/EngineeringDiagnosisSummary.jsx:14:40)
2026-10-01T17:11:49.4270522Z     at div
2026-10-01T17:11:49.4270871Z     at Item (/home/runner/work/mini-drop/mini-drop/web/node_modules/antd/lib/space/Item.js:12:3)
2026-10-01T17:11:49.4271224Z     at div
2026-10-01T17:11:49.4271586Z     at /home/runner/work/mini-drop/mini-drop/web/node_modules/antd/lib/space/index.js:44:39
2026-10-01T17:11:49.4272013Z     at main
2026-10-01T17:11:49.4272115Z     at div
2026-10-01T17:11:49.4272342Z     at EvalPanel (/home/runner/work/mini-drop/mini-drop/web/src/components/EvalPanel.jsx:445:22)
2026-10-01T17:11:49.4272663Z Warning: An update to CSSMotion inside a test was not wrapped in act(...).
2026-10-01T17:11:49.4272817Z 
2026-10-01T17:11:49.4272978Z When testing, code that causes React state updates should be wrapped into act(...):
2026-10-01T17:11:49.4273145Z 
2026-10-01T17:11:49.4273191Z act(() => {
2026-10-01T17:11:49.4273320Z   /* fire events that update state */
2026-10-01T17:11:49.4273457Z });
2026-10-01T17:11:49.4273578Z /* assert on the output */
2026-10-01T17:11:49.4273661Z 
2026-10-01T17:11:49.4274088Z This ensures that you're testing the behavior the user would see in the browser. Learn more at https://reactjs.org/link/wrap-tests-with-act
2026-10-01T17:11:49.4274773Z     at /home/runner/work/mini-drop/mini-drop/web/node_modules/rc-motion/lib/CSSMotion.js:42:32
2026-10-01T17:11:49.4275317Z     at /home/runner/work/mini-drop/mini-drop/web/node_modules/antd/lib/alert/Alert.js:74:7
2026-10-01T17:11:49.4275674Z     at section
2026-10-01T17:11:49.4276224Z     at EngineeringDiagnosisSummary (/home/runner/work/mini-drop/mini-drop/web/src/components/EngineeringDiagnosisSummary.jsx:14:40)
2026-10-01T17:11:49.4285395Z     at div
2026-10-01T17:11:49.4285791Z     at Item (/home/runner/work/mini-drop/mini-drop/web/node_modules/antd/lib/space/Item.js:12:3)
2026-10-01T17:11:49.4286178Z     at div
2026-10-01T17:11:49.4286753Z     at /home/runner/work/mini-drop/mini-drop/web/node_modules/antd/lib/space/index.js:44:39
2026-10-01T17:11:49.4287134Z     at main
2026-10-01T17:11:49.4287297Z     at div
2026-10-01T17:11:49.4287676Z     at EvalPanel (/home/runner/work/mini-drop/mini-drop/web/src/components/EvalPanel.jsx:445:22)
2026-10-01T17:11:49.4288258Z Warning: An update to CSSMotion inside a test was not wrapped in act(...).
2026-10-01T17:11:49.4288531Z 
2026-10-01T17:11:49.4288822Z When testing, code that causes React state updates should be wrapped into act(...):
2026-10-01T17:11:49.4289110Z 
2026-10-01T17:11:49.4289285Z act(() => {
2026-10-01T17:11:49.4289489Z   /* fire events that update state */
2026-10-01T17:11:49.4289715Z });
2026-10-01T17:11:49.4289899Z /* assert on the output */
2026-10-01T17:11:49.4290031Z 
2026-10-01T17:11:49.4290512Z This ensures that you're testing the behavior the user would see in the browser. Learn more at https://reactjs.org/link/wrap-tests-with-act
2026-10-01T17:11:49.4291233Z     at /home/runner/work/mini-drop/mini-drop/web/node_modules/rc-motion/lib/CSSMotion.js:42:32
2026-10-01T17:11:49.4291812Z     at /home/runner/work/mini-drop/mini-drop/web/node_modules/antd/lib/alert/Alert.js:74:7
2026-10-01T17:11:49.4292189Z     at section
2026-10-01T17:11:49.4292738Z     at EngineeringDiagnosisSummary (/home/runner/work/mini-drop/mini-drop/web/src/components/EngineeringDiagnosisSummary.jsx:14:40)
2026-10-01T17:11:49.4293283Z     at div
2026-10-01T17:11:49.4293655Z     at Item (/home/runner/work/mini-drop/mini-drop/web/node_modules/antd/lib/space/Item.js:12:3)
2026-10-01T17:11:49.4299463Z     at div
2026-10-01T17:11:49.4299841Z     at /home/runner/work/mini-drop/mini-drop/web/node_modules/antd/lib/space/index.js:44:39
2026-10-01T17:11:49.4300227Z     at main
2026-10-01T17:11:49.4300394Z     at div
2026-10-01T17:11:49.4300778Z     at EvalPanel (/home/runner/work/mini-drop/mini-drop/web/src/components/EvalPanel.jsx:445:22)
2026-10-01T17:11:49.4301113Z 
2026-10-01T17:11:49.4730591Z  [32m✓[39m src/components/PerformanceDiagnosisSummary.test.jsx [2m([22m[2m3 tests[22m[2m)[22m[33m 889[2mms[22m[39m
2026-10-01T17:11:49.4731587Z    [33m[2m✓[22m[39m shows every old scenario while keeping recorded lineage separate from causal root success [33m 474[2mms[22m[39m
2026-10-01T17:11:49.4732383Z    [33m[2m✓[22m[39m fails closed for http and can retry without injecting faults [33m 360[2mms[22m[39m
2026-10-01T17:11:49.5142985Z [90mstderr[2m | src/components/EvalPanel.test.jsx[2m > [22m[2mEvalPanel replay entry[2m > [22m[2mplaces the real Fault Plaza before frozen replay and forwards diagnosis navigation
2026-10-01T17:11:49.5144376Z [22m[39mWarning: An update to EngineeringDiagnosisSummary inside a test was not wrapped in act(...).
2026-10-01T17:11:49.5144826Z 
2026-10-01T17:11:49.5145177Z When testing, code that causes React state updates should be wrapped into act(...):
2026-10-01T17:11:49.5145535Z 
2026-10-01T17:11:49.5145683Z act(() => {
2026-10-01T17:11:49.5145959Z   /* fire events that update state */
2026-10-01T17:11:49.5146265Z });
2026-10-01T17:11:49.5146515Z /* assert on the output */
2026-10-01T17:11:49.5146718Z 
2026-10-01T17:11:49.5147272Z This ensures that you're testing the behavior the user would see in the browser. Learn more at https://reactjs.org/link/wrap-tests-with-act
2026-10-01T17:11:49.5148239Z     at EngineeringDiagnosisSummary (/home/runner/work/mini-drop/mini-drop/web/src/components/EngineeringDiagnosisSummary.jsx:14:40)
2026-10-01T17:11:49.5148824Z     at div
2026-10-01T17:11:49.5149291Z     at Item (/home/runner/work/mini-drop/mini-drop/web/node_modules/antd/lib/space/Item.js:12:3)
2026-10-01T17:11:49.5149769Z     at div
2026-10-01T17:11:49.5150237Z     at /home/runner/work/mini-drop/mini-drop/web/node_modules/antd/lib/space/index.js:44:39
2026-10-01T17:11:49.5150671Z     at main
2026-10-01T17:11:49.5150905Z     at div
2026-10-01T17:11:49.5151352Z     at EvalPanel (/home/runner/work/mini-drop/mini-drop/web/src/components/EvalPanel.jsx:445:22)
2026-10-01T17:11:49.5151797Z 
2026-10-01T17:11:49.5324767Z [90mstderr[2m | src/components/EvalPanel.test.jsx[2m > [22m[2mEvalPanel replay entry[2m > [22m[2mplaces the real Fault Plaza before frozen replay and forwards diagnosis navigation
2026-10-01T17:11:49.5332908Z [22m[39mWarning: An update to CSSMotion inside a test was not wrapped in act(...).
2026-10-01T17:11:49.5333289Z 
2026-10-01T17:11:49.5333633Z When testing, code that causes React state updates should be wrapped into act(...):
2026-10-01T17:11:49.5334115Z 
2026-10-01T17:11:49.5334244Z act(() => {
2026-10-01T17:11:49.5334506Z   /* fire events that update state */
2026-10-01T17:11:49.5334985Z });
2026-10-01T17:11:49.5335223Z /* assert on the output */
2026-10-01T17:11:49.5335405Z 
2026-10-01T17:11:49.5335957Z This ensures that you're testing the behavior the user would see in the browser. Learn more at https://reactjs.org/link/wrap-tests-with-act
2026-10-01T17:11:49.5336743Z     at /home/runner/work/mini-drop/mini-drop/web/node_modules/rc-motion/lib/CSSMotion.js:42:32
2026-10-01T17:11:49.5337506Z     at DefaultLoadingIcon (/home/runner/work/mini-drop/mini-drop/web/node_modules/antd/lib/button/DefaultLoadingIcon.js:44:5)
2026-10-01T17:11:49.5338045Z     at button
2026-10-01T17:11:49.5338504Z     at Wave (/home/runner/work/mini-drop/mini-drop/web/node_modules/antd/lib/_util/wave/index.js:19:5)
2026-10-01T17:11:49.5339148Z     at /home/runner/work/mini-drop/mini-drop/web/node_modules/antd/lib/button/button.js:60:7
2026-10-01T17:11:49.5340447Z     at div
2026-10-01T17:11:49.5340662Z     at div
2026-10-01T17:11:49.5341130Z     at DomWrapper (/home/runner/work/mini-drop/mini-drop/web/node_modules/rc-motion/lib/DomWrapper.js:20:34)
2026-10-01T17:11:49.5341814Z     at /home/runner/work/mini-drop/mini-drop/web/node_modules/rc-motion/lib/CSSMotion.js:42:32
2026-10-01T17:11:49.5342429Z     at /home/runner/work/mini-drop/mini-drop/web/node_modules/antd/lib/alert/Alert.js:74:7
2026-10-01T17:11:49.5342844Z     at section
2026-10-01T17:11:49.5343439Z     at EngineeringDiagnosisSummary (/home/runner/work/mini-drop/mini-drop/web/src/components/EngineeringDiagnosisSummary.jsx:14:40)
2026-10-01T17:11:49.5344165Z     at div
2026-10-01T17:11:49.5344613Z     at Item (/home/runner/work/mini-drop/mini-drop/web/node_modules/antd/lib/space/Item.js:12:3)
2026-10-01T17:11:49.5345044Z     at div
2026-10-01T17:11:49.5345445Z     at /home/runner/work/mini-drop/mini-drop/web/node_modules/antd/lib/space/index.js:44:39
2026-10-01T17:11:49.5348422Z     at main
2026-10-01T17:11:49.5349035Z  [32m✓[39m src/components/EvalPanel.test.jsx [2m([22m[2m2 tests[22m[2m)[22m[33m 668[2mms[22m[39m
2026-10-01T17:11:49.5349520Z     at div
2026-10-01T17:11:49.5349962Z     at EvalPanel (/home/runner/work/mini-drop/mini-drop/web/src/components/EvalPanel.jsx:445:22)
2026-10-01T17:11:49.5350582Z Warning: An update to CSSMotion inside a test was not wrapped in act(...).
2026-10-01T17:11:49.5363448Z      [33m[2m✓[22m[39m defaults to performance experiments and keeps engineering regressions separate [33m 558[2mms[22m[39m
2026-10-01T17:11:49.5386918Z 
2026-10-01T17:11:49.5387748Z When testing, code that causes React state updates should be wrapped into act(...):
2026-10-01T17:11:49.5388095Z 
2026-10-01T17:11:49.5388219Z act(() => {
2026-10-01T17:11:49.5388490Z   /* fire events that update state */
2026-10-01T17:11:49.5388753Z });
2026-10-01T17:11:49.5388987Z /* assert on the output */
2026-10-01T17:11:49.5389168Z 
2026-10-01T17:11:49.5389709Z This ensures that you're testing the behavior the user would see in the browser. Learn more at https://reactjs.org/link/wrap-tests-with-act
2026-10-01T17:11:49.5390482Z     at /home/runner/work/mini-drop/mini-drop/web/node_modules/rc-motion/lib/CSSMotion.js:42:32
2026-10-01T17:11:49.5391224Z     at DefaultLoadingIcon (/home/runner/work/mini-drop/mini-drop/web/node_modules/antd/lib/button/DefaultLoadingIcon.js:44:5)
2026-10-01T17:11:49.5391752Z     at button
2026-10-01T17:11:49.5392198Z     at Wave (/home/runner/work/mini-drop/mini-drop/web/node_modules/antd/lib/_util/wave/index.js:19:5)
2026-10-01T17:11:49.5393007Z     at /home/runner/work/mini-drop/mini-drop/web/node_modules/antd/lib/button/button.js:60:7
2026-10-01T17:11:49.5393446Z     at div
2026-10-01T17:11:49.5393653Z     at div
2026-10-01T17:11:49.5394248Z     at DomWrapper (/home/runner/work/mini-drop/mini-drop/web/node_modules/rc-motion/lib/DomWrapper.js:20:34)
2026-10-01T17:11:49.5394941Z     at /home/runner/work/mini-drop/mini-drop/web/node_modules/rc-motion/lib/CSSMotion.js:42:32
2026-10-01T17:11:49.5395548Z     at /home/runner/work/mini-drop/mini-drop/web/node_modules/antd/lib/alert/Alert.js:74:7
2026-10-01T17:11:49.5396080Z     at section
2026-10-01T17:11:49.5396668Z     at EngineeringDiagnosisSummary (/home/runner/work/mini-drop/mini-drop/web/src/components/EngineeringDiagnosisSummary.jsx:14:40)
2026-10-01T17:11:49.5397240Z     at div
2026-10-01T17:11:49.5397651Z     at Item (/home/runner/work/mini-drop/mini-drop/web/node_modules/antd/lib/space/Item.js:12:3)
2026-10-01T17:11:49.5398084Z     at div
2026-10-01T17:11:49.5398483Z     at /home/runner/work/mini-drop/mini-drop/web/node_modules/antd/lib/space/index.js:44:39
2026-10-01T17:11:49.5398883Z     at main
2026-10-01T17:11:49.5399091Z     at div
2026-10-01T17:11:49.5399506Z     at EvalPanel (/home/runner/work/mini-drop/mini-drop/web/src/components/EvalPanel.jsx:445:22)
2026-10-01T17:11:49.5400106Z Warning: An update to CSSMotion inside a test was not wrapped in act(...).
2026-10-01T17:11:49.5400404Z 
2026-10-01T17:11:49.5400729Z When testing, code that causes React state updates should be wrapped into act(...):
2026-10-01T17:11:49.5401053Z 
2026-10-01T17:11:49.5401175Z act(() => {
2026-10-01T17:11:49.5401426Z   /* fire events that update state */
2026-10-01T17:11:49.5401690Z });
2026-10-01T17:11:49.5401917Z /* assert on the output */
2026-10-01T17:11:49.5402098Z 
2026-10-01T17:11:49.5402631Z This ensures that you're testing the behavior the user would see in the browser. Learn more at https://reactjs.org/link/wrap-tests-with-act
2026-10-01T17:11:49.5403387Z     at /home/runner/work/mini-drop/mini-drop/web/node_modules/rc-motion/lib/CSSMotion.js:42:32
2026-10-01T17:11:49.5404116Z     at /home/runner/work/mini-drop/mini-drop/web/node_modules/antd/lib/alert/Alert.js:74:7
2026-10-01T17:11:49.5404558Z     at section
2026-10-01T17:11:49.5405214Z     at EngineeringDiagnosisSummary (/home/runner/work/mini-drop/mini-drop/web/src/components/EngineeringDiagnosisSummary.jsx:14:40)
2026-10-01T17:11:49.5405781Z     at div
2026-10-01T17:11:49.5406182Z     at Item (/home/runner/work/mini-drop/mini-drop/web/node_modules/antd/lib/space/Item.js:12:3)
2026-10-01T17:11:49.5406618Z     at div
2026-10-01T17:11:49.5407013Z     at /home/runner/work/mini-drop/mini-drop/web/node_modules/antd/lib/space/index.js:44:39
2026-10-01T17:11:49.5407420Z     at main
2026-10-01T17:11:49.5407627Z     at div
2026-10-01T17:11:49.5408938Z     at EvalPanel (/home/runner/work/mini-drop/mini-drop/web/src/components/EvalPanel.jsx:445:22)
2026-10-01T17:11:49.5409555Z Warning: An update to CSSMotion inside a test was not wrapped in act(...).
2026-10-01T17:11:49.5409872Z 
2026-10-01T17:11:49.5410203Z When testing, code that causes React state updates should be wrapped into act(...):
2026-10-01T17:11:49.5410534Z 
2026-10-01T17:11:49.5410649Z act(() => {
2026-10-01T17:11:49.5410903Z   /* fire events that update state */
2026-10-01T17:11:49.5411172Z });
2026-10-01T17:11:49.5411403Z /* assert on the output */
2026-10-01T17:11:49.5411586Z 
2026-10-01T17:11:49.5412129Z This ensures that you're testing the behavior the user would see in the browser. Learn more at https://reactjs.org/link/wrap-tests-with-act
2026-10-01T17:11:49.5412897Z     at /home/runner/work/mini-drop/mini-drop/web/node_modules/rc-motion/lib/CSSMotion.js:42:32
2026-10-01T17:11:49.5413518Z     at /home/runner/work/mini-drop/mini-drop/web/node_modules/antd/lib/alert/Alert.js:74:7
2026-10-01T17:11:49.5414050Z     at section
2026-10-01T17:11:49.5414640Z     at EngineeringDiagnosisSummary (/home/runner/work/mini-drop/mini-drop/web/src/components/EngineeringDiagnosisSummary.jsx:14:40)
2026-10-01T17:11:49.5415364Z     at div
2026-10-01T17:11:49.5415772Z     at Item (/home/runner/work/mini-drop/mini-drop/web/node_modules/antd/lib/space/Item.js:12:3)
2026-10-01T17:11:49.5416185Z     at div
2026-10-01T17:11:49.5416568Z     at /home/runner/work/mini-drop/mini-drop/web/node_modules/antd/lib/space/index.js:44:39
2026-10-01T17:11:49.5416978Z     at main
2026-10-01T17:11:49.5417184Z     at div
2026-10-01T17:11:49.5417586Z     at EvalPanel (/home/runner/work/mini-drop/mini-drop/web/src/components/EvalPanel.jsx:445:22)
2026-10-01T17:11:49.5417956Z 
2026-10-01T17:11:50.0105885Z [90mstderr[2m | src/components/SkillExperimentPanel.test.jsx[2m > [22m[2mSkillExperimentPanel[2m > [22m[2muses the server-assigned arm and never asks the browser to choose one
2026-10-01T17:11:50.0134815Z [22m[39mWarning: [antd: Card] `bordered` is deprecated. Please use `variant` instead.
2026-10-01T17:11:50.0176479Z Warning: [antd: Card] `bordered` is deprecated. Please use `variant` instead.
2026-10-01T17:11:50.0205286Z 
2026-10-01T17:11:50.3975410Z Not implemented: Window's getComputedStyle() method: with pseudo-elements
2026-10-01T17:11:50.4005543Z [90mstderr[2m | src/components/SkillExperimentPanel.test.jsx[2m > [22m[2mSkillExperimentPanel[2m > [22m[2muses the server-assigned arm and never asks the browser to choose one
2026-10-01T17:11:50.4021846Z [22m[39mWarning: [antd: Card] `bordered` is deprecated. Please use `variant` instead.
2026-10-01T17:11:50.4022300Z 
2026-10-01T17:11:50.5666136Z [90mstderr[2m | src/components/SkillExperimentPanel.test.jsx[2m > [22m[2mSkillExperimentPanel[2m > [22m[2muses the server-assigned arm and never asks the browser to choose one
2026-10-01T17:11:50.5674741Z [22m[39mWarning: [antd: Card] `bordered` is deprecated. Please use `variant` instead.
2026-10-01T17:11:50.5674945Z 
2026-10-01T17:11:50.5796940Z [90mstderr[2m | src/components/SkillExperimentPanel.test.jsx[2m > [22m[2mSkillExperimentPanel[2m > [22m[2muses the server-assigned arm and never asks the browser to choose one
2026-10-01T17:11:50.5797991Z [22m[39mWarning: [antd: Card] `bordered` is deprecated. Please use `variant` instead.
2026-10-01T17:11:50.5804382Z 
2026-10-01T17:11:50.5965485Z [90mstderr[2m | src/components/SkillExperimentPanel.test.jsx[2m > [22m[2mSkillExperimentPanel[2m > [22m[2muses the server-assigned arm and never asks the browser to choose one
2026-10-01T17:11:50.5966691Z [22m[39mWarning: [antd: Card] `bordered` is deprecated. Please use `variant` instead.
2026-10-01T17:11:50.6000979Z 
2026-10-01T17:11:50.6168647Z  [32m✓[39m src/components/SkillExperimentPanel.test.jsx [2m([22m[2m1 test[22m[2m)[22m[33m 1094[2mms[22m[39m
2026-10-01T17:11:50.6169839Z      [33m[2m✓[22m[39m uses the server-assigned arm and never asks the browser to choose one [33m 1092[2mms[22m[39m
2026-10-01T17:11:51.5418687Z  [32m✓[39m src/components/PlannerBlock.test.jsx [2m([22m[2m1 test[22m[2m)[22m[33m 373[2mms[22m[39m
2026-10-01T17:11:51.5460951Z      [33m[2m✓[22m[39m merges cross-round paraphrases while keeping the latest state and unique causes [33m 371[2mms[22m[39m
2026-10-01T17:11:52.1605727Z Not implemented: Window's getComputedStyle() method: with pseudo-elements
2026-10-01T17:11:52.2485909Z Not implemented: Window's getComputedStyle() method: with pseudo-elements
2026-10-01T17:11:52.6586897Z Not implemented: Window's getComputedStyle() method: with pseudo-elements
2026-10-01T17:11:52.7124639Z  [32m✓[39m src/components/FixVerificationPanel.test.jsx [2m([22m[2m3 tests[22m[2m)[22m[33m 873[2mms[22m[39m
2026-10-01T17:11:52.7127530Z      [33m[2m✓[22m[39m shows an explicit unverified outcome when no repair records exist [33m 346[2mms[22m[39m
2026-10-01T17:11:53.1579902Z  [32m✓[39m src/components/EvidenceCard.test.jsx [2m([22m[2m2 tests[22m[2m)[22m[32m 270[2mms[22m[39m
2026-10-01T17:11:53.4055020Z  [32m✓[39m src/utils/asyncProfiler.test.js [2m([22m[2m8 tests[22m[2m)[22m[32m 6[2mms[22m[39m
2026-10-01T17:11:54.3143658Z  [32m✓[39m src/components/SafeMarkdown.test.jsx [2m([22m[2m4 tests[22m[2m)[22m[32m 66[2mms[22m[39m
2026-10-01T17:11:54.4346954Z Not implemented: Window's getComputedStyle() method: with pseudo-elements
2026-10-01T17:11:54.5882340Z Not implemented: Window's getComputedStyle() method: with pseudo-elements
2026-10-01T17:11:54.7087230Z Not implemented: Window's getComputedStyle() method: with pseudo-elements
2026-10-01T17:11:55.0301950Z  [32m✓[39m src/utils/sysMetrics.test.js [2m([22m[2m3 tests[22m[2m)[22m[32m 4[2mms[22m[39m
2026-10-01T17:11:55.0922344Z Not implemented: Window's getComputedStyle() method: with pseudo-elements
2026-10-01T17:11:55.1455823Z  [32m✓[39m src/pages/Schedules.test.jsx [2m([22m[2m3 tests[22m[2m)[22m[33m 1384[2mms[22m[39m
2026-10-01T17:11:55.1474998Z      [33m[2m✓[22m[39m renders the schedule list [33m 769[2mms[22m[39m
2026-10-01T17:11:55.1490665Z      [33m[2m✓[22m[39m opens the creation drawer from the primary action [33m 500[2mms[22m[39m
2026-10-01T17:11:55.2535867Z  [32m✓[39m src/components/DiagnosisFinding.test.jsx [2m([22m[2m2 tests[22m[2m)[22m[32m 233[2mms[22m[39m
2026-10-01T17:11:55.8833401Z  [32m✓[39m src/utils/latsReplay.test.js [2m([22m[2m3 tests[22m[2m)[22m[32m 4[2mms[22m[39m
2026-10-01T17:11:56.0275621Z  [32m✓[39m src/utils/parseJsonPayload.test.js [2m([22m[2m2 tests[22m[2m)[22m[32m 4[2mms[22m[39m
2026-10-01T17:11:56.5727294Z  [32m✓[39m src/utils/agentMetrics.test.js [2m([22m[2m2 tests[22m[2m)[22m[32m 4[2mms[22m[39m
2026-10-01T17:11:56.7188278Z  [32m✓[39m src/utils/parseJsonOffMainThread.test.js [2m([22m[2m1 test[22m[2m)[22m[32m 4[2mms[22m[39m
2026-10-01T17:11:57.3019275Z  [32m✓[39m src/utils/diagnosisQuery.test.js [2m([22m[2m3 tests[22m[2m)[22m[32m 3[2mms[22m[39m
2026-10-01T17:11:57.7998162Z  [32m✓[39m src/components/DiagnosisCaseList.test.jsx [2m([22m[2m1 test[22m[2m)[22m[33m 541[2mms[22m[39m
2026-10-01T17:11:57.8026843Z      [33m[2m✓[22m[39m separates FULL_LATS frozen replay sessions from ordinary live diagnoses [33m 539[2mms[22m[39m
2026-10-01T17:11:58.1219987Z  [32m✓[39m src/utils/skillBenchmark.test.js [2m([22m[2m7 tests[22m[2m)[22m[32m 3[2mms[22m[39m
2026-10-01T17:11:58.4518245Z  [32m✓[39m src/utils/latsSearch.test.js [2m([22m[2m8 tests[22m[2m)[22m[32m 2[2mms[22m[39m
2026-10-01T17:11:58.4605673Z  [32m✓[39m src/components/StatusTag.test.jsx [2m([22m[2m2 tests[22m[2m)[22m[32m 174[2mms[22m[39m
2026-10-01T17:11:58.4633700Z 
2026-10-01T17:11:58.4637619Z [2m Test Files [22m [1m[32m49 passed[39m[22m[90m (49)[39m
2026-10-01T17:11:58.4638318Z [2m      Tests [22m [1m[32m309 passed[39m[22m[90m (309)[39m
2026-10-01T17:11:58.4638878Z [2m   Start at [22m 17:11:14
2026-10-01T17:11:58.4639863Z [2m   Duration [22m 44.29s[2m (transform 1.81s, setup 4.64s, import 47.27s, tests 49.45s, environment 25.31s)[22m
2026-10-01T17:11:58.4641060Z 
2026-10-01T17:11:58.5085932Z ##[group]Run npm run audit:prod
2026-10-01T17:11:58.5086137Z [36;1mnpm run audit:prod[0m
2026-10-01T17:11:58.5116535Z shell: /usr/bin/bash -e {0}
2026-10-01T17:11:58.5116682Z ##[endgroup]
2026-10-01T17:11:58.5664674Z 
2026-10-01T17:11:58.5665029Z > mini-drop-web@0.1.0 audit:prod
2026-10-01T17:11:58.5665380Z > npm audit --omit=dev --audit-level=high --registry=https://registry.npmjs.org
2026-10-01T17:11:58.5665576Z 
2026-10-01T17:11:58.8824004Z # npm audit report
2026-10-01T17:11:58.8824157Z 
2026-10-01T17:11:58.8824237Z dompurify  3.4.13 - 3.4.15
2026-10-01T17:11:58.8824710Z DOMPurify: IN_PLACE: node-removing afterSanitize hook leaves detached subtree event handlers armed, causing DOM XSS - https://github.com/advisories/GHSA-p98j-92pf-mc4p
2026-10-01T17:11:58.8825125Z fix available via `npm audit fix`
2026-10-01T17:11:58.8825283Z node_modules/dompurify
2026-10-01T17:11:58.8825359Z 
2026-10-01T17:11:58.8825425Z 1 low severity vulnerability
2026-10-01T17:11:58.8825515Z 
2026-10-01T17:11:58.8825618Z To address all issues, run:
2026-10-01T17:11:58.8825754Z   npm audit fix
2026-10-01T17:11:58.8921693Z ##[group]Run npm run build:check
2026-10-01T17:11:58.8921876Z [36;1mnpm run build:check[0m
2026-10-01T17:11:58.8950625Z shell: /usr/bin/bash -e {0}
2026-10-01T17:11:58.8950763Z ##[endgroup]
2026-10-01T17:11:58.9450965Z 
2026-10-01T17:11:58.9451285Z > mini-drop-web@0.1.0 build:check
2026-10-01T17:11:58.9451675Z > vite build && node ../scripts/check_web_bundle.mjs
2026-10-01T17:11:58.9451879Z 
2026-10-01T17:11:59.0736363Z [36mvite v8.2.2 [32mbuilding client environment for production...[36m[39m
2026-10-01T17:11:59.0794856Z transforming...
2026-10-01T17:11:59.4516173Z ✓ 4596 modules transformed.
2026-10-01T17:11:59.5850708Z rendering chunks...
2026-10-01T17:11:59.7195127Z computing gzip size...
2026-10-01T17:11:59.7305297Z dist/index.html                                0.79 kB │ gzip:   0.42 kB
2026-10-01T17:11:59.7305644Z dist/assets/parseJson.worker-mxB42-VK.js       0.83 kB
2026-10-01T17:11:59.7306049Z dist/assets/TaskResult-BAn5yWN7.css            0.32 kB │ gzip:   0.24 kB
2026-10-01T17:11:59.7306546Z dist/assets/flamegraph-VXIZzpiT.css            0.60 kB │ gzip:   0.32 kB
2026-10-01T17:11:59.7306943Z dist/assets/index-IZHbRe47.css                 8.44 kB │ gzip:   2.63 kB
2026-10-01T17:11:59.7364855Z dist/assets/AIDiagnosis-ChKDK5_y.css          90.44 kB │ gzip:  16.76 kB
2026-10-01T17:11:59.7365465Z dist/assets/ErrorAlert-903HQ4EN.js             0.23 kB │ gzip:   0.19 kB
2026-10-01T17:11:59.7366003Z dist/assets/ArrowLeftOutlined-D5Rce3sA.js      0.60 kB │ gzip:   0.44 kB
2026-10-01T17:11:59.7366374Z dist/assets/rolldown-runtime-B0Z9INg1.js       0.90 kB │ gzip:   0.51 kB
2026-10-01T17:11:59.7366735Z dist/assets/agentMetrics-CZoJGXne.js           1.09 kB │ gzip:   0.67 kB
2026-10-01T17:11:59.7367072Z dist/assets/CloudServerOutlined-nqMoSLwN.js    1.33 kB │ gzip:   0.78 kB
2026-10-01T17:11:59.7367403Z dist/assets/StatusTag-AVBiLPOz.js              2.03 kB │ gzip:   0.82 kB
2026-10-01T17:11:59.7367722Z dist/assets/AuditLogs-DN8rUm9t.js              3.87 kB │ gzip:   1.88 kB
2026-10-01T17:11:59.7368038Z dist/assets/row-D_0PZE5A.js                    5.51 kB │ gzip:   2.24 kB
2026-10-01T17:11:59.7368352Z dist/assets/collectors-9W4-i_vQ.js             6.12 kB │ gzip:   1.78 kB
2026-10-01T17:11:59.7368675Z dist/assets/alert-C2yT8MYA.js                  6.35 kB │ gzip:   2.66 kB
2026-10-01T17:11:59.7368993Z dist/assets/AgentDetail-CO3mTvBz.js            7.71 kB │ gzip:   3.15 kB
2026-10-01T17:11:59.7369321Z dist/assets/ThunderboltOutlined-_zhhsc5p.js   10.29 kB │ gzip:   4.07 kB
2026-10-01T17:11:59.7369647Z dist/assets/usePolling-CeSosOBk.js            16.17 kB │ gzip:   6.83 kB
2026-10-01T17:11:59.7369974Z [33m[plugin builtin:vite-reporter] 
2026-10-01T17:11:59.7370222Z (!) Some chunks are larger than 600 kB after minification. Consider:
2026-10-01T17:11:59.7370492Z - Using dynamic import() to code-split the application
2026-10-01T17:11:59.7370951Z - Use build.rolldownOptions.output.codeSplitting to improve chunking: https://rolldown.rs/reference/OutputOptions.codeSplitting
2026-10-01T17:11:59.7371443Z - Adjust chunk size limit for this warning via build.chunkSizeWarningLimit.[39m
2026-10-01T17:11:59.7371807Z dist/assets/Schedules-B8XBUGUf.js             17.26 kB │ gzip:   5.81 kB
2026-10-01T17:11:59.7372137Z dist/assets/input-number-BLKstg1f.js          23.73 kB │ gzip:   8.20 kB
2026-10-01T17:11:59.7372454Z dist/assets/modal-CGyc8tVo.js                 27.89 kB │ gzip:   9.27 kB
2026-10-01T17:11:59.7372774Z dist/assets/TaskResult-Dtno8wRA.js            29.61 kB │ gzip:  10.78 kB
2026-10-01T17:11:59.7373086Z dist/assets/d3-OVqjLuRP.js                    36.91 kB │ gzip:  12.52 kB
2026-10-01T17:11:59.7373412Z dist/assets/PlayCircleOutlined-DDH4N-mk.js    37.49 kB │ gzip:  12.80 kB
2026-10-01T17:11:59.7373735Z dist/assets/axios-B0fvnqBc.js                 49.95 kB │ gzip:  18.75 kB
2026-10-01T17:11:59.7374230Z dist/assets/Dashboard-C1lqSszR.js             50.52 kB │ gzip:  16.62 kB
2026-10-01T17:11:59.7374545Z dist/assets/index-BavQDGiu.js                 92.29 kB │ gzip:  32.17 kB
2026-10-01T17:11:59.7375212Z dist/assets/flamegraph-CSYLKD5W.js            96.97 kB │ gzip:  32.80 kB
2026-10-01T17:11:59.7375526Z dist/assets/react-C8_Uech3.js                178.38 kB │ gzip:  58.94 kB
2026-10-01T17:11:59.7375834Z dist/assets/table-B3EaWpvJ.js                343.42 kB │ gzip: 105.31 kB
2026-10-01T17:11:59.7376153Z dist/assets/SafeMarkdown-B8og5GV4.js         389.11 kB │ gzip: 122.02 kB
2026-10-01T17:11:59.7376472Z dist/assets/client-C9stzVXG.js               397.22 kB │ gzip: 127.31 kB
2026-10-01T17:11:59.7376790Z dist/assets/AIDiagnosis-CsqmrEI9.js          429.05 kB │ gzip: 135.64 kB
2026-10-01T17:11:59.7377192Z dist/assets/echarts-C79zCWSK.js              612.21 kB │ gzip: 206.37 kB
2026-10-01T17:11:59.7377344Z 
2026-10-01T17:11:59.7377444Z [32m✓ built in 656ms[39m
2026-10-01T17:11:59.7708507Z web bundle check passed: entry 701.9 KiB across 5 files; largest chunk echarts-C79zCWSK.js 597.9 KiB
2026-10-01T17:11:59.7853194Z Post job cleanup.
2026-10-01T17:11:59.8548935Z (node:2478) [DEP0040] DeprecationWarning: The `punycode` module is deprecated. Please use a userland alternative instead.
2026-10-01T17:11:59.8549687Z (Use `node --trace-deprecation ...` to show where the warning was created)
2026-10-01T17:11:59.8550581Z Cache hit occurred on the primary key node-cache-Linux-x64-npm-a79428a48f53c819bdf3224c6f533bf526ae1b21f28f4ee918b0bcba5121d960, not saving cache.
2026-10-01T17:11:59.8632951Z Post job cleanup.
2026-10-01T17:11:59.9104192Z [command]/usr/bin/git version
2026-10-01T17:11:59.9127534Z git version 2.55.0
2026-10-01T17:11:59.9150192Z Temporarily overriding HOME='/home/runner/work/_temp/c6066bfc-f8b9-4730-af3c-2d64218df9a6' before making global git config changes
2026-10-01T17:11:59.9150966Z Adding repository directory to the temporary git global config as a safe directory
2026-10-01T17:11:59.9153032Z [command]/usr/bin/git config --global --add safe.directory /home/runner/work/mini-drop/mini-drop
2026-10-01T17:11:59.9173008Z [command]/usr/bin/git config --local --name-only --get-regexp core\.sshCommand
2026-10-01T17:11:59.9189456Z [command]/usr/bin/git submodule foreach --recursive sh -c "git config --local --name-only --get-regexp 'core\.sshCommand' && git config --local --unset-all 'core.sshCommand' || :"
2026-10-01T17:11:59.9299977Z [command]/usr/bin/git config --local --name-only --get-regexp http\.https\:\/\/github\.com\/\.extraheader
2026-10-01T17:11:59.9312016Z http.https://github.com/.extraheader
2026-10-01T17:11:59.9318600Z [command]/usr/bin/git config --local --unset-all http.https://github.com/.extraheader
2026-10-01T17:11:59.9339839Z [command]/usr/bin/git submodule foreach --recursive sh -c "git config --local --name-only --get-regexp 'http\.https\:\/\/github\.com\/\.extraheader' && git config --local --unset-all 'http.https://github.com/.extraheader' || :"
2026-10-01T17:11:59.9448107Z [command]/usr/bin/git config --local --name-only --get-regexp ^includeIf\.gitdir:
2026-10-01T17:11:59.9470868Z [command]/usr/bin/git submodule foreach --recursive git config --local --show-origin --name-only --get-regexp remote.origin.url
2026-10-01T17:11:59.9672827Z Cleaning up orphan processes
2026-10-01T17:11:59.9818353Z ##[warning]Node.js 20 is deprecated. The following actions target Node.js 20 but are being forced to run on Node.js 24: actions/checkout@v4, actions/setup-node@v4. For more information see: https://github.blog/changelog/2025-09-19-deprecation-of-node-20-on-github-actions-runners/
